aqs_id_full,datetime,pollutant,value,unit
840090010010,2025-05-01T00:00:00Z,PM2.5,2.5,UG/M3
840090011123,2025-05-01T00:00:00Z,PM2.5,2.4,UG/M3
840090090027,2025-05-01T00:00:00Z,PM2.5,2.4,UG/M3
840090110124,2025-05-01T00:00:00Z,PM2.5,2,UG/M3
840340070010,2025-05-01T00:00:00Z,PM2.5,7,UG/M3
840340071007,2025-05-01T00:00:00Z,PM2.5,0,UG/M3
840340170008,2025-05-01T00:00:00Z,PM2.5,0.3,UG/M3
840340190001,2025-05-01T00:00:00Z,PM2.5,2.9,UG/M3
840340210005,2025-05-01T00:00:00Z,PM2.5,4.5,UG/M3
840340210008,2025-05-01T00:00:00Z,PM2.5,0,UG/M3
840340230011,2025-05-01T00:00:00Z,PM2.5,0.3,UG/M3
840340273001,2025-05-01T00:00:00Z,PM2.5,0.1,UG/M3
840340292002,2025-05-01T00:00:00Z,PM2.5,2.1,UG/M3
840340310005,2025-05-01T00:00:00Z,PM2.5,1.5,UG/M3
840340390004,2025-05-01T00:00:00Z,PM2.5,4.1,UG/M3
840340392003,2025-05-01T00:00:00Z,PM2.5,0,UG/M3
840360050080,2025-05-01T00:00:00Z,PM2.5,1,UG/M3
840360050110,2025-05-01T00:00:00Z,PM2.5,2.6,UG/M3
840360050112,2025-05-01T00:00:00Z,PM2.5,3.2,UG/M3
840360470052,2025-05-01T00:00:00Z,PM2.5,2.9,UG/M3
840360470118,2025-05-01T00:00:00Z,PM2.5,3.5,UG/M3
840360610115,2025-05-01T00:00:00Z,PM2.5,2,UG/M3
840360610135,2025-05-01T00:00:00Z,PM2.5,3,UG/M3
840360710002,2025-05-01T00:00:00Z,PM2.5,1.6,UG/M3
840360810120,2025-05-01T00:00:00Z,PM2.5,5.7,UG/M3
840360810124,2025-05-01T00:00:00Z,PM2.5,2.9,UG/M3
840360850055,2025-05-01T00:00:00Z,PM2.5,2.7,UG/M3
840360850111,2025-05-01T00:00:00Z,PM2.5,2.8,UG/M3
840360870005,2025-05-01T00:00:00Z,PM2.5,2.9,UG/M3
840361030009,2025-05-01T00:00:00Z,PM2.5,2.5,UG/M3
840361192004,2025-05-01T00:00:00Z,PM2.5,1.7,UG/M3
840421010048,2025-05-01T00:00:00Z,PM2.5,3.1,UG/M3
840421010055,2025-05-01T00:00:00Z,PM2.5,3.5,UG/M3
840421010057,2025-05-01T00:00:00Z,PM2.5,4.4,UG/M3
840421010075,2025-05-01T00:00:00Z,PM2.5,3.6,UG/M3
840999999911,2025-05-01T00:00:00Z,PM25,3.15,UG/M3
840999999913,2025-05-01T00:00:00Z,PM25,2.37,UG/M3
840999999914,2025-05-01T00:00:00Z,PM25,4.49,UG/M3
840999999915,2025-05-01T00:00:00Z,PM25,4.12,UG/M3
840999999916,2025-05-01T00:00:00Z,PM25,7.7,UG/M3
840999999918,2025-05-01T00:00:00Z,PM25,3.61,UG/M3
840999999991,2025-05-01T00:00:00Z,PM25,3.93,UG/M3
840999999992,2025-05-01T00:00:00Z,PM25,3.49,UG/M3
840999999994,2025-05-01T00:00:00Z,PM25,3.13,UG/M3
840999999995,2025-05-01T00:00:00Z,PM25,4.21,UG/M3
840999999996,2025-05-01T00:00:00Z,PM25,4.13,UG/M3
840999999997,2025-05-01T00:00:00Z,PM25,2.81,UG/M3
840999999998,2025-05-01T00:00:00Z,PM25,5.31,UG/M3
840999999999,2025-05-01T00:00:00Z,PM25,3.43,UG/M3
840090010010,2025-05-01T01:00:00Z,PM2.5,2.7,UG/M3
840090011123,2025-05-01T01:00:00Z,PM2.5,2.8,UG/M3
840090090027,2025-05-01T01:00:00Z,PM2.5,2.5,UG/M3
840090110124,2025-05-01T01:00:00Z,PM2.5,1.8,UG/M3
840340070010,2025-05-01T01:00:00Z,PM2.5,7.4,UG/M3
840340071007,2025-05-01T01:00:00Z,PM2.5,1.4,UG/M3
840340170008,2025-05-01T01:00:00Z,PM2.5,1.6,UG/M3
840340190001,2025-05-01T01:00:00Z,PM2.5,2.6,UG/M3
840340210005,2025-05-01T01:00:00Z,PM2.5,5.1,UG/M3
840340210008,2025-05-01T01:00:00Z,PM2.5,1.5,UG/M3
840340230011,2025-05-01T01:00:00Z,PM2.5,0.1,UG/M3
840340273001,2025-05-01T01:00:00Z,PM2.5,0.1,UG/M3
840340292002,2025-05-01T01:00:00Z,PM2.5,2.3,UG/M3
840340310005,2025-05-01T01:00:00Z,PM2.5,1.6,UG/M3
840340390004,2025-05-01T01:00:00Z,PM2.5,3.7,UG/M3
840340392003,2025-05-01T01:00:00Z,PM2.5,2.5,UG/M3
840360050080,2025-05-01T01:00:00Z,PM2.5,1.9,UG/M3
840360050110,2025-05-01T01:00:00Z,PM2.5,2.6,UG/M3
840360050112,2025-05-01T01:00:00Z,PM2.5,3.2,UG/M3
840360470052,2025-05-01T01:00:00Z,PM2.5,3,UG/M3
840360470118,2025-05-01T01:00:00Z,PM2.5,3.7,UG/M3
840360610115,2025-05-01T01:00:00Z,PM2.5,2.6,UG/M3
840360610135,2025-05-01T01:00:00Z,PM2.5,3.1,UG/M3
840360710002,2025-05-01T01:00:00Z,PM2.5,2.1,UG/M3
840360810120,2025-05-01T01:00:00Z,PM2.5,10,UG/M3
840360810124,2025-05-01T01:00:00Z,PM2.5,3,UG/M3
840360850055,2025-05-01T01:00:00Z,PM2.5,2.8,UG/M3
840360850111,2025-05-01T01:00:00Z,PM2.5,2.8,UG/M3
840360870005,2025-05-01T01:00:00Z,PM2.5,3.9,UG/M3
840361030009,2025-05-01T01:00:00Z,PM2.5,3.3,UG/M3
840361192004,2025-05-01T01:00:00Z,PM2.5,2.2,UG/M3
840421010048,2025-05-01T01:00:00Z,PM2.5,3.2,UG/M3
840421010055,2025-05-01T01:00:00Z,PM2.5,3.6,UG/M3
840421010057,2025-05-01T01:00:00Z,PM2.5,4.1,UG/M3
840421010075,2025-05-01T01:00:00Z,PM2.5,3.7,UG/M3
840999999911,2025-05-01T01:00:00Z,PM25,3.18,UG/M3
840999999913,2025-05-01T01:00:00Z,PM25,2.22,UG/M3
840999999914,2025-05-01T01:00:00Z,PM25,4.34,UG/M3
840999999915,2025-05-01T01:00:00Z,PM25,4.37,UG/M3
840999999916,2025-05-01T01:00:00Z,PM25,7.38,UG/M3
840999999918,2025-05-01T01:00:00Z,PM25,4.04,UG/M3
840999999991,2025-05-01T01:00:00Z,PM25,4.18,UG/M3
840999999992,2025-05-01T01:00:00Z,PM25,3.38,UG/M3
840999999994,2025-05-01T01:00:00Z,PM25,3.22,UG/M3
840999999995,2025-05-01T01:00:00Z,PM25,4.39,UG/M3
840999999996,2025-05-01T01:00:00Z,PM25,4.5,UG/M3
840999999997,2025-05-01T01:00:00Z,PM25,2.5,UG/M3
840999999998,2025-05-01T01:00:00Z,PM25,5.87,UG/M3
840999999999,2025-05-01T01:00:00Z,PM25,3.05,UG/M3
840090010010,2025-05-01T02:00:00Z,PM2.5,2.6,UG/M3
840090011123,2025-05-01T02:00:00Z,PM2.5,2.7,UG/M3
840090090027,2025-05-01T02:00:00Z,PM2.5,2.7,UG/M3
840090110124,2025-05-01T02:00:00Z,PM2.5,1.8,UG/M3
840340070010,2025-05-01T02:00:00Z,PM2.5,5.4,UG/M3
840340071007,2025-05-01T02:00:00Z,PM2.5,1.5,UG/M3
840340170008,2025-05-01T02:00:00Z,PM2.5,2.3,UG/M3
840340190001,2025-05-01T02:00:00Z,PM2.5,3.6,UG/M3
840340210005,2025-05-01T02:00:00Z,PM2.5,5.7,UG/M3
840340210008,2025-05-01T02:00:00Z,PM2.5,2.2,UG/M3
840340230011,2025-05-01T02:00:00Z,PM2.5,2.3,UG/M3
840340273001,2025-05-01T02:00:00Z,PM2.5,0,UG/M3
840340292002,2025-05-01T02:00:00Z,PM2.5,2.7,UG/M3
840340310005,2025-05-01T02:00:00Z,PM2.5,1.9,UG/M3
840340390004,2025-05-01T02:00:00Z,PM2.5,3.5,UG/M3
840340392003,2025-05-01T02:00:00Z,PM2.5,1.2,UG/M3
840360050080,2025-05-01T02:00:00Z,PM2.5,2.1,UG/M3
840360050110,2025-05-01T02:00:00Z,PM2.5,2.6,UG/M3
840360050112,2025-05-01T02:00:00Z,PM2.5,3.3,UG/M3
840360470052,2025-05-01T02:00:00Z,PM2.5,3,UG/M3
840360470118,2025-05-01T02:00:00Z,PM2.5,3.5,UG/M3
840360610115,2025-05-01T02:00:00Z,PM2.5,2.8,UG/M3
840360610135,2025-05-01T02:00:00Z,PM2.5,3.1,UG/M3
840360710002,2025-05-01T02:00:00Z,PM2.5,3.8,UG/M3
840360810120,2025-05-01T02:00:00Z,PM2.5,7.5,UG/M3
840360810124,2025-05-01T02:00:00Z,PM2.5,3,UG/M3
840360850055,2025-05-01T02:00:00Z,PM2.5,2.8,UG/M3
840360850111,2025-05-01T02:00:00Z,PM2.5,2.8,UG/M3
840360870005,2025-05-01T02:00:00Z,PM2.5,4,UG/M3
840361030009,2025-05-01T02:00:00Z,PM2.5,3.2,UG/M3
840361192004,2025-05-01T02:00:00Z,PM2.5,2.6,UG/M3
840421010048,2025-05-01T02:00:00Z,PM2.5,3.2,UG/M3
840421010055,2025-05-01T02:00:00Z,PM2.5,3.7,UG/M3
840421010057,2025-05-01T02:00:00Z,PM2.5,4.1,UG/M3
840421010075,2025-05-01T02:00:00Z,PM2.5,4,UG/M3
840999999911,2025-05-01T02:00:00Z,PM25,2.92,UG/M3
840999999913,2025-05-01T02:00:00Z,PM25,2.22,UG/M3
840999999914,2025-05-01T02:00:00Z,PM25,4.1,UG/M3
840999999915,2025-05-01T02:00:00Z,PM25,3.74,UG/M3
840999999916,2025-05-01T02:00:00Z,PM25,6.84,UG/M3
840999999918,2025-05-01T02:00:00Z,PM25,4.31,UG/M3
840999999991,2025-05-01T02:00:00Z,PM25,4.1,UG/M3
840999999992,2025-05-01T02:00:00Z,PM25,3.11,UG/M3
840999999994,2025-05-01T02:00:00Z,PM25,3.11,UG/M3
840999999995,2025-05-01T02:00:00Z,PM25,4.52,UG/M3
840999999996,2025-05-01T02:00:00Z,PM25,3.87,UG/M3
840999999997,2025-05-01T02:00:00Z,PM25,2.19,UG/M3
840999999998,2025-05-01T02:00:00Z,PM25,4.36,UG/M3
840999999999,2025-05-01T02:00:00Z,PM25,2.74,UG/M3
840090010010,2025-05-01T03:00:00Z,PM2.5,2.4,UG/M3
840090011123,2025-05-01T03:00:00Z,PM2.5,2.5,UG/M3
840090090027,2025-05-01T03:00:00Z,PM2.5,2.8,UG/M3
840090110124,2025-05-01T03:00:00Z,PM2.5,1.9,UG/M3
840340070010,2025-05-01T03:00:00Z,PM2.5,4.8,UG/M3
840340071007,2025-05-01T03:00:00Z,PM2.5,2.6,UG/M3
840340170008,2025-05-01T03:00:00Z,PM2.5,2.8,UG/M3
840340190001,2025-05-01T03:00:00Z,PM2.5,4.4,UG/M3
840340210005,2025-05-01T03:00:00Z,PM2.5,6.2,UG/M3
840340210008,2025-05-01T03:00:00Z,PM2.5,2.7,UG/M3
840340230011,2025-05-01T03:00:00Z,PM2.5,1.7,UG/M3
840340273001,2025-05-01T03:00:00Z,PM2.5,0.5,UG/M3
840340292002,2025-05-01T03:00:00Z,PM2.5,2.4,UG/M3
840340310005,2025-05-01T03:00:00Z,PM2.5,2.3,UG/M3
840340390004,2025-05-01T03:00:00Z,PM2.5,3.2,UG/M3
840340392003,2025-05-01T03:00:00Z,PM2.5,0.3,UG/M3
840360050080,2025-05-01T03:00:00Z,PM2.5,1.9,UG/M3
840360050110,2025-05-01T03:00:00Z,PM2.5,2.7,UG/M3
840360050112,2025-05-01T03:00:00Z,PM2.5,3.3,UG/M3
840360470052,2025-05-01T03:00:00Z,PM2.5,3,UG/M3
840360470118,2025-05-01T03:00:00Z,PM2.5,3.5,UG/M3
840360610115,2025-05-01T03:00:00Z,PM2.5,2.4,UG/M3
840360610135,2025-05-01T03:00:00Z,PM2.5,3,UG/M3
840360710002,2025-05-01T03:00:00Z,PM2.5,4.3,UG/M3
840360810120,2025-05-01T03:00:00Z,PM2.5,4.3,UG/M3
840360810124,2025-05-01T03:00:00Z,PM2.5,3.1,UG/M3
840360850055,2025-05-01T03:00:00Z,PM2.5,2.3,UG/M3
840360850111,2025-05-01T03:00:00Z,PM2.5,2.8,UG/M3
840360870005,2025-05-01T03:00:00Z,PM2.5,2.8,UG/M3
840361030009,2025-05-01T03:00:00Z,PM2.5,3,UG/M3
840361192004,2025-05-01T03:00:00Z,PM2.5,3.4,UG/M3
840421010048,2025-05-01T03:00:00Z,PM2.5,3.4,UG/M3
840421010055,2025-05-01T03:00:00Z,PM2.5,3.6,UG/M3
840421010057,2025-05-01T03:00:00Z,PM2.5,4.1,UG/M3
840421010075,2025-05-01T03:00:00Z,PM2.5,4.2,UG/M3
840999999911,2025-05-01T03:00:00Z,PM25,2.47,UG/M3
840999999913,2025-05-01T03:00:00Z,PM25,2.21,UG/M3
840999999914,2025-05-01T03:00:00Z,PM25,3.53,UG/M3
840999999915,2025-05-01T03:00:00Z,PM25,4.28,UG/M3
840999999916,2025-05-01T03:00:00Z,PM25,4.15,UG/M3
840999999918,2025-05-01T03:00:00Z,PM25,4.47,UG/M3
840999999991,2025-05-01T03:00:00Z,PM25,3.85,UG/M3
840999999992,2025-05-01T03:00:00Z,PM25,3.51,UG/M3
840999999994,2025-05-01T03:00:00Z,PM25,3.35,UG/M3
840999999995,2025-05-01T03:00:00Z,PM25,3.91,UG/M3
840999999996,2025-05-01T03:00:00Z,PM25,3.62,UG/M3
840999999997,2025-05-01T03:00:00Z,PM25,2.19,UG/M3
840999999998,2025-05-01T03:00:00Z,PM25,4.08,UG/M3
840999999999,2025-05-01T03:00:00Z,PM25,2.33,UG/M3
840090010010,2025-05-01T04:00:00Z,PM2.5,2.3,UG/M3
840090011123,2025-05-01T04:00:00Z,PM2.5,2.3,UG/M3
840090090027,2025-05-01T04:00:00Z,PM2.5,2.8,UG/M3
840090110124,2025-05-01T04:00:00Z,PM2.5,2,UG/M3
840340070010,2025-05-01T04:00:00Z,PM2.5,6.7,UG/M3
840340071007,2025-05-01T04:00:00Z,PM2.5,4.5,UG/M3
840340170008,2025-05-01T04:00:00Z,PM2.5,1.4,UG/M3
840340190001,2025-05-01T04:00:00Z,PM2.5,6.1,UG/M3
840340210005,2025-05-01T04:00:00Z,PM2.5,7.6,UG/M3
840340210008,2025-05-01T04:00:00Z,PM2.5,3.8,UG/M3
840340230011,2025-05-01T04:00:00Z,PM2.5,2.7,UG/M3
840340273001,2025-05-01T04:00:00Z,PM2.5,0.8,UG/M3
840340292002,2025-05-01T04:00:00Z,PM2.5,1.9,UG/M3
840340310005,2025-05-01T04:00:00Z,PM2.5,3.4,UG/M3
840340390004,2025-05-01T04:00:00Z,PM2.5,3.6,UG/M3
840340392003,2025-05-01T04:00:00Z,PM2.5,0,UG/M3
840360050080,2025-05-01T04:00:00Z,PM2.5,2,UG/M3
840360050110,2025-05-01T04:00:00Z,PM2.5,2.8,UG/M3
840360050112,2025-05-01T04:00:00Z,PM2.5,3.4,UG/M3
840360470052,2025-05-01T04:00:00Z,PM2.5,2.9,UG/M3
840360470118,2025-05-01T04:00:00Z,PM2.5,3.5,UG/M3
840360610115,2025-05-01T04:00:00Z,PM2.5,2.3,UG/M3
840360610135,2025-05-01T04:00:00Z,PM2.5,3,UG/M3
840360710002,2025-05-01T04:00:00Z,PM2.5,4.4,UG/M3
840360810120,2025-05-01T04:00:00Z,PM2.5,4.1,UG/M3
840360810124,2025-05-01T04:00:00Z,PM2.5,3.2,UG/M3
840360850055,2025-05-01T04:00:00Z,PM2.5,2.2,UG/M3
840360850111,2025-05-01T04:00:00Z,PM2.5,2.7,UG/M3
840360870005,2025-05-01T04:00:00Z,PM2.5,1.5,UG/M3
840361030009,2025-05-01T04:00:00Z,PM2.5,3,UG/M3
840361192004,2025-05-01T04:00:00Z,PM2.5,3,UG/M3
840421010048,2025-05-01T04:00:00Z,PM2.5,3.6,UG/M3
840421010055,2025-05-01T04:00:00Z,PM2.5,3.9,UG/M3
840421010057,2025-05-01T04:00:00Z,PM2.5,4.1,UG/M3
840421010075,2025-05-01T04:00:00Z,PM2.5,4.3,UG/M3
840999999911,2025-05-01T04:00:00Z,PM25,4.65,UG/M3
840999999913,2025-05-01T04:00:00Z,PM25,2.96,UG/M3
840999999914,2025-05-01T04:00:00Z,PM25,3.66,UG/M3
840999999915,2025-05-01T04:00:00Z,PM25,5.42,UG/M3
840999999916,2025-05-01T04:00:00Z,PM25,4.14,UG/M3
840999999918,2025-05-01T04:00:00Z,PM25,3.73,UG/M3
840999999991,2025-05-01T04:00:00Z,PM25,3.5,UG/M3
840999999992,2025-05-01T04:00:00Z,PM25,3.8,UG/M3
840999999994,2025-05-01T04:00:00Z,PM25,2.95,UG/M3
840999999995,2025-05-01T04:00:00Z,PM25,4.02,UG/M3
840999999996,2025-05-01T04:00:00Z,PM25,3.46,UG/M3
840999999997,2025-05-01T04:00:00Z,PM25,3.28,UG/M3
840999999998,2025-05-01T04:00:00Z,PM25,4.73,UG/M3
840999999999,2025-05-01T04:00:00Z,PM25,3.28,UG/M3
840090010010,2025-05-01T05:00:00Z,PM2.5,2.3,UG/M3
840090011123,2025-05-01T05:00:00Z,PM2.5,2.4,UG/M3
840090090027,2025-05-01T05:00:00Z,PM2.5,2.9,UG/M3
840090110124,2025-05-01T05:00:00Z,PM2.5,2,UG/M3
840340070010,2025-05-01T05:00:00Z,PM2.5,7.3,UG/M3
840340071007,2025-05-01T05:00:00Z,PM2.5,3.5,UG/M3
840340170008,2025-05-01T05:00:00Z,PM2.5,2.5,UG/M3
840340190001,2025-05-01T05:00:00Z,PM2.5,6.1,UG/M3
840340210005,2025-05-01T05:00:00Z,PM2.5,7.6,UG/M3
840340210008,2025-05-01T05:00:00Z,PM2.5,5.6,UG/M3
840340230011,2025-05-01T05:00:00Z,PM2.5,3.5,UG/M3
840340273001,2025-05-01T05:00:00Z,PM2.5,2.4,UG/M3
840340292002,2025-05-01T05:00:00Z,PM2.5,6.5,UG/M3
840340310005,2025-05-01T05:00:00Z,PM2.5,3.7,UG/M3
840340390004,2025-05-01T05:00:00Z,PM2.5,3.1,UG/M3
840340392003,2025-05-01T05:00:00Z,PM2.5,1.3,UG/M3
840360050080,2025-05-01T05:00:00Z,PM2.5,1.3,UG/M3
840360050110,2025-05-01T05:00:00Z,PM2.5,3,UG/M3
840360050112,2025-05-01T05:00:00Z,PM2.5,3.3,UG/M3
840360470052,2025-05-01T05:00:00Z,PM2.5,3,UG/M3
840360470118,2025-05-01T05:00:00Z,PM2.5,3.6,UG/M3
840360610115,2025-05-01T05:00:00Z,PM2.5,1.5,UG/M3
840360610135,2025-05-01T05:00:00Z,PM2.5,3,UG/M3
840360710002,2025-05-01T05:00:00Z,PM2.5,2.8,UG/M3
840360810120,2025-05-01T05:00:00Z,PM2.5,4.3,UG/M3
840360810124,2025-05-01T05:00:00Z,PM2.5,3.2,UG/M3
840360850055,2025-05-01T05:00:00Z,PM2.5,1.8,UG/M3
840360850111,2025-05-01T05:00:00Z,PM2.5,2.8,UG/M3
840360870005,2025-05-01T05:00:00Z,PM2.5,1.1,UG/M3
840361030009,2025-05-01T05:00:00Z,PM2.5,3,UG/M3
840361192004,2025-05-01T05:00:00Z,PM2.5,2.8,UG/M3
840421010048,2025-05-01T05:00:00Z,PM2.5,3.8,UG/M3
840421010055,2025-05-01T05:00:00Z,PM2.5,4.2,UG/M3
840421010057,2025-05-01T05:00:00Z,PM2.5,4.2,UG/M3
840421010075,2025-05-01T05:00:00Z,PM2.5,4.2,UG/M3
840999999911,2025-05-01T05:00:00Z,PM25,7.71,UG/M3
840999999913,2025-05-01T05:00:00Z,PM25,3.15,UG/M3
840999999914,2025-05-01T05:00:00Z,PM25,3.55,UG/M3
840999999915,2025-05-01T05:00:00Z,PM25,5.08,UG/M3
840999999916,2025-05-01T05:00:00Z,PM25,4.34,UG/M3
840999999918,2025-05-01T05:00:00Z,PM25,3.76,UG/M3
840999999991,2025-05-01T05:00:00Z,PM25,3.95,UG/M3
840999999992,2025-05-01T05:00:00Z,PM25,3.38,UG/M3
840999999994,2025-05-01T05:00:00Z,PM25,3.17,UG/M3
840999999995,2025-05-01T05:00:00Z,PM25,3.52,UG/M3
840999999996,2025-05-01T05:00:00Z,PM25,3.37,UG/M3
840999999997,2025-05-01T05:00:00Z,PM25,3.26,UG/M3
840999999998,2025-05-01T05:00:00Z,PM25,5.01,UG/M3
840999999999,2025-05-01T05:00:00Z,PM25,3.07,UG/M3
840090010010,2025-05-01T06:00:00Z,PM2.5,2.2,UG/M3
840090011123,2025-05-01T06:00:00Z,PM2.5,2.5,UG/M3
840090090027,2025-05-01T06:00:00Z,PM2.5,3.2,UG/M3
840090110124,2025-05-01T06:00:00Z,PM2.5,2.2,UG/M3
840340070010,2025-05-01T06:00:00Z,PM2.5,6.5,UG/M3
840340071007,2025-05-01T06:00:00Z,PM2.5,3.6,UG/M3
840340170008,2025-05-01T06:00:00Z,PM2.5,3.5,UG/M3
840340190001,2025-05-01T06:00:00Z,PM2.5,8.4,UG/M3
840340210005,2025-05-01T06:00:00Z,PM2.5,9.6,UG/M3
840340210008,2025-05-01T06:00:00Z,PM2.5,5.8,UG/M3
840340230011,2025-05-01T06:00:00Z,PM2.5,4.2,UG/M3
840340273001,2025-05-01T06:00:00Z,PM2.5,2.1,UG/M3
840340292002,2025-05-01T06:00:00Z,PM2.5,5.2,UG/M3
840340310005,2025-05-01T06:00:00Z,PM2.5,2.4,UG/M3
840340390004,2025-05-01T06:00:00Z,PM2.5,3.1,UG/M3
840340392003,2025-05-01T06:00:00Z,PM2.5,2.1,UG/M3
840360050080,2025-05-01T06:00:00Z,PM2.5,1.3,UG/M3
840360050110,2025-05-01T06:00:00Z,PM2.5,2.9,UG/M3
840360050112,2025-05-01T06:00:00Z,PM2.5,3.3,UG/M3
840360470052,2025-05-01T06:00:00Z,PM2.5,3,UG/M3
840360470118,2025-05-01T06:00:00Z,PM2.5,3.5,UG/M3
840360610115,2025-05-01T06:00:00Z,PM2.5,1.6,UG/M3
840360610135,2025-05-01T06:00:00Z,PM2.5,3,UG/M3
840360710002,2025-05-01T06:00:00Z,PM2.5,2.1,UG/M3
840360810120,2025-05-01T06:00:00Z,PM2.5,4.5,UG/M3
840360810124,2025-05-01T06:00:00Z,PM2.5,3.1,UG/M3
840360850055,2025-05-01T06:00:00Z,PM2.5,2.2,UG/M3
840360850111,2025-05-01T06:00:00Z,PM2.5,2.9,UG/M3
840360870005,2025-05-01T06:00:00Z,PM2.5,0.6,UG/M3
840361030009,2025-05-01T06:00:00Z,PM2.5,2.8,UG/M3
840361192004,2025-05-01T06:00:00Z,PM2.5,2.3,UG/M3
840421010048,2025-05-01T06:00:00Z,PM2.5,4.3,UG/M3
840421010055,2025-05-01T06:00:00Z,PM2.5,4.1,UG/M3
840421010057,2025-05-01T06:00:00Z,PM2.5,4.4,UG/M3
840421010075,2025-05-01T06:00:00Z,PM2.5,4.3,UG/M3
840999999911,2025-05-01T06:00:00Z,PM25,5.8,UG/M3
840999999913,2025-05-01T06:00:00Z,PM25,3.24,UG/M3
840999999914,2025-05-01T06:00:00Z,PM25,3.28,UG/M3
840999999915,2025-05-01T06:00:00Z,PM25,5.09,UG/M3
840999999916,2025-05-01T06:00:00Z,PM25,3.63,UG/M3
840999999918,2025-05-01T06:00:00Z,PM25,4.02,UG/M3
840999999991,2025-05-01T06:00:00Z,PM25,3.73,UG/M3
840999999992,2025-05-01T06:00:00Z,PM25,3.5,UG/M3
840999999994,2025-05-01T06:00:00Z,PM25,2.51,UG/M3
840999999995,2025-05-01T06:00:00Z,PM25,3.2,UG/M3
840999999996,2025-05-01T06:00:00Z,PM25,3.16,UG/M3
840999999997,2025-05-01T06:00:00Z,PM25,3.15,UG/M3
840999999998,2025-05-01T06:00:00Z,PM25,4.75,UG/M3
840999999999,2025-05-01T06:00:00Z,PM25,2.86,UG/M3
840090010010,2025-05-01T07:00:00Z,PM2.5,2.1,UG/M3
840090011123,2025-05-01T07:00:00Z,PM2.5,3.5,UG/M3
840090090027,2025-05-01T07:00:00Z,PM2.5,3.5,UG/M3
840090110124,2025-05-01T07:00:00Z,PM2.5,2.4,UG/M3
840340070010,2025-05-01T07:00:00Z,PM2.5,5.8,UG/M3
840340071007,2025-05-01T07:00:00Z,PM2.5,6.2,UG/M3
840340170008,2025-05-01T07:00:00Z,PM2.5,2.8,UG/M3
840340190001,2025-05-01T07:00:00Z,PM2.5,8.8,UG/M3
840340210005,2025-05-01T07:00:00Z,PM2.5,9.4,UG/M3
840340210008,2025-05-01T07:00:00Z,PM2.5,4.1,UG/M3
840340230011,2025-05-01T07:00:00Z,PM2.5,2.3,UG/M3
840340273001,2025-05-01T07:00:00Z,PM2.5,3.1,UG/M3
840340292002,2025-05-01T07:00:00Z,PM2.5,6.7,UG/M3
840340310005,2025-05-01T07:00:00Z,PM2.5,2.7,UG/M3
840340390004,2025-05-01T07:00:00Z,PM2.5,4.5,UG/M3
840340392003,2025-05-01T07:00:00Z,PM2.5,2.9,UG/M3
840360050080,2025-05-01T07:00:00Z,PM2.5,1.9,UG/M3
840360050110,2025-05-01T07:00:00Z,PM2.5,2.8,UG/M3
840360050112,2025-05-01T07:00:00Z,PM2.5,3.3,UG/M3
840360470052,2025-05-01T07:00:00Z,PM2.5,3,UG/M3
840360470118,2025-05-01T07:00:00Z,PM2.5,3.5,UG/M3
840360610115,2025-05-01T07:00:00Z,PM2.5,2.4,UG/M3
840360610135,2025-05-01T07:00:00Z,PM2.5,2.9,UG/M3
840360710002,2025-05-01T07:00:00Z,PM2.5,2.3,UG/M3
840360810120,2025-05-01T07:00:00Z,PM2.5,5,UG/M3
840360810124,2025-05-01T07:00:00Z,PM2.5,3,UG/M3
840360850055,2025-05-01T07:00:00Z,PM2.5,3,UG/M3
840360850111,2025-05-01T07:00:00Z,PM2.5,2.9,UG/M3
840360870005,2025-05-01T07:00:00Z,PM2.5,2.1,UG/M3
840361030009,2025-05-01T07:00:00Z,PM2.5,2.7,UG/M3
840361192004,2025-05-01T07:00:00Z,PM2.5,1,UG/M3
840421010048,2025-05-01T07:00:00Z,PM2.5,4.3,UG/M3
840421010055,2025-05-01T07:00:00Z,PM2.5,4.6,UG/M3
840421010057,2025-05-01T07:00:00Z,PM2.5,4.4,UG/M3
840421010075,2025-05-01T07:00:00Z,PM2.5,6,UG/M3
840999999911,2025-05-01T07:00:00Z,PM25,3.15,UG/M3
840999999913,2025-05-01T07:00:00Z,PM25,2.98,UG/M3
840999999914,2025-05-01T07:00:00Z,PM25,3.28,UG/M3
840999999915,2025-05-01T07:00:00Z,PM25,5.14,UG/M3
840999999916,2025-05-01T07:00:00Z,PM25,3.67,UG/M3
840999999918,2025-05-01T07:00:00Z,PM25,4.07,UG/M3
840999999991,2025-05-01T07:00:00Z,PM25,3.93,UG/M3
840999999992,2025-05-01T07:00:00Z,PM25,3.4,UG/M3
840999999994,2025-05-01T07:00:00Z,PM25,3.04,UG/M3
840999999995,2025-05-01T07:00:00Z,PM25,3.11,UG/M3
840999999996,2025-05-01T07:00:00Z,PM25,3.24,UG/M3
840999999997,2025-05-01T07:00:00Z,PM25,3.5,UG/M3
840999999998,2025-05-01T07:00:00Z,PM25,3.63,UG/M3
840999999999,2025-05-01T07:00:00Z,PM25,2.62,UG/M3
840090010010,2025-05-01T08:00:00Z,PM2.5,2.3,UG/M3
840090011123,2025-05-01T08:00:00Z,PM2.5,4.2,UG/M3
840090090027,2025-05-01T08:00:00Z,PM2.5,3.3,UG/M3
840090110124,2025-05-01T08:00:00Z,PM2.5,2.5,UG/M3
840340070010,2025-05-01T08:00:00Z,PM2.5,4.3,UG/M3
840340071007,2025-05-01T08:00:00Z,PM2.5,5,UG/M3
840340170008,2025-05-01T08:00:00Z,PM2.5,0.3,UG/M3
840340190001,2025-05-01T08:00:00Z,PM2.5,9.3,UG/M3
840340210005,2025-05-01T08:00:00Z,PM2.5,8.8,UG/M3
840340210008,2025-05-01T08:00:00Z,PM2.5,4.8,UG/M3
840340230011,2025-05-01T08:00:00Z,PM2.5,2.8,UG/M3
840340273001,2025-05-01T08:00:00Z,PM2.5,4.5,UG/M3
840340292002,2025-05-01T08:00:00Z,PM2.5,7.9,UG/M3
840340310005,2025-05-01T08:00:00Z,PM2.5,2.6,UG/M3
840340390004,2025-05-01T08:00:00Z,PM2.5,3.6,UG/M3
840340392003,2025-05-01T08:00:00Z,PM2.5,2.9,UG/M3
840360050080,2025-05-01T08:00:00Z,PM2.5,1.7,UG/M3
840360050110,2025-05-01T08:00:00Z,PM2.5,2.7,UG/M3
840360050112,2025-05-01T08:00:00Z,PM2.5,3.2,UG/M3
840360470052,2025-05-01T08:00:00Z,PM2.5,3.1,UG/M3
840360470118,2025-05-01T08:00:00Z,PM2.5,3.6,UG/M3
840360610115,2025-05-01T08:00:00Z,PM2.5,2.8,UG/M3
840360610135,2025-05-01T08:00:00Z,PM2.5,2.9,UG/M3
840360710002,2025-05-01T08:00:00Z,PM2.5,2.2,UG/M3
840360810120,2025-05-01T08:00:00Z,PM2.5,4.6,UG/M3
840360810124,2025-05-01T08:00:00Z,PM2.5,3,UG/M3
840360850055,2025-05-01T08:00:00Z,PM2.5,3.4,UG/M3
840360850111,2025-05-01T08:00:00Z,PM2.5,3,UG/M3
840360870005,2025-05-01T08:00:00Z,PM2.5,1.1,UG/M3
840361030009,2025-05-01T08:00:00Z,PM2.5,2.7,UG/M3
840361192004,2025-05-01T08:00:00Z,PM2.5,1.6,UG/M3
840421010048,2025-05-01T08:00:00Z,PM2.5,4.6,UG/M3
840421010055,2025-05-01T08:00:00Z,PM2.5,4.8,UG/M3
840421010057,2025-05-01T08:00:00Z,PM2.5,4.5,UG/M3
840421010075,2025-05-01T08:00:00Z,PM2.5,5.6,UG/M3
840999999911,2025-05-01T08:00:00Z,PM25,4.05,UG/M3
840999999913,2025-05-01T08:00:00Z,PM25,3.2,UG/M3
840999999914,2025-05-01T08:00:00Z,PM25,3.39,UG/M3
840999999915,2025-05-01T08:00:00Z,PM25,5.38,UG/M3
840999999916,2025-05-01T08:00:00Z,PM25,3.85,UG/M3
840999999918,2025-05-01T08:00:00Z,PM25,3.78,UG/M3
840999999991,2025-05-01T08:00:00Z,PM25,3.65,UG/M3
840999999992,2025-05-01T08:00:00Z,PM25,3.54,UG/M3
840999999994,2025-05-01T08:00:00Z,PM25,2.86,UG/M3
840999999995,2025-05-01T08:00:00Z,PM25,3.05,UG/M3
840999999996,2025-05-01T08:00:00Z,PM25,3.49,UG/M3
840999999997,2025-05-01T08:00:00Z,PM25,3.37,UG/M3
840999999998,2025-05-01T08:00:00Z,PM25,4.03,UG/M3
840999999999,2025-05-01T08:00:00Z,PM25,3.32,UG/M3
840090010010,2025-05-01T09:00:00Z,PM2.5,2.3,UG/M3
840090011123,2025-05-01T09:00:00Z,PM2.5,4.4,UG/M3
840090090027,2025-05-01T09:00:00Z,PM2.5,3.4,UG/M3
840090110124,2025-05-01T09:00:00Z,PM2.5,2.7,UG/M3
840340070010,2025-05-01T09:00:00Z,PM2.5,4.3,UG/M3
840340071007,2025-05-01T09:00:00Z,PM2.5,6.4,UG/M3
840340170008,2025-05-01T09:00:00Z,PM2.5,0.5,UG/M3
840340190001,2025-05-01T09:00:00Z,PM2.5,9.6,UG/M3
840340210005,2025-05-01T09:00:00Z,PM2.5,8.4,UG/M3
840340210008,2025-05-01T09:00:00Z,PM2.5,6.4,UG/M3
840340230011,2025-05-01T09:00:00Z,PM2.5,3.3,UG/M3
840340273001,2025-05-01T09:00:00Z,PM2.5,4.2,UG/M3
840340292002,2025-05-01T09:00:00Z,PM2.5,9.2,UG/M3
840340310005,2025-05-01T09:00:00Z,PM2.5,3,UG/M3
840340390004,2025-05-01T09:00:00Z,PM2.5,5,UG/M3
840340392003,2025-05-01T09:00:00Z,PM2.5,4,UG/M3
840360050080,2025-05-01T09:00:00Z,PM2.5,2,UG/M3
840360050110,2025-05-01T09:00:00Z,PM2.5,2.7,UG/M3
840360050112,2025-05-01T09:00:00Z,PM2.5,3.3,UG/M3
840360470052,2025-05-01T09:00:00Z,PM2.5,3.2,UG/M3
840360470118,2025-05-01T09:00:00Z,PM2.5,3.5,UG/M3
840360610115,2025-05-01T09:00:00Z,PM2.5,4.5,UG/M3
840360610135,2025-05-01T09:00:00Z,PM2.5,2.9,UG/M3
840360710002,2025-05-01T09:00:00Z,PM2.5,3.1,UG/M3
840360810120,2025-05-01T09:00:00Z,PM2.5,4.2,UG/M3
840360810124,2025-05-01T09:00:00Z,PM2.5,3,UG/M3
840360850055,2025-05-01T09:00:00Z,PM2.5,3.1,UG/M3
840360850111,2025-05-01T09:00:00Z,PM2.5,3.7,UG/M3
840360870005,2025-05-01T09:00:00Z,PM2.5,1,UG/M3
840361030009,2025-05-01T09:00:00Z,PM2.5,2.8,UG/M3
840361192004,2025-05-01T09:00:00Z,PM2.5,1.8,UG/M3
840421010048,2025-05-01T09:00:00Z,PM2.5,4.9,UG/M3
840421010055,2025-05-01T09:00:00Z,PM2.5,5.4,UG/M3
840421010057,2025-05-01T09:00:00Z,PM2.5,4.7,UG/M3
840421010075,2025-05-01T09:00:00Z,PM2.5,5.5,UG/M3
840999999911,2025-05-01T09:00:00Z,PM25,3.59,UG/M3
840999999913,2025-05-01T09:00:00Z,PM25,3.26,UG/M3
840999999914,2025-05-01T09:00:00Z,PM25,3.86,UG/M3
840999999915,2025-05-01T09:00:00Z,PM25,6.58,UG/M3
840999999916,2025-05-01T09:00:00Z,PM25,3.7,UG/M3
840999999918,2025-05-01T09:00:00Z,PM25,3.97,UG/M3
840999999991,2025-05-01T09:00:00Z,PM25,4.58,UG/M3
840999999992,2025-05-01T09:00:00Z,PM25,3.83,UG/M3
840999999994,2025-05-01T09:00:00Z,PM25,2.86,UG/M3
840999999995,2025-05-01T09:00:00Z,PM25,3.19,UG/M3
840999999996,2025-05-01T09:00:00Z,PM25,4.54,UG/M3
840999999997,2025-05-01T09:00:00Z,PM25,3.54,UG/M3
840999999998,2025-05-01T09:00:00Z,PM25,4.02,UG/M3
840999999999,2025-05-01T09:00:00Z,PM25,3.65,UG/M3
840090010010,2025-05-01T10:00:00Z,PM2.5,2.4,UG/M3
840090011123,2025-05-01T10:00:00Z,PM2.5,5.7,UG/M3
840090090027,2025-05-01T10:00:00Z,PM2.5,3.6,UG/M3
840090110124,2025-05-01T10:00:00Z,PM2.5,2.7,UG/M3
840340070010,2025-05-01T10:00:00Z,PM2.5,3.7,UG/M3
840340071007,2025-05-01T10:00:00Z,PM2.5,6.5,UG/M3
840340170008,2025-05-01T10:00:00Z,PM2.5,2.7,UG/M3
840340190001,2025-05-01T10:00:00Z,PM2.5,10.1,UG/M3
840340210005,2025-05-01T10:00:00Z,PM2.5,7.7,UG/M3
840340210008,2025-05-01T10:00:00Z,PM2.5,3.9,UG/M3
840340230011,2025-05-01T10:00:00Z,PM2.5,2.8,UG/M3
840340273001,2025-05-01T10:00:00Z,PM2.5,4,UG/M3
840340292002,2025-05-01T10:00:00Z,PM2.5,5.8,UG/M3
840340310005,2025-05-01T10:00:00Z,PM2.5,4.4,UG/M3
840340390004,2025-05-01T10:00:00Z,PM2.5,6.4,UG/M3
840340392003,2025-05-01T10:00:00Z,PM2.5,4,UG/M3
840360050080,2025-05-01T10:00:00Z,PM2.5,2.4,UG/M3
840360050110,2025-05-01T10:00:00Z,PM2.5,2.7,UG/M3
840360050112,2025-05-01T10:00:00Z,PM2.5,3.4,UG/M3
840360470052,2025-05-01T10:00:00Z,PM2.5,3.1,UG/M3
840360470118,2025-05-01T10:00:00Z,PM2.5,3.6,UG/M3
840360610115,2025-05-01T10:00:00Z,PM2.5,3.4,UG/M3
840360610135,2025-05-01T10:00:00Z,PM2.5,2.9,UG/M3
840360710002,2025-05-01T10:00:00Z,PM2.5,3.7,UG/M3
840360810120,2025-05-01T10:00:00Z,PM2.5,2.6,UG/M3
840360810124,2025-05-01T10:00:00Z,PM2.5,3.1,UG/M3
840360850055,2025-05-01T10:00:00Z,PM2.5,4.2,UG/M3
840360850111,2025-05-01T10:00:00Z,PM2.5,3.9,UG/M3
840360870005,2025-05-01T10:00:00Z,PM2.5,3.3,UG/M3
840361030009,2025-05-01T10:00:00Z,PM2.5,2.8,UG/M3
840361192004,2025-05-01T10:00:00Z,PM2.5,1.8,UG/M3
840421010048,2025-05-01T10:00:00Z,PM2.5,5.1,UG/M3
840421010055,2025-05-01T10:00:00Z,PM2.5,5.6,UG/M3
840421010057,2025-05-01T10:00:00Z,PM2.5,5.8,UG/M3
840421010075,2025-05-01T10:00:00Z,PM2.5,6.1,UG/M3
840999999911,2025-05-01T10:00:00Z,PM25,3.88,UG/M3
840999999913,2025-05-01T10:00:00Z,PM25,3.46,UG/M3
840999999914,2025-05-01T10:00:00Z,PM25,4.03,UG/M3
840999999915,2025-05-01T10:00:00Z,PM25,7.15,UG/M3
840999999916,2025-05-01T10:00:00Z,PM25,4.86,UG/M3
840999999918,2025-05-01T10:00:00Z,PM25,4.32,UG/M3
840999999991,2025-05-01T10:00:00Z,PM25,4.22,UG/M3
840999999992,2025-05-01T10:00:00Z,PM25,4.66,UG/M3
840999999994,2025-05-01T10:00:00Z,PM25,2.94,UG/M3
840999999995,2025-05-01T10:00:00Z,PM25,3.36,UG/M3
840999999996,2025-05-01T10:00:00Z,PM25,7.03,UG/M3
840999999997,2025-05-01T10:00:00Z,PM25,3.76,UG/M3
840999999998,2025-05-01T10:00:00Z,PM25,3.96,UG/M3
840999999999,2025-05-01T10:00:00Z,PM25,3.72,UG/M3
840090010010,2025-05-01T11:00:00Z,PM2.5,2.5,UG/M3
840090011123,2025-05-01T11:00:00Z,PM2.5,5.8,UG/M3
840090090027,2025-05-01T11:00:00Z,PM2.5,6.6,UG/M3
840090110124,2025-05-01T11:00:00Z,PM2.5,2.8,UG/M3
840340070010,2025-05-01T11:00:00Z,PM2.5,4.4,UG/M3
840340071007,2025-05-01T11:00:00Z,PM2.5,4.5,UG/M3
840340170008,2025-05-01T11:00:00Z,PM2.5,3.2,UG/M3
840340190001,2025-05-01T11:00:00Z,PM2.5,10.2,UG/M3
840340210005,2025-05-01T11:00:00Z,PM2.5,7.1,UG/M3
840340210008,2025-05-01T11:00:00Z,PM2.5,5.2,UG/M3
840340230011,2025-05-01T11:00:00Z,PM2.5,2.1,UG/M3
840340273001,2025-05-01T11:00:00Z,PM2.5,2.9,UG/M3
840340292002,2025-05-01T11:00:00Z,PM2.5,6.2,UG/M3
840340310005,2025-05-01T11:00:00Z,PM2.5,2.7,UG/M3
840340390004,2025-05-01T11:00:00Z,PM2.5,4.3,UG/M3
840340392003,2025-05-01T11:00:00Z,PM2.5,3.1,UG/M3
840360050080,2025-05-01T11:00:00Z,PM2.5,2.8,UG/M3
840360050110,2025-05-01T11:00:00Z,PM2.5,2.8,UG/M3
840360050112,2025-05-01T11:00:00Z,PM2.5,3.4,UG/M3
840360470052,2025-05-01T11:00:00Z,PM2.5,3.2,UG/M3
840360470118,2025-05-01T11:00:00Z,PM2.5,3.9,UG/M3
840360610115,2025-05-01T11:00:00Z,PM2.5,4.3,UG/M3
840360610135,2025-05-01T11:00:00Z,PM2.5,2.9,UG/M3
840360710002,2025-05-01T11:00:00Z,PM2.5,4.5,UG/M3
840360810120,2025-05-01T11:00:00Z,PM2.5,0.7,UG/M3
840360810124,2025-05-01T11:00:00Z,PM2.5,3,UG/M3
840360850055,2025-05-01T11:00:00Z,PM2.5,4.1,UG/M3
840360850111,2025-05-01T11:00:00Z,PM2.5,5.6,UG/M3
840360870005,2025-05-01T11:00:00Z,PM2.5,0.6,UG/M3
840361030009,2025-05-01T11:00:00Z,PM2.5,2.7,UG/M3
840361192004,2025-05-01T11:00:00Z,PM2.5,1.8,UG/M3
840421010048,2025-05-01T11:00:00Z,PM2.5,5.1,UG/M3
840421010055,2025-05-01T11:00:00Z,PM2.5,6.1,UG/M3
840421010057,2025-05-01T11:00:00Z,PM2.5,5.9,UG/M3
840421010075,2025-05-01T11:00:00Z,PM2.5,6.5,UG/M3
840999999911,2025-05-01T11:00:00Z,PM25,4.25,UG/M3
840999999913,2025-05-01T11:00:00Z,PM25,3.64,UG/M3
840999999914,2025-05-01T11:00:00Z,PM25,4.42,UG/M3
840999999915,2025-05-01T11:00:00Z,PM25,3.55,UG/M3
840999999916,2025-05-01T11:00:00Z,PM25,9.79,UG/M3
840999999918,2025-05-01T11:00:00Z,PM25,5.16,UG/M3
840999999991,2025-05-01T11:00:00Z,PM25,3.75,UG/M3
840999999992,2025-05-01T11:00:00Z,PM25,4.38,UG/M3
840999999994,2025-05-01T11:00:00Z,PM25,2.82,UG/M3
840999999995,2025-05-01T11:00:00Z,PM25,3.77,UG/M3
840999999996,2025-05-01T11:00:00Z,PM25,11.78,UG/M3
840999999997,2025-05-01T11:00:00Z,PM25,3.5,UG/M3
840999999998,2025-05-01T11:00:00Z,PM25,3.99,UG/M3
840999999999,2025-05-01T11:00:00Z,PM25,4.07,UG/M3
840090010010,2025-05-01T12:00:00Z,PM2.5,2.6,UG/M3
840090011123,2025-05-01T12:00:00Z,PM2.5,4.7,UG/M3
840090090027,2025-05-01T12:00:00Z,PM2.5,6,UG/M3
840090110124,2025-05-01T12:00:00Z,PM2.5,2.9,UG/M3
840340070010,2025-05-01T12:00:00Z,PM2.5,6.2,UG/M3
840340071007,2025-05-01T12:00:00Z,PM2.5,5.7,UG/M3
840340170008,2025-05-01T12:00:00Z,PM2.5,3.3,UG/M3
840340190001,2025-05-01T12:00:00Z,PM2.5,9.4,UG/M3
840340210005,2025-05-01T12:00:00Z,PM2.5,4.7,UG/M3
840340210008,2025-05-01T12:00:00Z,PM2.5,4.8,UG/M3
840340230011,2025-05-01T12:00:00Z,PM2.5,4.7,UG/M3
840340273001,2025-05-01T12:00:00Z,PM2.5,1.4,UG/M3
840340292002,2025-05-01T12:00:00Z,PM2.5,3.9,UG/M3
840340310005,2025-05-01T12:00:00Z,PM2.5,3.1,UG/M3
840340390004,2025-05-01T12:00:00Z,PM2.5,5.9,UG/M3
840340392003,2025-05-01T12:00:00Z,PM2.5,8.9,UG/M3
840360050080,2025-05-01T12:00:00Z,PM2.5,3,UG/M3
840360050110,2025-05-01T12:00:00Z,PM2.5,2.9,UG/M3
840360050112,2025-05-01T12:00:00Z,PM2.5,3.4,UG/M3
840360470052,2025-05-01T12:00:00Z,PM2.5,3.3,UG/M3
840360470118,2025-05-01T12:00:00Z,PM2.5,3.8,UG/M3
840360610115,2025-05-01T12:00:00Z,PM2.5,3.5,UG/M3
840360610135,2025-05-01T12:00:00Z,PM2.5,3.1,UG/M3
840360710002,2025-05-01T12:00:00Z,PM2.5,1.6,UG/M3
840360810120,2025-05-01T12:00:00Z,PM2.5,0.2,UG/M3
840360810124,2025-05-01T12:00:00Z,PM2.5,3,UG/M3
840360850055,2025-05-01T12:00:00Z,PM2.5,4,UG/M3
840360850111,2025-05-01T12:00:00Z,PM2.5,5.2,UG/M3
840360870005,2025-05-01T12:00:00Z,PM2.5,0.6,UG/M3
840361030009,2025-05-01T12:00:00Z,PM2.5,2.9,UG/M3
840421010048,2025-05-01T12:00:00Z,PM2.5,4.7,UG/M3
840421010055,2025-05-01T12:00:00Z,PM2.5,5.9,UG/M3
840421010057,2025-05-01T12:00:00Z,PM2.5,5.6,UG/M3
840421010075,2025-05-01T12:00:00Z,PM2.5,6.1,UG/M3
840999999911,2025-05-01T12:00:00Z,PM25,4.73,UG/M3
840999999913,2025-05-01T12:00:00Z,PM25,2.81,UG/M3
840999999914,2025-05-01T12:00:00Z,PM25,5.47,UG/M3
840999999915,2025-05-01T12:00:00Z,PM25,3.81,UG/M3
840999999916,2025-05-01T12:00:00Z,PM25,5.51,UG/M3
840999999918,2025-05-01T12:00:00Z,PM25,6.83,UG/M3
840999999991,2025-05-01T12:00:00Z,PM25,4.07,UG/M3
840999999992,2025-05-01T12:00:00Z,PM25,4.35,UG/M3
840999999994,2025-05-01T12:00:00Z,PM25,3.14,UG/M3
840999999995,2025-05-01T12:00:00Z,PM25,4.09,UG/M3
840999999996,2025-05-01T12:00:00Z,PM25,8,UG/M3
840999999997,2025-05-01T12:00:00Z,PM25,3.69,UG/M3
840999999998,2025-05-01T12:00:00Z,PM25,3.85,UG/M3
840999999999,2025-05-01T12:00:00Z,PM25,3.66,UG/M3
840090010010,2025-05-01T13:00:00Z,PM2.5,2.8,UG/M3
840090011123,2025-05-01T13:00:00Z,PM2.5,3.9,UG/M3
840090090027,2025-05-01T13:00:00Z,PM2.5,4.5,UG/M3
840090110124,2025-05-01T13:00:00Z,PM2.5,2.9,UG/M3
840340070010,2025-05-01T13:00:00Z,PM2.5,6.4,UG/M3
840340071007,2025-05-01T13:00:00Z,PM2.5,6.9,UG/M3
840340170008,2025-05-01T13:00:00Z,PM2.5,2.7,UG/M3
840340190001,2025-05-01T13:00:00Z,PM2.5,9.4,UG/M3
840340210005,2025-05-01T13:00:00Z,PM2.5,4.7,UG/M3
840340210008,2025-05-01T13:00:00Z,PM2.5,5.2,UG/M3
840340230011,2025-05-01T13:00:00Z,PM2.5,5.7,UG/M3
840340273001,2025-05-01T13:00:00Z,PM2.5,2.2,UG/M3
840340292002,2025-05-01T13:00:00Z,PM2.5,4.4,UG/M3
840340310005,2025-05-01T13:00:00Z,PM2.5,3.5,UG/M3
840340390004,2025-05-01T13:00:00Z,PM2.5,7.4,UG/M3
840340392003,2025-05-01T13:00:00Z,PM2.5,8.2,UG/M3
840360050080,2025-05-01T13:00:00Z,PM2.5,2.7,UG/M3
840360050110,2025-05-01T13:00:00Z,PM2.5,2.9,UG/M3
840360050112,2025-05-01T13:00:00Z,PM2.5,3.3,UG/M3
840360470052,2025-05-01T13:00:00Z,PM2.5,3.4,UG/M3
840360470118,2025-05-01T13:00:00Z,PM2.5,3.8,UG/M3
840360610115,2025-05-01T13:00:00Z,PM2.5,5,UG/M3
840360610135,2025-05-01T13:00:00Z,PM2.5,3.1,UG/M3
840360710002,2025-05-01T13:00:00Z,PM2.5,0,UG/M3
840360810120,2025-05-01T13:00:00Z,PM2.5,0.5,UG/M3
840360810124,2025-05-01T13:00:00Z,PM2.5,3.1,UG/M3
840360850055,2025-05-01T13:00:00Z,PM2.5,3.8,UG/M3
840360850111,2025-05-01T13:00:00Z,PM2.5,4,UG/M3
840360870005,2025-05-01T13:00:00Z,PM2.5,0.6,UG/M3
840361030009,2025-05-01T13:00:00Z,PM2.5,2.8,UG/M3
840421010048,2025-05-01T13:00:00Z,PM2.5,4.4,UG/M3
840421010055,2025-05-01T13:00:00Z,PM2.5,6.9,UG/M3
840421010057,2025-05-01T13:00:00Z,PM2.5,5.2,UG/M3
840421010075,2025-05-01T13:00:00Z,PM2.5,4.8,UG/M3
840999999911,2025-05-01T13:00:00Z,PM25,4.68,UG/M3
840999999913,2025-05-01T13:00:00Z,PM25,3.16,UG/M3
840999999914,2025-05-01T13:00:00Z,PM25,7.4,UG/M3
840999999915,2025-05-01T13:00:00Z,PM25,3.86,UG/M3
840999999916,2025-05-01T13:00:00Z,PM25,6.16,UG/M3
840999999918,2025-05-01T13:00:00Z,PM25,3.82,UG/M3
840999999991,2025-05-01T13:00:00Z,PM25,4.73,UG/M3
840999999992,2025-05-01T13:00:00Z,PM25,4.42,UG/M3
840999999994,2025-05-01T13:00:00Z,PM25,3.35,UG/M3
840999999995,2025-05-01T13:00:00Z,PM25,4.7,UG/M3
840999999996,2025-05-01T13:00:00Z,PM25,4.17,UG/M3
840999999997,2025-05-01T13:00:00Z,PM25,3.88,UG/M3
840999999998,2025-05-01T13:00:00Z,PM25,3.91,UG/M3
840999999999,2025-05-01T13:00:00Z,PM25,3.89,UG/M3
840090010010,2025-05-01T14:00:00Z,PM2.5,3.1,UG/M3
840090011123,2025-05-01T14:00:00Z,PM2.5,3.3,UG/M3
840090090027,2025-05-01T14:00:00Z,PM2.5,3.9,UG/M3
840090110124,2025-05-01T14:00:00Z,PM2.5,2.9,UG/M3
840340070010,2025-05-01T14:00:00Z,PM2.5,5.5,UG/M3
840340071007,2025-05-01T14:00:00Z,PM2.5,3.8,UG/M3
840340170008,2025-05-01T14:00:00Z,PM2.5,4.1,UG/M3
840340190001,2025-05-01T14:00:00Z,PM2.5,7,UG/M3
840340210005,2025-05-01T14:00:00Z,PM2.5,0,UG/M3
840340210008,2025-05-01T14:00:00Z,PM2.5,3.7,UG/M3
840340230011,2025-05-01T14:00:00Z,PM2.5,5.1,UG/M3
840340273001,2025-05-01T14:00:00Z,PM2.5,2.2,UG/M3
840340292002,2025-05-01T14:00:00Z,PM2.5,4.4,UG/M3
840340310005,2025-05-01T14:00:00Z,PM2.5,2.7,UG/M3
840340390004,2025-05-01T14:00:00Z,PM2.5,7.4,UG/M3
840340392003,2025-05-01T14:00:00Z,PM2.5,7.5,UG/M3
840360050080,2025-05-01T14:00:00Z,PM2.5,2.6,UG/M3
840360050110,2025-05-01T14:00:00Z,PM2.5,3,UG/M3
840360050112,2025-05-01T14:00:00Z,PM2.5,3.4,UG/M3
840360470052,2025-05-01T14:00:00Z,PM2.5,3.4,UG/M3
840360470118,2025-05-01T14:00:00Z,PM2.5,3.8,UG/M3
840360610115,2025-05-01T14:00:00Z,PM2.5,3.7,UG/M3
840360610135,2025-05-01T14:00:00Z,PM2.5,3.4,UG/M3
840360710002,2025-05-01T14:00:00Z,PM2.5,0.1,UG/M3
840360810120,2025-05-01T14:00:00Z,PM2.5,0.1,UG/M3
840360810124,2025-05-01T14:00:00Z,PM2.5,3.1,UG/M3
840360850055,2025-05-01T14:00:00Z,PM2.5,2.7,UG/M3
840360850111,2025-05-01T14:00:00Z,PM2.5,3.4,UG/M3
840361030009,2025-05-01T14:00:00Z,PM2.5,2.9,UG/M3
840361192004,2025-05-01T14:00:00Z,PM2.5,-999,UG/M3
840421010048,2025-05-01T14:00:00Z,PM2.5,7.1,UG/M3
840421010055,2025-05-01T14:00:00Z,PM2.5,8.6,UG/M3
840421010057,2025-05-01T14:00:00Z,PM2.5,7.3,UG/M3
840421010075,2025-05-01T14:00:00Z,PM2.5,5,UG/M3
840999999911,2025-05-01T14:00:00Z,PM25,4.27,UG/M3
840999999913,2025-05-01T14:00:00Z,PM25,3.06,UG/M3
840999999914,2025-05-01T14:00:00Z,PM25,5.02,UG/M3
840999999915,2025-05-01T14:00:00Z,PM25,4.38,UG/M3
840999999916,2025-05-01T14:00:00Z,PM25,6.27,UG/M3
840999999918,2025-05-01T14:00:00Z,PM25,3.55,UG/M3
840999999991,2025-05-01T14:00:00Z,PM25,3.08,UG/M3
840999999992,2025-05-01T14:00:00Z,PM25,4.93,UG/M3
840999999994,2025-05-01T14:00:00Z,PM25,3.23,UG/M3
840999999995,2025-05-01T14:00:00Z,PM25,4.86,UG/M3
840999999996,2025-05-01T14:00:00Z,PM25,2.81,UG/M3
840999999997,2025-05-01T14:00:00Z,PM25,4.55,UG/M3
840999999998,2025-05-01T14:00:00Z,PM25,3.46,UG/M3
840999999999,2025-05-01T14:00:00Z,PM25,3.97,UG/M3
840090010010,2025-05-01T15:00:00Z,PM2.5,3.4,UG/M3
840090011123,2025-05-01T15:00:00Z,PM2.5,3.1,UG/M3
840090090027,2025-05-01T15:00:00Z,PM2.5,3.5,UG/M3
840090110124,2025-05-01T15:00:00Z,PM2.5,3,UG/M3
840340030010,2025-05-01T15:00:00Z,PM2.5,-999,UG/M3
840340070010,2025-05-01T15:00:00Z,PM2.5,8.6,UG/M3
840340071007,2025-05-01T15:00:00Z,PM2.5,9.9,UG/M3
840340170008,2025-05-01T15:00:00Z,PM2.5,4.8,UG/M3
840340190001,2025-05-01T15:00:00Z,PM2.5,4.6,UG/M3
840340210005,2025-05-01T15:00:00Z,PM2.5,0,UG/M3
840340210008,2025-05-01T15:00:00Z,PM2.5,5.4,UG/M3
840340230011,2025-05-01T15:00:00Z,PM2.5,6,UG/M3
840340292002,2025-05-01T15:00:00Z,PM2.5,4,UG/M3
840340310005,2025-05-01T15:00:00Z,PM2.5,3,UG/M3
840340392003,2025-05-01T15:00:00Z,PM2.5,7.2,UG/M3
840360050080,2025-05-01T15:00:00Z,PM2.5,1.4,UG/M3
840360050110,2025-05-01T15:00:00Z,PM2.5,3.1,UG/M3
840360050112,2025-05-01T15:00:00Z,PM2.5,3.4,UG/M3
840360470052,2025-05-01T15:00:00Z,PM2.5,3.4,UG/M3
840360470118,2025-05-01T15:00:00Z,PM2.5,3.7,UG/M3
840360610115,2025-05-01T15:00:00Z,PM2.5,1.7,UG/M3
840360610135,2025-05-01T15:00:00Z,PM2.5,3.5,UG/M3
840360710002,2025-05-01T15:00:00Z,PM2.5,0,UG/M3
840360810120,2025-05-01T15:00:00Z,PM2.5,0,UG/M3
840360810124,2025-05-01T15:00:00Z,PM2.5,3,UG/M3
840360850055,2025-05-01T15:00:00Z,PM2.5,2.3,UG/M3
840360850111,2025-05-01T15:00:00Z,PM2.5,3.2,UG/M3
840361030009,2025-05-01T15:00:00Z,PM2.5,2.9,UG/M3
840361192004,2025-05-01T15:00:00Z,PM2.5,0,UG/M3
840421010048,2025-05-01T15:00:00Z,PM2.5,7.1,UG/M3
840421010055,2025-05-01T15:00:00Z,PM2.5,7.1,UG/M3
840421010057,2025-05-01T15:00:00Z,PM2.5,8.1,UG/M3
840421010075,2025-05-01T15:00:00Z,PM2.5,7.5,UG/M3
840999999911,2025-05-01T15:00:00Z,PM25,4.37,UG/M3
840999999913,2025-05-01T15:00:00Z,PM25,3.16,UG/M3
840999999914,2025-05-01T15:00:00Z,PM25,4.84,UG/M3
840999999915,2025-05-01T15:00:00Z,PM25,4.58,UG/M3
840999999916,2025-05-01T15:00:00Z,PM25,5.62,UG/M3
840999999918,2025-05-01T15:00:00Z,PM25,3,UG/M3
840999999991,2025-05-01T15:00:00Z,PM25,2.94,UG/M3
840999999992,2025-05-01T15:00:00Z,PM25,5.07,UG/M3
840999999994,2025-05-01T15:00:00Z,PM25,3.19,UG/M3
840999999995,2025-05-01T15:00:00Z,PM25,4.83,UG/M3
840999999996,2025-05-01T15:00:00Z,PM25,2.73,UG/M3
840999999997,2025-05-01T15:00:00Z,PM25,5.54,UG/M3
840999999998,2025-05-01T15:00:00Z,PM25,3.56,UG/M3
840999999999,2025-05-01T15:00:00Z,PM25,3.97,UG/M3
840090010010,2025-05-01T16:00:00Z,PM2.5,3.5,UG/M3
840090011123,2025-05-01T16:00:00Z,PM2.5,3.1,UG/M3
840090090027,2025-05-01T16:00:00Z,PM2.5,3.4,UG/M3
840090110124,2025-05-01T16:00:00Z,PM2.5,3,UG/M3
840340030010,2025-05-01T16:00:00Z,PM2.5,13,UG/M3
840340070010,2025-05-01T16:00:00Z,PM2.5,6,UG/M3
840340071007,2025-05-01T16:00:00Z,PM2.5,7.9,UG/M3
840340170008,2025-05-01T16:00:00Z,PM2.5,2.4,UG/M3
840340190001,2025-05-01T16:00:00Z,PM2.5,2.9,UG/M3
840340210005,2025-05-01T16:00:00Z,PM2.5,0,UG/M3
840340210008,2025-05-01T16:00:00Z,PM2.5,5.3,UG/M3
840340230011,2025-05-01T16:00:00Z,PM2.5,7.2,UG/M3
840340292002,2025-05-01T16:00:00Z,PM2.5,3.5,UG/M3
840340310005,2025-05-01T16:00:00Z,PM2.5,3.2,UG/M3
840340390004,2025-05-01T16:00:00Z,PM2.5,-999,UG/M3
840340392003,2025-05-01T16:00:00Z,PM2.5,4.2,UG/M3
840360050080,2025-05-01T16:00:00Z,PM2.5,1,UG/M3
840360050110,2025-05-01T16:00:00Z,PM2.5,3.2,UG/M3
840360050112,2025-05-01T16:00:00Z,PM2.5,3.5,UG/M3
840360470052,2025-05-01T16:00:00Z,PM2.5,3.4,UG/M3
840360470118,2025-05-01T16:00:00Z,PM2.5,3.6,UG/M3
840360610115,2025-05-01T16:00:00Z,PM2.5,1.2,UG/M3
840360610135,2025-05-01T16:00:00Z,PM2.5,3.5,UG/M3
840360710002,2025-05-01T16:00:00Z,PM2.5,0,UG/M3
840360810120,2025-05-01T16:00:00Z,PM2.5,0,UG/M3
840360810124,2025-05-01T16:00:00Z,PM2.5,3,UG/M3
840360850055,2025-05-01T16:00:00Z,PM2.5,0.6,UG/M3
840360850111,2025-05-01T16:00:00Z,PM2.5,3,UG/M3
840360870005,2025-05-01T16:00:00Z,PM2.5,-999,UG/M3
840361030009,2025-05-01T16:00:00Z,PM2.5,2.8,UG/M3
840361192004,2025-05-01T16:00:00Z,PM2.5,0,UG/M3
840421010048,2025-05-01T16:00:00Z,PM2.5,5.7,UG/M3
840421010055,2025-05-01T16:00:00Z,PM2.5,6,UG/M3
840421010057,2025-05-01T16:00:00Z,PM2.5,6.7,UG/M3
840421010075,2025-05-01T16:00:00Z,PM2.5,5.8,UG/M3
840999999911,2025-05-01T16:00:00Z,PM25,3.38,UG/M3
840999999913,2025-05-01T16:00:00Z,PM25,4.02,UG/M3
840999999914,2025-05-01T16:00:00Z,PM25,2.58,UG/M3
840999999915,2025-05-01T16:00:00Z,PM25,4.52,UG/M3
840999999916,2025-05-01T16:00:00Z,PM25,6.1,UG/M3
840999999918,2025-05-01T16:00:00Z,PM25,3.26,UG/M3
840999999991,2025-05-01T16:00:00Z,PM25,4.04,UG/M3
840999999992,2025-05-01T16:00:00Z,PM25,4.73,UG/M3
840999999994,2025-05-01T16:00:00Z,PM25,3.18,UG/M3
840999999995,2025-05-01T16:00:00Z,PM25,5.17,UG/M3
840999999996,2025-05-01T16:00:00Z,PM25,2.41,UG/M3
840999999997,2025-05-01T16:00:00Z,PM25,3.9,UG/M3
840999999998,2025-05-01T16:00:00Z,PM25,3.36,UG/M3
840999999999,2025-05-01T16:00:00Z,PM25,3.29,UG/M3
840090010010,2025-05-01T17:00:00Z,PM2.5,3.7,UG/M3
840090011123,2025-05-01T17:00:00Z,PM2.5,3.1,UG/M3
840090090027,2025-05-01T17:00:00Z,PM2.5,3.3,UG/M3
840090110124,2025-05-01T17:00:00Z,PM2.5,3.1,UG/M3
840340030010,2025-05-01T17:00:00Z,PM2.5,13.4,UG/M3
840340070010,2025-05-01T17:00:00Z,PM2.5,3.2,UG/M3
840340071007,2025-05-01T17:00:00Z,PM2.5,9.6,UG/M3
840340170008,2025-05-01T17:00:00Z,PM2.5,2.5,UG/M3
840340190001,2025-05-01T17:00:00Z,PM2.5,1.8,UG/M3
840340210005,2025-05-01T17:00:00Z,PM2.5,0,UG/M3
840340210008,2025-05-01T17:00:00Z,PM2.5,5.8,UG/M3
840340230011,2025-05-01T17:00:00Z,PM2.5,5.2,UG/M3
840340273001,2025-05-01T17:00:00Z,PM2.5,-999,UG/M3
840340292002,2025-05-01T17:00:00Z,PM2.5,1.3,UG/M3
840340310005,2025-05-01T17:00:00Z,PM2.5,1.6,UG/M3
840340390004,2025-05-01T17:00:00Z,PM2.5,4.5,UG/M3
840340392003,2025-05-01T17:00:00Z,PM2.5,3.1,UG/M3
840360050080,2025-05-01T17:00:00Z,PM2.5,1,UG/M3
840360050110,2025-05-01T17:00:00Z,PM2.5,3.2,UG/M3
840360050112,2025-05-01T17:00:00Z,PM2.5,3.7,UG/M3
840360470052,2025-05-01T17:00:00Z,PM2.5,3.4,UG/M3
840360470118,2025-05-01T17:00:00Z,PM2.5,3.6,UG/M3
840360610115,2025-05-01T17:00:00Z,PM2.5,1.3,UG/M3
840360610135,2025-05-01T17:00:00Z,PM2.5,3.5,UG/M3
840360710002,2025-05-01T17:00:00Z,PM2.5,0.5,UG/M3
840360810120,2025-05-01T17:00:00Z,PM2.5,0,UG/M3
840360810124,2025-05-01T17:00:00Z,PM2.5,3,UG/M3
840360850055,2025-05-01T17:00:00Z,PM2.5,0.3,UG/M3
840360850111,2025-05-01T17:00:00Z,PM2.5,3,UG/M3
840361030009,2025-05-01T17:00:00Z,PM2.5,2.8,UG/M3
840361192004,2025-05-01T17:00:00Z,PM2.5,0,UG/M3
840421010048,2025-05-01T17:00:00Z,PM2.5,5,UG/M3
840421010055,2025-05-01T17:00:00Z,PM2.5,5.4,UG/M3
840421010057,2025-05-01T17:00:00Z,PM2.5,5.9,UG/M3
840421010075,2025-05-01T17:00:00Z,PM2.5,5,UG/M3
840999999911,2025-05-01T17:00:00Z,PM25,3.26,UG/M3
840999999913,2025-05-01T17:00:00Z,PM25,4.38,UG/M3
840999999914,2025-05-01T17:00:00Z,PM25,2.77,UG/M3
840999999915,2025-05-01T17:00:00Z,PM25,4.98,UG/M3
840999999916,2025-05-01T17:00:00Z,PM25,6.96,UG/M3
840999999918,2025-05-01T17:00:00Z,PM25,3.45,UG/M3
840999999991,2025-05-01T17:00:00Z,PM25,3.81,UG/M3
840999999992,2025-05-01T17:00:00Z,PM25,4.17,UG/M3
840999999994,2025-05-01T17:00:00Z,PM25,3.16,UG/M3
840999999995,2025-05-01T17:00:00Z,PM25,5.31,UG/M3
840999999996,2025-05-01T17:00:00Z,PM25,3.6,UG/M3
840999999997,2025-05-01T17:00:00Z,PM25,4.44,UG/M3
840999999998,2025-05-01T17:00:00Z,PM25,3.29,UG/M3
840999999999,2025-05-01T17:00:00Z,PM25,3.09,UG/M3
840090010010,2025-05-01T18:00:00Z,PM2.5,3.8,UG/M3
840090011123,2025-05-01T18:00:00Z,PM2.5,3.1,UG/M3
840090090027,2025-05-01T18:00:00Z,PM2.5,3.3,UG/M3
840090110124,2025-05-01T18:00:00Z,PM2.5,3.1,UG/M3
840340030010,2025-05-01T18:00:00Z,PM2.5,13,UG/M3
840340070010,2025-05-01T18:00:00Z,PM2.5,2.7,UG/M3
840340071007,2025-05-01T18:00:00Z,PM2.5,6.3,UG/M3
840340170008,2025-05-01T18:00:00Z,PM2.5,2.1,UG/M3
840340190001,2025-05-01T18:00:00Z,PM2.5,1.3,UG/M3
840340210005,2025-05-01T18:00:00Z,PM2.5,0.5,UG/M3
840340210008,2025-05-01T18:00:00Z,PM2.5,5.3,UG/M3
840340230011,2025-05-01T18:00:00Z,PM2.5,4.4,UG/M3
840340273001,2025-05-01T18:00:00Z,PM2.5,6.2,UG/M3
840340292002,2025-05-01T18:00:00Z,PM2.5,3.1,UG/M3
840340310005,2025-05-01T18:00:00Z,PM2.5,3.7,UG/M3
840340390004,2025-05-01T18:00:00Z,PM2.5,2.6,UG/M3
840340392003,2025-05-01T18:00:00Z,PM2.5,2.6,UG/M3
840360050080,2025-05-01T18:00:00Z,PM2.5,1.5,UG/M3
840360050110,2025-05-01T18:00:00Z,PM2.5,3.5,UG/M3
840360050112,2025-05-01T18:00:00Z,PM2.5,3.9,UG/M3
840360470052,2025-05-01T18:00:00Z,PM2.5,3.5,UG/M3
840360470118,2025-05-01T18:00:00Z,PM2.5,3.6,UG/M3
840360610115,2025-05-01T18:00:00Z,PM2.5,1.7,UG/M3
840360610135,2025-05-01T18:00:00Z,PM2.5,3.6,UG/M3
840360710002,2025-05-01T18:00:00Z,PM2.5,0.7,UG/M3
840360810120,2025-05-01T18:00:00Z,PM2.5,0.5,UG/M3
840360810124,2025-05-01T18:00:00Z,PM2.5,3.1,UG/M3
840360850055,2025-05-01T18:00:00Z,PM2.5,1.2,UG/M3
840360850111,2025-05-01T18:00:00Z,PM2.5,3,UG/M3
840361030009,2025-05-01T18:00:00Z,PM2.5,2.8,UG/M3
840361192004,2025-05-01T18:00:00Z,PM2.5,0,UG/M3
840421010048,2025-05-01T18:00:00Z,PM2.5,4.8,UG/M3
840421010055,2025-05-01T18:00:00Z,PM2.5,5.2,UG/M3
840421010057,2025-05-01T18:00:00Z,PM2.5,6.4,UG/M3
840421010075,2025-05-01T18:00:00Z,PM2.5,4.7,UG/M3
840999999911,2025-05-01T18:00:00Z,PM25,3.33,UG/M3
840999999913,2025-05-01T18:00:00Z,PM25,4.41,UG/M3
840999999914,2025-05-01T18:00:00Z,PM25,2.76,UG/M3
840999999915,2025-05-01T18:00:00Z,PM25,5.76,UG/M3
840999999916,2025-05-01T18:00:00Z,PM25,6.24,UG/M3
840999999918,2025-05-01T18:00:00Z,PM25,3.49,UG/M3
840999999991,2025-05-01T18:00:00Z,PM25,4.09,UG/M3
840999999992,2025-05-01T18:00:00Z,PM25,4.83,UG/M3
840999999994,2025-05-01T18:00:00Z,PM25,3.13,UG/M3
840999999995,2025-05-01T18:00:00Z,PM25,5.43,UG/M3
840999999996,2025-05-01T18:00:00Z,PM25,3.97,UG/M3
840999999997,2025-05-01T18:00:00Z,PM25,4.33,UG/M3
840999999998,2025-05-01T18:00:00Z,PM25,3.38,UG/M3
840999999999,2025-05-01T18:00:00Z,PM25,3.57,UG/M3
840090010010,2025-05-01T19:00:00Z,PM2.5,3.8,UG/M3
840090011123,2025-05-01T19:00:00Z,PM2.5,3.1,UG/M3
840090090027,2025-05-01T19:00:00Z,PM2.5,3.2,UG/M3
840090110124,2025-05-01T19:00:00Z,PM2.5,3.1,UG/M3
840340030010,2025-05-01T19:00:00Z,PM2.5,8.1,UG/M3
840340070010,2025-05-01T19:00:00Z,PM2.5,3.7,UG/M3
840340071007,2025-05-01T19:00:00Z,PM2.5,5.8,UG/M3
840340170008,2025-05-01T19:00:00Z,PM2.5,1.5,UG/M3
840340190001,2025-05-01T19:00:00Z,PM2.5,1.6,UG/M3
840340210005,2025-05-01T19:00:00Z,PM2.5,1.6,UG/M3
840340210008,2025-05-01T19:00:00Z,PM2.5,5.1,UG/M3
840340230011,2025-05-01T19:00:00Z,PM2.5,4.9,UG/M3
840340273001,2025-05-01T19:00:00Z,PM2.5,19.6,UG/M3
840340292002,2025-05-01T19:00:00Z,PM2.5,4.1,UG/M3
840340310005,2025-05-01T19:00:00Z,PM2.5,4.8,UG/M3
840340390004,2025-05-01T19:00:00Z,PM2.5,4,UG/M3
840340392003,2025-05-01T19:00:00Z,PM2.5,1.9,UG/M3
840360050080,2025-05-01T19:00:00Z,PM2.5,1.3,UG/M3
840360050110,2025-05-01T19:00:00Z,PM2.5,3.4,UG/M3
840360050112,2025-05-01T19:00:00Z,PM2.5,3.8,UG/M3
840360470052,2025-05-01T19:00:00Z,PM2.5,3.5,UG/M3
840360470118,2025-05-01T19:00:00Z,PM2.5,3.6,UG/M3
840360610115,2025-05-01T19:00:00Z,PM2.5,1.6,UG/M3
840360610135,2025-05-01T19:00:00Z,PM2.5,3.6,UG/M3
840360710002,2025-05-01T19:00:00Z,PM2.5,1.9,UG/M3
840360810120,2025-05-01T19:00:00Z,PM2.5,0.3,UG/M3
840360810124,2025-05-01T19:00:00Z,PM2.5,3.1,UG/M3
840360850055,2025-05-01T19:00:00Z,PM2.5,1.4,UG/M3
840360850111,2025-05-01T19:00:00Z,PM2.5,3.1,UG/M3
840361030009,2025-05-01T19:00:00Z,PM2.5,2.8,UG/M3
840361192004,2025-05-01T19:00:00Z,PM2.5,0,UG/M3
840421010048,2025-05-01T19:00:00Z,PM2.5,4.7,UG/M3
840421010055,2025-05-01T19:00:00Z,PM2.5,5.1,UG/M3
840421010057,2025-05-01T19:00:00Z,PM2.5,5.9,UG/M3
840421010075,2025-05-01T19:00:00Z,PM2.5,5.1,UG/M3
840999999911,2025-05-01T19:00:00Z,PM25,3.2,UG/M3
840999999913,2025-05-01T19:00:00Z,PM25,3.88,UG/M3
840999999914,2025-05-01T19:00:00Z,PM25,2.58,UG/M3
840999999915,2025-05-01T19:00:00Z,PM25,5.89,UG/M3
840999999916,2025-05-01T19:00:00Z,PM25,5.66,UG/M3
840999999918,2025-05-01T19:00:00Z,PM25,3.82,UG/M3
840999999991,2025-05-01T19:00:00Z,PM25,3.86,UG/M3
840999999992,2025-05-01T19:00:00Z,PM25,4.47,UG/M3
840999999994,2025-05-01T19:00:00Z,PM25,3.32,UG/M3
840999999995,2025-05-01T19:00:00Z,PM25,5.84,UG/M3
840999999996,2025-05-01T19:00:00Z,PM25,3.17,UG/M3
840999999997,2025-05-01T19:00:00Z,PM25,4.09,UG/M3
840999999998,2025-05-01T19:00:00Z,PM25,4.11,UG/M3
840999999999,2025-05-01T19:00:00Z,PM25,3.58,UG/M3
840090010010,2025-05-01T20:00:00Z,PM2.5,3.8,UG/M3
840090011123,2025-05-01T20:00:00Z,PM2.5,3.2,UG/M3
840090090027,2025-05-01T20:00:00Z,PM2.5,3.2,UG/M3
840090110124,2025-05-01T20:00:00Z,PM2.5,3.2,UG/M3
840340030010,2025-05-01T20:00:00Z,PM2.5,7,UG/M3
840340070010,2025-05-01T20:00:00Z,PM2.5,4.2,UG/M3
840340071007,2025-05-01T20:00:00Z,PM2.5,4.8,UG/M3
840340170008,2025-05-01T20:00:00Z,PM2.5,0.8,UG/M3
840340190001,2025-05-01T20:00:00Z,PM2.5,2.4,UG/M3
840340210005,2025-05-01T20:00:00Z,PM2.5,2.7,UG/M3
840340210008,2025-05-01T20:00:00Z,PM2.5,2.9,UG/M3
840340230011,2025-05-01T20:00:00Z,PM2.5,6,UG/M3
840340273001,2025-05-01T20:00:00Z,PM2.5,10.3,UG/M3
840340292002,2025-05-01T20:00:00Z,PM2.5,2.4,UG/M3
840340310005,2025-05-01T20:00:00Z,PM2.5,4.4,UG/M3
840340390004,2025-05-01T20:00:00Z,PM2.5,4.7,UG/M3
840340392003,2025-05-01T20:00:00Z,PM2.5,2.1,UG/M3
840360050080,2025-05-01T20:00:00Z,PM2.5,1.6,UG/M3
840360050110,2025-05-01T20:00:00Z,PM2.5,3.3,UG/M3
840360050112,2025-05-01T20:00:00Z,PM2.5,3.8,UG/M3
840360470052,2025-05-01T20:00:00Z,PM2.5,3.5,UG/M3
840360470118,2025-05-01T20:00:00Z,PM2.5,3.7,UG/M3
840360610115,2025-05-01T20:00:00Z,PM2.5,1.5,UG/M3
840360610135,2025-05-01T20:00:00Z,PM2.5,3.6,UG/M3
840360710002,2025-05-01T20:00:00Z,PM2.5,1.9,UG/M3
840360810120,2025-05-01T20:00:00Z,PM2.5,1.3,UG/M3
840360810124,2025-05-01T20:00:00Z,PM2.5,3.1,UG/M3
840360850055,2025-05-01T20:00:00Z,PM2.5,1.6,UG/M3
840360850111,2025-05-01T20:00:00Z,PM2.5,3.2,UG/M3
840360870005,2025-05-01T20:00:00Z,PM2.5,-999,UG/M3
840361030009,2025-05-01T20:00:00Z,PM2.5,2.8,UG/M3
840361192004,2025-05-01T20:00:00Z,PM2.5,0,UG/M3
840421010048,2025-05-01T20:00:00Z,PM2.5,4.7,UG/M3
840421010055,2025-05-01T20:00:00Z,PM2.5,5.2,UG/M3
840421010057,2025-05-01T20:00:00Z,PM2.5,5.8,UG/M3
840421010075,2025-05-01T20:00:00Z,PM2.5,4.8,UG/M3
840999999911,2025-05-01T20:00:00Z,PM25,3.29,UG/M3
840999999913,2025-05-01T20:00:00Z,PM25,3.23,UG/M3
840999999914,2025-05-01T20:00:00Z,PM25,2.23,UG/M3
840999999915,2025-05-01T20:00:00Z,PM25,3.81,UG/M3
840999999916,2025-05-01T20:00:00Z,PM25,5.51,UG/M3
840999999918,2025-05-01T20:00:00Z,PM25,3.49,UG/M3
840999999991,2025-05-01T20:00:00Z,PM25,4.12,UG/M3
840999999992,2025-05-01T20:00:00Z,PM25,3.53,UG/M3
840999999994,2025-05-01T20:00:00Z,PM25,2.92,UG/M3
840999999995,2025-05-01T20:00:00Z,PM25,4.92,UG/M3
840999999996,2025-05-01T20:00:00Z,PM25,2.86,UG/M3
840999999997,2025-05-01T20:00:00Z,PM25,3.31,UG/M3
840999999998,2025-05-01T20:00:00Z,PM25,4.79,UG/M3
840999999999,2025-05-01T20:00:00Z,PM25,3.38,UG/M3
840090010010,2025-05-01T21:00:00Z,PM2.5,3.8,UG/M3
840090011123,2025-05-01T21:00:00Z,PM2.5,3.3,UG/M3
840090090027,2025-05-01T21:00:00Z,PM2.5,3.2,UG/M3
840090110124,2025-05-01T21:00:00Z,PM2.5,3.4,UG/M3
840340030010,2025-05-01T21:00:00Z,PM2.5,5.3,UG/M3
840340070010,2025-05-01T21:00:00Z,PM2.5,7.4,UG/M3
840340071007,2025-05-01T21:00:00Z,PM2.5,3,UG/M3
840340170008,2025-05-01T21:00:00Z,PM2.5,2.6,UG/M3
840340190001,2025-05-01T21:00:00Z,PM2.5,2.4,UG/M3
840340210005,2025-05-01T21:00:00Z,PM2.5,2.7,UG/M3
840340210008,2025-05-01T21:00:00Z,PM2.5,4.6,UG/M3
840340230011,2025-05-01T21:00:00Z,PM2.5,4.7,UG/M3
840340273001,2025-05-01T21:00:00Z,PM2.5,6.5,UG/M3
840340292002,2025-05-01T21:00:00Z,PM2.5,2.9,UG/M3
840340310005,2025-05-01T21:00:00Z,PM2.5,4.7,UG/M3
840340390004,2025-05-01T21:00:00Z,PM2.5,5.2,UG/M3
840340392003,2025-05-01T21:00:00Z,PM2.5,2.1,UG/M3
840360050080,2025-05-01T21:00:00Z,PM2.5,3.2,UG/M3
840360050110,2025-05-01T21:00:00Z,PM2.5,3.4,UG/M3
840360050112,2025-05-01T21:00:00Z,PM2.5,3.8,UG/M3
840360470052,2025-05-01T21:00:00Z,PM2.5,3.7,UG/M3
840360470118,2025-05-01T21:00:00Z,PM2.5,3.9,UG/M3
840360610115,2025-05-01T21:00:00Z,PM2.5,3,UG/M3
840360610135,2025-05-01T21:00:00Z,PM2.5,3.6,UG/M3
840360710002,2025-05-01T21:00:00Z,PM2.5,2.3,UG/M3
840360810120,2025-05-01T21:00:00Z,PM2.5,2.8,UG/M3
840360810124,2025-05-01T21:00:00Z,PM2.5,3.3,UG/M3
840360850055,2025-05-01T21:00:00Z,PM2.5,1.9,UG/M3
840360850111,2025-05-01T21:00:00Z,PM2.5,3.3,UG/M3
840360870005,2025-05-01T21:00:00Z,PM2.5,0.4,UG/M3
840361030009,2025-05-01T21:00:00Z,PM2.5,2.9,UG/M3
840361192004,2025-05-01T21:00:00Z,PM2.5,0,UG/M3
840421010048,2025-05-01T21:00:00Z,PM2.5,4.8,UG/M3
840421010055,2025-05-01T21:00:00Z,PM2.5,5.2,UG/M3
840421010057,2025-05-01T21:00:00Z,PM2.5,5.6,UG/M3
840421010075,2025-05-01T21:00:00Z,PM2.5,4.6,UG/M3
840999999911,2025-05-01T21:00:00Z,PM25,2.96,UG/M3
840999999913,2025-05-01T21:00:00Z,PM25,3.25,UG/M3
840999999914,2025-05-01T21:00:00Z,PM25,2.2,UG/M3
840999999915,2025-05-01T21:00:00Z,PM25,4.26,UG/M3
840999999916,2025-05-01T21:00:00Z,PM25,5.78,UG/M3
840999999918,2025-05-01T21:00:00Z,PM25,4.12,UG/M3
840999999991,2025-05-01T21:00:00Z,PM25,4.29,UG/M3
840999999992,2025-05-01T21:00:00Z,PM25,3.35,UG/M3
840999999994,2025-05-01T21:00:00Z,PM25,3.04,UG/M3
840999999995,2025-05-01T21:00:00Z,PM25,5.61,UG/M3
840999999996,2025-05-01T21:00:00Z,PM25,2.72,UG/M3
840999999997,2025-05-01T21:00:00Z,PM25,2.68,UG/M3
840999999998,2025-05-01T21:00:00Z,PM25,5.46,UG/M3
840999999999,2025-05-01T21:00:00Z,PM25,3.06,UG/M3
840090010010,2025-05-01T22:00:00Z,PM2.5,3.7,UG/M3
840090011123,2025-05-01T22:00:00Z,PM2.5,3.2,UG/M3
840090090027,2025-05-01T22:00:00Z,PM2.5,3.2,UG/M3
840090110124,2025-05-01T22:00:00Z,PM2.5,3.6,UG/M3
840340030010,2025-05-01T22:00:00Z,PM2.5,5.2,UG/M3
840340070010,2025-05-01T22:00:00Z,PM2.5,6.4,UG/M3
840340071007,2025-05-01T22:00:00Z,PM2.5,3.3,UG/M3
840340170008,2025-05-01T22:00:00Z,PM2.5,4.4,UG/M3
840340190001,2025-05-01T22:00:00Z,PM2.5,2.4,UG/M3
840340210005,2025-05-01T22:00:00Z,PM2.5,2.7,UG/M3
840340210008,2025-05-01T22:00:00Z,PM2.5,3.4,UG/M3
840340230011,2025-05-01T22:00:00Z,PM2.5,5.1,UG/M3
840340273001,2025-05-01T22:00:00Z,PM2.5,5.2,UG/M3
840340292002,2025-05-01T22:00:00Z,PM2.5,1.6,UG/M3
840340310005,2025-05-01T22:00:00Z,PM2.5,4.5,UG/M3
840340390004,2025-05-01T22:00:00Z,PM2.5,4.9,UG/M3
840340392003,2025-05-01T22:00:00Z,PM2.5,2.2,UG/M3
840360050080,2025-05-01T22:00:00Z,PM2.5,3.2,UG/M3
840360050110,2025-05-01T22:00:00Z,PM2.5,3.4,UG/M3
840360050112,2025-05-01T22:00:00Z,PM2.5,3.9,UG/M3
840360470052,2025-05-01T22:00:00Z,PM2.5,3.9,UG/M3
840360470118,2025-05-01T22:00:00Z,PM2.5,4.2,UG/M3
840360610115,2025-05-01T22:00:00Z,PM2.5,2.9,UG/M3
840360610135,2025-05-01T22:00:00Z,PM2.5,3.9,UG/M3
840360710002,2025-05-01T22:00:00Z,PM2.5,1.3,UG/M3
840360810120,2025-05-01T22:00:00Z,PM2.5,4.4,UG/M3
840360810124,2025-05-01T22:00:00Z,PM2.5,3.6,UG/M3
840360850055,2025-05-01T22:00:00Z,PM2.5,2.2,UG/M3
840360850111,2025-05-01T22:00:00Z,PM2.5,3.4,UG/M3
840360870005,2025-05-01T22:00:00Z,PM2.5,0.4,UG/M3
840361030009,2025-05-01T22:00:00Z,PM2.5,2.9,UG/M3
840361192004,2025-05-01T22:00:00Z,PM2.5,0,UG/M3
840421010048,2025-05-01T22:00:00Z,PM2.5,4.8,UG/M3
840421010055,2025-05-01T22:00:00Z,PM2.5,5.8,UG/M3
840421010057,2025-05-01T22:00:00Z,PM2.5,6.2,UG/M3
840421010075,2025-05-01T22:00:00Z,PM2.5,4.8,UG/M3
840999999911,2025-05-01T22:00:00Z,PM25,2.84,UG/M3
840999999913,2025-05-01T22:00:00Z,PM25,3.77,UG/M3
840999999914,2025-05-01T22:00:00Z,PM25,2.19,UG/M3
840999999915,2025-05-01T22:00:00Z,PM25,4.05,UG/M3
840999999916,2025-05-01T22:00:00Z,PM25,6.36,UG/M3
840999999918,2025-05-01T22:00:00Z,PM25,4.44,UG/M3
840999999991,2025-05-01T22:00:00Z,PM25,4.73,UG/M3
840999999992,2025-05-01T22:00:00Z,PM25,3.83,UG/M3
840999999994,2025-05-01T22:00:00Z,PM25,3.25,UG/M3
840999999995,2025-05-01T22:00:00Z,PM25,5.97,UG/M3
840999999996,2025-05-01T22:00:00Z,PM25,2.81,UG/M3
840999999997,2025-05-01T22:00:00Z,PM25,2.27,UG/M3
840999999998,2025-05-01T22:00:00Z,PM25,5.56,UG/M3
840999999999,2025-05-01T22:00:00Z,PM25,2.88,UG/M3
840090010010,2025-05-01T23:00:00Z,PM2.5,3.6,UG/M3
840090011123,2025-05-01T23:00:00Z,PM2.5,3.1,UG/M3
840090090027,2025-05-01T23:00:00Z,PM2.5,3.2,UG/M3
840090110124,2025-05-01T23:00:00Z,PM2.5,3.8,UG/M3
840340030010,2025-05-01T23:00:00Z,PM2.5,6,UG/M3
840340070010,2025-05-01T23:00:00Z,PM2.5,7,UG/M3
840340071007,2025-05-01T23:00:00Z,PM2.5,3.8,UG/M3
840340170008,2025-05-01T23:00:00Z,PM2.5,4.4,UG/M3
840340190001,2025-05-01T23:00:00Z,PM2.5,2.4,UG/M3
840340210005,2025-05-01T23:00:00Z,PM2.5,4.5,UG/M3
840340210008,2025-05-01T23:00:00Z,PM2.5,2.7,UG/M3
840340230011,2025-05-01T23:00:00Z,PM2.5,5.2,UG/M3
840340273001,2025-05-01T23:00:00Z,PM2.5,4.1,UG/M3
840340292002,2025-05-01T23:00:00Z,PM2.5,0.8,UG/M3
840340310005,2025-05-01T23:00:00Z,PM2.5,4.3,UG/M3
840340390004,2025-05-01T23:00:00Z,PM2.5,5,UG/M3
840340392003,2025-05-01T23:00:00Z,PM2.5,4.6,UG/M3
840360050080,2025-05-01T23:00:00Z,PM2.5,3.5,UG/M3
840360050110,2025-05-01T23:00:00Z,PM2.5,3.7,UG/M3
840360050112,2025-05-01T23:00:00Z,PM2.5,4.2,UG/M3
840360470052,2025-05-01T23:00:00Z,PM2.5,4.3,UG/M3
840360470118,2025-05-01T23:00:00Z,PM2.5,4.9,UG/M3
840360610115,2025-05-01T23:00:00Z,PM2.5,4.2,UG/M3
840360610135,2025-05-01T23:00:00Z,PM2.5,4.2,UG/M3
840360710002,2025-05-01T23:00:00Z,PM2.5,2.2,UG/M3
840360810120,2025-05-01T23:00:00Z,PM2.5,4.9,UG/M3
840360810124,2025-05-01T23:00:00Z,PM2.5,4,UG/M3
840360850055,2025-05-01T23:00:00Z,PM2.5,2.7,UG/M3
840360850111,2025-05-01T23:00:00Z,PM2.5,3.7,UG/M3
840361030009,2025-05-01T23:00:00Z,PM2.5,3.4,UG/M3
840361192004,2025-05-01T23:00:00Z,PM2.5,0,UG/M3
840421010048,2025-05-01T23:00:00Z,PM2.5,5.5,UG/M3
840421010055,2025-05-01T23:00:00Z,PM2.5,7,UG/M3
840421010057,2025-05-01T23:00:00Z,PM2.5,7.4,UG/M3
840421010075,2025-05-01T23:00:00Z,PM2.5,5.8,UG/M3
840999999911,2025-05-01T23:00:00Z,PM25,3.17,UG/M3
840999999913,2025-05-01T23:00:00Z,PM25,4.48,UG/M3
840999999914,2025-05-01T23:00:00Z,PM25,2.2,UG/M3
840999999915,2025-05-01T23:00:00Z,PM25,4.73,UG/M3
840999999916,2025-05-01T23:00:00Z,PM25,6.67,UG/M3
840999999918,2025-05-01T23:00:00Z,PM25,4.24,UG/M3
840999999991,2025-05-01T23:00:00Z,PM25,5.02,UG/M3
840999999992,2025-05-01T23:00:00Z,PM25,3.89,UG/M3
840999999994,2025-05-01T23:00:00Z,PM25,3.39,UG/M3
840999999995,2025-05-01T23:00:00Z,PM25,6.79,UG/M3
840999999996,2025-05-01T23:00:00Z,PM25,3.21,UG/M3
840999999997,2025-05-01T23:00:00Z,PM25,2.41,UG/M3
840999999998,2025-05-01T23:00:00Z,PM25,6.08,UG/M3
840999999999,2025-05-01T23:00:00Z,PM25,3.15,UG/M3
840090010010,2025-05-02T00:00:00Z,PM2.5,3.6,UG/M3
840090011123,2025-05-02T00:00:00Z,PM2.5,3.2,UG/M3
840090090027,2025-05-02T00:00:00Z,PM2.5,3.3,UG/M3
840090110124,2025-05-02T00:00:00Z,PM2.5,4.3,UG/M3
840340030010,2025-05-02T00:00:00Z,PM2.5,4.9,UG/M3
840340070010,2025-05-02T00:00:00Z,PM2.5,8.7,UG/M3
840340071007,2025-05-02T00:00:00Z,PM2.5,5.3,UG/M3
840340170008,2025-05-02T00:00:00Z,PM2.5,5.1,UG/M3
840340190001,2025-05-02T00:00:00Z,PM2.5,3.1,UG/M3
840340210005,2025-05-02T00:00:00Z,PM2.5,6.7,UG/M3
840340210008,2025-05-02T00:00:00Z,PM2.5,5,UG/M3
840340230011,2025-05-02T00:00:00Z,PM2.5,5.6,UG/M3
840340273001,2025-05-02T00:00:00Z,PM2.5,5.4,UG/M3
840340292002,2025-05-02T00:00:00Z,PM2.5,2.5,UG/M3
840340310005,2025-05-02T00:00:00Z,PM2.5,5.4,UG/M3
840340390004,2025-05-02T00:00:00Z,PM2.5,6.4,UG/M3
840340392003,2025-05-02T00:00:00Z,PM2.5,4.9,UG/M3
840360050080,2025-05-02T00:00:00Z,PM2.5,4.4,UG/M3
840360050110,2025-05-02T00:00:00Z,PM2.5,4,UG/M3
840360050112,2025-05-02T00:00:00Z,PM2.5,4.6,UG/M3
840360470052,2025-05-02T00:00:00Z,PM2.5,5,UG/M3
840360470118,2025-05-02T00:00:00Z,PM2.5,5.7,UG/M3
840360610115,2025-05-02T00:00:00Z,PM2.5,5,UG/M3
840360610135,2025-05-02T00:00:00Z,PM2.5,4.6,UG/M3
840360710002,2025-05-02T00:00:00Z,PM2.5,2.1,UG/M3
840360810120,2025-05-02T00:00:00Z,PM2.5,5.9,UG/M3
840360810124,2025-05-02T00:00:00Z,PM2.5,4.4,UG/M3
840360850055,2025-05-02T00:00:00Z,PM2.5,3.3,UG/M3
840360850111,2025-05-02T00:00:00Z,PM2.5,4,UG/M3
840360870005,2025-05-02T00:00:00Z,PM2.5,-999,UG/M3
840361030009,2025-05-02T00:00:00Z,PM2.5,4.2,UG/M3
840361192004,2025-05-02T00:00:00Z,PM2.5,0,UG/M3
840421010048,2025-05-02T00:00:00Z,PM2.5,6.5,UG/M3
840421010055,2025-05-02T00:00:00Z,PM2.5,8.7,UG/M3
840421010057,2025-05-02T00:00:00Z,PM2.5,8.8,UG/M3
840421010075,2025-05-02T00:00:00Z,PM2.5,6.4,UG/M3
840999999911,2025-05-02T00:00:00Z,PM25,4.16,UG/M3
840999999913,2025-05-02T00:00:00Z,PM25,4.54,UG/M3
840999999914,2025-05-02T00:00:00Z,PM25,4.71,UG/M3
840999999915,2025-05-02T00:00:00Z,PM25,5.11,UG/M3
840999999916,2025-05-02T00:00:00Z,PM25,8.39,UG/M3
840999999918,2025-05-02T00:00:00Z,PM25,4.58,UG/M3
840999999991,2025-05-02T00:00:00Z,PM25,4.98,UG/M3
840999999992,2025-05-02T00:00:00Z,PM25,4.96,UG/M3
840999999994,2025-05-02T00:00:00Z,PM25,4.31,UG/M3
840999999995,2025-05-02T00:00:00Z,PM25,6.32,UG/M3
840999999996,2025-05-02T00:00:00Z,PM25,4.74,UG/M3
840999999997,2025-05-02T00:00:00Z,PM25,4.78,UG/M3
840999999998,2025-05-02T00:00:00Z,PM25,5.03,UG/M3
840999999999,2025-05-02T00:00:00Z,PM25,3.18,UG/M3
840090010010,2025-05-02T01:00:00Z,PM2.5,3.6,UG/M3
840090011123,2025-05-02T01:00:00Z,PM2.5,3.7,UG/M3
840090090027,2025-05-02T01:00:00Z,PM2.5,3.4,UG/M3
840090110124,2025-05-02T01:00:00Z,PM2.5,4.7,UG/M3
840340030010,2025-05-02T01:00:00Z,PM2.5,4.1,UG/M3
840340070010,2025-05-02T01:00:00Z,PM2.5,7.9,UG/M3
840340071007,2025-05-02T01:00:00Z,PM2.5,4.8,UG/M3
840340170008,2025-05-02T01:00:00Z,PM2.5,6,UG/M3
840340190001,2025-05-02T01:00:00Z,PM2.5,4.1,UG/M3
840340210005,2025-05-02T01:00:00Z,PM2.5,7.3,UG/M3
840340210008,2025-05-02T01:00:00Z,PM2.5,4.4,UG/M3
840340230011,2025-05-02T01:00:00Z,PM2.5,4.5,UG/M3
840340273001,2025-05-02T01:00:00Z,PM2.5,4.2,UG/M3
840340292002,2025-05-02T01:00:00Z,PM2.5,2.5,UG/M3
840340310005,2025-05-02T01:00:00Z,PM2.5,6.7,UG/M3
840340390004,2025-05-02T01:00:00Z,PM2.5,7.5,UG/M3
840340392003,2025-05-02T01:00:00Z,PM2.5,5.7,UG/M3
840360050080,2025-05-02T01:00:00Z,PM2.5,5.1,UG/M3
840360050110,2025-05-02T01:00:00Z,PM2.5,4.2,UG/M3
840360050112,2025-05-02T01:00:00Z,PM2.5,4.7,UG/M3
840360470052,2025-05-02T01:00:00Z,PM2.5,5.5,UG/M3
840360470118,2025-05-02T01:00:00Z,PM2.5,5.9,UG/M3
840360610115,2025-05-02T01:00:00Z,PM2.5,5.6,UG/M3
840360610135,2025-05-02T01:00:00Z,PM2.5,4.9,UG/M3
840360710002,2025-05-02T01:00:00Z,PM2.5,2.6,UG/M3
840360810120,2025-05-02T01:00:00Z,PM2.5,6.1,UG/M3
840360810124,2025-05-02T01:00:00Z,PM2.5,4.8,UG/M3
840360850055,2025-05-02T01:00:00Z,PM2.5,3.2,UG/M3
840360850111,2025-05-02T01:00:00Z,PM2.5,4.6,UG/M3
840360870005,2025-05-02T01:00:00Z,PM2.5,1.6,UG/M3
840361030009,2025-05-02T01:00:00Z,PM2.5,4.4,UG/M3
840361192004,2025-05-02T01:00:00Z,PM2.5,0.5,UG/M3
840421010048,2025-05-02T01:00:00Z,PM2.5,6.2,UG/M3
840421010055,2025-05-02T01:00:00Z,PM2.5,8.5,UG/M3
840421010057,2025-05-02T01:00:00Z,PM2.5,8.5,UG/M3
840421010075,2025-05-02T01:00:00Z,PM2.5,6,UG/M3
840999999911,2025-05-02T01:00:00Z,PM25,4.59,UG/M3
840999999913,2025-05-02T01:00:00Z,PM25,4.34,UG/M3
840999999914,2025-05-02T01:00:00Z,PM25,5.4,UG/M3
840999999915,2025-05-02T01:00:00Z,PM25,5.88,UG/M3
840999999916,2025-05-02T01:00:00Z,PM25,7.97,UG/M3
840999999918,2025-05-02T01:00:00Z,PM25,4.82,UG/M3
840999999991,2025-05-02T01:00:00Z,PM25,5,UG/M3
840999999992,2025-05-02T01:00:00Z,PM25,4.73,UG/M3
840999999994,2025-05-02T01:00:00Z,PM25,4.47,UG/M3
840999999995,2025-05-02T01:00:00Z,PM25,6.26,UG/M3
840999999996,2025-05-02T01:00:00Z,PM25,4.34,UG/M3
840999999997,2025-05-02T01:00:00Z,PM25,5.49,UG/M3
840999999998,2025-05-02T01:00:00Z,PM25,5.26,UG/M3
840999999999,2025-05-02T01:00:00Z,PM25,3.36,UG/M3
840090010010,2025-05-02T02:00:00Z,PM2.5,3.8,UG/M3
840090011123,2025-05-02T02:00:00Z,PM2.5,3.8,UG/M3
840090090027,2025-05-02T02:00:00Z,PM2.5,3.4,UG/M3
840090110124,2025-05-02T02:00:00Z,PM2.5,4.9,UG/M3
840340030010,2025-05-02T02:00:00Z,PM2.5,5.4,UG/M3
840340070010,2025-05-02T02:00:00Z,PM2.5,6.9,UG/M3
840340071007,2025-05-02T02:00:00Z,PM2.5,6.7,UG/M3
840340170008,2025-05-02T02:00:00Z,PM2.5,5.7,UG/M3
840340190001,2025-05-02T02:00:00Z,PM2.5,4.7,UG/M3
840340210005,2025-05-02T02:00:00Z,PM2.5,7,UG/M3
840340210008,2025-05-02T02:00:00Z,PM2.5,3.8,UG/M3
840340230011,2025-05-02T02:00:00Z,PM2.5,6.9,UG/M3
840340273001,2025-05-02T02:00:00Z,PM2.5,4.5,UG/M3
840340292002,2025-05-02T02:00:00Z,PM2.5,8.1,UG/M3
840340310005,2025-05-02T02:00:00Z,PM2.5,4.9,UG/M3
840340390004,2025-05-02T02:00:00Z,PM2.5,8.3,UG/M3
840340392003,2025-05-02T02:00:00Z,PM2.5,5.9,UG/M3
840360050080,2025-05-02T02:00:00Z,PM2.5,4,UG/M3
840360050110,2025-05-02T02:00:00Z,PM2.5,4.3,UG/M3
840360050112,2025-05-02T02:00:00Z,PM2.5,5,UG/M3
840360470052,2025-05-02T02:00:00Z,PM2.5,5.3,UG/M3
840360470118,2025-05-02T02:00:00Z,PM2.5,5.8,UG/M3
840360610115,2025-05-02T02:00:00Z,PM2.5,4.5,UG/M3
840360610135,2025-05-02T02:00:00Z,PM2.5,5,UG/M3
840360710002,2025-05-02T02:00:00Z,PM2.5,2.8,UG/M3
840360810120,2025-05-02T02:00:00Z,PM2.5,4.5,UG/M3
840360810124,2025-05-02T02:00:00Z,PM2.5,4.7,UG/M3
840360850055,2025-05-02T02:00:00Z,PM2.5,2.2,UG/M3
840360850111,2025-05-02T02:00:00Z,PM2.5,4.7,UG/M3
840360870005,2025-05-02T02:00:00Z,PM2.5,1.4,UG/M3
840361030009,2025-05-02T02:00:00Z,PM2.5,4.5,UG/M3
840361192004,2025-05-02T02:00:00Z,PM2.5,0.5,UG/M3
840421010048,2025-05-02T02:00:00Z,PM2.5,6.1,UG/M3
840421010055,2025-05-02T02:00:00Z,PM2.5,7.9,UG/M3
840421010057,2025-05-02T02:00:00Z,PM2.5,7.9,UG/M3
840421010075,2025-05-02T02:00:00Z,PM2.5,5.8,UG/M3
840999999911,2025-05-02T02:00:00Z,PM25,4.15,UG/M3
840999999913,2025-05-02T02:00:00Z,PM25,3.9,UG/M3
840999999914,2025-05-02T02:00:00Z,PM25,4.81,UG/M3
840999999915,2025-05-02T02:00:00Z,PM25,5.09,UG/M3
840999999916,2025-05-02T02:00:00Z,PM25,7.39,UG/M3
840999999918,2025-05-02T02:00:00Z,PM25,4.63,UG/M3
840999999991,2025-05-02T02:00:00Z,PM25,4.95,UG/M3
840999999992,2025-05-02T02:00:00Z,PM25,4.38,UG/M3
840999999994,2025-05-02T02:00:00Z,PM25,3.92,UG/M3
840999999995,2025-05-02T02:00:00Z,PM25,5.18,UG/M3
840999999996,2025-05-02T02:00:00Z,PM25,3.9,UG/M3
840999999997,2025-05-02T02:00:00Z,PM25,4.48,UG/M3
840999999998,2025-05-02T02:00:00Z,PM25,5.17,UG/M3
840999999999,2025-05-02T02:00:00Z,PM25,2.9,UG/M3
840090010010,2025-05-02T03:00:00Z,PM2.5,4,UG/M3
840090011123,2025-05-02T03:00:00Z,PM2.5,3.8,UG/M3
840090090027,2025-05-02T03:00:00Z,PM2.5,3.6,UG/M3
840090110124,2025-05-02T03:00:00Z,PM2.5,4.9,UG/M3
840340030010,2025-05-02T03:00:00Z,PM2.5,4.2,UG/M3
840340070010,2025-05-02T03:00:00Z,PM2.5,6.6,UG/M3
840340071007,2025-05-02T03:00:00Z,PM2.5,6,UG/M3
840340170008,2025-05-02T03:00:00Z,PM2.5,5.9,UG/M3
840340190001,2025-05-02T03:00:00Z,PM2.5,4.9,UG/M3
840340210005,2025-05-02T03:00:00Z,PM2.5,6.4,UG/M3
840340210008,2025-05-02T03:00:00Z,PM2.5,5.9,UG/M3
840340230011,2025-05-02T03:00:00Z,PM2.5,7.1,UG/M3
840340273001,2025-05-02T03:00:00Z,PM2.5,4.2,UG/M3
840340292002,2025-05-02T03:00:00Z,PM2.5,8.6,UG/M3
840340310005,2025-05-02T03:00:00Z,PM2.5,5.6,UG/M3
840340390004,2025-05-02T03:00:00Z,PM2.5,6.6,UG/M3
840340392003,2025-05-02T03:00:00Z,PM2.5,6.6,UG/M3
840360050080,2025-05-02T03:00:00Z,PM2.5,4.6,UG/M3
840360050110,2025-05-02T03:00:00Z,PM2.5,4.5,UG/M3
840360050112,2025-05-02T03:00:00Z,PM2.5,5.3,UG/M3
840360470052,2025-05-02T03:00:00Z,PM2.5,5.4,UG/M3
840360470118,2025-05-02T03:00:00Z,PM2.5,5.9,UG/M3
840360610115,2025-05-02T03:00:00Z,PM2.5,5.2,UG/M3
840360610135,2025-05-02T03:00:00Z,PM2.5,5.3,UG/M3
840360710002,2025-05-02T03:00:00Z,PM2.5,2.8,UG/M3
840360810120,2025-05-02T03:00:00Z,PM2.5,4.6,UG/M3
840360810124,2025-05-02T03:00:00Z,PM2.5,4.8,UG/M3
840360850055,2025-05-02T03:00:00Z,PM2.5,2.3,UG/M3
840360850111,2025-05-02T03:00:00Z,PM2.5,4.7,UG/M3
840360870005,2025-05-02T03:00:00Z,PM2.5,0.7,UG/M3
840361030009,2025-05-02T03:00:00Z,PM2.5,4.2,UG/M3
840361192004,2025-05-02T03:00:00Z,PM2.5,0.8,UG/M3
840421010048,2025-05-02T03:00:00Z,PM2.5,6.7,UG/M3
840421010055,2025-05-02T03:00:00Z,PM2.5,7.9,UG/M3
840421010057,2025-05-02T03:00:00Z,PM2.5,7.8,UG/M3
840421010075,2025-05-02T03:00:00Z,PM2.5,6,UG/M3
840999999911,2025-05-02T03:00:00Z,PM25,4.08,UG/M3
840999999913,2025-05-02T03:00:00Z,PM25,3.9,UG/M3
840999999914,2025-05-02T03:00:00Z,PM25,5.13,UG/M3
840999999915,2025-05-02T03:00:00Z,PM25,4.48,UG/M3
840999999916,2025-05-02T03:00:00Z,PM25,6.24,UG/M3
840999999918,2025-05-02T03:00:00Z,PM25,4.63,UG/M3
840999999991,2025-05-02T03:00:00Z,PM25,4.04,UG/M3
840999999992,2025-05-02T03:00:00Z,PM25,4.48,UG/M3
840999999994,2025-05-02T03:00:00Z,PM25,3.79,UG/M3
840999999995,2025-05-02T03:00:00Z,PM25,5.3,UG/M3
840999999996,2025-05-02T03:00:00Z,PM25,4.03,UG/M3
840999999997,2025-05-02T03:00:00Z,PM25,4.57,UG/M3
840999999998,2025-05-02T03:00:00Z,PM25,4.53,UG/M3
840999999999,2025-05-02T03:00:00Z,PM25,3.05,UG/M3
840090010010,2025-05-02T04:00:00Z,PM2.5,4.1,UG/M3
840090011123,2025-05-02T04:00:00Z,PM2.5,3.8,UG/M3
840090090027,2025-05-02T04:00:00Z,PM2.5,3.7,UG/M3
840090110124,2025-05-02T04:00:00Z,PM2.5,5,UG/M3
840340030010,2025-05-02T04:00:00Z,PM2.5,5.5,UG/M3
840340070010,2025-05-02T04:00:00Z,PM2.5,6.9,UG/M3
840340071007,2025-05-02T04:00:00Z,PM2.5,6.5,UG/M3
840340170008,2025-05-02T04:00:00Z,PM2.5,5.2,UG/M3
840340190001,2025-05-02T04:00:00Z,PM2.5,5,UG/M3
840340210005,2025-05-02T04:00:00Z,PM2.5,6.8,UG/M3
840340210008,2025-05-02T04:00:00Z,PM2.5,7,UG/M3
840340230011,2025-05-02T04:00:00Z,PM2.5,5.9,UG/M3
840340273001,2025-05-02T04:00:00Z,PM2.5,4.1,UG/M3
840340292002,2025-05-02T04:00:00Z,PM2.5,8.2,UG/M3
840340310005,2025-05-02T04:00:00Z,PM2.5,6.3,UG/M3
840340390004,2025-05-02T04:00:00Z,PM2.5,8,UG/M3
840340392003,2025-05-02T04:00:00Z,PM2.5,6,UG/M3
840360050080,2025-05-02T04:00:00Z,PM2.5,4.5,UG/M3
840360050110,2025-05-02T04:00:00Z,PM2.5,5,UG/M3
840360050112,2025-05-02T04:00:00Z,PM2.5,5.9,UG/M3
840360470052,2025-05-02T04:00:00Z,PM2.5,6.2,UG/M3
840360470118,2025-05-02T04:00:00Z,PM2.5,7.4,UG/M3
840360610115,2025-05-02T04:00:00Z,PM2.5,5,UG/M3
840360610135,2025-05-02T04:00:00Z,PM2.5,6,UG/M3
840360710002,2025-05-02T04:00:00Z,PM2.5,2.5,UG/M3
840360810120,2025-05-02T04:00:00Z,PM2.5,5.8,UG/M3
840360810124,2025-05-02T04:00:00Z,PM2.5,5.6,UG/M3
840360850055,2025-05-02T04:00:00Z,PM2.5,3,UG/M3
840360850111,2025-05-02T04:00:00Z,PM2.5,5,UG/M3
840360870005,2025-05-02T04:00:00Z,PM2.5,0.5,UG/M3
840361030009,2025-05-02T04:00:00Z,PM2.5,4,UG/M3
840361192004,2025-05-02T04:00:00Z,PM2.5,0.3,UG/M3
840421010048,2025-05-02T04:00:00Z,PM2.5,7.4,UG/M3
840421010055,2025-05-02T04:00:00Z,PM2.5,8.1,UG/M3
840421010057,2025-05-02T04:00:00Z,PM2.5,8.4,UG/M3
840421010075,2025-05-02T04:00:00Z,PM2.5,6.8,UG/M3
840999999911,2025-05-02T04:00:00Z,PM25,4.9,UG/M3
840999999913,2025-05-02T04:00:00Z,PM25,5.54,UG/M3
840999999914,2025-05-02T04:00:00Z,PM25,5.66,UG/M3
840999999915,2025-05-02T04:00:00Z,PM25,5.45,UG/M3
840999999916,2025-05-02T04:00:00Z,PM25,7.2,UG/M3
840999999918,2025-05-02T04:00:00Z,PM25,5.99,UG/M3
840999999991,2025-05-02T04:00:00Z,PM25,5.09,UG/M3
840999999992,2025-05-02T04:00:00Z,PM25,5.59,UG/M3
840999999994,2025-05-02T04:00:00Z,PM25,4.87,UG/M3
840999999995,2025-05-02T04:00:00Z,PM25,5.78,UG/M3
840999999996,2025-05-02T04:00:00Z,PM25,4.98,UG/M3
840999999997,2025-05-02T04:00:00Z,PM25,5.48,UG/M3
840999999998,2025-05-02T04:00:00Z,PM25,5.07,UG/M3
840999999999,2025-05-02T04:00:00Z,PM25,4.33,UG/M3
840090010010,2025-05-02T05:00:00Z,PM2.5,4.2,UG/M3
840090011123,2025-05-02T05:00:00Z,PM2.5,3.9,UG/M3
840090090027,2025-05-02T05:00:00Z,PM2.5,3.8,UG/M3
840090110124,2025-05-02T05:00:00Z,PM2.5,4.9,UG/M3
840340030010,2025-05-02T05:00:00Z,PM2.5,5.9,UG/M3
840340070010,2025-05-02T05:00:00Z,PM2.5,6.4,UG/M3
840340071007,2025-05-02T05:00:00Z,PM2.5,4.8,UG/M3
840340170008,2025-05-02T05:00:00Z,PM2.5,6.7,UG/M3
840340190001,2025-05-02T05:00:00Z,PM2.5,5,UG/M3
840340210005,2025-05-02T05:00:00Z,PM2.5,6.8,UG/M3
840340210008,2025-05-02T05:00:00Z,PM2.5,8.2,UG/M3
840340230011,2025-05-02T05:00:00Z,PM2.5,7,UG/M3
840340273001,2025-05-02T05:00:00Z,PM2.5,6,UG/M3
840340292002,2025-05-02T05:00:00Z,PM2.5,7.5,UG/M3
840340310005,2025-05-02T05:00:00Z,PM2.5,5.8,UG/M3
840340390004,2025-05-02T05:00:00Z,PM2.5,7.2,UG/M3
840340392003,2025-05-02T05:00:00Z,PM2.5,6.6,UG/M3
840360050080,2025-05-02T05:00:00Z,PM2.5,4.7,UG/M3
840360050110,2025-05-02T05:00:00Z,PM2.5,6,UG/M3
840360050112,2025-05-02T05:00:00Z,PM2.5,7.1,UG/M3
840360470052,2025-05-02T05:00:00Z,PM2.5,8,UG/M3
840360470118,2025-05-02T05:00:00Z,PM2.5,9.2,UG/M3
840360610115,2025-05-02T05:00:00Z,PM2.5,5.4,UG/M3
840360610135,2025-05-02T05:00:00Z,PM2.5,7.1,UG/M3
840360710002,2025-05-02T05:00:00Z,PM2.5,4.5,UG/M3
840360810120,2025-05-02T05:00:00Z,PM2.5,7.2,UG/M3
840360810124,2025-05-02T05:00:00Z,PM2.5,6.8,UG/M3
840360850055,2025-05-02T05:00:00Z,PM2.5,3.8,UG/M3
840360850111,2025-05-02T05:00:00Z,PM2.5,5.7,UG/M3
840360870005,2025-05-02T05:00:00Z,PM2.5,0.5,UG/M3
840361030009,2025-05-02T05:00:00Z,PM2.5,4.1,UG/M3
840361192004,2025-05-02T05:00:00Z,PM2.5,0.1,UG/M3
840421010048,2025-05-02T05:00:00Z,PM2.5,7.9,UG/M3
840421010055,2025-05-02T05:00:00Z,PM2.5,8.7,UG/M3
840421010057,2025-05-02T05:00:00Z,PM2.5,8.7,UG/M3
840421010075,2025-05-02T05:00:00Z,PM2.5,7.5,UG/M3
840999999911,2025-05-02T05:00:00Z,PM25,5.87,UG/M3
840999999913,2025-05-02T05:00:00Z,PM25,6.7,UG/M3
840999999914,2025-05-02T05:00:00Z,PM25,6.92,UG/M3
840999999915,2025-05-02T05:00:00Z,PM25,6.77,UG/M3
840999999916,2025-05-02T05:00:00Z,PM25,8.23,UG/M3
840999999918,2025-05-02T05:00:00Z,PM25,6.95,UG/M3
840999999991,2025-05-02T05:00:00Z,PM25,5.78,UG/M3
840999999992,2025-05-02T05:00:00Z,PM25,6.16,UG/M3
840999999994,2025-05-02T05:00:00Z,PM25,5.99,UG/M3
840999999995,2025-05-02T05:00:00Z,PM25,6.81,UG/M3
840999999996,2025-05-02T05:00:00Z,PM25,5.66,UG/M3
840999999997,2025-05-02T05:00:00Z,PM25,7.24,UG/M3
840999999998,2025-05-02T05:00:00Z,PM25,5.25,UG/M3
840999999999,2025-05-02T05:00:00Z,PM25,5.42,UG/M3
840090010010,2025-05-02T06:00:00Z,PM2.5,5.2,UG/M3
840090011123,2025-05-02T06:00:00Z,PM2.5,4.1,UG/M3
840090090027,2025-05-02T06:00:00Z,PM2.5,3.8,UG/M3
840090110124,2025-05-02T06:00:00Z,PM2.5,4.7,UG/M3
840340030010,2025-05-02T06:00:00Z,PM2.5,5.9,UG/M3
840340070010,2025-05-02T06:00:00Z,PM2.5,6.7,UG/M3
840340071007,2025-05-02T06:00:00Z,PM2.5,5.9,UG/M3
840340170008,2025-05-02T06:00:00Z,PM2.5,7.9,UG/M3
840340190001,2025-05-02T06:00:00Z,PM2.5,6,UG/M3
840340210005,2025-05-02T06:00:00Z,PM2.5,9.4,UG/M3
840340210008,2025-05-02T06:00:00Z,PM2.5,8.3,UG/M3
840340230011,2025-05-02T06:00:00Z,PM2.5,6,UG/M3
840340273001,2025-05-02T06:00:00Z,PM2.5,7.9,UG/M3
840340292002,2025-05-02T06:00:00Z,PM2.5,8.9,UG/M3
840340310005,2025-05-02T06:00:00Z,PM2.5,5.1,UG/M3
840340390004,2025-05-02T06:00:00Z,PM2.5,7.6,UG/M3
840340392003,2025-05-02T06:00:00Z,PM2.5,8.3,UG/M3
840360050080,2025-05-02T06:00:00Z,PM2.5,3.2,UG/M3
840360050110,2025-05-02T06:00:00Z,PM2.5,7.2,UG/M3
840360050112,2025-05-02T06:00:00Z,PM2.5,8,UG/M3
840360470052,2025-05-02T06:00:00Z,PM2.5,11.3,UG/M3
840360470118,2025-05-02T06:00:00Z,PM2.5,11.9,UG/M3
840360610115,2025-05-02T06:00:00Z,PM2.5,10,UG/M3
840360610135,2025-05-02T06:00:00Z,PM2.5,8.9,UG/M3
840360710002,2025-05-02T06:00:00Z,PM2.5,4.6,UG/M3
840360810120,2025-05-02T06:00:00Z,PM2.5,7.2,UG/M3
840360810124,2025-05-02T06:00:00Z,PM2.5,9.1,UG/M3
840360850055,2025-05-02T06:00:00Z,PM2.5,3.6,UG/M3
840360850111,2025-05-02T06:00:00Z,PM2.5,6.4,UG/M3
840360870005,2025-05-02T06:00:00Z,PM2.5,0.3,UG/M3
840361030009,2025-05-02T06:00:00Z,PM2.5,5.1,UG/M3
840361192004,2025-05-02T06:00:00Z,PM2.5,0.4,UG/M3
840421010048,2025-05-02T06:00:00Z,PM2.5,8.6,UG/M3
840421010055,2025-05-02T06:00:00Z,PM2.5,9.2,UG/M3
840421010057,2025-05-02T06:00:00Z,PM2.5,9,UG/M3
840421010075,2025-05-02T06:00:00Z,PM2.5,8.3,UG/M3
840999999911,2025-05-02T06:00:00Z,PM25,7.34,UG/M3
840999999913,2025-05-02T06:00:00Z,PM25,8.04,UG/M3
840999999914,2025-05-02T06:00:00Z,PM25,8.02,UG/M3
840999999915,2025-05-02T06:00:00Z,PM25,6.16,UG/M3
840999999916,2025-05-02T06:00:00Z,PM25,9.86,UG/M3
840999999918,2025-05-02T06:00:00Z,PM25,8.91,UG/M3
840999999991,2025-05-02T06:00:00Z,PM25,7.32,UG/M3
840999999992,2025-05-02T06:00:00Z,PM25,5.93,UG/M3
840999999994,2025-05-02T06:00:00Z,PM25,7.88,UG/M3
840999999995,2025-05-02T06:00:00Z,PM25,7.99,UG/M3
840999999996,2025-05-02T06:00:00Z,PM25,6.79,UG/M3
840999999997,2025-05-02T06:00:00Z,PM25,8.63,UG/M3
840999999998,2025-05-02T06:00:00Z,PM25,4.53,UG/M3
840999999999,2025-05-02T06:00:00Z,PM25,7.84,UG/M3
840090010010,2025-05-02T07:00:00Z,PM2.5,5.7,UG/M3
840090011123,2025-05-02T07:00:00Z,PM2.5,4.3,UG/M3
840090090027,2025-05-02T07:00:00Z,PM2.5,3.9,UG/M3
840090110124,2025-05-02T07:00:00Z,PM2.5,4.6,UG/M3
840340030010,2025-05-02T07:00:00Z,PM2.5,8,UG/M3
840340070010,2025-05-02T07:00:00Z,PM2.5,7.8,UG/M3
840340071007,2025-05-02T07:00:00Z,PM2.5,7,UG/M3
840340170008,2025-05-02T07:00:00Z,PM2.5,7.7,UG/M3
840340190001,2025-05-02T07:00:00Z,PM2.5,6.5,UG/M3
840340210005,2025-05-02T07:00:00Z,PM2.5,10.4,UG/M3
840340210008,2025-05-02T07:00:00Z,PM2.5,7.7,UG/M3
840340230011,2025-05-02T07:00:00Z,PM2.5,6.2,UG/M3
840340273001,2025-05-02T07:00:00Z,PM2.5,7.9,UG/M3
840340292002,2025-05-02T07:00:00Z,PM2.5,9,UG/M3
840340310005,2025-05-02T07:00:00Z,PM2.5,6.2,UG/M3
840340390004,2025-05-02T07:00:00Z,PM2.5,8.2,UG/M3
840340392003,2025-05-02T07:00:00Z,PM2.5,8.7,UG/M3
840360050080,2025-05-02T07:00:00Z,PM2.5,3.3,UG/M3
840360050110,2025-05-02T07:00:00Z,PM2.5,7.8,UG/M3
840360050112,2025-05-02T07:00:00Z,PM2.5,9,UG/M3
840360470052,2025-05-02T07:00:00Z,PM2.5,14.6,UG/M3
840360470118,2025-05-02T07:00:00Z,PM2.5,15.6,UG/M3
840360610115,2025-05-02T07:00:00Z,PM2.5,7.8,UG/M3
840360610135,2025-05-02T07:00:00Z,PM2.5,10.3,UG/M3
840360710002,2025-05-02T07:00:00Z,PM2.5,4.7,UG/M3
840360810120,2025-05-02T07:00:00Z,PM2.5,7.4,UG/M3
840360810124,2025-05-02T07:00:00Z,PM2.5,11.8,UG/M3
840360850055,2025-05-02T07:00:00Z,PM2.5,4,UG/M3
840360850111,2025-05-02T07:00:00Z,PM2.5,7.7,UG/M3
840360870005,2025-05-02T07:00:00Z,PM2.5,0.7,UG/M3
840361030009,2025-05-02T07:00:00Z,PM2.5,6.1,UG/M3
840361192004,2025-05-02T07:00:00Z,PM2.5,0.5,UG/M3
840421010048,2025-05-02T07:00:00Z,PM2.5,9.3,UG/M3
840421010055,2025-05-02T07:00:00Z,PM2.5,9.9,UG/M3
840421010057,2025-05-02T07:00:00Z,PM2.5,9.5,UG/M3
840421010075,2025-05-02T07:00:00Z,PM2.5,8.8,UG/M3
840999999911,2025-05-02T07:00:00Z,PM25,8.95,UG/M3
840999999913,2025-05-02T07:00:00Z,PM25,9.6,UG/M3
840999999914,2025-05-02T07:00:00Z,PM25,9.95,UG/M3
840999999915,2025-05-02T07:00:00Z,PM25,6.48,UG/M3
840999999916,2025-05-02T07:00:00Z,PM25,11.25,UG/M3
840999999918,2025-05-02T07:00:00Z,PM25,11.14,UG/M3
840999999991,2025-05-02T07:00:00Z,PM25,9.65,UG/M3
840999999992,2025-05-02T07:00:00Z,PM25,6.33,UG/M3
840999999994,2025-05-02T07:00:00Z,PM25,10.2,UG/M3
840999999995,2025-05-02T07:00:00Z,PM25,8.89,UG/M3
840999999996,2025-05-02T07:00:00Z,PM25,8.68,UG/M3
840999999997,2025-05-02T07:00:00Z,PM25,9.63,UG/M3
840999999998,2025-05-02T07:00:00Z,PM25,5.43,UG/M3
840999999999,2025-05-02T07:00:00Z,PM25,10.41,UG/M3
840090010010,2025-05-02T08:00:00Z,PM2.5,6.8,UG/M3
840090011123,2025-05-02T08:00:00Z,PM2.5,4.9,UG/M3
840090090027,2025-05-02T08:00:00Z,PM2.5,4.4,UG/M3
840090110124,2025-05-02T08:00:00Z,PM2.5,5,UG/M3
840340030010,2025-05-02T08:00:00Z,PM2.5,7.7,UG/M3
840340070010,2025-05-02T08:00:00Z,PM2.5,8.1,UG/M3
840340071007,2025-05-02T08:00:00Z,PM2.5,8.4,UG/M3
840340170008,2025-05-02T08:00:00Z,PM2.5,9.5,UG/M3
840340190001,2025-05-02T08:00:00Z,PM2.5,6.8,UG/M3
840340210005,2025-05-02T08:00:00Z,PM2.5,10.8,UG/M3
840340210008,2025-05-02T08:00:00Z,PM2.5,8.1,UG/M3
840340230011,2025-05-02T08:00:00Z,PM2.5,6.5,UG/M3
840340273001,2025-05-02T08:00:00Z,PM2.5,7.9,UG/M3
840340292002,2025-05-02T08:00:00Z,PM2.5,10.8,UG/M3
840340310005,2025-05-02T08:00:00Z,PM2.5,5.8,UG/M3
840340390004,2025-05-02T08:00:00Z,PM2.5,9.2,UG/M3
840340392003,2025-05-02T08:00:00Z,PM2.5,8.6,UG/M3
840360050080,2025-05-02T08:00:00Z,PM2.5,5,UG/M3
840360050110,2025-05-02T08:00:00Z,PM2.5,9.3,UG/M3
840360050112,2025-05-02T08:00:00Z,PM2.5,11.2,UG/M3
840360470052,2025-05-02T08:00:00Z,PM2.5,17.2,UG/M3
840360470118,2025-05-02T08:00:00Z,PM2.5,19.3,UG/M3
840360610115,2025-05-02T08:00:00Z,PM2.5,15.7,UG/M3
840360610135,2025-05-02T08:00:00Z,PM2.5,10.6,UG/M3
840360710002,2025-05-02T08:00:00Z,PM2.5,5.2,UG/M3
840360810120,2025-05-02T08:00:00Z,PM2.5,8.4,UG/M3
840360810124,2025-05-02T08:00:00Z,PM2.5,14.9,UG/M3
840360850055,2025-05-02T08:00:00Z,PM2.5,5.3,UG/M3
840360850111,2025-05-02T08:00:00Z,PM2.5,9.6,UG/M3
840360870005,2025-05-02T08:00:00Z,PM2.5,0.5,UG/M3
840361030009,2025-05-02T08:00:00Z,PM2.5,7,UG/M3
840361192004,2025-05-02T08:00:00Z,PM2.5,1.8,UG/M3
840421010048,2025-05-02T08:00:00Z,PM2.5,10.3,UG/M3
840421010055,2025-05-02T08:00:00Z,PM2.5,10.8,UG/M3
840421010057,2025-05-02T08:00:00Z,PM2.5,10.2,UG/M3
840421010075,2025-05-02T08:00:00Z,PM2.5,9.5,UG/M3
840999999911,2025-05-02T08:00:00Z,PM25,10.68,UG/M3
840999999913,2025-05-02T08:00:00Z,PM25,11.46,UG/M3
840999999914,2025-05-02T08:00:00Z,PM25,11.57,UG/M3
840999999915,2025-05-02T08:00:00Z,PM25,9.83,UG/M3
840999999916,2025-05-02T08:00:00Z,PM25,11.79,UG/M3
840999999918,2025-05-02T08:00:00Z,PM25,11.34,UG/M3
840999999991,2025-05-02T08:00:00Z,PM25,11.56,UG/M3
840999999992,2025-05-02T08:00:00Z,PM25,8.19,UG/M3
840999999994,2025-05-02T08:00:00Z,PM25,12.97,UG/M3
840999999995,2025-05-02T08:00:00Z,PM25,9.83,UG/M3
840999999996,2025-05-02T08:00:00Z,PM25,11.34,UG/M3
840999999997,2025-05-02T08:00:00Z,PM25,9.31,UG/M3
840999999998,2025-05-02T08:00:00Z,PM25,9.49,UG/M3
840999999999,2025-05-02T08:00:00Z,PM25,14.03,UG/M3
840090010010,2025-05-02T09:00:00Z,PM2.5,7.9,UG/M3
840090011123,2025-05-02T09:00:00Z,PM2.5,7.1,UG/M3
840090090027,2025-05-02T09:00:00Z,PM2.5,5.2,UG/M3
840090110124,2025-05-02T09:00:00Z,PM2.5,5.8,UG/M3
840340030010,2025-05-02T09:00:00Z,PM2.5,8,UG/M3
840340070010,2025-05-02T09:00:00Z,PM2.5,10.9,UG/M3
840340071007,2025-05-02T09:00:00Z,PM2.5,8.7,UG/M3
840340170008,2025-05-02T09:00:00Z,PM2.5,11,UG/M3
840340190001,2025-05-02T09:00:00Z,PM2.5,7.6,UG/M3
840340210005,2025-05-02T09:00:00Z,PM2.5,10.6,UG/M3
840340210008,2025-05-02T09:00:00Z,PM2.5,7.3,UG/M3
840340230011,2025-05-02T09:00:00Z,PM2.5,7.1,UG/M3
840340273001,2025-05-02T09:00:00Z,PM2.5,7.5,UG/M3
840340292002,2025-05-02T09:00:00Z,PM2.5,10.3,UG/M3
840340310005,2025-05-02T09:00:00Z,PM2.5,6.1,UG/M3
840340390004,2025-05-02T09:00:00Z,PM2.5,10.7,UG/M3
840340392003,2025-05-02T09:00:00Z,PM2.5,11.1,UG/M3
840360050080,2025-05-02T09:00:00Z,PM2.5,6.7,UG/M3
840360050110,2025-05-02T09:00:00Z,PM2.5,12.3,UG/M3
840360050112,2025-05-02T09:00:00Z,PM2.5,14.9,UG/M3
840360470052,2025-05-02T09:00:00Z,PM2.5,18.4,UG/M3
840360470118,2025-05-02T09:00:00Z,PM2.5,23.4,UG/M3
840360610115,2025-05-02T09:00:00Z,PM2.5,16.1,UG/M3
840360610135,2025-05-02T09:00:00Z,PM2.5,11,UG/M3
840360710002,2025-05-02T09:00:00Z,PM2.5,6.9,UG/M3
840360810120,2025-05-02T09:00:00Z,PM2.5,9.8,UG/M3
840360810124,2025-05-02T09:00:00Z,PM2.5,14.9,UG/M3
840360850055,2025-05-02T09:00:00Z,PM2.5,6.4,UG/M3
840360850111,2025-05-02T09:00:00Z,PM2.5,10.8,UG/M3
840360870005,2025-05-02T09:00:00Z,PM2.5,1.9,UG/M3
840361030009,2025-05-02T09:00:00Z,PM2.5,8.2,UG/M3
840361192004,2025-05-02T09:00:00Z,PM2.5,3.4,UG/M3
840421010048,2025-05-02T09:00:00Z,PM2.5,11.4,UG/M3
840421010055,2025-05-02T09:00:00Z,PM2.5,11.8,UG/M3
840421010057,2025-05-02T09:00:00Z,PM2.5,10.6,UG/M3
840421010075,2025-05-02T09:00:00Z,PM2.5,10.1,UG/M3
840999999911,2025-05-02T09:00:00Z,PM25,12.53,UG/M3
840999999913,2025-05-02T09:00:00Z,PM25,11.41,UG/M3
840999999914,2025-05-02T09:00:00Z,PM25,13.1,UG/M3
840999999915,2025-05-02T09:00:00Z,PM25,12.6,UG/M3
840999999916,2025-05-02T09:00:00Z,PM25,13.5,UG/M3
840999999918,2025-05-02T09:00:00Z,PM25,12.23,UG/M3
840999999991,2025-05-02T09:00:00Z,PM25,12.85,UG/M3
840999999992,2025-05-02T09:00:00Z,PM25,12.92,UG/M3
840999999994,2025-05-02T09:00:00Z,PM25,16.69,UG/M3
840999999995,2025-05-02T09:00:00Z,PM25,10.54,UG/M3
840999999996,2025-05-02T09:00:00Z,PM25,14.02,UG/M3
840999999997,2025-05-02T09:00:00Z,PM25,9.98,UG/M3
840999999998,2025-05-02T09:00:00Z,PM25,13.2,UG/M3
840999999999,2025-05-02T09:00:00Z,PM25,16.36,UG/M3
840090010010,2025-05-02T10:00:00Z,PM2.5,10.5,UG/M3
840090011123,2025-05-02T10:00:00Z,PM2.5,9.1,UG/M3
840090090027,2025-05-02T10:00:00Z,PM2.5,6.3,UG/M3
840090110124,2025-05-02T10:00:00Z,PM2.5,7.1,UG/M3
840340030010,2025-05-02T10:00:00Z,PM2.5,11.9,UG/M3
840340070010,2025-05-02T10:00:00Z,PM2.5,11,UG/M3
840340071007,2025-05-02T10:00:00Z,PM2.5,9.2,UG/M3
840340170008,2025-05-02T10:00:00Z,PM2.5,8.7,UG/M3
840340190001,2025-05-02T10:00:00Z,PM2.5,7.5,UG/M3
840340210005,2025-05-02T10:00:00Z,PM2.5,10.3,UG/M3
840340210008,2025-05-02T10:00:00Z,PM2.5,9,UG/M3
840340230011,2025-05-02T10:00:00Z,PM2.5,6.9,UG/M3
840340273001,2025-05-02T10:00:00Z,PM2.5,9.7,UG/M3
840340292002,2025-05-02T10:00:00Z,PM2.5,10.4,UG/M3
840340310005,2025-05-02T10:00:00Z,PM2.5,6.3,UG/M3
840340390004,2025-05-02T10:00:00Z,PM2.5,13.6,UG/M3
840340392003,2025-05-02T10:00:00Z,PM2.5,10.9,UG/M3
840360050080,2025-05-02T10:00:00Z,PM2.5,8.6,UG/M3
840360050110,2025-05-02T10:00:00Z,PM2.5,15.1,UG/M3
840360050112,2025-05-02T10:00:00Z,PM2.5,19.4,UG/M3
840360470052,2025-05-02T10:00:00Z,PM2.5,19.3,UG/M3
840360470118,2025-05-02T10:00:00Z,PM2.5,26.8,UG/M3
840360610115,2025-05-02T10:00:00Z,PM2.5,13.5,UG/M3
840360610135,2025-05-02T10:00:00Z,PM2.5,13.6,UG/M3
840360710002,2025-05-02T10:00:00Z,PM2.5,7.4,UG/M3
840360810120,2025-05-02T10:00:00Z,PM2.5,10.5,UG/M3
840360810124,2025-05-02T10:00:00Z,PM2.5,23.8,UG/M3
840360850055,2025-05-02T10:00:00Z,PM2.5,7.9,UG/M3
840360850111,2025-05-02T10:00:00Z,PM2.5,12.5,UG/M3
840360870005,2025-05-02T10:00:00Z,PM2.5,3.3,UG/M3
840361030009,2025-05-02T10:00:00Z,PM2.5,9.2,UG/M3
840361192004,2025-05-02T10:00:00Z,PM2.5,4.7,UG/M3
840421010048,2025-05-02T10:00:00Z,PM2.5,12,UG/M3
840421010055,2025-05-02T10:00:00Z,PM2.5,13.2,UG/M3
840421010057,2025-05-02T10:00:00Z,PM2.5,12.6,UG/M3
840421010075,2025-05-02T10:00:00Z,PM2.5,10.5,UG/M3
840999999911,2025-05-02T10:00:00Z,PM25,18.69,UG/M3
840999999913,2025-05-02T10:00:00Z,PM25,12.78,UG/M3
840999999914,2025-05-02T10:00:00Z,PM25,15.12,UG/M3
840999999915,2025-05-02T10:00:00Z,PM25,14.67,UG/M3
840999999916,2025-05-02T10:00:00Z,PM25,14.73,UG/M3
840999999918,2025-05-02T10:00:00Z,PM25,12.9,UG/M3
840999999991,2025-05-02T10:00:00Z,PM25,14.46,UG/M3
840999999992,2025-05-02T10:00:00Z,PM25,17.52,UG/M3
840999999994,2025-05-02T10:00:00Z,PM25,17.65,UG/M3
840999999995,2025-05-02T10:00:00Z,PM25,11.25,UG/M3
840999999996,2025-05-02T10:00:00Z,PM25,16.96,UG/M3
840999999997,2025-05-02T10:00:00Z,PM25,14.29,UG/M3
840999999998,2025-05-02T10:00:00Z,PM25,14.34,UG/M3
840999999999,2025-05-02T10:00:00Z,PM25,19.27,UG/M3
840090010010,2025-05-02T11:00:00Z,PM2.5,13,UG/M3
840090011123,2025-05-02T11:00:00Z,PM2.5,10.4,UG/M3
840090090027,2025-05-02T11:00:00Z,PM2.5,8.8,UG/M3
840090110124,2025-05-02T11:00:00Z,PM2.5,8,UG/M3
840340030010,2025-05-02T11:00:00Z,PM2.5,13.8,UG/M3
840340070010,2025-05-02T11:00:00Z,PM2.5,9.6,UG/M3
840340071007,2025-05-02T11:00:00Z,PM2.5,8.1,UG/M3
840340170008,2025-05-02T11:00:00Z,PM2.5,10.6,UG/M3
840340190001,2025-05-02T11:00:00Z,PM2.5,8,UG/M3
840340210005,2025-05-02T11:00:00Z,PM2.5,9.7,UG/M3
840340210008,2025-05-02T11:00:00Z,PM2.5,12,UG/M3
840340230011,2025-05-02T11:00:00Z,PM2.5,6.6,UG/M3
840340273001,2025-05-02T11:00:00Z,PM2.5,9.3,UG/M3
840340292002,2025-05-02T11:00:00Z,PM2.5,8.9,UG/M3
840340310005,2025-05-02T11:00:00Z,PM2.5,6.4,UG/M3
840340390004,2025-05-02T11:00:00Z,PM2.5,14.3,UG/M3
840340392003,2025-05-02T11:00:00Z,PM2.5,14.7,UG/M3
840360050080,2025-05-02T11:00:00Z,PM2.5,11.9,UG/M3
840360050110,2025-05-02T11:00:00Z,PM2.5,17.6,UG/M3
840360050112,2025-05-02T11:00:00Z,PM2.5,20.5,UG/M3
840360470052,2025-05-02T11:00:00Z,PM2.5,22.6,UG/M3
840360470118,2025-05-02T11:00:00Z,PM2.5,28.1,UG/M3
840360610115,2025-05-02T11:00:00Z,PM2.5,23.1,UG/M3
840360610135,2025-05-02T11:00:00Z,PM2.5,18.9,UG/M3
840360710002,2025-05-02T11:00:00Z,PM2.5,7.9,UG/M3
840360810120,2025-05-02T11:00:00Z,PM2.5,9.8,UG/M3
840360810124,2025-05-02T11:00:00Z,PM2.5,26.8,UG/M3
840360850055,2025-05-02T11:00:00Z,PM2.5,9.9,UG/M3
840360850111,2025-05-02T11:00:00Z,PM2.5,13.8,UG/M3
840360870005,2025-05-02T11:00:00Z,PM2.5,5.8,UG/M3
840361030009,2025-05-02T11:00:00Z,PM2.5,10.2,UG/M3
840361192004,2025-05-02T11:00:00Z,PM2.5,6,UG/M3
840421010048,2025-05-02T11:00:00Z,PM2.5,13.1,UG/M3
840421010055,2025-05-02T11:00:00Z,PM2.5,14.4,UG/M3
840421010057,2025-05-02T11:00:00Z,PM2.5,14.8,UG/M3
840421010075,2025-05-02T11:00:00Z,PM2.5,11,UG/M3
840999999911,2025-05-02T11:00:00Z,PM25,18.68,UG/M3
840999999913,2025-05-02T11:00:00Z,PM25,16.69,UG/M3
840999999914,2025-05-02T11:00:00Z,PM25,19.41,UG/M3
840999999915,2025-05-02T11:00:00Z,PM25,19.35,UG/M3
840999999916,2025-05-02T11:00:00Z,PM25,16.99,UG/M3
840999999918,2025-05-02T11:00:00Z,PM25,13.21,UG/M3
840999999991,2025-05-02T11:00:00Z,PM25,18.15,UG/M3
840999999992,2025-05-02T11:00:00Z,PM25,18.72,UG/M3
840999999994,2025-05-02T11:00:00Z,PM25,20.62,UG/M3
840999999995,2025-05-02T11:00:00Z,PM25,21.55,UG/M3
840999999996,2025-05-02T11:00:00Z,PM25,22.63,UG/M3
840999999997,2025-05-02T11:00:00Z,PM25,18.51,UG/M3
840999999998,2025-05-02T11:00:00Z,PM25,17.48,UG/M3
840999999999,2025-05-02T11:00:00Z,PM25,20.2,UG/M3
840090010010,2025-05-02T12:00:00Z,PM2.5,13,UG/M3
840090011123,2025-05-02T12:00:00Z,PM2.5,12.6,UG/M3
840090090027,2025-05-02T12:00:00Z,PM2.5,14.8,UG/M3
840090110124,2025-05-02T12:00:00Z,PM2.5,8.6,UG/M3
840340030010,2025-05-02T12:00:00Z,PM2.5,16.1,UG/M3
840340070010,2025-05-02T12:00:00Z,PM2.5,10,UG/M3
840340071007,2025-05-02T12:00:00Z,PM2.5,14.3,UG/M3
840340170008,2025-05-02T12:00:00Z,PM2.5,10.5,UG/M3
840340190001,2025-05-02T12:00:00Z,PM2.5,8.7,UG/M3
840340210005,2025-05-02T12:00:00Z,PM2.5,8.6,UG/M3
840340210008,2025-05-02T12:00:00Z,PM2.5,15.1,UG/M3
840340230011,2025-05-02T12:00:00Z,PM2.5,8,UG/M3
840340273001,2025-05-02T12:00:00Z,PM2.5,8.2,UG/M3
840340292002,2025-05-02T12:00:00Z,PM2.5,10.6,UG/M3
840340310005,2025-05-02T12:00:00Z,PM2.5,6.9,UG/M3
840340390004,2025-05-02T12:00:00Z,PM2.5,16.3,UG/M3
840340392003,2025-05-02T12:00:00Z,PM2.5,16.3,UG/M3
840360050080,2025-05-02T12:00:00Z,PM2.5,13.8,UG/M3
840360050110,2025-05-02T12:00:00Z,PM2.5,19.5,UG/M3
840360050112,2025-05-02T12:00:00Z,PM2.5,21.9,UG/M3
840360470052,2025-05-02T12:00:00Z,PM2.5,22.5,UG/M3
840360470118,2025-05-02T12:00:00Z,PM2.5,27.9,UG/M3
840360610115,2025-05-02T12:00:00Z,PM2.5,19.9,UG/M3
840360610135,2025-05-02T12:00:00Z,PM2.5,21.2,UG/M3
840360710002,2025-05-02T12:00:00Z,PM2.5,8.1,UG/M3
840360810120,2025-05-02T12:00:00Z,PM2.5,12.1,UG/M3
840360810124,2025-05-02T12:00:00Z,PM2.5,27.8,UG/M3
840360850055,2025-05-02T12:00:00Z,PM2.5,9.5,UG/M3
840360850111,2025-05-02T12:00:00Z,PM2.5,13.6,UG/M3
840360870005,2025-05-02T12:00:00Z,PM2.5,7.8,UG/M3
840361030009,2025-05-02T12:00:00Z,PM2.5,11,UG/M3
840361192004,2025-05-02T12:00:00Z,PM2.5,7.7,UG/M3
840421010048,2025-05-02T12:00:00Z,PM2.5,16.2,UG/M3
840421010055,2025-05-02T12:00:00Z,PM2.5,15.3,UG/M3
840421010057,2025-05-02T12:00:00Z,PM2.5,16.3,UG/M3
840421010075,2025-05-02T12:00:00Z,PM2.5,12.3,UG/M3
840999999911,2025-05-02T12:00:00Z,PM25,18.47,UG/M3
840999999913,2025-05-02T12:00:00Z,PM25,29.08,UG/M3
840999999914,2025-05-02T12:00:00Z,PM25,16.52,UG/M3
840999999915,2025-05-02T12:00:00Z,PM25,23.53,UG/M3
840999999916,2025-05-02T12:00:00Z,PM25,17.54,UG/M3
840999999918,2025-05-02T12:00:00Z,PM25,13.02,UG/M3
840999999991,2025-05-02T12:00:00Z,PM25,16.68,UG/M3
840999999992,2025-05-02T12:00:00Z,PM25,21.03,UG/M3
840999999994,2025-05-02T12:00:00Z,PM25,20.27,UG/M3
840999999995,2025-05-02T12:00:00Z,PM25,14.66,UG/M3
840999999996,2025-05-02T12:00:00Z,PM25,17.86,UG/M3
840999999997,2025-05-02T12:00:00Z,PM25,20.29,UG/M3
840999999998,2025-05-02T12:00:00Z,PM25,21.26,UG/M3
840999999999,2025-05-02T12:00:00Z,PM25,15.99,UG/M3
840090010010,2025-05-02T13:00:00Z,PM2.5,12.8,UG/M3
840090011123,2025-05-02T13:00:00Z,PM2.5,14.3,UG/M3
840090090027,2025-05-02T13:00:00Z,PM2.5,22.2,UG/M3
840090110124,2025-05-02T13:00:00Z,PM2.5,9.3,UG/M3
840340030010,2025-05-02T13:00:00Z,PM2.5,18.6,UG/M3
840340070010,2025-05-02T13:00:00Z,PM2.5,12.1,UG/M3
840340071007,2025-05-02T13:00:00Z,PM2.5,11.7,UG/M3
840340170008,2025-05-02T13:00:00Z,PM2.5,13.3,UG/M3
840340190001,2025-05-02T13:00:00Z,PM2.5,8.7,UG/M3
840340210005,2025-05-02T13:00:00Z,PM2.5,8.6,UG/M3
840340210008,2025-05-02T13:00:00Z,PM2.5,16.3,UG/M3
840340230011,2025-05-02T13:00:00Z,PM2.5,9.8,UG/M3
840340273001,2025-05-02T13:00:00Z,PM2.5,9.5,UG/M3
840340292002,2025-05-02T13:00:00Z,PM2.5,9.8,UG/M3
840340310005,2025-05-02T13:00:00Z,PM2.5,8.7,UG/M3
840340390004,2025-05-02T13:00:00Z,PM2.5,16.2,UG/M3
840340392003,2025-05-02T13:00:00Z,PM2.5,17.4,UG/M3
840360050080,2025-05-02T13:00:00Z,PM2.5,14.9,UG/M3
840360050110,2025-05-02T13:00:00Z,PM2.5,23.4,UG/M3
840360050112,2025-05-02T13:00:00Z,PM2.5,28.2,UG/M3
840360470052,2025-05-02T13:00:00Z,PM2.5,20.8,UG/M3
840360470118,2025-05-02T13:00:00Z,PM2.5,27,UG/M3
840360610115,2025-05-02T13:00:00Z,PM2.5,17.6,UG/M3
840360610135,2025-05-02T13:00:00Z,PM2.5,22.4,UG/M3
840360710002,2025-05-02T13:00:00Z,PM2.5,7.8,UG/M3
840360810120,2025-05-02T13:00:00Z,PM2.5,14.5,UG/M3
840360810124,2025-05-02T13:00:00Z,PM2.5,24.8,UG/M3
840360850055,2025-05-02T13:00:00Z,PM2.5,10.8,UG/M3
840360850111,2025-05-02T13:00:00Z,PM2.5,14.4,UG/M3
840360870005,2025-05-02T13:00:00Z,PM2.5,6.6,UG/M3
840361030009,2025-05-02T13:00:00Z,PM2.5,11.6,UG/M3
840361192004,2025-05-02T13:00:00Z,PM2.5,8.9,UG/M3
840421010048,2025-05-02T13:00:00Z,PM2.5,17.7,UG/M3
840421010055,2025-05-02T13:00:00Z,PM2.5,15.5,UG/M3
840421010057,2025-05-02T13:00:00Z,PM2.5,17.3,UG/M3
840421010075,2025-05-02T13:00:00Z,PM2.5,15,UG/M3
840999999911,2025-05-02T13:00:00Z,PM25,15.28,UG/M3
840999999913,2025-05-02T13:00:00Z,PM25,21.39,UG/M3
840999999914,2025-05-02T13:00:00Z,PM25,17.12,UG/M3
840999999915,2025-05-02T13:00:00Z,PM25,24.73,UG/M3
840999999916,2025-05-02T13:00:00Z,PM25,22.4,UG/M3
840999999918,2025-05-02T13:00:00Z,PM25,14.95,UG/M3
840999999991,2025-05-02T13:00:00Z,PM25,18.66,UG/M3
840999999992,2025-05-02T13:00:00Z,PM25,29.14,UG/M3
840999999994,2025-05-02T13:00:00Z,PM25,17.21,UG/M3
840999999995,2025-05-02T13:00:00Z,PM25,16.16,UG/M3
840999999996,2025-05-02T13:00:00Z,PM25,16.5,UG/M3
840999999997,2025-05-02T13:00:00Z,PM25,24.09,UG/M3
840999999998,2025-05-02T13:00:00Z,PM25,23.87,UG/M3
840999999999,2025-05-02T13:00:00Z,PM25,13.01,UG/M3
840090010010,2025-05-02T14:00:00Z,PM2.5,12.3,UG/M3
840090011123,2025-05-02T14:00:00Z,PM2.5,13.2,UG/M3
840090090027,2025-05-02T14:00:00Z,PM2.5,27.3,UG/M3
840090110124,2025-05-02T14:00:00Z,PM2.5,10.3,UG/M3
840340030010,2025-05-02T14:00:00Z,PM2.5,19.3,UG/M3
840340070010,2025-05-02T14:00:00Z,PM2.5,11.7,UG/M3
840340071007,2025-05-02T14:00:00Z,PM2.5,11.6,UG/M3
840340170008,2025-05-02T14:00:00Z,PM2.5,15.4,UG/M3
840340190001,2025-05-02T14:00:00Z,PM2.5,12.6,UG/M3
840340210005,2025-05-02T14:00:00Z,PM2.5,8.4,UG/M3
840340210008,2025-05-02T14:00:00Z,PM2.5,17.9,UG/M3
840340230011,2025-05-02T14:00:00Z,PM2.5,10,UG/M3
840340273001,2025-05-02T14:00:00Z,PM2.5,8.1,UG/M3
840340292002,2025-05-02T14:00:00Z,PM2.5,10.8,UG/M3
840340310005,2025-05-02T14:00:00Z,PM2.5,9.7,UG/M3
840340390004,2025-05-02T14:00:00Z,PM2.5,16.5,UG/M3
840340392003,2025-05-02T14:00:00Z,PM2.5,15.6,UG/M3
840360050080,2025-05-02T14:00:00Z,PM2.5,15.5,UG/M3
840360050110,2025-05-02T14:00:00Z,PM2.5,24.6,UG/M3
840360050112,2025-05-02T14:00:00Z,PM2.5,29.1,UG/M3
840360470052,2025-05-02T14:00:00Z,PM2.5,20.5,UG/M3
840360470118,2025-05-02T14:00:00Z,PM2.5,25.2,UG/M3
840360610115,2025-05-02T14:00:00Z,PM2.5,17.6,UG/M3
840360610135,2025-05-02T14:00:00Z,PM2.5,22.2,UG/M3
840360710002,2025-05-02T14:00:00Z,PM2.5,9.3,UG/M3
840360810120,2025-05-02T14:00:00Z,PM2.5,15.4,UG/M3
840360810124,2025-05-02T14:00:00Z,PM2.5,24,UG/M3
840360850055,2025-05-02T14:00:00Z,PM2.5,11.2,UG/M3
840360850111,2025-05-02T14:00:00Z,PM2.5,14,UG/M3
840360870005,2025-05-02T14:00:00Z,PM2.5,5.9,UG/M3
840361030009,2025-05-02T14:00:00Z,PM2.5,12.7,UG/M3
840361192004,2025-05-02T14:00:00Z,PM2.5,10.2,UG/M3
840421010048,2025-05-02T14:00:00Z,PM2.5,16.9,UG/M3
840421010055,2025-05-02T14:00:00Z,PM2.5,13.9,UG/M3
840421010057,2025-05-02T14:00:00Z,PM2.5,16.5,UG/M3
840421010075,2025-05-02T14:00:00Z,PM2.5,15.1,UG/M3
840999999911,2025-05-02T14:00:00Z,PM25,15.49,UG/M3
840999999913,2025-05-02T14:00:00Z,PM25,19.72,UG/M3
840999999914,2025-05-02T14:00:00Z,PM25,17.98,UG/M3
840999999915,2025-05-02T14:00:00Z,PM25,27.13,UG/M3
840999999916,2025-05-02T14:00:00Z,PM25,22.69,UG/M3
840999999918,2025-05-02T14:00:00Z,PM25,12.78,UG/M3
840999999991,2025-05-02T14:00:00Z,PM25,19.76,UG/M3
840999999992,2025-05-02T14:00:00Z,PM25,26.93,UG/M3
840999999994,2025-05-02T14:00:00Z,PM25,18.11,UG/M3
840999999995,2025-05-02T14:00:00Z,PM25,17.27,UG/M3
840999999996,2025-05-02T14:00:00Z,PM25,14.77,UG/M3
840999999997,2025-05-02T14:00:00Z,PM25,21.27,UG/M3
840999999998,2025-05-02T14:00:00Z,PM25,22.03,UG/M3
840999999999,2025-05-02T14:00:00Z,PM25,14.24,UG/M3
840090010010,2025-05-02T15:00:00Z,PM2.5,11,UG/M3
840090011123,2025-05-02T15:00:00Z,PM2.5,11.9,UG/M3
840090090027,2025-05-02T15:00:00Z,PM2.5,28.6,UG/M3
840090110124,2025-05-02T15:00:00Z,PM2.5,11.2,UG/M3
840340030010,2025-05-02T15:00:00Z,PM2.5,19.2,UG/M3
840340070010,2025-05-02T15:00:00Z,PM2.5,9.7,UG/M3
840340071007,2025-05-02T15:00:00Z,PM2.5,11.3,UG/M3
840340170008,2025-05-02T15:00:00Z,PM2.5,13.3,UG/M3
840340190001,2025-05-02T15:00:00Z,PM2.5,13.3,UG/M3
840340210005,2025-05-02T15:00:00Z,PM2.5,8.4,UG/M3
840340210008,2025-05-02T15:00:00Z,PM2.5,16.7,UG/M3
840340230011,2025-05-02T15:00:00Z,PM2.5,11,UG/M3
840340273001,2025-05-02T15:00:00Z,PM2.5,5.5,UG/M3
840340292002,2025-05-02T15:00:00Z,PM2.5,10,UG/M3
840340310005,2025-05-02T15:00:00Z,PM2.5,8.8,UG/M3
840340390004,2025-05-02T15:00:00Z,PM2.5,14.7,UG/M3
840340392003,2025-05-02T15:00:00Z,PM2.5,17.6,UG/M3
840360050080,2025-05-02T15:00:00Z,PM2.5,13.2,UG/M3
840360050110,2025-05-02T15:00:00Z,PM2.5,19.4,UG/M3
840360050112,2025-05-02T15:00:00Z,PM2.5,24.4,UG/M3
840360470052,2025-05-02T15:00:00Z,PM2.5,18.9,UG/M3
840360470118,2025-05-02T15:00:00Z,PM2.5,20.8,UG/M3
840360610115,2025-05-02T15:00:00Z,PM2.5,15,UG/M3
840360610135,2025-05-02T15:00:00Z,PM2.5,19.3,UG/M3
840360710002,2025-05-02T15:00:00Z,PM2.5,10.7,UG/M3
840360810120,2025-05-02T15:00:00Z,PM2.5,15.1,UG/M3
840360810124,2025-05-02T15:00:00Z,PM2.5,20.7,UG/M3
840360850055,2025-05-02T15:00:00Z,PM2.5,8.3,UG/M3
840360850111,2025-05-02T15:00:00Z,PM2.5,11.6,UG/M3
840360870005,2025-05-02T15:00:00Z,PM2.5,6.4,UG/M3
840361030009,2025-05-02T15:00:00Z,PM2.5,13,UG/M3
840361192004,2025-05-02T15:00:00Z,PM2.5,10.7,UG/M3
840421010048,2025-05-02T15:00:00Z,PM2.5,14.7,UG/M3
840421010055,2025-05-02T15:00:00Z,PM2.5,12.4,UG/M3
840421010057,2025-05-02T15:00:00Z,PM2.5,15.2,UG/M3
840421010075,2025-05-02T15:00:00Z,PM2.5,13.9,UG/M3
840999999911,2025-05-02T15:00:00Z,PM25,12.64,UG/M3
840999999913,2025-05-02T15:00:00Z,PM25,16.44,UG/M3
840999999914,2025-05-02T15:00:00Z,PM25,15.61,UG/M3
840999999915,2025-05-02T15:00:00Z,PM25,22.86,UG/M3
840999999916,2025-05-02T15:00:00Z,PM25,17.63,UG/M3
840999999918,2025-05-02T15:00:00Z,PM25,7.61,UG/M3
840999999991,2025-05-02T15:00:00Z,PM25,16.69,UG/M3
840999999992,2025-05-02T15:00:00Z,PM25,16.29,UG/M3
840999999994,2025-05-02T15:00:00Z,PM25,12.05,UG/M3
840999999995,2025-05-02T15:00:00Z,PM25,13.64,UG/M3
840999999996,2025-05-02T15:00:00Z,PM25,12.09,UG/M3
840999999997,2025-05-02T15:00:00Z,PM25,14.67,UG/M3
840999999998,2025-05-02T15:00:00Z,PM25,15.5,UG/M3
840999999999,2025-05-02T15:00:00Z,PM25,12.89,UG/M3
840090010010,2025-05-02T16:00:00Z,PM2.5,13.7,UG/M3
840090011123,2025-05-02T16:00:00Z,PM2.5,10.2,UG/M3
840090090027,2025-05-02T16:00:00Z,PM2.5,31.5,UG/M3
840090110124,2025-05-02T16:00:00Z,PM2.5,12.3,UG/M3
840340030010,2025-05-02T16:00:00Z,PM2.5,18.6,UG/M3
840340070010,2025-05-02T16:00:00Z,PM2.5,12.8,UG/M3
840340071007,2025-05-02T16:00:00Z,PM2.5,10.3,UG/M3
840340170008,2025-05-02T16:00:00Z,PM2.5,12.9,UG/M3
840340190001,2025-05-02T16:00:00Z,PM2.5,12.6,UG/M3
840340210005,2025-05-02T16:00:00Z,PM2.5,9.3,UG/M3
840340210008,2025-05-02T16:00:00Z,PM2.5,13.4,UG/M3
840340230011,2025-05-02T16:00:00Z,PM2.5,10.8,UG/M3
840340273001,2025-05-02T16:00:00Z,PM2.5,5.7,UG/M3
840340292002,2025-05-02T16:00:00Z,PM2.5,8.6,UG/M3
840340310005,2025-05-02T16:00:00Z,PM2.5,7.3,UG/M3
840340390004,2025-05-02T16:00:00Z,PM2.5,11.1,UG/M3
840340392003,2025-05-02T16:00:00Z,PM2.5,18,UG/M3
840360050080,2025-05-02T16:00:00Z,PM2.5,11,UG/M3
840360050110,2025-05-02T16:00:00Z,PM2.5,15.5,UG/M3
840360050112,2025-05-02T16:00:00Z,PM2.5,19.3,UG/M3
840360470052,2025-05-02T16:00:00Z,PM2.5,16.4,UG/M3
840360470118,2025-05-02T16:00:00Z,PM2.5,16.6,UG/M3
840360610115,2025-05-02T16:00:00Z,PM2.5,11.9,UG/M3
840360610135,2025-05-02T16:00:00Z,PM2.5,15.6,UG/M3
840360710002,2025-05-02T16:00:00Z,PM2.5,11.3,UG/M3
840360810120,2025-05-02T16:00:00Z,PM2.5,15.1,UG/M3
840360810124,2025-05-02T16:00:00Z,PM2.5,17.6,UG/M3
840360850055,2025-05-02T16:00:00Z,PM2.5,6.5,UG/M3
840360850111,2025-05-02T16:00:00Z,PM2.5,10.2,UG/M3
840360870005,2025-05-02T16:00:00Z,PM2.5,6.7,UG/M3
840361030009,2025-05-02T16:00:00Z,PM2.5,12.7,UG/M3
840361192004,2025-05-02T16:00:00Z,PM2.5,9.6,UG/M3
840421010048,2025-05-02T16:00:00Z,PM2.5,12.5,UG/M3
840421010055,2025-05-02T16:00:00Z,PM2.5,11.6,UG/M3
840421010057,2025-05-02T16:00:00Z,PM2.5,13.5,UG/M3
840421010075,2025-05-02T16:00:00Z,PM2.5,13.9,UG/M3
840999999911,2025-05-02T16:00:00Z,PM25,8.61,UG/M3
840999999913,2025-05-02T16:00:00Z,PM25,10.41,UG/M3
840999999914,2025-05-02T16:00:00Z,PM25,9.66,UG/M3
840999999915,2025-05-02T16:00:00Z,PM25,17.9,UG/M3
840999999916,2025-05-02T16:00:00Z,PM25,14.73,UG/M3
840999999918,2025-05-02T16:00:00Z,PM25,7.56,UG/M3
840999999991,2025-05-02T16:00:00Z,PM25,11.24,UG/M3
840999999992,2025-05-02T16:00:00Z,PM25,12.55,UG/M3
840999999994,2025-05-02T16:00:00Z,PM25,10.54,UG/M3
840999999995,2025-05-02T16:00:00Z,PM25,9.42,UG/M3
840999999996,2025-05-02T16:00:00Z,PM25,6.05,UG/M3
840999999997,2025-05-02T16:00:00Z,PM25,9.88,UG/M3
840999999998,2025-05-02T16:00:00Z,PM25,11.59,UG/M3
840999999999,2025-05-02T16:00:00Z,PM25,12.07,UG/M3
840090010010,2025-05-02T17:00:00Z,PM2.5,17.8,UG/M3
840090011123,2025-05-02T17:00:00Z,PM2.5,9.1,UG/M3
840090090027,2025-05-02T17:00:00Z,PM2.5,49.1,UG/M3
840090110124,2025-05-02T17:00:00Z,PM2.5,14,UG/M3
840340030010,2025-05-02T17:00:00Z,PM2.5,15.4,UG/M3
840340070010,2025-05-02T17:00:00Z,PM2.5,10.4,UG/M3
840340071007,2025-05-02T17:00:00Z,PM2.5,11.6,UG/M3
840340170008,2025-05-02T17:00:00Z,PM2.5,11.1,UG/M3
840340190001,2025-05-02T17:00:00Z,PM2.5,10.9,UG/M3
840340210005,2025-05-02T17:00:00Z,PM2.5,11.8,UG/M3
840340210008,2025-05-02T17:00:00Z,PM2.5,9.2,UG/M3
840340230011,2025-05-02T17:00:00Z,PM2.5,10.6,UG/M3
840340273001,2025-05-02T17:00:00Z,PM2.5,7.3,UG/M3
840340292002,2025-05-02T17:00:00Z,PM2.5,8.3,UG/M3
840340310005,2025-05-02T17:00:00Z,PM2.5,6.7,UG/M3
840340390004,2025-05-02T17:00:00Z,PM2.5,9.9,UG/M3
840340392003,2025-05-02T17:00:00Z,PM2.5,14.9,UG/M3
840360050080,2025-05-02T17:00:00Z,PM2.5,8.9,UG/M3
840360050110,2025-05-02T17:00:00Z,PM2.5,12.4,UG/M3
840360050112,2025-05-02T17:00:00Z,PM2.5,15.2,UG/M3
840360470052,2025-05-02T17:00:00Z,PM2.5,13.8,UG/M3
840360470118,2025-05-02T17:00:00Z,PM2.5,14.2,UG/M3
840360610115,2025-05-02T17:00:00Z,PM2.5,9.6,UG/M3
840360610135,2025-05-02T17:00:00Z,PM2.5,12.6,UG/M3
840360710002,2025-05-02T17:00:00Z,PM2.5,9.8,UG/M3
840360810120,2025-05-02T17:00:00Z,PM2.5,8.5,UG/M3
840360810124,2025-05-02T17:00:00Z,PM2.5,15.6,UG/M3
840360850055,2025-05-02T17:00:00Z,PM2.5,6.8,UG/M3
840360850111,2025-05-02T17:00:00Z,PM2.5,9.5,UG/M3
840360870005,2025-05-02T17:00:00Z,PM2.5,5.8,UG/M3
840361030009,2025-05-02T17:00:00Z,PM2.5,12.6,UG/M3
840361192004,2025-05-02T17:00:00Z,PM2.5,7.6,UG/M3
840421010048,2025-05-02T17:00:00Z,PM2.5,11.7,UG/M3
840421010055,2025-05-02T17:00:00Z,PM2.5,11.3,UG/M3
840421010057,2025-05-02T17:00:00Z,PM2.5,13.3,UG/M3
840421010075,2025-05-02T17:00:00Z,PM2.5,11.6,UG/M3
840999999911,2025-05-02T17:00:00Z,PM25,8.94,UG/M3
840999999913,2025-05-02T17:00:00Z,PM25,9.06,UG/M3
840999999914,2025-05-02T17:00:00Z,PM25,8.89,UG/M3
840999999915,2025-05-02T17:00:00Z,PM25,15.6,UG/M3
840999999916,2025-05-02T17:00:00Z,PM25,15.9,UG/M3
840999999918,2025-05-02T17:00:00Z,PM25,6.57,UG/M3
840999999991,2025-05-02T17:00:00Z,PM25,10.86,UG/M3
840999999992,2025-05-02T17:00:00Z,PM25,9.1,UG/M3
840999999994,2025-05-02T17:00:00Z,PM25,9.93,UG/M3
840999999995,2025-05-02T17:00:00Z,PM25,8.02,UG/M3
840999999996,2025-05-02T17:00:00Z,PM25,6.54,UG/M3
840999999997,2025-05-02T17:00:00Z,PM25,7.64,UG/M3
840999999998,2025-05-02T17:00:00Z,PM25,8.84,UG/M3
840999999999,2025-05-02T17:00:00Z,PM25,10.64,UG/M3
840090010010,2025-05-02T18:00:00Z,PM2.5,18.3,UG/M3
840090011123,2025-05-02T18:00:00Z,PM2.5,8.6,UG/M3
840090090027,2025-05-02T18:00:00Z,PM2.5,40.3,UG/M3
840090110124,2025-05-02T18:00:00Z,PM2.5,14.3,UG/M3
840340030010,2025-05-02T18:00:00Z,PM2.5,12.6,UG/M3
840340070010,2025-05-02T18:00:00Z,PM2.5,11.1,UG/M3
840340071007,2025-05-02T18:00:00Z,PM2.5,5.9,UG/M3
840340170008,2025-05-02T18:00:00Z,PM2.5,11.3,UG/M3
840340190001,2025-05-02T18:00:00Z,PM2.5,9.4,UG/M3
840340210005,2025-05-02T18:00:00Z,PM2.5,11.2,UG/M3
840340210008,2025-05-02T18:00:00Z,PM2.5,12.9,UG/M3
840340230011,2025-05-02T18:00:00Z,PM2.5,9.2,UG/M3
840340273001,2025-05-02T18:00:00Z,PM2.5,8.1,UG/M3
840340292002,2025-05-02T18:00:00Z,PM2.5,9.3,UG/M3
840340310005,2025-05-02T18:00:00Z,PM2.5,7.4,UG/M3
840340390004,2025-05-02T18:00:00Z,PM2.5,9.8,UG/M3
840340392003,2025-05-02T18:00:00Z,PM2.5,11.7,UG/M3
840360050080,2025-05-02T18:00:00Z,PM2.5,8.8,UG/M3
840360050110,2025-05-02T18:00:00Z,PM2.5,11,UG/M3
840360050112,2025-05-02T18:00:00Z,PM2.5,13.1,UG/M3
840360470052,2025-05-02T18:00:00Z,PM2.5,12.8,UG/M3
840360470118,2025-05-02T18:00:00Z,PM2.5,14.1,UG/M3
840360610115,2025-05-02T18:00:00Z,PM2.5,8.3,UG/M3
840360610135,2025-05-02T18:00:00Z,PM2.5,12.5,UG/M3
840360710002,2025-05-02T18:00:00Z,PM2.5,8.7,UG/M3
840360810120,2025-05-02T18:00:00Z,PM2.5,7.9,UG/M3
840360810124,2025-05-02T18:00:00Z,PM2.5,14.8,UG/M3
840360850055,2025-05-02T18:00:00Z,PM2.5,6,UG/M3
840360850111,2025-05-02T18:00:00Z,PM2.5,9,UG/M3
840360870005,2025-05-02T18:00:00Z,PM2.5,5.4,UG/M3
840361030009,2025-05-02T18:00:00Z,PM2.5,13.7,UG/M3
840361192004,2025-05-02T18:00:00Z,PM2.5,5.8,UG/M3
840421010048,2025-05-02T18:00:00Z,PM2.5,11.5,UG/M3
840421010055,2025-05-02T18:00:00Z,PM2.5,11,UG/M3
840421010057,2025-05-02T18:00:00Z,PM2.5,12.7,UG/M3
840421010075,2025-05-02T18:00:00Z,PM2.5,10.7,UG/M3
840999999911,2025-05-02T18:00:00Z,PM25,9.76,UG/M3
840999999913,2025-05-02T18:00:00Z,PM25,8.94,UG/M3
840999999914,2025-05-02T18:00:00Z,PM25,9.07,UG/M3
840999999915,2025-05-02T18:00:00Z,PM25,13.94,UG/M3
840999999916,2025-05-02T18:00:00Z,PM25,12.36,UG/M3
840999999918,2025-05-02T18:00:00Z,PM25,6.26,UG/M3
840999999991,2025-05-02T18:00:00Z,PM25,10.4,UG/M3
840999999992,2025-05-02T18:00:00Z,PM25,8.76,UG/M3
840999999994,2025-05-02T18:00:00Z,PM25,9.54,UG/M3
840999999995,2025-05-02T18:00:00Z,PM25,8.67,UG/M3
840999999996,2025-05-02T18:00:00Z,PM25,5.82,UG/M3
840999999997,2025-05-02T18:00:00Z,PM25,7.6,UG/M3
840999999998,2025-05-02T18:00:00Z,PM25,8.79,UG/M3
840999999999,2025-05-02T18:00:00Z,PM25,10.4,UG/M3
840090010010,2025-05-02T19:00:00Z,PM2.5,17.2,UG/M3
840090011123,2025-05-02T19:00:00Z,PM2.5,9.1,UG/M3
840090090027,2025-05-02T19:00:00Z,PM2.5,28.4,UG/M3
840090110124,2025-05-02T19:00:00Z,PM2.5,14.1,UG/M3
840340030010,2025-05-02T19:00:00Z,PM2.5,11.8,UG/M3
840340070010,2025-05-02T19:00:00Z,PM2.5,7.3,UG/M3
840340071007,2025-05-02T19:00:00Z,PM2.5,10.1,UG/M3
840340170008,2025-05-02T19:00:00Z,PM2.5,12.2,UG/M3
840340190001,2025-05-02T19:00:00Z,PM2.5,8.3,UG/M3
840340210005,2025-05-02T19:00:00Z,PM2.5,9.7,UG/M3
840340210008,2025-05-02T19:00:00Z,PM2.5,10.9,UG/M3
840340230011,2025-05-02T19:00:00Z,PM2.5,10.1,UG/M3
840340273001,2025-05-02T19:00:00Z,PM2.5,8,UG/M3
840340292002,2025-05-02T19:00:00Z,PM2.5,9.9,UG/M3
840340310005,2025-05-02T19:00:00Z,PM2.5,6.2,UG/M3
840340390004,2025-05-02T19:00:00Z,PM2.5,9.9,UG/M3
840340392003,2025-05-02T19:00:00Z,PM2.5,11,UG/M3
840360050080,2025-05-02T19:00:00Z,PM2.5,10.7,UG/M3
840360050110,2025-05-02T19:00:00Z,PM2.5,11.1,UG/M3
840360050112,2025-05-02T19:00:00Z,PM2.5,13.6,UG/M3
840360470052,2025-05-02T19:00:00Z,PM2.5,12.4,UG/M3
840360470118,2025-05-02T19:00:00Z,PM2.5,14.3,UG/M3
840360610115,2025-05-02T19:00:00Z,PM2.5,9.8,UG/M3
840360610135,2025-05-02T19:00:00Z,PM2.5,12.4,UG/M3
840360710002,2025-05-02T19:00:00Z,PM2.5,5.5,UG/M3
840360810120,2025-05-02T19:00:00Z,PM2.5,9,UG/M3
840360810124,2025-05-02T19:00:00Z,PM2.5,14,UG/M3
840360850055,2025-05-02T19:00:00Z,PM2.5,6.8,UG/M3
840360850111,2025-05-02T19:00:00Z,PM2.5,9.1,UG/M3
840360870005,2025-05-02T19:00:00Z,PM2.5,5.4,UG/M3
840361030009,2025-05-02T19:00:00Z,PM2.5,13.3,UG/M3
840361192004,2025-05-02T19:00:00Z,PM2.5,5.8,UG/M3
840421010048,2025-05-02T19:00:00Z,PM2.5,10.2,UG/M3
840421010055,2025-05-02T19:00:00Z,PM2.5,10.1,UG/M3
840421010057,2025-05-02T19:00:00Z,PM2.5,11.1,UG/M3
840421010075,2025-05-02T19:00:00Z,PM2.5,10,UG/M3
840999999911,2025-05-02T19:00:00Z,PM25,9.13,UG/M3
840999999913,2025-05-02T19:00:00Z,PM25,10.59,UG/M3
840999999914,2025-05-02T19:00:00Z,PM25,9.79,UG/M3
840999999915,2025-05-02T19:00:00Z,PM25,13.21,UG/M3
840999999916,2025-05-02T19:00:00Z,PM25,13,UG/M3
840999999918,2025-05-02T19:00:00Z,PM25,6.58,UG/M3
840999999991,2025-05-02T19:00:00Z,PM25,10.84,UG/M3
840999999992,2025-05-02T19:00:00Z,PM25,9.47,UG/M3
840999999994,2025-05-02T19:00:00Z,PM25,9.12,UG/M3
840999999995,2025-05-02T19:00:00Z,PM25,9.95,UG/M3
840999999996,2025-05-02T19:00:00Z,PM25,7.36,UG/M3
840999999997,2025-05-02T19:00:00Z,PM25,9.05,UG/M3
840999999998,2025-05-02T19:00:00Z,PM25,10.17,UG/M3
840999999999,2025-05-02T19:00:00Z,PM25,9.29,UG/M3
840090010010,2025-05-02T20:00:00Z,PM2.5,16.3,UG/M3
840090011123,2025-05-02T20:00:00Z,PM2.5,9.1,UG/M3
840090090027,2025-05-02T20:00:00Z,PM2.5,21.9,UG/M3
840090110124,2025-05-02T20:00:00Z,PM2.5,14.6,UG/M3
840340030010,2025-05-02T20:00:00Z,PM2.5,12.6,UG/M3
840340070010,2025-05-02T20:00:00Z,PM2.5,7.4,UG/M3
840340071007,2025-05-02T20:00:00Z,PM2.5,6.9,UG/M3
840340170008,2025-05-02T20:00:00Z,PM2.5,11.1,UG/M3
840340190001,2025-05-02T20:00:00Z,PM2.5,8.1,UG/M3
840340210005,2025-05-02T20:00:00Z,PM2.5,7.9,UG/M3
840340210008,2025-05-02T20:00:00Z,PM2.5,8.7,UG/M3
840340230011,2025-05-02T20:00:00Z,PM2.5,9.5,UG/M3
840340273001,2025-05-02T20:00:00Z,PM2.5,7.9,UG/M3
840340292002,2025-05-02T20:00:00Z,PM2.5,8.3,UG/M3
840340310005,2025-05-02T20:00:00Z,PM2.5,7.2,UG/M3
840340390004,2025-05-02T20:00:00Z,PM2.5,10.5,UG/M3
840340392003,2025-05-02T20:00:00Z,PM2.5,10.9,UG/M3
840360050080,2025-05-02T20:00:00Z,PM2.5,10,UG/M3
840360050110,2025-05-02T20:00:00Z,PM2.5,11,UG/M3
840360050112,2025-05-02T20:00:00Z,PM2.5,13.6,UG/M3
840360470052,2025-05-02T20:00:00Z,PM2.5,11.9,UG/M3
840360470118,2025-05-02T20:00:00Z,PM2.5,14,UG/M3
840360610115,2025-05-02T20:00:00Z,PM2.5,9.8,UG/M3
840360610135,2025-05-02T20:00:00Z,PM2.5,12,UG/M3
840360710002,2025-05-02T20:00:00Z,PM2.5,4.8,UG/M3
840360810120,2025-05-02T20:00:00Z,PM2.5,9.2,UG/M3
840360810124,2025-05-02T20:00:00Z,PM2.5,13.4,UG/M3
840360850055,2025-05-02T20:00:00Z,PM2.5,4.6,UG/M3
840360850111,2025-05-02T20:00:00Z,PM2.5,8.3,UG/M3
840360870005,2025-05-02T20:00:00Z,PM2.5,5.4,UG/M3
840361030009,2025-05-02T20:00:00Z,PM2.5,13,UG/M3
840361192004,2025-05-02T20:00:00Z,PM2.5,9.8,UG/M3
840421010048,2025-05-02T20:00:00Z,PM2.5,9.6,UG/M3
840421010055,2025-05-02T20:00:00Z,PM2.5,9.6,UG/M3
840421010057,2025-05-02T20:00:00Z,PM2.5,10.5,UG/M3
840421010075,2025-05-02T20:00:00Z,PM2.5,9.6,UG/M3
840999999911,2025-05-02T20:00:00Z,PM25,7.66,UG/M3
840999999913,2025-05-02T20:00:00Z,PM25,8.43,UG/M3
840999999914,2025-05-02T20:00:00Z,PM25,8.43,UG/M3
840999999915,2025-05-02T20:00:00Z,PM25,12.76,UG/M3
840999999916,2025-05-02T20:00:00Z,PM25,13.87,UG/M3
840999999918,2025-05-02T20:00:00Z,PM25,6.14,UG/M3
840999999991,2025-05-02T20:00:00Z,PM25,9.37,UG/M3
840999999992,2025-05-02T20:00:00Z,PM25,9.88,UG/M3
840999999994,2025-05-02T20:00:00Z,PM25,8.92,UG/M3
840999999995,2025-05-02T20:00:00Z,PM25,8.82,UG/M3
840999999996,2025-05-02T20:00:00Z,PM25,7.21,UG/M3
840999999997,2025-05-02T20:00:00Z,PM25,7.55,UG/M3
840999999998,2025-05-02T20:00:00Z,PM25,11.12,UG/M3
840999999999,2025-05-02T20:00:00Z,PM25,9.22,UG/M3
840090010010,2025-05-02T21:00:00Z,PM2.5,14.5,UG/M3
840090011123,2025-05-02T21:00:00Z,PM2.5,9.3,UG/M3
840090090027,2025-05-02T21:00:00Z,PM2.5,18.2,UG/M3
840090110124,2025-05-02T21:00:00Z,PM2.5,14.7,UG/M3
840340030010,2025-05-02T21:00:00Z,PM2.5,9.6,UG/M3
840340070010,2025-05-02T21:00:00Z,PM2.5,8.2,UG/M3
840340071007,2025-05-02T21:00:00Z,PM2.5,6,UG/M3
840340170008,2025-05-02T21:00:00Z,PM2.5,9,UG/M3
840340190001,2025-05-02T21:00:00Z,PM2.5,8.1,UG/M3
840340210005,2025-05-02T21:00:00Z,PM2.5,7.9,UG/M3
840340210008,2025-05-02T21:00:00Z,PM2.5,9.1,UG/M3
840340230011,2025-05-02T21:00:00Z,PM2.5,7.4,UG/M3
840340273001,2025-05-02T21:00:00Z,PM2.5,5.1,UG/M3
840340292002,2025-05-02T21:00:00Z,PM2.5,11.2,UG/M3
840340310005,2025-05-02T21:00:00Z,PM2.5,6.8,UG/M3
840340390004,2025-05-02T21:00:00Z,PM2.5,10.9,UG/M3
840340392003,2025-05-02T21:00:00Z,PM2.5,7.9,UG/M3
840360050080,2025-05-02T21:00:00Z,PM2.5,11,UG/M3
840360050110,2025-05-02T21:00:00Z,PM2.5,11.1,UG/M3
840360050112,2025-05-02T21:00:00Z,PM2.5,13.6,UG/M3
840360470052,2025-05-02T21:00:00Z,PM2.5,12.6,UG/M3
840360470118,2025-05-02T21:00:00Z,PM2.5,14.4,UG/M3
840360610115,2025-05-02T21:00:00Z,PM2.5,10.3,UG/M3
840360610135,2025-05-02T21:00:00Z,PM2.5,11.5,UG/M3
840360710002,2025-05-02T21:00:00Z,PM2.5,5.5,UG/M3
840360810120,2025-05-02T21:00:00Z,PM2.5,10.8,UG/M3
840360810124,2025-05-02T21:00:00Z,PM2.5,13.9,UG/M3
840360850055,2025-05-02T21:00:00Z,PM2.5,4.5,UG/M3
840360850111,2025-05-02T21:00:00Z,PM2.5,7.6,UG/M3
840360870005,2025-05-02T21:00:00Z,PM2.5,5.8,UG/M3
840361030009,2025-05-02T21:00:00Z,PM2.5,12.8,UG/M3
840361192004,2025-05-02T21:00:00Z,PM2.5,10.6,UG/M3
840421010048,2025-05-02T21:00:00Z,PM2.5,9.1,UG/M3
840421010055,2025-05-02T21:00:00Z,PM2.5,8.7,UG/M3
840421010057,2025-05-02T21:00:00Z,PM2.5,9.6,UG/M3
840421010075,2025-05-02T21:00:00Z,PM2.5,9.1,UG/M3
840999999911,2025-05-02T21:00:00Z,PM25,8,UG/M3
840999999913,2025-05-02T21:00:00Z,PM25,9.55,UG/M3
840999999914,2025-05-02T21:00:00Z,PM25,9.13,UG/M3
840999999915,2025-05-02T21:00:00Z,PM25,11.92,UG/M3
840999999916,2025-05-02T21:00:00Z,PM25,12.8,UG/M3
840999999918,2025-05-02T21:00:00Z,PM25,5.86,UG/M3
840999999991,2025-05-02T21:00:00Z,PM25,10.44,UG/M3
840999999992,2025-05-02T21:00:00Z,PM25,10,UG/M3
840999999994,2025-05-02T21:00:00Z,PM25,8.67,UG/M3
840999999995,2025-05-02T21:00:00Z,PM25,10.12,UG/M3
840999999996,2025-05-02T21:00:00Z,PM25,8.34,UG/M3
840999999997,2025-05-02T21:00:00Z,PM25,7.91,UG/M3
840999999998,2025-05-02T21:00:00Z,PM25,10.71,UG/M3
840999999999,2025-05-02T21:00:00Z,PM25,8.19,UG/M3
840090010010,2025-05-02T22:00:00Z,PM2.5,13.4,UG/M3
840090011123,2025-05-02T22:00:00Z,PM2.5,10.2,UG/M3
840090090027,2025-05-02T22:00:00Z,PM2.5,15.6,UG/M3
840090110124,2025-05-02T22:00:00Z,PM2.5,14.5,UG/M3
840340030010,2025-05-02T22:00:00Z,PM2.5,8.9,UG/M3
840340070010,2025-05-02T22:00:00Z,PM2.5,6.5,UG/M3
840340071007,2025-05-02T22:00:00Z,PM2.5,7.5,UG/M3
840340170008,2025-05-02T22:00:00Z,PM2.5,9.3,UG/M3
840340190001,2025-05-02T22:00:00Z,PM2.5,9.5,UG/M3
840340210005,2025-05-02T22:00:00Z,PM2.5,10.7,UG/M3
840340210008,2025-05-02T22:00:00Z,PM2.5,8.3,UG/M3
840340230011,2025-05-02T22:00:00Z,PM2.5,7.6,UG/M3
840340273001,2025-05-02T22:00:00Z,PM2.5,9.8,UG/M3
840340292002,2025-05-02T22:00:00Z,PM2.5,10.7,UG/M3
840340310005,2025-05-02T22:00:00Z,PM2.5,5.7,UG/M3
840340390004,2025-05-02T22:00:00Z,PM2.5,11.2,UG/M3
840340392003,2025-05-02T22:00:00Z,PM2.5,9.8,UG/M3
840360050080,2025-05-02T22:00:00Z,PM2.5,12.8,UG/M3
840360050110,2025-05-02T22:00:00Z,PM2.5,11.2,UG/M3
840360050112,2025-05-02T22:00:00Z,PM2.5,13.8,UG/M3
840360470052,2025-05-02T22:00:00Z,PM2.5,13.6,UG/M3
840360470118,2025-05-02T22:00:00Z,PM2.5,15.2,UG/M3
840360610115,2025-05-02T22:00:00Z,PM2.5,13.4,UG/M3
840360610135,2025-05-02T22:00:00Z,PM2.5,12.6,UG/M3
840360710002,2025-05-02T22:00:00Z,PM2.5,7.8,UG/M3
840360810120,2025-05-02T22:00:00Z,PM2.5,11.6,UG/M3
840360810124,2025-05-02T22:00:00Z,PM2.5,14.5,UG/M3
840360850055,2025-05-02T22:00:00Z,PM2.5,5,UG/M3
840360850111,2025-05-02T22:00:00Z,PM2.5,7.4,UG/M3
840360870005,2025-05-02T22:00:00Z,PM2.5,5.7,UG/M3
840361030009,2025-05-02T22:00:00Z,PM2.5,11.6,UG/M3
840361192004,2025-05-02T22:00:00Z,PM2.5,11.1,UG/M3
840421010048,2025-05-02T22:00:00Z,PM2.5,8.6,UG/M3
840421010055,2025-05-02T22:00:00Z,PM2.5,8.5,UG/M3
840421010057,2025-05-02T22:00:00Z,PM2.5,9.4,UG/M3
840421010075,2025-05-02T22:00:00Z,PM2.5,8.6,UG/M3
840999999911,2025-05-02T22:00:00Z,PM25,7.86,UG/M3
840999999913,2025-05-02T22:00:00Z,PM25,10.1,UG/M3
840999999914,2025-05-02T22:00:00Z,PM25,9.27,UG/M3
840999999915,2025-05-02T22:00:00Z,PM25,12.42,UG/M3
840999999916,2025-05-02T22:00:00Z,PM25,15.13,UG/M3
840999999918,2025-05-02T22:00:00Z,PM25,5.89,UG/M3
840999999991,2025-05-02T22:00:00Z,PM25,11.34,UG/M3
840999999992,2025-05-02T22:00:00Z,PM25,10.16,UG/M3
840999999994,2025-05-02T22:00:00Z,PM25,9.58,UG/M3
840999999995,2025-05-02T22:00:00Z,PM25,12.69,UG/M3
840999999996,2025-05-02T22:00:00Z,PM25,9.86,UG/M3
840999999997,2025-05-02T22:00:00Z,PM25,8.52,UG/M3
840999999998,2025-05-02T22:00:00Z,PM25,10.89,UG/M3
840999999999,2025-05-02T22:00:00Z,PM25,10.36,UG/M3
840090010010,2025-05-02T23:00:00Z,PM2.5,11.9,UG/M3
840090011123,2025-05-02T23:00:00Z,PM2.5,10.5,UG/M3
840090090027,2025-05-02T23:00:00Z,PM2.5,13.6,UG/M3
840090110124,2025-05-02T23:00:00Z,PM2.5,13.6,UG/M3
840340030010,2025-05-02T23:00:00Z,PM2.5,12,UG/M3
840340070010,2025-05-02T23:00:00Z,PM2.5,7.1,UG/M3
840340071007,2025-05-02T23:00:00Z,PM2.5,6.5,UG/M3
840340170008,2025-05-02T23:00:00Z,PM2.5,11.7,UG/M3
840340190001,2025-05-02T23:00:00Z,PM2.5,9.4,UG/M3
840340210005,2025-05-02T23:00:00Z,PM2.5,11.7,UG/M3
840340210008,2025-05-02T23:00:00Z,PM2.5,6.1,UG/M3
840340230011,2025-05-02T23:00:00Z,PM2.5,7,UG/M3
840340273001,2025-05-02T23:00:00Z,PM2.5,6.9,UG/M3
840340292002,2025-05-02T23:00:00Z,PM2.5,11.3,UG/M3
840340310005,2025-05-02T23:00:00Z,PM2.5,5.8,UG/M3
840340390004,2025-05-02T23:00:00Z,PM2.5,11.1,UG/M3
840340392003,2025-05-02T23:00:00Z,PM2.5,7.1,UG/M3
840360050080,2025-05-02T23:00:00Z,PM2.5,13.7,UG/M3
840360050110,2025-05-02T23:00:00Z,PM2.5,12.6,UG/M3
840360050112,2025-05-02T23:00:00Z,PM2.5,15.5,UG/M3
840360470052,2025-05-02T23:00:00Z,PM2.5,14.7,UG/M3
840360470118,2025-05-02T23:00:00Z,PM2.5,16.2,UG/M3
840360610115,2025-05-02T23:00:00Z,PM2.5,14.2,UG/M3
840360610135,2025-05-02T23:00:00Z,PM2.5,13.9,UG/M3
840360710002,2025-05-02T23:00:00Z,PM2.5,7.3,UG/M3
840360810120,2025-05-02T23:00:00Z,PM2.5,13.3,UG/M3
840360810124,2025-05-02T23:00:00Z,PM2.5,16.3,UG/M3
840360850055,2025-05-02T23:00:00Z,PM2.5,6.1,UG/M3
840360850111,2025-05-02T23:00:00Z,PM2.5,7.3,UG/M3
840360870005,2025-05-02T23:00:00Z,PM2.5,4.9,UG/M3
840361030009,2025-05-02T23:00:00Z,PM2.5,11.3,UG/M3
840361192004,2025-05-02T23:00:00Z,PM2.5,12.5,UG/M3
840421010048,2025-05-02T23:00:00Z,PM2.5,8.7,UG/M3
840421010055,2025-05-02T23:00:00Z,PM2.5,8.7,UG/M3
840421010057,2025-05-02T23:00:00Z,PM2.5,9.5,UG/M3
840421010075,2025-05-02T23:00:00Z,PM2.5,8.6,UG/M3
840999999911,2025-05-02T23:00:00Z,PM25,8.93,UG/M3
840999999913,2025-05-02T23:00:00Z,PM25,11.98,UG/M3
840999999914,2025-05-02T23:00:00Z,PM25,10.11,UG/M3
840999999915,2025-05-02T23:00:00Z,PM25,13.34,UG/M3
840999999916,2025-05-02T23:00:00Z,PM25,16.46,UG/M3
840999999918,2025-05-02T23:00:00Z,PM25,6.84,UG/M3
840999999991,2025-05-02T23:00:00Z,PM25,11.81,UG/M3
840999999992,2025-05-02T23:00:00Z,PM25,12.56,UG/M3
840999999994,2025-05-02T23:00:00Z,PM25,10.93,UG/M3
840999999995,2025-05-02T23:00:00Z,PM25,13.06,UG/M3
840999999996,2025-05-02T23:00:00Z,PM25,10.71,UG/M3
840999999997,2025-05-02T23:00:00Z,PM25,9.9,UG/M3
840999999998,2025-05-02T23:00:00Z,PM25,13.42,UG/M3
840999999999,2025-05-02T23:00:00Z,PM25,10.91,UG/M3
840090010010,2025-05-03T00:00:00Z,PM2.5,12.6,UG/M3
840090011123,2025-05-03T00:00:00Z,PM2.5,12.7,UG/M3
840090090027,2025-05-03T00:00:00Z,PM2.5,11.7,UG/M3
840090110124,2025-05-03T00:00:00Z,PM2.5,13,UG/M3
840340030010,2025-05-03T00:00:00Z,PM2.5,12.2,UG/M3
840340070010,2025-05-03T00:00:00Z,PM2.5,10.8,UG/M3
840340071007,2025-05-03T00:00:00Z,PM2.5,9.7,UG/M3
840340170008,2025-05-03T00:00:00Z,PM2.5,13.6,UG/M3
840340190001,2025-05-03T00:00:00Z,PM2.5,10.4,UG/M3
840340210005,2025-05-03T00:00:00Z,PM2.5,12.4,UG/M3
840340210008,2025-05-03T00:00:00Z,PM2.5,7.3,UG/M3
840340230011,2025-05-03T00:00:00Z,PM2.5,7.2,UG/M3
840340273001,2025-05-03T00:00:00Z,PM2.5,5.9,UG/M3
840340292002,2025-05-03T00:00:00Z,PM2.5,11.4,UG/M3
840340310005,2025-05-03T00:00:00Z,PM2.5,7.2,UG/M3
840340390004,2025-05-03T00:00:00Z,PM2.5,9.9,UG/M3
840340392003,2025-05-03T00:00:00Z,PM2.5,11,UG/M3
840360050080,2025-05-03T00:00:00Z,PM2.5,15.2,UG/M3
840360050110,2025-05-03T00:00:00Z,PM2.5,14.6,UG/M3
840360050112,2025-05-03T00:00:00Z,PM2.5,17.2,UG/M3
840360470052,2025-05-03T00:00:00Z,PM2.5,18.4,UG/M3
840360470118,2025-05-03T00:00:00Z,PM2.5,18.8,UG/M3
840360610115,2025-05-03T00:00:00Z,PM2.5,15.9,UG/M3
840360610135,2025-05-03T00:00:00Z,PM2.5,15.8,UG/M3
840360710002,2025-05-03T00:00:00Z,PM2.5,7.1,UG/M3
840360810120,2025-05-03T00:00:00Z,PM2.5,14.6,UG/M3
840360810124,2025-05-03T00:00:00Z,PM2.5,17.1,UG/M3
840360850055,2025-05-03T00:00:00Z,PM2.5,6.6,UG/M3
840360850111,2025-05-03T00:00:00Z,PM2.5,8,UG/M3
840360870005,2025-05-03T00:00:00Z,PM2.5,4.5,UG/M3
840361030009,2025-05-03T00:00:00Z,PM2.5,11.7,UG/M3
840361192004,2025-05-03T00:00:00Z,PM2.5,12,UG/M3
840421010048,2025-05-03T00:00:00Z,PM2.5,9.5,UG/M3
840421010055,2025-05-03T00:00:00Z,PM2.5,9.4,UG/M3
840421010057,2025-05-03T00:00:00Z,PM2.5,10.7,UG/M3
840421010075,2025-05-03T00:00:00Z,PM2.5,8.8,UG/M3
840999999911,2025-05-03T00:00:00Z,PM25,11,UG/M3
840999999913,2025-05-03T00:00:00Z,PM25,14.99,UG/M3
840999999914,2025-05-03T00:00:00Z,PM25,13.92,UG/M3
840999999915,2025-05-03T00:00:00Z,PM25,15.06,UG/M3
840999999916,2025-05-03T00:00:00Z,PM25,19.66,UG/M3
840999999918,2025-05-03T00:00:00Z,PM25,7.63,UG/M3
840999999991,2025-05-03T00:00:00Z,PM25,15.26,UG/M3
840999999992,2025-05-03T00:00:00Z,PM25,14.68,UG/M3
840999999994,2025-05-03T00:00:00Z,PM25,11.29,UG/M3
840999999995,2025-05-03T00:00:00Z,PM25,15.51,UG/M3
840999999996,2025-05-03T00:00:00Z,PM25,13.76,UG/M3
840999999997,2025-05-03T00:00:00Z,PM25,12.37,UG/M3
840999999998,2025-05-03T00:00:00Z,PM25,15.93,UG/M3
840999999999,2025-05-03T00:00:00Z,PM25,10.31,UG/M3
840090010010,2025-05-03T01:00:00Z,PM2.5,13.1,UG/M3
840090011123,2025-05-03T01:00:00Z,PM2.5,15.4,UG/M3
840090090027,2025-05-03T01:00:00Z,PM2.5,12.5,UG/M3
840090110124,2025-05-03T01:00:00Z,PM2.5,13,UG/M3
840340030010,2025-05-03T01:00:00Z,PM2.5,15.4,UG/M3
840340070010,2025-05-03T01:00:00Z,PM2.5,10.1,UG/M3
840340071007,2025-05-03T01:00:00Z,PM2.5,9.4,UG/M3
840340170008,2025-05-03T01:00:00Z,PM2.5,20,UG/M3
840340190001,2025-05-03T01:00:00Z,PM2.5,10.8,UG/M3
840340210005,2025-05-03T01:00:00Z,PM2.5,13.7,UG/M3
840340210008,2025-05-03T01:00:00Z,PM2.5,7.9,UG/M3
840340230011,2025-05-03T01:00:00Z,PM2.5,7.3,UG/M3
840340273001,2025-05-03T01:00:00Z,PM2.5,5.3,UG/M3
840340292002,2025-05-03T01:00:00Z,PM2.5,11.3,UG/M3
840340310005,2025-05-03T01:00:00Z,PM2.5,9.8,UG/M3
840340390004,2025-05-03T01:00:00Z,PM2.5,9,UG/M3
840340392003,2025-05-03T01:00:00Z,PM2.5,10.7,UG/M3
840360050080,2025-05-03T01:00:00Z,PM2.5,17.4,UG/M3
840360050110,2025-05-03T01:00:00Z,PM2.5,15.9,UG/M3
840360050112,2025-05-03T01:00:00Z,PM2.5,18.1,UG/M3
840360470052,2025-05-03T01:00:00Z,PM2.5,19.2,UG/M3
840360470118,2025-05-03T01:00:00Z,PM2.5,21.6,UG/M3
840360610115,2025-05-03T01:00:00Z,PM2.5,18.9,UG/M3
840360610135,2025-05-03T01:00:00Z,PM2.5,18.6,UG/M3
840360710002,2025-05-03T01:00:00Z,PM2.5,7.1,UG/M3
840360810120,2025-05-03T01:00:00Z,PM2.5,15.6,UG/M3
840360810124,2025-05-03T01:00:00Z,PM2.5,17.9,UG/M3
840360850055,2025-05-03T01:00:00Z,PM2.5,10.7,UG/M3
840360850111,2025-05-03T01:00:00Z,PM2.5,9,UG/M3
840360870005,2025-05-03T01:00:00Z,PM2.5,5,UG/M3
840361030009,2025-05-03T01:00:00Z,PM2.5,12.2,UG/M3
840361192004,2025-05-03T01:00:00Z,PM2.5,12.3,UG/M3
840421010048,2025-05-03T01:00:00Z,PM2.5,10.3,UG/M3
840421010055,2025-05-03T01:00:00Z,PM2.5,9.7,UG/M3
840421010057,2025-05-03T01:00:00Z,PM2.5,11.6,UG/M3
840421010075,2025-05-03T01:00:00Z,PM2.5,9.9,UG/M3
840999999911,2025-05-03T01:00:00Z,PM25,11.41,UG/M3
840999999913,2025-05-03T01:00:00Z,PM25,14.26,UG/M3
840999999914,2025-05-03T01:00:00Z,PM25,13.49,UG/M3
840999999915,2025-05-03T01:00:00Z,PM25,16.13,UG/M3
840999999916,2025-05-03T01:00:00Z,PM25,20.32,UG/M3
840999999918,2025-05-03T01:00:00Z,PM25,8.76,UG/M3
840999999991,2025-05-03T01:00:00Z,PM25,15.66,UG/M3
840999999992,2025-05-03T01:00:00Z,PM25,13.49,UG/M3
840999999994,2025-05-03T01:00:00Z,PM25,11.81,UG/M3
840999999995,2025-05-03T01:00:00Z,PM25,16.94,UG/M3
840999999996,2025-05-03T01:00:00Z,PM25,14.24,UG/M3
840999999997,2025-05-03T01:00:00Z,PM25,13.67,UG/M3
840999999998,2025-05-03T01:00:00Z,PM25,16.28,UG/M3
840999999999,2025-05-03T01:00:00Z,PM25,10.49,UG/M3
840090010010,2025-05-03T02:00:00Z,PM2.5,13.5,UG/M3
840090011123,2025-05-03T02:00:00Z,PM2.5,15.2,UG/M3
840090090027,2025-05-03T02:00:00Z,PM2.5,13,UG/M3
840090110124,2025-05-03T02:00:00Z,PM2.5,13,UG/M3
840340030010,2025-05-03T02:00:00Z,PM2.5,17.2,UG/M3
840340070010,2025-05-03T02:00:00Z,PM2.5,11,UG/M3
840340071007,2025-05-03T02:00:00Z,PM2.5,11.2,UG/M3
840340170008,2025-05-03T02:00:00Z,PM2.5,16.1,UG/M3
840340190001,2025-05-03T02:00:00Z,PM2.5,10.4,UG/M3
840340210005,2025-05-03T02:00:00Z,PM2.5,14.5,UG/M3
840340210008,2025-05-03T02:00:00Z,PM2.5,10.7,UG/M3
840340230011,2025-05-03T02:00:00Z,PM2.5,8.1,UG/M3
840340273001,2025-05-03T02:00:00Z,PM2.5,2.7,UG/M3
840340292002,2025-05-03T02:00:00Z,PM2.5,12.4,UG/M3
840340310005,2025-05-03T02:00:00Z,PM2.5,10.7,UG/M3
840340390004,2025-05-03T02:00:00Z,PM2.5,11.6,UG/M3
840340392003,2025-05-03T02:00:00Z,PM2.5,11.2,UG/M3
840360050080,2025-05-03T02:00:00Z,PM2.5,18.2,UG/M3
840360050110,2025-05-03T02:00:00Z,PM2.5,17,UG/M3
840360050112,2025-05-03T02:00:00Z,PM2.5,18.4,UG/M3
840360470052,2025-05-03T02:00:00Z,PM2.5,16.5,UG/M3
840360470118,2025-05-03T02:00:00Z,PM2.5,24.1,UG/M3
840360610115,2025-05-03T02:00:00Z,PM2.5,19.5,UG/M3
840360610135,2025-05-03T02:00:00Z,PM2.5,21.1,UG/M3
840360710002,2025-05-03T02:00:00Z,PM2.5,7.6,UG/M3
840360810120,2025-05-03T02:00:00Z,PM2.5,15.6,UG/M3
840360810124,2025-05-03T02:00:00Z,PM2.5,17.2,UG/M3
840360850055,2025-05-03T02:00:00Z,PM2.5,12.1,UG/M3
840360850111,2025-05-03T02:00:00Z,PM2.5,10.6,UG/M3
840360870005,2025-05-03T02:00:00Z,PM2.5,6.1,UG/M3
840361030009,2025-05-03T02:00:00Z,PM2.5,12.8,UG/M3
840361192004,2025-05-03T02:00:00Z,PM2.5,13,UG/M3
840421010048,2025-05-03T02:00:00Z,PM2.5,11.4,UG/M3
840421010055,2025-05-03T02:00:00Z,PM2.5,10,UG/M3
840421010057,2025-05-03T02:00:00Z,PM2.5,11.9,UG/M3
840421010075,2025-05-03T02:00:00Z,PM2.5,10.4,UG/M3
840999999911,2025-05-03T02:00:00Z,PM25,9.79,UG/M3
840999999913,2025-05-03T02:00:00Z,PM25,13.74,UG/M3
840999999914,2025-05-03T02:00:00Z,PM25,12.27,UG/M3
840999999915,2025-05-03T02:00:00Z,PM25,17.98,UG/M3
840999999916,2025-05-03T02:00:00Z,PM25,20.07,UG/M3
840999999918,2025-05-03T02:00:00Z,PM25,10.03,UG/M3
840999999991,2025-05-03T02:00:00Z,PM25,11.31,UG/M3
840999999992,2025-05-03T02:00:00Z,PM25,13.36,UG/M3
840999999994,2025-05-03T02:00:00Z,PM25,11.06,UG/M3
840999999995,2025-05-03T02:00:00Z,PM25,16.87,UG/M3
840999999996,2025-05-03T02:00:00Z,PM25,14.12,UG/M3
840999999997,2025-05-03T02:00:00Z,PM25,13.98,UG/M3
840999999998,2025-05-03T02:00:00Z,PM25,17.24,UG/M3
840999999999,2025-05-03T02:00:00Z,PM25,10.43,UG/M3
840090010010,2025-05-03T03:00:00Z,PM2.5,13.8,UG/M3
840090011123,2025-05-03T03:00:00Z,PM2.5,14.4,UG/M3
840090090027,2025-05-03T03:00:00Z,PM2.5,13.2,UG/M3
840090110124,2025-05-03T03:00:00Z,PM2.5,12.8,UG/M3
840340030010,2025-05-03T03:00:00Z,PM2.5,18.9,UG/M3
840340070010,2025-05-03T03:00:00Z,PM2.5,11,UG/M3
840340071007,2025-05-03T03:00:00Z,PM2.5,11.8,UG/M3
840340170008,2025-05-03T03:00:00Z,PM2.5,13.1,UG/M3
840340190001,2025-05-03T03:00:00Z,PM2.5,10.5,UG/M3
840340210005,2025-05-03T03:00:00Z,PM2.5,14.3,UG/M3
840340210008,2025-05-03T03:00:00Z,PM2.5,11.4,UG/M3
840340230011,2025-05-03T03:00:00Z,PM2.5,10.1,UG/M3
840340273001,2025-05-03T03:00:00Z,PM2.5,5.8,UG/M3
840340292002,2025-05-03T03:00:00Z,PM2.5,11.6,UG/M3
840340310005,2025-05-03T03:00:00Z,PM2.5,12.1,UG/M3
840340390004,2025-05-03T03:00:00Z,PM2.5,11.8,UG/M3
840340392003,2025-05-03T03:00:00Z,PM2.5,13.4,UG/M3
840360050080,2025-05-03T03:00:00Z,PM2.5,19.5,UG/M3
840360050110,2025-05-03T03:00:00Z,PM2.5,18.4,UG/M3
840360050112,2025-05-03T03:00:00Z,PM2.5,19.5,UG/M3
840360470052,2025-05-03T03:00:00Z,PM2.5,15.4,UG/M3
840360470118,2025-05-03T03:00:00Z,PM2.5,25.5,UG/M3
840360610115,2025-05-03T03:00:00Z,PM2.5,20.4,UG/M3
840360610135,2025-05-03T03:00:00Z,PM2.5,23.5,UG/M3
840360710002,2025-05-03T03:00:00Z,PM2.5,6.6,UG/M3
840360810120,2025-05-03T03:00:00Z,PM2.5,15.6,UG/M3
840360810124,2025-05-03T03:00:00Z,PM2.5,17.3,UG/M3
840360850055,2025-05-03T03:00:00Z,PM2.5,13.3,UG/M3
840360850111,2025-05-03T03:00:00Z,PM2.5,11.1,UG/M3
840360870005,2025-05-03T03:00:00Z,PM2.5,7.2,UG/M3
840361030009,2025-05-03T03:00:00Z,PM2.5,13.2,UG/M3
840361192004,2025-05-03T03:00:00Z,PM2.5,12.9,UG/M3
840421010048,2025-05-03T03:00:00Z,PM2.5,12.1,UG/M3
840421010055,2025-05-03T03:00:00Z,PM2.5,10.2,UG/M3
840421010057,2025-05-03T03:00:00Z,PM2.5,12,UG/M3
840421010075,2025-05-03T03:00:00Z,PM2.5,11.3,UG/M3
840999999911,2025-05-03T03:00:00Z,PM25,10.06,UG/M3
840999999913,2025-05-03T03:00:00Z,PM25,12.38,UG/M3
840999999914,2025-05-03T03:00:00Z,PM25,9.9,UG/M3
840999999915,2025-05-03T03:00:00Z,PM25,19.78,UG/M3
840999999916,2025-05-03T03:00:00Z,PM25,13.51,UG/M3
840999999918,2025-05-03T03:00:00Z,PM25,10.9,UG/M3
840999999991,2025-05-03T03:00:00Z,PM25,10.47,UG/M3
840999999992,2025-05-03T03:00:00Z,PM25,15.36,UG/M3
840999999994,2025-05-03T03:00:00Z,PM25,11.83,UG/M3
840999999995,2025-05-03T03:00:00Z,PM25,10.42,UG/M3
840999999996,2025-05-03T03:00:00Z,PM25,8.43,UG/M3
840999999997,2025-05-03T03:00:00Z,PM25,14.51,UG/M3
840999999998,2025-05-03T03:00:00Z,PM25,19.93,UG/M3
840999999999,2025-05-03T03:00:00Z,PM25,11.14,UG/M3
840090010010,2025-05-03T04:00:00Z,PM2.5,14,UG/M3
840090011123,2025-05-03T04:00:00Z,PM2.5,13.6,UG/M3
840090090027,2025-05-03T04:00:00Z,PM2.5,13.2,UG/M3
840090110124,2025-05-03T04:00:00Z,PM2.5,12.8,UG/M3
840340030010,2025-05-03T04:00:00Z,PM2.5,17,UG/M3
840340070010,2025-05-03T04:00:00Z,PM2.5,12,UG/M3
840340071007,2025-05-03T04:00:00Z,PM2.5,12.3,UG/M3
840340170008,2025-05-03T04:00:00Z,PM2.5,11.8,UG/M3
840340190001,2025-05-03T04:00:00Z,PM2.5,10.6,UG/M3
840340210005,2025-05-03T04:00:00Z,PM2.5,11.8,UG/M3
840340210008,2025-05-03T04:00:00Z,PM2.5,13.2,UG/M3
840340230011,2025-05-03T04:00:00Z,PM2.5,12.2,UG/M3
840340273001,2025-05-03T04:00:00Z,PM2.5,6.4,UG/M3
840340292002,2025-05-03T04:00:00Z,PM2.5,13.4,UG/M3
840340310005,2025-05-03T04:00:00Z,PM2.5,12.3,UG/M3
840340390004,2025-05-03T04:00:00Z,PM2.5,12.4,UG/M3
840340392003,2025-05-03T04:00:00Z,PM2.5,12.5,UG/M3
840360050080,2025-05-03T04:00:00Z,PM2.5,18.2,UG/M3
840360050110,2025-05-03T04:00:00Z,PM2.5,17.8,UG/M3
840360050112,2025-05-03T04:00:00Z,PM2.5,19.7,UG/M3
840360470052,2025-05-03T04:00:00Z,PM2.5,14.5,UG/M3
840360470118,2025-05-03T04:00:00Z,PM2.5,25.5,UG/M3
840360610115,2025-05-03T04:00:00Z,PM2.5,15.6,UG/M3
840360610135,2025-05-03T04:00:00Z,PM2.5,19,UG/M3
840360710002,2025-05-03T04:00:00Z,PM2.5,6.6,UG/M3
840360810120,2025-05-03T04:00:00Z,PM2.5,15.4,UG/M3
840360810124,2025-05-03T04:00:00Z,PM2.5,18,UG/M3
840360850055,2025-05-03T04:00:00Z,PM2.5,11.7,UG/M3
840360850111,2025-05-03T04:00:00Z,PM2.5,12.1,UG/M3
840360870005,2025-05-03T04:00:00Z,PM2.5,6.1,UG/M3
840361030009,2025-05-03T04:00:00Z,PM2.5,13.4,UG/M3
840361192004,2025-05-03T04:00:00Z,PM2.5,12.1,UG/M3
840421010048,2025-05-03T04:00:00Z,PM2.5,12.6,UG/M3
840421010055,2025-05-03T04:00:00Z,PM2.5,10.5,UG/M3
840421010057,2025-05-03T04:00:00Z,PM2.5,12.2,UG/M3
840421010075,2025-05-03T04:00:00Z,PM2.5,12.1,UG/M3
840999999911,2025-05-03T04:00:00Z,PM25,10.1,UG/M3
840999999913,2025-05-03T04:00:00Z,PM25,10.24,UG/M3
840999999914,2025-05-03T04:00:00Z,PM25,11.11,UG/M3
840999999915,2025-05-03T04:00:00Z,PM25,14.4,UG/M3
840999999916,2025-05-03T04:00:00Z,PM25,13.53,UG/M3
840999999918,2025-05-03T04:00:00Z,PM25,11.09,UG/M3
840999999991,2025-05-03T04:00:00Z,PM25,11.04,UG/M3
840999999992,2025-05-03T04:00:00Z,PM25,15.79,UG/M3
840999999994,2025-05-03T04:00:00Z,PM25,12.51,UG/M3
840999999995,2025-05-03T04:00:00Z,PM25,10.3,UG/M3
840999999996,2025-05-03T04:00:00Z,PM25,9.91,UG/M3
840999999997,2025-05-03T04:00:00Z,PM25,11.75,UG/M3
840999999998,2025-05-03T04:00:00Z,PM25,16.97,UG/M3
840999999999,2025-05-03T04:00:00Z,PM25,11.68,UG/M3
840090010010,2025-05-03T05:00:00Z,PM2.5,14.2,UG/M3
840090011123,2025-05-03T05:00:00Z,PM2.5,13.4,UG/M3
840090090027,2025-05-03T05:00:00Z,PM2.5,13.3,UG/M3
840090110124,2025-05-03T05:00:00Z,PM2.5,13.3,UG/M3
840340030010,2025-05-03T05:00:00Z,PM2.5,15.9,UG/M3
840340070010,2025-05-03T05:00:00Z,PM2.5,12.5,UG/M3
840340071007,2025-05-03T05:00:00Z,PM2.5,11,UG/M3
840340170008,2025-05-03T05:00:00Z,PM2.5,10.7,UG/M3
840340190001,2025-05-03T05:00:00Z,PM2.5,10.6,UG/M3
840340210005,2025-05-03T05:00:00Z,PM2.5,11.8,UG/M3
840340210008,2025-05-03T05:00:00Z,PM2.5,10.6,UG/M3
840340230011,2025-05-03T05:00:00Z,PM2.5,10.8,UG/M3
840340273001,2025-05-03T05:00:00Z,PM2.5,6.6,UG/M3
840340292002,2025-05-03T05:00:00Z,PM2.5,13.5,UG/M3
840340310005,2025-05-03T05:00:00Z,PM2.5,9.4,UG/M3
840340390004,2025-05-03T05:00:00Z,PM2.5,11.9,UG/M3
840340392003,2025-05-03T05:00:00Z,PM2.5,10.6,UG/M3
840360050080,2025-05-03T05:00:00Z,PM2.5,12.6,UG/M3
840360050110,2025-05-03T05:00:00Z,PM2.5,14.5,UG/M3
840360050112,2025-05-03T05:00:00Z,PM2.5,17.3,UG/M3
840360470052,2025-05-03T05:00:00Z,PM2.5,14.5,UG/M3
840360470118,2025-05-03T05:00:00Z,PM2.5,25.8,UG/M3
840360610115,2025-05-03T05:00:00Z,PM2.5,11.3,UG/M3
840360610135,2025-05-03T05:00:00Z,PM2.5,15.1,UG/M3
840360710002,2025-05-03T05:00:00Z,PM2.5,6,UG/M3
840360810120,2025-05-03T05:00:00Z,PM2.5,15.2,UG/M3
840360810124,2025-05-03T05:00:00Z,PM2.5,18.5,UG/M3
840360850055,2025-05-03T05:00:00Z,PM2.5,9.5,UG/M3
840360850111,2025-05-03T05:00:00Z,PM2.5,12.1,UG/M3
840360870005,2025-05-03T05:00:00Z,PM2.5,4.7,UG/M3
840361030009,2025-05-03T05:00:00Z,PM2.5,13.8,UG/M3
840361192004,2025-05-03T05:00:00Z,PM2.5,11.5,UG/M3
840421010048,2025-05-03T05:00:00Z,PM2.5,12.9,UG/M3
840421010055,2025-05-03T05:00:00Z,PM2.5,10.8,UG/M3
840421010057,2025-05-03T05:00:00Z,PM2.5,12.3,UG/M3
840421010075,2025-05-03T05:00:00Z,PM2.5,12.9,UG/M3
840999999911,2025-05-03T05:00:00Z,PM25,9.16,UG/M3
840999999913,2025-05-03T05:00:00Z,PM25,7.98,UG/M3
840999999914,2025-05-03T05:00:00Z,PM25,9.31,UG/M3
840999999915,2025-05-03T05:00:00Z,PM25,9.87,UG/M3
840999999916,2025-05-03T05:00:00Z,PM25,10.15,UG/M3
840999999918,2025-05-03T05:00:00Z,PM25,11.51,UG/M3
840999999991,2025-05-03T05:00:00Z,PM25,10.18,UG/M3
840999999992,2025-05-03T05:00:00Z,PM25,12.31,UG/M3
840999999994,2025-05-03T05:00:00Z,PM25,12.31,UG/M3
840999999995,2025-05-03T05:00:00Z,PM25,8.01,UG/M3
840999999996,2025-05-03T05:00:00Z,PM25,8.82,UG/M3
840999999997,2025-05-03T05:00:00Z,PM25,8.69,UG/M3
840999999998,2025-05-03T05:00:00Z,PM25,10.78,UG/M3
840999999999,2025-05-03T05:00:00Z,PM25,11.52,UG/M3
840090010010,2025-05-03T06:00:00Z,PM2.5,14.3,UG/M3
840090011123,2025-05-03T06:00:00Z,PM2.5,13.3,UG/M3
840090090027,2025-05-03T06:00:00Z,PM2.5,13.6,UG/M3
840090110124,2025-05-03T06:00:00Z,PM2.5,13.5,UG/M3
840340030010,2025-05-03T06:00:00Z,PM2.5,13.6,UG/M3
840340070010,2025-05-03T06:00:00Z,PM2.5,13.5,UG/M3
840340071007,2025-05-03T06:00:00Z,PM2.5,14.8,UG/M3
840340170008,2025-05-03T06:00:00Z,PM2.5,9.3,UG/M3
840340190001,2025-05-03T06:00:00Z,PM2.5,10.3,UG/M3
840340210005,2025-05-03T06:00:00Z,PM2.5,10.7,UG/M3
840340210008,2025-05-03T06:00:00Z,PM2.5,10.6,UG/M3
840340230011,2025-05-03T06:00:00Z,PM2.5,8.4,UG/M3
840340273001,2025-05-03T06:00:00Z,PM2.5,5.2,UG/M3
840340292002,2025-05-03T06:00:00Z,PM2.5,14.5,UG/M3
840340310005,2025-05-03T06:00:00Z,PM2.5,6.7,UG/M3
840340390004,2025-05-03T06:00:00Z,PM2.5,10.3,UG/M3
840340392003,2025-05-03T06:00:00Z,PM2.5,9.5,UG/M3
840360050080,2025-05-03T06:00:00Z,PM2.5,6.9,UG/M3
840360050110,2025-05-03T06:00:00Z,PM2.5,10.9,UG/M3
840360050112,2025-05-03T06:00:00Z,PM2.5,13.5,UG/M3
840360470052,2025-05-03T06:00:00Z,PM2.5,14.3,UG/M3
840360470118,2025-05-03T06:00:00Z,PM2.5,26.1,UG/M3
840360610115,2025-05-03T06:00:00Z,PM2.5,6.3,UG/M3
840360610135,2025-05-03T06:00:00Z,PM2.5,11.3,UG/M3
840360710002,2025-05-03T06:00:00Z,PM2.5,5.1,UG/M3
840360810120,2025-05-03T06:00:00Z,PM2.5,16.1,UG/M3
840360810124,2025-05-03T06:00:00Z,PM2.5,18.7,UG/M3
840360850055,2025-05-03T06:00:00Z,PM2.5,8.7,UG/M3
840360850111,2025-05-03T06:00:00Z,PM2.5,11.5,UG/M3
840360870005,2025-05-03T06:00:00Z,PM2.5,1.6,UG/M3
840361030009,2025-05-03T06:00:00Z,PM2.5,13.9,UG/M3
840361192004,2025-05-03T06:00:00Z,PM2.5,11.6,UG/M3
840421010048,2025-05-03T06:00:00Z,PM2.5,12.8,UG/M3
840421010055,2025-05-03T06:00:00Z,PM2.5,11.2,UG/M3
840421010057,2025-05-03T06:00:00Z,PM2.5,12.4,UG/M3
840421010075,2025-05-03T06:00:00Z,PM2.5,13.6,UG/M3
840999999911,2025-05-03T06:00:00Z,PM25,8.18,UG/M3
840999999913,2025-05-03T06:00:00Z,PM25,5.85,UG/M3
840999999914,2025-05-03T06:00:00Z,PM25,7.47,UG/M3
840999999915,2025-05-03T06:00:00Z,PM25,6.62,UG/M3
840999999916,2025-05-03T06:00:00Z,PM25,9.18,UG/M3
840999999918,2025-05-03T06:00:00Z,PM25,10.33,UG/M3
840999999991,2025-05-03T06:00:00Z,PM25,7.91,UG/M3
840999999992,2025-05-03T06:00:00Z,PM25,7.84,UG/M3
840999999994,2025-05-03T06:00:00Z,PM25,12.42,UG/M3
840999999995,2025-05-03T06:00:00Z,PM25,6.05,UG/M3
840999999996,2025-05-03T06:00:00Z,PM25,6.34,UG/M3
840999999997,2025-05-03T06:00:00Z,PM25,6.72,UG/M3
840999999998,2025-05-03T06:00:00Z,PM25,7.03,UG/M3
840999999999,2025-05-03T06:00:00Z,PM25,11.53,UG/M3
840090010010,2025-05-03T07:00:00Z,PM2.5,14.4,UG/M3
840090011123,2025-05-03T07:00:00Z,PM2.5,12.9,UG/M3
840090090027,2025-05-03T07:00:00Z,PM2.5,13.7,UG/M3
840090110124,2025-05-03T07:00:00Z,PM2.5,13.7,UG/M3
840340030010,2025-05-03T07:00:00Z,PM2.5,10,UG/M3
840340070010,2025-05-03T07:00:00Z,PM2.5,13.6,UG/M3
840340071007,2025-05-03T07:00:00Z,PM2.5,13.4,UG/M3
840340170008,2025-05-03T07:00:00Z,PM2.5,5,UG/M3
840340190001,2025-05-03T07:00:00Z,PM2.5,9.8,UG/M3
840340210005,2025-05-03T07:00:00Z,PM2.5,11.8,UG/M3
840340210008,2025-05-03T07:00:00Z,PM2.5,10.9,UG/M3
840340230011,2025-05-03T07:00:00Z,PM2.5,8.6,UG/M3
840340273001,2025-05-03T07:00:00Z,PM2.5,4.1,UG/M3
840340292002,2025-05-03T07:00:00Z,PM2.5,14.6,UG/M3
840340310005,2025-05-03T07:00:00Z,PM2.5,5.5,UG/M3
840340390004,2025-05-03T07:00:00Z,PM2.5,8.8,UG/M3
840340392003,2025-05-03T07:00:00Z,PM2.5,11.4,UG/M3
840360050080,2025-05-03T07:00:00Z,PM2.5,4.5,UG/M3
840360050110,2025-05-03T07:00:00Z,PM2.5,8.2,UG/M3
840360050112,2025-05-03T07:00:00Z,PM2.5,11,UG/M3
840360470052,2025-05-03T07:00:00Z,PM2.5,15.3,UG/M3
840360470118,2025-05-03T07:00:00Z,PM2.5,24.7,UG/M3
840360610115,2025-05-03T07:00:00Z,PM2.5,4.2,UG/M3
840360610135,2025-05-03T07:00:00Z,PM2.5,8.3,UG/M3
840360710002,2025-05-03T07:00:00Z,PM2.5,5.1,UG/M3
840360810120,2025-05-03T07:00:00Z,PM2.5,15.9,UG/M3
840360810124,2025-05-03T07:00:00Z,PM2.5,19.4,UG/M3
840360850055,2025-05-03T07:00:00Z,PM2.5,8.3,UG/M3
840360850111,2025-05-03T07:00:00Z,PM2.5,11.6,UG/M3
840360870005,2025-05-03T07:00:00Z,PM2.5,2.1,UG/M3
840361030009,2025-05-03T07:00:00Z,PM2.5,14.2,UG/M3
840361192004,2025-05-03T07:00:00Z,PM2.5,11.3,UG/M3
840421010048,2025-05-03T07:00:00Z,PM2.5,13,UG/M3
840421010055,2025-05-03T07:00:00Z,PM2.5,11.8,UG/M3
840421010057,2025-05-03T07:00:00Z,PM2.5,12.6,UG/M3
840421010075,2025-05-03T07:00:00Z,PM2.5,14.4,UG/M3
840999999911,2025-05-03T07:00:00Z,PM25,11.56,UG/M3
840999999913,2025-05-03T07:00:00Z,PM25,5.93,UG/M3
840999999914,2025-05-03T07:00:00Z,PM25,9.26,UG/M3
840999999915,2025-05-03T07:00:00Z,PM25,5.63,UG/M3
840999999916,2025-05-03T07:00:00Z,PM25,6.18,UG/M3
840999999918,2025-05-03T07:00:00Z,PM25,8.38,UG/M3
840999999991,2025-05-03T07:00:00Z,PM25,8.54,UG/M3
840999999992,2025-05-03T07:00:00Z,PM25,8.84,UG/M3
840999999994,2025-05-03T07:00:00Z,PM25,11.92,UG/M3
840999999995,2025-05-03T07:00:00Z,PM25,6.57,UG/M3
840999999996,2025-05-03T07:00:00Z,PM25,11.96,UG/M3
840999999997,2025-05-03T07:00:00Z,PM25,5.99,UG/M3
840999999998,2025-05-03T07:00:00Z,PM25,6.78,UG/M3
840999999999,2025-05-03T07:00:00Z,PM25,10.96,UG/M3
840090010010,2025-05-03T08:00:00Z,PM2.5,14.5,UG/M3
840090011123,2025-05-03T08:00:00Z,PM2.5,13,UG/M3
840090090027,2025-05-03T08:00:00Z,PM2.5,13.7,UG/M3
840090110124,2025-05-03T08:00:00Z,PM2.5,13.7,UG/M3
840340030010,2025-05-03T08:00:00Z,PM2.5,8.7,UG/M3
840340070010,2025-05-03T08:00:00Z,PM2.5,14.5,UG/M3
840340071007,2025-05-03T08:00:00Z,PM2.5,10.2,UG/M3
840340170008,2025-05-03T08:00:00Z,PM2.5,3.8,UG/M3
840340190001,2025-05-03T08:00:00Z,PM2.5,9.8,UG/M3
840340210005,2025-05-03T08:00:00Z,PM2.5,12.2,UG/M3
840340210008,2025-05-03T08:00:00Z,PM2.5,13.5,UG/M3
840340230011,2025-05-03T08:00:00Z,PM2.5,5.9,UG/M3
840340273001,2025-05-03T08:00:00Z,PM2.5,4,UG/M3
840340292002,2025-05-03T08:00:00Z,PM2.5,14.2,UG/M3
840340310005,2025-05-03T08:00:00Z,PM2.5,6,UG/M3
840340390004,2025-05-03T08:00:00Z,PM2.5,9.1,UG/M3
840340392003,2025-05-03T08:00:00Z,PM2.5,9.8,UG/M3
840360050080,2025-05-03T08:00:00Z,PM2.5,6.1,UG/M3
840360050110,2025-05-03T08:00:00Z,PM2.5,11.6,UG/M3
840360050112,2025-05-03T08:00:00Z,PM2.5,15.5,UG/M3
840360470052,2025-05-03T08:00:00Z,PM2.5,16.6,UG/M3
840360470118,2025-05-03T08:00:00Z,PM2.5,23.7,UG/M3
840360610115,2025-05-03T08:00:00Z,PM2.5,5.4,UG/M3
840360610135,2025-05-03T08:00:00Z,PM2.5,7.9,UG/M3
840360710002,2025-05-03T08:00:00Z,PM2.5,6.6,UG/M3
840360810120,2025-05-03T08:00:00Z,PM2.5,15.5,UG/M3
840360810124,2025-05-03T08:00:00Z,PM2.5,19,UG/M3
840360850055,2025-05-03T08:00:00Z,PM2.5,6.7,UG/M3
840360850111,2025-05-03T08:00:00Z,PM2.5,12.2,UG/M3
840360870005,2025-05-03T08:00:00Z,PM2.5,3.5,UG/M3
840361030009,2025-05-03T08:00:00Z,PM2.5,14.3,UG/M3
840361192004,2025-05-03T08:00:00Z,PM2.5,8.6,UG/M3
840421010048,2025-05-03T08:00:00Z,PM2.5,13.7,UG/M3
840421010055,2025-05-03T08:00:00Z,PM2.5,11.9,UG/M3
840421010057,2025-05-03T08:00:00Z,PM2.5,12.6,UG/M3
840421010075,2025-05-03T08:00:00Z,PM2.5,15,UG/M3
840999999911,2025-05-03T08:00:00Z,PM25,11.48,UG/M3
840999999913,2025-05-03T08:00:00Z,PM25,12.36,UG/M3
840999999914,2025-05-03T08:00:00Z,PM25,12.82,UG/M3
840999999915,2025-05-03T08:00:00Z,PM25,7.97,UG/M3
840999999916,2025-05-03T08:00:00Z,PM25,12.89,UG/M3
840999999918,2025-05-03T08:00:00Z,PM25,7.54,UG/M3
840999999991,2025-05-03T08:00:00Z,PM25,13.31,UG/M3
840999999992,2025-05-03T08:00:00Z,PM25,14.02,UG/M3
840999999994,2025-05-03T08:00:00Z,PM25,10.74,UG/M3
840999999995,2025-05-03T08:00:00Z,PM25,12.19,UG/M3
840999999996,2025-05-03T08:00:00Z,PM25,13.46,UG/M3
840999999997,2025-05-03T08:00:00Z,PM25,11.55,UG/M3
840999999998,2025-05-03T08:00:00Z,PM25,12.03,UG/M3
840999999999,2025-05-03T08:00:00Z,PM25,10.29,UG/M3
840090010010,2025-05-03T09:00:00Z,PM2.5,14.7,UG/M3
840090011123,2025-05-03T09:00:00Z,PM2.5,12.6,UG/M3
840090090027,2025-05-03T09:00:00Z,PM2.5,13.7,UG/M3
840090110124,2025-05-03T09:00:00Z,PM2.5,13.8,UG/M3
840340030010,2025-05-03T09:00:00Z,PM2.5,5.8,UG/M3
840340070010,2025-05-03T09:00:00Z,PM2.5,14.8,UG/M3
840340071007,2025-05-03T09:00:00Z,PM2.5,10.6,UG/M3
840340170008,2025-05-03T09:00:00Z,PM2.5,10.1,UG/M3
840340190001,2025-05-03T09:00:00Z,PM2.5,9.5,UG/M3
840340210005,2025-05-03T09:00:00Z,PM2.5,12.2,UG/M3
840340210008,2025-05-03T09:00:00Z,PM2.5,14.5,UG/M3
840340230011,2025-05-03T09:00:00Z,PM2.5,6,UG/M3
840340273001,2025-05-03T09:00:00Z,PM2.5,4,UG/M3
840340292002,2025-05-03T09:00:00Z,PM2.5,10.9,UG/M3
840340310005,2025-05-03T09:00:00Z,PM2.5,6.7,UG/M3
840340390004,2025-05-03T09:00:00Z,PM2.5,9.9,UG/M3
840340392003,2025-05-03T09:00:00Z,PM2.5,10.7,UG/M3
840360050080,2025-05-03T09:00:00Z,PM2.5,10.5,UG/M3
840360050110,2025-05-03T09:00:00Z,PM2.5,14.1,UG/M3
840360050112,2025-05-03T09:00:00Z,PM2.5,17.7,UG/M3
840360470052,2025-05-03T09:00:00Z,PM2.5,17.2,UG/M3
840360470118,2025-05-03T09:00:00Z,PM2.5,22.7,UG/M3
840360610115,2025-05-03T09:00:00Z,PM2.5,10.3,UG/M3
840360610135,2025-05-03T09:00:00Z,PM2.5,11.9,UG/M3
840360710002,2025-05-03T09:00:00Z,PM2.5,7.6,UG/M3
840360810120,2025-05-03T09:00:00Z,PM2.5,14.8,UG/M3
840360810124,2025-05-03T09:00:00Z,PM2.5,18.8,UG/M3
840360850055,2025-05-03T09:00:00Z,PM2.5,6.2,UG/M3
840360850111,2025-05-03T09:00:00Z,PM2.5,13.3,UG/M3
840360870005,2025-05-03T09:00:00Z,PM2.5,4.3,UG/M3
840361030009,2025-05-03T09:00:00Z,PM2.5,14.4,UG/M3
840361192004,2025-05-03T09:00:00Z,PM2.5,7.4,UG/M3
840421010048,2025-05-03T09:00:00Z,PM2.5,13.8,UG/M3
840421010055,2025-05-03T09:00:00Z,PM2.5,11.9,UG/M3
840421010057,2025-05-03T09:00:00Z,PM2.5,12.7,UG/M3
840421010075,2025-05-03T09:00:00Z,PM2.5,14.7,UG/M3
840999999911,2025-05-03T09:00:00Z,PM25,11.16,UG/M3
840999999913,2025-05-03T09:00:00Z,PM25,12.6,UG/M3
840999999914,2025-05-03T09:00:00Z,PM25,12.05,UG/M3
840999999915,2025-05-03T09:00:00Z,PM25,13.72,UG/M3
840999999916,2025-05-03T09:00:00Z,PM25,14.74,UG/M3
840999999918,2025-05-03T09:00:00Z,PM25,10.21,UG/M3
840999999991,2025-05-03T09:00:00Z,PM25,12.82,UG/M3
840999999992,2025-05-03T09:00:00Z,PM25,13,UG/M3
840999999994,2025-05-03T09:00:00Z,PM25,11.12,UG/M3
840999999995,2025-05-03T09:00:00Z,PM25,12.23,UG/M3
840999999996,2025-05-03T09:00:00Z,PM25,12.6,UG/M3
840999999997,2025-05-03T09:00:00Z,PM25,12.03,UG/M3
840999999998,2025-05-03T09:00:00Z,PM25,14.37,UG/M3
840999999999,2025-05-03T09:00:00Z,PM25,10.16,UG/M3
840090010010,2025-05-03T10:00:00Z,PM2.5,14.7,UG/M3
840090011123,2025-05-03T10:00:00Z,PM2.5,11.4,UG/M3
840090090027,2025-05-03T10:00:00Z,PM2.5,13.8,UG/M3
840090110124,2025-05-03T10:00:00Z,PM2.5,13.8,UG/M3
840340030010,2025-05-03T10:00:00Z,PM2.5,10.4,UG/M3
840340070010,2025-05-03T10:00:00Z,PM2.5,14.2,UG/M3
840340071007,2025-05-03T10:00:00Z,PM2.5,9.8,UG/M3
840340170008,2025-05-03T10:00:00Z,PM2.5,8.8,UG/M3
840340190001,2025-05-03T10:00:00Z,PM2.5,9.3,UG/M3
840340210005,2025-05-03T10:00:00Z,PM2.5,11.8,UG/M3
840340210008,2025-05-03T10:00:00Z,PM2.5,12.9,UG/M3
840340230011,2025-05-03T10:00:00Z,PM2.5,5.7,UG/M3
840340273001,2025-05-03T10:00:00Z,PM2.5,4.9,UG/M3
840340292002,2025-05-03T10:00:00Z,PM2.5,8.3,UG/M3
840340310005,2025-05-03T10:00:00Z,PM2.5,4.8,UG/M3
840340390004,2025-05-03T10:00:00Z,PM2.5,12.9,UG/M3
840340392003,2025-05-03T10:00:00Z,PM2.5,9.6,UG/M3
840360050080,2025-05-03T10:00:00Z,PM2.5,13,UG/M3
840360050110,2025-05-03T10:00:00Z,PM2.5,15.1,UG/M3
840360050112,2025-05-03T10:00:00Z,PM2.5,18.4,UG/M3
840360470052,2025-05-03T10:00:00Z,PM2.5,17.1,UG/M3
840360470118,2025-05-03T10:00:00Z,PM2.5,22.2,UG/M3
840360610115,2025-05-03T10:00:00Z,PM2.5,13.8,UG/M3
840360610135,2025-05-03T10:00:00Z,PM2.5,14.9,UG/M3
840360710002,2025-05-03T10:00:00Z,PM2.5,6.5,UG/M3
840360810120,2025-05-03T10:00:00Z,PM2.5,14.5,UG/M3
840360810124,2025-05-03T10:00:00Z,PM2.5,18.7,UG/M3
840360850055,2025-05-03T10:00:00Z,PM2.5,7.6,UG/M3
840360850111,2025-05-03T10:00:00Z,PM2.5,14.5,UG/M3
840360870005,2025-05-03T10:00:00Z,PM2.5,3.7,UG/M3
840361030009,2025-05-03T10:00:00Z,PM2.5,14.1,UG/M3
840361192004,2025-05-03T10:00:00Z,PM2.5,8,UG/M3
840421010048,2025-05-03T10:00:00Z,PM2.5,13.6,UG/M3
840421010055,2025-05-03T10:00:00Z,PM2.5,12.1,UG/M3
840421010057,2025-05-03T10:00:00Z,PM2.5,12.8,UG/M3
840421010075,2025-05-03T10:00:00Z,PM2.5,13.8,UG/M3
840999999911,2025-05-03T10:00:00Z,PM25,10.74,UG/M3
840999999913,2025-05-03T10:00:00Z,PM25,12.41,UG/M3
840999999914,2025-05-03T10:00:00Z,PM25,12.31,UG/M3
840999999915,2025-05-03T10:00:00Z,PM25,15.01,UG/M3
840999999916,2025-05-03T10:00:00Z,PM25,12.85,UG/M3
840999999918,2025-05-03T10:00:00Z,PM25,12.35,UG/M3
840999999991,2025-05-03T10:00:00Z,PM25,12.25,UG/M3
840999999992,2025-05-03T10:00:00Z,PM25,13.48,UG/M3
840999999994,2025-05-03T10:00:00Z,PM25,11.56,UG/M3
840999999995,2025-05-03T10:00:00Z,PM25,11.59,UG/M3
840999999996,2025-05-03T10:00:00Z,PM25,12.35,UG/M3
840999999997,2025-05-03T10:00:00Z,PM25,11.34,UG/M3
840999999998,2025-05-03T10:00:00Z,PM25,14.25,UG/M3
840999999999,2025-05-03T10:00:00Z,PM25,10.09,UG/M3
840090010010,2025-05-03T11:00:00Z,PM2.5,14.5,UG/M3
840090011123,2025-05-03T11:00:00Z,PM2.5,11.7,UG/M3
840090090027,2025-05-03T11:00:00Z,PM2.5,14.1,UG/M3
840090110124,2025-05-03T11:00:00Z,PM2.5,13.7,UG/M3
840340030010,2025-05-03T11:00:00Z,PM2.5,12.7,UG/M3
840340070010,2025-05-03T11:00:00Z,PM2.5,13.8,UG/M3
840340071007,2025-05-03T11:00:00Z,PM2.5,14.7,UG/M3
840340170008,2025-05-03T11:00:00Z,PM2.5,11.8,UG/M3
840340190001,2025-05-03T11:00:00Z,PM2.5,9.3,UG/M3
840340210005,2025-05-03T11:00:00Z,PM2.5,10.4,UG/M3
840340210008,2025-05-03T11:00:00Z,PM2.5,18,UG/M3
840340230011,2025-05-03T11:00:00Z,PM2.5,5.9,UG/M3
840340273001,2025-05-03T11:00:00Z,PM2.5,4.4,UG/M3
840340292002,2025-05-03T11:00:00Z,PM2.5,9,UG/M3
840340310005,2025-05-03T11:00:00Z,PM2.5,6.3,UG/M3
840340390004,2025-05-03T11:00:00Z,PM2.5,13.2,UG/M3
840340392003,2025-05-03T11:00:00Z,PM2.5,14.5,UG/M3
840360050080,2025-05-03T11:00:00Z,PM2.5,15.5,UG/M3
840360050110,2025-05-03T11:00:00Z,PM2.5,16.1,UG/M3
840360050112,2025-05-03T11:00:00Z,PM2.5,19.3,UG/M3
840360470052,2025-05-03T11:00:00Z,PM2.5,17.5,UG/M3
840360470118,2025-05-03T11:00:00Z,PM2.5,21.7,UG/M3
840360610115,2025-05-03T11:00:00Z,PM2.5,15.7,UG/M3
840360610135,2025-05-03T11:00:00Z,PM2.5,16.5,UG/M3
840360710002,2025-05-03T11:00:00Z,PM2.5,6.3,UG/M3
840360810120,2025-05-03T11:00:00Z,PM2.5,14.2,UG/M3
840360810124,2025-05-03T11:00:00Z,PM2.5,18.8,UG/M3
840360850055,2025-05-03T11:00:00Z,PM2.5,10.8,UG/M3
840360850111,2025-05-03T11:00:00Z,PM2.5,14.5,UG/M3
840360870005,2025-05-03T11:00:00Z,PM2.5,3.7,UG/M3
840361030009,2025-05-03T11:00:00Z,PM2.5,13.7,UG/M3
840361192004,2025-05-03T11:00:00Z,PM2.5,11.9,UG/M3
840421010048,2025-05-03T11:00:00Z,PM2.5,13.5,UG/M3
840421010055,2025-05-03T11:00:00Z,PM2.5,11.7,UG/M3
840421010057,2025-05-03T11:00:00Z,PM2.5,12.7,UG/M3
840421010075,2025-05-03T11:00:00Z,PM2.5,13.1,UG/M3
840999999911,2025-05-03T11:00:00Z,PM25,10.75,UG/M3
840999999913,2025-05-03T11:00:00Z,PM25,13.27,UG/M3
840999999914,2025-05-03T11:00:00Z,PM25,11.79,UG/M3
840999999915,2025-05-03T11:00:00Z,PM25,17.43,UG/M3
840999999916,2025-05-03T11:00:00Z,PM25,14.02,UG/M3
840999999918,2025-05-03T11:00:00Z,PM25,12.94,UG/M3
840999999991,2025-05-03T11:00:00Z,PM25,13.02,UG/M3
840999999992,2025-05-03T11:00:00Z,PM25,14.96,UG/M3
840999999994,2025-05-03T11:00:00Z,PM25,11.15,UG/M3
840999999995,2025-05-03T11:00:00Z,PM25,12.54,UG/M3
840999999996,2025-05-03T11:00:00Z,PM25,12.49,UG/M3
840999999997,2025-05-03T11:00:00Z,PM25,12.77,UG/M3
840999999998,2025-05-03T11:00:00Z,PM25,15.68,UG/M3
840999999999,2025-05-03T11:00:00Z,PM25,10.6,UG/M3
840090010010,2025-05-03T12:00:00Z,PM2.5,14.6,UG/M3
840090011123,2025-05-03T12:00:00Z,PM2.5,12.1,UG/M3
840090090027,2025-05-03T12:00:00Z,PM2.5,13.9,UG/M3
840090110124,2025-05-03T12:00:00Z,PM2.5,13.6,UG/M3
840340030010,2025-05-03T12:00:00Z,PM2.5,14.9,UG/M3
840340070010,2025-05-03T12:00:00Z,PM2.5,10.1,UG/M3
840340071007,2025-05-03T12:00:00Z,PM2.5,16.6,UG/M3
840340170008,2025-05-03T12:00:00Z,PM2.5,12.7,UG/M3
840340190001,2025-05-03T12:00:00Z,PM2.5,9.4,UG/M3
840340210005,2025-05-03T12:00:00Z,PM2.5,6.5,UG/M3
840340210008,2025-05-03T12:00:00Z,PM2.5,18.5,UG/M3
840340230011,2025-05-03T12:00:00Z,PM2.5,9.2,UG/M3
840340273001,2025-05-03T12:00:00Z,PM2.5,2.8,UG/M3
840340292002,2025-05-03T12:00:00Z,PM2.5,10.5,UG/M3
840340310005,2025-05-03T12:00:00Z,PM2.5,8.9,UG/M3
840340390004,2025-05-03T12:00:00Z,PM2.5,13.9,UG/M3
840340392003,2025-05-03T12:00:00Z,PM2.5,19.4,UG/M3
840360050080,2025-05-03T12:00:00Z,PM2.5,15.7,UG/M3
840360050110,2025-05-03T12:00:00Z,PM2.5,16.8,UG/M3
840360050112,2025-05-03T12:00:00Z,PM2.5,19.7,UG/M3
840360470052,2025-05-03T12:00:00Z,PM2.5,17.2,UG/M3
840360470118,2025-05-03T12:00:00Z,PM2.5,21.2,UG/M3
840360610115,2025-05-03T12:00:00Z,PM2.5,15.8,UG/M3
840360610135,2025-05-03T12:00:00Z,PM2.5,17.9,UG/M3
840360710002,2025-05-03T12:00:00Z,PM2.5,6,UG/M3
840360810120,2025-05-03T12:00:00Z,PM2.5,13.4,UG/M3
840360810124,2025-05-03T12:00:00Z,PM2.5,18.5,UG/M3
840360850055,2025-05-03T12:00:00Z,PM2.5,11.6,UG/M3
840360850111,2025-05-03T12:00:00Z,PM2.5,13.8,UG/M3
840360870005,2025-05-03T12:00:00Z,PM2.5,3.5,UG/M3
840361030009,2025-05-03T12:00:00Z,PM2.5,13.4,UG/M3
840361192004,2025-05-03T12:00:00Z,PM2.5,11.8,UG/M3
840421010048,2025-05-03T12:00:00Z,PM2.5,13,UG/M3
840421010055,2025-05-03T12:00:00Z,PM2.5,11.4,UG/M3
840421010057,2025-05-03T12:00:00Z,PM2.5,12.7,UG/M3
840421010075,2025-05-03T12:00:00Z,PM2.5,12.8,UG/M3
840999999911,2025-05-03T12:00:00Z,PM25,11.1,UG/M3
840999999913,2025-05-03T12:00:00Z,PM25,14.44,UG/M3
840999999914,2025-05-03T12:00:00Z,PM25,12.54,UG/M3
840999999915,2025-05-03T12:00:00Z,PM25,17.69,UG/M3
840999999916,2025-05-03T12:00:00Z,PM25,15.84,UG/M3
840999999918,2025-05-03T12:00:00Z,PM25,12.3,UG/M3
840999999991,2025-05-03T12:00:00Z,PM25,13.76,UG/M3
840999999992,2025-05-03T12:00:00Z,PM25,14.95,UG/M3
840999999994,2025-05-03T12:00:00Z,PM25,11.17,UG/M3
840999999995,2025-05-03T12:00:00Z,PM25,13.13,UG/M3
840999999996,2025-05-03T12:00:00Z,PM25,12.64,UG/M3
840999999997,2025-05-03T12:00:00Z,PM25,13.12,UG/M3
840999999998,2025-05-03T12:00:00Z,PM25,16.21,UG/M3
840999999999,2025-05-03T12:00:00Z,PM25,10.97,UG/M3
840090010010,2025-05-03T13:00:00Z,PM2.5,14.5,UG/M3
840090011123,2025-05-03T13:00:00Z,PM2.5,9.9,UG/M3
840090090027,2025-05-03T13:00:00Z,PM2.5,14,UG/M3
840090110124,2025-05-03T13:00:00Z,PM2.5,13.5,UG/M3
840340030010,2025-05-03T13:00:00Z,PM2.5,17.4,UG/M3
840340070010,2025-05-03T13:00:00Z,PM2.5,11.4,UG/M3
840340071007,2025-05-03T13:00:00Z,PM2.5,10.2,UG/M3
840340170008,2025-05-03T13:00:00Z,PM2.5,13.6,UG/M3
840340190001,2025-05-03T13:00:00Z,PM2.5,9.4,UG/M3
840340210005,2025-05-03T13:00:00Z,PM2.5,6.5,UG/M3
840340210008,2025-05-03T13:00:00Z,PM2.5,17.6,UG/M3
840340230011,2025-05-03T13:00:00Z,PM2.5,12.2,UG/M3
840340273001,2025-05-03T13:00:00Z,PM2.5,7.8,UG/M3
840340292002,2025-05-03T13:00:00Z,PM2.5,9.4,UG/M3
840340310005,2025-05-03T13:00:00Z,PM2.5,11.3,UG/M3
840340390004,2025-05-03T13:00:00Z,PM2.5,15.7,UG/M3
840340392003,2025-05-03T13:00:00Z,PM2.5,17.6,UG/M3
840360050080,2025-05-03T13:00:00Z,PM2.5,15.4,UG/M3
840360050110,2025-05-03T13:00:00Z,PM2.5,16.3,UG/M3
840360050112,2025-05-03T13:00:00Z,PM2.5,19.1,UG/M3
840360470052,2025-05-03T13:00:00Z,PM2.5,16.9,UG/M3
840360470118,2025-05-03T13:00:00Z,PM2.5,20.2,UG/M3
840360610115,2025-05-03T13:00:00Z,PM2.5,15.7,UG/M3
840360610135,2025-05-03T13:00:00Z,PM2.5,18.4,UG/M3
840360710002,2025-05-03T13:00:00Z,PM2.5,5.9,UG/M3
840360810120,2025-05-03T13:00:00Z,PM2.5,13.1,UG/M3
840360810124,2025-05-03T13:00:00Z,PM2.5,18.2,UG/M3
840360850055,2025-05-03T13:00:00Z,PM2.5,11.5,UG/M3
840360850111,2025-05-03T13:00:00Z,PM2.5,13.7,UG/M3
840360870005,2025-05-03T13:00:00Z,PM2.5,5,UG/M3
840361030009,2025-05-03T13:00:00Z,PM2.5,13.2,UG/M3
840361192004,2025-05-03T13:00:00Z,PM2.5,12.2,UG/M3
840421010048,2025-05-03T13:00:00Z,PM2.5,12.3,UG/M3
840421010055,2025-05-03T13:00:00Z,PM2.5,11.2,UG/M3
840421010057,2025-05-03T13:00:00Z,PM2.5,12.5,UG/M3
840421010075,2025-05-03T13:00:00Z,PM2.5,12.1,UG/M3
840999999911,2025-05-03T13:00:00Z,PM25,10.79,UG/M3
840999999913,2025-05-03T13:00:00Z,PM25,13.83,UG/M3
840999999914,2025-05-03T13:00:00Z,PM25,13.25,UG/M3
840999999915,2025-05-03T13:00:00Z,PM25,17.77,UG/M3
840999999916,2025-05-03T13:00:00Z,PM25,16.16,UG/M3
840999999918,2025-05-03T13:00:00Z,PM25,11.72,UG/M3
840999999991,2025-05-03T13:00:00Z,PM25,13.93,UG/M3
840999999992,2025-05-03T13:00:00Z,PM25,13.43,UG/M3
840999999994,2025-05-03T13:00:00Z,PM25,10.85,UG/M3
840999999995,2025-05-03T13:00:00Z,PM25,12.89,UG/M3
840999999996,2025-05-03T13:00:00Z,PM25,11.64,UG/M3
840999999997,2025-05-03T13:00:00Z,PM25,15.27,UG/M3
840999999998,2025-05-03T13:00:00Z,PM25,14.93,UG/M3
840999999999,2025-05-03T13:00:00Z,PM25,10.72,UG/M3
840090010010,2025-05-03T14:00:00Z,PM2.5,14.6,UG/M3
840090011123,2025-05-03T14:00:00Z,PM2.5,10.2,UG/M3
840090090027,2025-05-03T14:00:00Z,PM2.5,14.1,UG/M3
840090110124,2025-05-03T14:00:00Z,PM2.5,13.4,UG/M3
840340030010,2025-05-03T14:00:00Z,PM2.5,17.8,UG/M3
840340070010,2025-05-03T14:00:00Z,PM2.5,8.5,UG/M3
840340071007,2025-05-03T14:00:00Z,PM2.5,10.2,UG/M3
840340170008,2025-05-03T14:00:00Z,PM2.5,15,UG/M3
840340190001,2025-05-03T14:00:00Z,PM2.5,10.6,UG/M3
840340210005,2025-05-03T14:00:00Z,PM2.5,7.8,UG/M3
840340210008,2025-05-03T14:00:00Z,PM2.5,14.3,UG/M3
840340230011,2025-05-03T14:00:00Z,PM2.5,14.3,UG/M3
840340273001,2025-05-03T14:00:00Z,PM2.5,8.4,UG/M3
840340292002,2025-05-03T14:00:00Z,PM2.5,10.6,UG/M3
840340310005,2025-05-03T14:00:00Z,PM2.5,12.8,UG/M3
840340390004,2025-05-03T14:00:00Z,PM2.5,16.6,UG/M3
840340392003,2025-05-03T14:00:00Z,PM2.5,19.3,UG/M3
840360050080,2025-05-03T14:00:00Z,PM2.5,15.1,UG/M3
840360050110,2025-05-03T14:00:00Z,PM2.5,15.9,UG/M3
840360050112,2025-05-03T14:00:00Z,PM2.5,18.6,UG/M3
840360470052,2025-05-03T14:00:00Z,PM2.5,17.1,UG/M3
840360470118,2025-05-03T14:00:00Z,PM2.5,19.9,UG/M3
840360610115,2025-05-03T14:00:00Z,PM2.5,15.4,UG/M3
840360610135,2025-05-03T14:00:00Z,PM2.5,18.2,UG/M3
840360710002,2025-05-03T14:00:00Z,PM2.5,6.4,UG/M3
840360810120,2025-05-03T14:00:00Z,PM2.5,13.2,UG/M3
840360810124,2025-05-03T14:00:00Z,PM2.5,18.3,UG/M3
840360850055,2025-05-03T14:00:00Z,PM2.5,10.7,UG/M3
840360850111,2025-05-03T14:00:00Z,PM2.5,13.2,UG/M3
840360870005,2025-05-03T14:00:00Z,PM2.5,7.8,UG/M3
840361030009,2025-05-03T14:00:00Z,PM2.5,13.1,UG/M3
840361192004,2025-05-03T14:00:00Z,PM2.5,12.9,UG/M3
840421010048,2025-05-03T14:00:00Z,PM2.5,11.9,UG/M3
840421010055,2025-05-03T14:00:00Z,PM2.5,10.8,UG/M3
840421010057,2025-05-03T14:00:00Z,PM2.5,12.4,UG/M3
840421010075,2025-05-03T14:00:00Z,PM2.5,11.3,UG/M3
840999999911,2025-05-03T14:00:00Z,PM25,10.56,UG/M3
840999999913,2025-05-03T14:00:00Z,PM25,13.74,UG/M3
840999999914,2025-05-03T14:00:00Z,PM25,13.15,UG/M3
840999999915,2025-05-03T14:00:00Z,PM25,17.14,UG/M3
840999999916,2025-05-03T14:00:00Z,PM25,15.72,UG/M3
840999999918,2025-05-03T14:00:00Z,PM25,10.9,UG/M3
840999999991,2025-05-03T14:00:00Z,PM25,14.38,UG/M3
840999999992,2025-05-03T14:00:00Z,PM25,12.38,UG/M3
840999999994,2025-05-03T14:00:00Z,PM25,11.21,UG/M3
840999999995,2025-05-03T14:00:00Z,PM25,12.34,UG/M3
840999999996,2025-05-03T14:00:00Z,PM25,11.13,UG/M3
840999999997,2025-05-03T14:00:00Z,PM25,14.1,UG/M3
840999999998,2025-05-03T14:00:00Z,PM25,14.27,UG/M3
840999999999,2025-05-03T14:00:00Z,PM25,11.46,UG/M3
840090010010,2025-05-03T15:00:00Z,PM2.5,14.6,UG/M3
840090011123,2025-05-03T15:00:00Z,PM2.5,11,UG/M3
840090090027,2025-05-03T15:00:00Z,PM2.5,14.2,UG/M3
840090110124,2025-05-03T15:00:00Z,PM2.5,13.5,UG/M3
840340030010,2025-05-03T15:00:00Z,PM2.5,16.5,UG/M3
840340070010,2025-05-03T15:00:00Z,PM2.5,8.1,UG/M3
840340071007,2025-05-03T15:00:00Z,PM2.5,11.1,UG/M3
840340170008,2025-05-03T15:00:00Z,PM2.5,13.3,UG/M3
840340190001,2025-05-03T15:00:00Z,PM2.5,10.6,UG/M3
840340210005,2025-05-03T15:00:00Z,PM2.5,10,UG/M3
840340210008,2025-05-03T15:00:00Z,PM2.5,14.2,UG/M3
840340230011,2025-05-03T15:00:00Z,PM2.5,14.1,UG/M3
840340273001,2025-05-03T15:00:00Z,PM2.5,11.2,UG/M3
840340292002,2025-05-03T15:00:00Z,PM2.5,9.5,UG/M3
840340310005,2025-05-03T15:00:00Z,PM2.5,14.6,UG/M3
840340390004,2025-05-03T15:00:00Z,PM2.5,16.8,UG/M3
840340392003,2025-05-03T15:00:00Z,PM2.5,16.9,UG/M3
840360050080,2025-05-03T15:00:00Z,PM2.5,14.1,UG/M3
840360050110,2025-05-03T15:00:00Z,PM2.5,15.8,UG/M3
840360050112,2025-05-03T15:00:00Z,PM2.5,18.8,UG/M3
840360470052,2025-05-03T15:00:00Z,PM2.5,17.8,UG/M3
840360470118,2025-05-03T15:00:00Z,PM2.5,19.7,UG/M3
840360610115,2025-05-03T15:00:00Z,PM2.5,15.2,UG/M3
840360610135,2025-05-03T15:00:00Z,PM2.5,17.8,UG/M3
840360710002,2025-05-03T15:00:00Z,PM2.5,8.2,UG/M3
840360810120,2025-05-03T15:00:00Z,PM2.5,13.2,UG/M3
840360810124,2025-05-03T15:00:00Z,PM2.5,18.6,UG/M3
840360850055,2025-05-03T15:00:00Z,PM2.5,10.1,UG/M3
840360850111,2025-05-03T15:00:00Z,PM2.5,12.7,UG/M3
840360870005,2025-05-03T15:00:00Z,PM2.5,10,UG/M3
840361030009,2025-05-03T15:00:00Z,PM2.5,13.4,UG/M3
840361192004,2025-05-03T15:00:00Z,PM2.5,14.5,UG/M3
840421010048,2025-05-03T15:00:00Z,PM2.5,11.3,UG/M3
840421010055,2025-05-03T15:00:00Z,PM2.5,10.4,UG/M3
840421010057,2025-05-03T15:00:00Z,PM2.5,12.3,UG/M3
840421010075,2025-05-03T15:00:00Z,PM2.5,10.7,UG/M3
840999999911,2025-05-03T15:00:00Z,PM25,11.32,UG/M3
840999999913,2025-05-03T15:00:00Z,PM25,14.87,UG/M3
840999999914,2025-05-03T15:00:00Z,PM25,13.02,UG/M3
840999999915,2025-05-03T15:00:00Z,PM25,16.83,UG/M3
840999999916,2025-05-03T15:00:00Z,PM25,13.82,UG/M3
840999999918,2025-05-03T15:00:00Z,PM25,9.84,UG/M3
840999999991,2025-05-03T15:00:00Z,PM25,13.42,UG/M3
840999999992,2025-05-03T15:00:00Z,PM25,13.06,UG/M3
840999999994,2025-05-03T15:00:00Z,PM25,12.33,UG/M3
840999999995,2025-05-03T15:00:00Z,PM25,11.93,UG/M3
840999999996,2025-05-03T15:00:00Z,PM25,10.68,UG/M3
840999999997,2025-05-03T15:00:00Z,PM25,14.32,UG/M3
840999999998,2025-05-03T15:00:00Z,PM25,14.46,UG/M3
840999999999,2025-05-03T15:00:00Z,PM25,12.04,UG/M3
840090010010,2025-05-03T16:00:00Z,PM2.5,14.7,UG/M3
840090011123,2025-05-03T16:00:00Z,PM2.5,12.1,UG/M3
840090090027,2025-05-03T16:00:00Z,PM2.5,14.5,UG/M3
840090110124,2025-05-03T16:00:00Z,PM2.5,13.6,UG/M3
840340030010,2025-05-03T16:00:00Z,PM2.5,19.2,UG/M3
840340070010,2025-05-03T16:00:00Z,PM2.5,7,UG/M3
840340071007,2025-05-03T16:00:00Z,PM2.5,9.5,UG/M3
840340170008,2025-05-03T16:00:00Z,PM2.5,12.9,UG/M3
840340190001,2025-05-03T16:00:00Z,PM2.5,11.4,UG/M3
840340210005,2025-05-03T16:00:00Z,PM2.5,12.6,UG/M3
840340210008,2025-05-03T16:00:00Z,PM2.5,13.5,UG/M3
840340230011,2025-05-03T16:00:00Z,PM2.5,12.7,UG/M3
840340273001,2025-05-03T16:00:00Z,PM2.5,13.1,UG/M3
840340292002,2025-05-03T16:00:00Z,PM2.5,13.6,UG/M3
840340310005,2025-05-03T16:00:00Z,PM2.5,14.4,UG/M3
840340390004,2025-05-03T16:00:00Z,PM2.5,14.4,UG/M3
840340392003,2025-05-03T16:00:00Z,PM2.5,15,UG/M3
840360050080,2025-05-03T16:00:00Z,PM2.5,14.7,UG/M3
840360050110,2025-05-03T16:00:00Z,PM2.5,15.8,UG/M3
840360050112,2025-05-03T16:00:00Z,PM2.5,18.8,UG/M3
840360470052,2025-05-03T16:00:00Z,PM2.5,17.8,UG/M3
840360470118,2025-05-03T16:00:00Z,PM2.5,19.6,UG/M3
840360610115,2025-05-03T16:00:00Z,PM2.5,14.9,UG/M3
840360610135,2025-05-03T16:00:00Z,PM2.5,17.2,UG/M3
840360710002,2025-05-03T16:00:00Z,PM2.5,11,UG/M3
840360810120,2025-05-03T16:00:00Z,PM2.5,13.7,UG/M3
840360810124,2025-05-03T16:00:00Z,PM2.5,18.7,UG/M3
840360850055,2025-05-03T16:00:00Z,PM2.5,7.1,UG/M3
840360850111,2025-05-03T16:00:00Z,PM2.5,11.1,UG/M3
840360870005,2025-05-03T16:00:00Z,PM2.5,11.5,UG/M3
840361030009,2025-05-03T16:00:00Z,PM2.5,13.7,UG/M3
840361192004,2025-05-03T16:00:00Z,PM2.5,13.9,UG/M3
840421010048,2025-05-03T16:00:00Z,PM2.5,10.5,UG/M3
840421010055,2025-05-03T16:00:00Z,PM2.5,10.2,UG/M3
840421010057,2025-05-03T16:00:00Z,PM2.5,12.1,UG/M3
840421010075,2025-05-03T16:00:00Z,PM2.5,9.9,UG/M3
840999999911,2025-05-03T16:00:00Z,PM25,11.06,UG/M3
840999999913,2025-05-03T16:00:00Z,PM25,13.68,UG/M3
840999999914,2025-05-03T16:00:00Z,PM25,11.93,UG/M3
840999999915,2025-05-03T16:00:00Z,PM25,15.87,UG/M3
840999999916,2025-05-03T16:00:00Z,PM25,15.79,UG/M3
840999999918,2025-05-03T16:00:00Z,PM25,8.56,UG/M3
840999999991,2025-05-03T16:00:00Z,PM25,13.23,UG/M3
840999999992,2025-05-03T16:00:00Z,PM25,13.58,UG/M3
840999999994,2025-05-03T16:00:00Z,PM25,11.48,UG/M3
840999999995,2025-05-03T16:00:00Z,PM25,12.94,UG/M3
840999999996,2025-05-03T16:00:00Z,PM25,10.56,UG/M3
840999999997,2025-05-03T16:00:00Z,PM25,12.35,UG/M3
840999999998,2025-05-03T16:00:00Z,PM25,14.07,UG/M3
840999999999,2025-05-03T16:00:00Z,PM25,11.35,UG/M3
840090010010,2025-05-03T17:00:00Z,PM2.5,14.9,UG/M3
840090011123,2025-05-03T17:00:00Z,PM2.5,13.3,UG/M3
840090090027,2025-05-03T17:00:00Z,PM2.5,14.9,UG/M3
840090110124,2025-05-03T17:00:00Z,PM2.5,13.7,UG/M3
840340030010,2025-05-03T17:00:00Z,PM2.5,18.3,UG/M3
840340070010,2025-05-03T17:00:00Z,PM2.5,6.9,UG/M3
840340071007,2025-05-03T17:00:00Z,PM2.5,6.2,UG/M3
840340170008,2025-05-03T17:00:00Z,PM2.5,12.9,UG/M3
840340190001,2025-05-03T17:00:00Z,PM2.5,12.6,UG/M3
840340210005,2025-05-03T17:00:00Z,PM2.5,13.4,UG/M3
840340210008,2025-05-03T17:00:00Z,PM2.5,10.9,UG/M3
840340230011,2025-05-03T17:00:00Z,PM2.5,12.4,UG/M3
840340273001,2025-05-03T17:00:00Z,PM2.5,15.4,UG/M3
840340292002,2025-05-03T17:00:00Z,PM2.5,14.3,UG/M3
840340310005,2025-05-03T17:00:00Z,PM2.5,11.7,UG/M3
840340390004,2025-05-03T17:00:00Z,PM2.5,10.9,UG/M3
840340392003,2025-05-03T17:00:00Z,PM2.5,14,UG/M3
840360050080,2025-05-03T17:00:00Z,PM2.5,12.6,UG/M3
840360050110,2025-05-03T17:00:00Z,PM2.5,15.6,UG/M3
840360050112,2025-05-03T17:00:00Z,PM2.5,18.5,UG/M3
840360470052,2025-05-03T17:00:00Z,PM2.5,18,UG/M3
840360470118,2025-05-03T17:00:00Z,PM2.5,19.5,UG/M3
840360610115,2025-05-03T17:00:00Z,PM2.5,13,UG/M3
840360610135,2025-05-03T17:00:00Z,PM2.5,17,UG/M3
840360710002,2025-05-03T17:00:00Z,PM2.5,12.3,UG/M3
840360810120,2025-05-03T17:00:00Z,PM2.5,13.5,UG/M3
840360810124,2025-05-03T17:00:00Z,PM2.5,18.9,UG/M3
840360850055,2025-05-03T17:00:00Z,PM2.5,5.9,UG/M3
840360850111,2025-05-03T17:00:00Z,PM2.5,9.8,UG/M3
840360870005,2025-05-03T17:00:00Z,PM2.5,11.5,UG/M3
840361030009,2025-05-03T17:00:00Z,PM2.5,13.8,UG/M3
840361192004,2025-05-03T17:00:00Z,PM2.5,12.8,UG/M3
840421010048,2025-05-03T17:00:00Z,PM2.5,10,UG/M3
840421010055,2025-05-03T17:00:00Z,PM2.5,9.9,UG/M3
840421010057,2025-05-03T17:00:00Z,PM2.5,11.7,UG/M3
840421010075,2025-05-03T17:00:00Z,PM2.5,9.6,UG/M3
840999999911,2025-05-03T17:00:00Z,PM25,11.03,UG/M3
840999999913,2025-05-03T17:00:00Z,PM25,12.6,UG/M3
840999999914,2025-05-03T17:00:00Z,PM25,11.76,UG/M3
840999999915,2025-05-03T17:00:00Z,PM25,14.58,UG/M3
840999999916,2025-05-03T17:00:00Z,PM25,16,UG/M3
840999999918,2025-05-03T17:00:00Z,PM25,7.58,UG/M3
840999999991,2025-05-03T17:00:00Z,PM25,12.59,UG/M3
840999999992,2025-05-03T17:00:00Z,PM25,12.7,UG/M3
840999999994,2025-05-03T17:00:00Z,PM25,11.63,UG/M3
840999999995,2025-05-03T17:00:00Z,PM25,11.99,UG/M3
840999999996,2025-05-03T17:00:00Z,PM25,9.9,UG/M3
840999999997,2025-05-03T17:00:00Z,PM25,11.15,UG/M3
840999999998,2025-05-03T17:00:00Z,PM25,12.36,UG/M3
840999999999,2025-05-03T17:00:00Z,PM25,11.77,UG/M3
840090010010,2025-05-03T18:00:00Z,PM2.5,15.1,UG/M3
840090011123,2025-05-03T18:00:00Z,PM2.5,13.2,UG/M3
840090090027,2025-05-03T18:00:00Z,PM2.5,15.6,UG/M3
840090110124,2025-05-03T18:00:00Z,PM2.5,13.9,UG/M3
840340030010,2025-05-03T18:00:00Z,PM2.5,17.4,UG/M3
840340070010,2025-05-03T18:00:00Z,PM2.5,7.1,UG/M3
840340071007,2025-05-03T18:00:00Z,PM2.5,8,UG/M3
840340170008,2025-05-03T18:00:00Z,PM2.5,14.9,UG/M3
840340190001,2025-05-03T18:00:00Z,PM2.5,12.9,UG/M3
840340210005,2025-05-03T18:00:00Z,PM2.5,13.2,UG/M3
840340210008,2025-05-03T18:00:00Z,PM2.5,8.2,UG/M3
840340230011,2025-05-03T18:00:00Z,PM2.5,10.5,UG/M3
840340273001,2025-05-03T18:00:00Z,PM2.5,14.1,UG/M3
840340292002,2025-05-03T18:00:00Z,PM2.5,14.2,UG/M3
840340310005,2025-05-03T18:00:00Z,PM2.5,9.5,UG/M3
840340390004,2025-05-03T18:00:00Z,PM2.5,11.3,UG/M3
840340392003,2025-05-03T18:00:00Z,PM2.5,11.8,UG/M3
840360050080,2025-05-03T18:00:00Z,PM2.5,12.5,UG/M3
840360050110,2025-05-03T18:00:00Z,PM2.5,15.7,UG/M3
840360050112,2025-05-03T18:00:00Z,PM2.5,18.7,UG/M3
840360470052,2025-05-03T18:00:00Z,PM2.5,17.4,UG/M3
840360470118,2025-05-03T18:00:00Z,PM2.5,19.5,UG/M3
840360610115,2025-05-03T18:00:00Z,PM2.5,11.8,UG/M3
840360610135,2025-05-03T18:00:00Z,PM2.5,16.9,UG/M3
840360710002,2025-05-03T18:00:00Z,PM2.5,13.9,UG/M3
840360810120,2025-05-03T18:00:00Z,PM2.5,13.6,UG/M3
840360810124,2025-05-03T18:00:00Z,PM2.5,19,UG/M3
840360850055,2025-05-03T18:00:00Z,PM2.5,5.3,UG/M3
840360850111,2025-05-03T18:00:00Z,PM2.5,9.2,UG/M3
840360870005,2025-05-03T18:00:00Z,PM2.5,9.3,UG/M3
840361030009,2025-05-03T18:00:00Z,PM2.5,13.9,UG/M3
840361192004,2025-05-03T18:00:00Z,PM2.5,12.5,UG/M3
840421010048,2025-05-03T18:00:00Z,PM2.5,9.5,UG/M3
840421010055,2025-05-03T18:00:00Z,PM2.5,9.4,UG/M3
840421010057,2025-05-03T18:00:00Z,PM2.5,11.3,UG/M3
840421010075,2025-05-03T18:00:00Z,PM2.5,9.3,UG/M3
840999999911,2025-05-03T18:00:00Z,PM25,10.81,UG/M3
840999999913,2025-05-03T18:00:00Z,PM25,11.62,UG/M3
840999999914,2025-05-03T18:00:00Z,PM25,10.47,UG/M3
840999999915,2025-05-03T18:00:00Z,PM25,14.85,UG/M3
840999999916,2025-05-03T18:00:00Z,PM25,16.03,UG/M3
840999999918,2025-05-03T18:00:00Z,PM25,7.34,UG/M3
840999999991,2025-05-03T18:00:00Z,PM25,11.2,UG/M3
840999999992,2025-05-03T18:00:00Z,PM25,12.7,UG/M3
840999999994,2025-05-03T18:00:00Z,PM25,11.08,UG/M3
840999999995,2025-05-03T18:00:00Z,PM25,11.44,UG/M3
840999999996,2025-05-03T18:00:00Z,PM25,9.98,UG/M3
840999999997,2025-05-03T18:00:00Z,PM25,11.56,UG/M3
840999999998,2025-05-03T18:00:00Z,PM25,12.9,UG/M3
840999999999,2025-05-03T18:00:00Z,PM25,11.81,UG/M3
840090010010,2025-05-03T19:00:00Z,PM2.5,15.1,UG/M3
840090011123,2025-05-03T19:00:00Z,PM2.5,12.7,UG/M3
840090090027,2025-05-03T19:00:00Z,PM2.5,15.8,UG/M3
840090110124,2025-05-03T19:00:00Z,PM2.5,14,UG/M3
840340030010,2025-05-03T19:00:00Z,PM2.5,16.7,UG/M3
840340070010,2025-05-03T19:00:00Z,PM2.5,7,UG/M3
840340071007,2025-05-03T19:00:00Z,PM2.5,7.7,UG/M3
840340170008,2025-05-03T19:00:00Z,PM2.5,12.7,UG/M3
840340190001,2025-05-03T19:00:00Z,PM2.5,12.3,UG/M3
840340210005,2025-05-03T19:00:00Z,PM2.5,12.9,UG/M3
840340210008,2025-05-03T19:00:00Z,PM2.5,7.5,UG/M3
840340230011,2025-05-03T19:00:00Z,PM2.5,9.8,UG/M3
840340273001,2025-05-03T19:00:00Z,PM2.5,11.5,UG/M3
840340292002,2025-05-03T19:00:00Z,PM2.5,16.2,UG/M3
840340310005,2025-05-03T19:00:00Z,PM2.5,9.3,UG/M3
840340390004,2025-05-03T19:00:00Z,PM2.5,11.3,UG/M3
840340392003,2025-05-03T19:00:00Z,PM2.5,9.1,UG/M3
840360050080,2025-05-03T19:00:00Z,PM2.5,9.9,UG/M3
840360050110,2025-05-03T19:00:00Z,PM2.5,14.7,UG/M3
840360050112,2025-05-03T19:00:00Z,PM2.5,17.2,UG/M3
840360470052,2025-05-03T19:00:00Z,PM2.5,12.6,UG/M3
840360470118,2025-05-03T19:00:00Z,PM2.5,18.7,UG/M3
840360610115,2025-05-03T19:00:00Z,PM2.5,9,UG/M3
840360610135,2025-05-03T19:00:00Z,PM2.5,14.4,UG/M3
840360710002,2025-05-03T19:00:00Z,PM2.5,8.1,UG/M3
840360810120,2025-05-03T19:00:00Z,PM2.5,13.4,UG/M3
840360810124,2025-05-03T19:00:00Z,PM2.5,19,UG/M3
840360850055,2025-05-03T19:00:00Z,PM2.5,4.2,UG/M3
840360850111,2025-05-03T19:00:00Z,PM2.5,8.2,UG/M3
840360870005,2025-05-03T19:00:00Z,PM2.5,8.4,UG/M3
840361030009,2025-05-03T19:00:00Z,PM2.5,13.9,UG/M3
840361192004,2025-05-03T19:00:00Z,PM2.5,12.5,UG/M3
840421010048,2025-05-03T19:00:00Z,PM2.5,9.4,UG/M3
840421010055,2025-05-03T19:00:00Z,PM2.5,9,UG/M3
840421010057,2025-05-03T19:00:00Z,PM2.5,11.2,UG/M3
840421010075,2025-05-03T19:00:00Z,PM2.5,9.1,UG/M3
840999999911,2025-05-03T19:00:00Z,PM25,8.82,UG/M3
840999999913,2025-05-03T19:00:00Z,PM25,8.23,UG/M3
840999999914,2025-05-03T19:00:00Z,PM25,8.57,UG/M3
840999999915,2025-05-03T19:00:00Z,PM25,13.03,UG/M3
840999999916,2025-05-03T19:00:00Z,PM25,11.12,UG/M3
840999999918,2025-05-03T19:00:00Z,PM25,6.64,UG/M3
840999999991,2025-05-03T19:00:00Z,PM25,8.14,UG/M3
840999999992,2025-05-03T19:00:00Z,PM25,9.79,UG/M3
840999999994,2025-05-03T19:00:00Z,PM25,10.63,UG/M3
840999999995,2025-05-03T19:00:00Z,PM25,8.12,UG/M3
840999999996,2025-05-03T19:00:00Z,PM25,6.39,UG/M3
840999999997,2025-05-03T19:00:00Z,PM25,8.25,UG/M3
840999999998,2025-05-03T19:00:00Z,PM25,11.41,UG/M3
840999999999,2025-05-03T19:00:00Z,PM25,10.61,UG/M3
840090010010,2025-05-03T20:00:00Z,PM2.5,15,UG/M3
840090011123,2025-05-03T20:00:00Z,PM2.5,9.4,UG/M3
840090090027,2025-05-03T20:00:00Z,PM2.5,16,UG/M3
840090110124,2025-05-03T20:00:00Z,PM2.5,13.9,UG/M3
840340030010,2025-05-03T20:00:00Z,PM2.5,13.7,UG/M3
840340070010,2025-05-03T20:00:00Z,PM2.5,5.5,UG/M3
840340071007,2025-05-03T20:00:00Z,PM2.5,13.2,UG/M3
840340170008,2025-05-03T20:00:00Z,PM2.5,11.5,UG/M3
840340190001,2025-05-03T20:00:00Z,PM2.5,11.7,UG/M3
840340210005,2025-05-03T20:00:00Z,PM2.5,11.9,UG/M3
840340210008,2025-05-03T20:00:00Z,PM2.5,7.8,UG/M3
840340230011,2025-05-03T20:00:00Z,PM2.5,7.5,UG/M3
840340273001,2025-05-03T20:00:00Z,PM2.5,8.8,UG/M3
840340292002,2025-05-03T20:00:00Z,PM2.5,17.8,UG/M3
840340310005,2025-05-03T20:00:00Z,PM2.5,8.1,UG/M3
840340390004,2025-05-03T20:00:00Z,PM2.5,10.1,UG/M3
840340392003,2025-05-03T20:00:00Z,PM2.5,7.8,UG/M3
840360050080,2025-05-03T20:00:00Z,PM2.5,8,UG/M3
840360050110,2025-05-03T20:00:00Z,PM2.5,11.1,UG/M3
840360050112,2025-05-03T20:00:00Z,PM2.5,12.7,UG/M3
840360470052,2025-05-03T20:00:00Z,PM2.5,9.5,UG/M3
840360470118,2025-05-03T20:00:00Z,PM2.5,17.5,UG/M3
840360610115,2025-05-03T20:00:00Z,PM2.5,8.1,UG/M3
840360610135,2025-05-03T20:00:00Z,PM2.5,11.8,UG/M3
840360710002,2025-05-03T20:00:00Z,PM2.5,6,UG/M3
840360810120,2025-05-03T20:00:00Z,PM2.5,13.6,UG/M3
840360810124,2025-05-03T20:00:00Z,PM2.5,19,UG/M3
840360850055,2025-05-03T20:00:00Z,PM2.5,4.5,UG/M3
840360850111,2025-05-03T20:00:00Z,PM2.5,7.2,UG/M3
840360870005,2025-05-03T20:00:00Z,PM2.5,7.7,UG/M3
840361030009,2025-05-03T20:00:00Z,PM2.5,13.8,UG/M3
840361192004,2025-05-03T20:00:00Z,PM2.5,13.4,UG/M3
840421010048,2025-05-03T20:00:00Z,PM2.5,8.7,UG/M3
840421010055,2025-05-03T20:00:00Z,PM2.5,8.3,UG/M3
840421010057,2025-05-03T20:00:00Z,PM2.5,10.3,UG/M3
840421010075,2025-05-03T20:00:00Z,PM2.5,8.5,UG/M3
840999999911,2025-05-03T20:00:00Z,PM25,5.69,UG/M3
840999999913,2025-05-03T20:00:00Z,PM25,7.19,UG/M3
840999999914,2025-05-03T20:00:00Z,PM25,6.83,UG/M3
840999999915,2025-05-03T20:00:00Z,PM25,10.23,UG/M3
840999999916,2025-05-03T20:00:00Z,PM25,9.19,UG/M3
840999999918,2025-05-03T20:00:00Z,PM25,5.81,UG/M3
840999999991,2025-05-03T20:00:00Z,PM25,7,UG/M3
840999999992,2025-05-03T20:00:00Z,PM25,7.57,UG/M3
840999999994,2025-05-03T20:00:00Z,PM25,10.17,UG/M3
840999999995,2025-05-03T20:00:00Z,PM25,7.49,UG/M3
840999999996,2025-05-03T20:00:00Z,PM25,5.74,UG/M3
840999999997,2025-05-03T20:00:00Z,PM25,6.65,UG/M3
840999999998,2025-05-03T20:00:00Z,PM25,8.93,UG/M3
840999999999,2025-05-03T20:00:00Z,PM25,9.81,UG/M3
840090010010,2025-05-03T21:00:00Z,PM2.5,14,UG/M3
840090011123,2025-05-03T21:00:00Z,PM2.5,7.9,UG/M3
840090090027,2025-05-03T21:00:00Z,PM2.5,15.8,UG/M3
840090110124,2025-05-03T21:00:00Z,PM2.5,13.8,UG/M3
840340030010,2025-05-03T21:00:00Z,PM2.5,12.9,UG/M3
840340070010,2025-05-03T21:00:00Z,PM2.5,6.8,UG/M3
840340071007,2025-05-03T21:00:00Z,PM2.5,9.4,UG/M3
840340170008,2025-05-03T21:00:00Z,PM2.5,11.2,UG/M3
840340190001,2025-05-03T21:00:00Z,PM2.5,11.7,UG/M3
840340210005,2025-05-03T21:00:00Z,PM2.5,11.9,UG/M3
840340210008,2025-05-03T21:00:00Z,PM2.5,7.1,UG/M3
840340230011,2025-05-03T21:00:00Z,PM2.5,8,UG/M3
840340273001,2025-05-03T21:00:00Z,PM2.5,10.3,UG/M3
840340292002,2025-05-03T21:00:00Z,PM2.5,15.9,UG/M3
840340310005,2025-05-03T21:00:00Z,PM2.5,8.8,UG/M3
840340390004,2025-05-03T21:00:00Z,PM2.5,8.9,UG/M3
840340392003,2025-05-03T21:00:00Z,PM2.5,7.7,UG/M3
840360050080,2025-05-03T21:00:00Z,PM2.5,7.1,UG/M3
840360050110,2025-05-03T21:00:00Z,PM2.5,9.4,UG/M3
840360050112,2025-05-03T21:00:00Z,PM2.5,10.6,UG/M3
840360470052,2025-05-03T21:00:00Z,PM2.5,8.3,UG/M3
840360470118,2025-05-03T21:00:00Z,PM2.5,16,UG/M3
840360610115,2025-05-03T21:00:00Z,PM2.5,7.4,UG/M3
840360610135,2025-05-03T21:00:00Z,PM2.5,10.1,UG/M3
840360710002,2025-05-03T21:00:00Z,PM2.5,3.3,UG/M3
840360810120,2025-05-03T21:00:00Z,PM2.5,13.8,UG/M3
840360810124,2025-05-03T21:00:00Z,PM2.5,19.2,UG/M3
840360850055,2025-05-03T21:00:00Z,PM2.5,4.9,UG/M3
840360850111,2025-05-03T21:00:00Z,PM2.5,7.3,UG/M3
840360870005,2025-05-03T21:00:00Z,PM2.5,7.4,UG/M3
840361030009,2025-05-03T21:00:00Z,PM2.5,13.7,UG/M3
840361192004,2025-05-03T21:00:00Z,PM2.5,9.9,UG/M3
840421010048,2025-05-03T21:00:00Z,PM2.5,8.4,UG/M3
840421010055,2025-05-03T21:00:00Z,PM2.5,8.2,UG/M3
840421010057,2025-05-03T21:00:00Z,PM2.5,9.8,UG/M3
840421010075,2025-05-03T21:00:00Z,PM2.5,8.2,UG/M3
840999999911,2025-05-03T21:00:00Z,PM25,4.99,UG/M3
840999999913,2025-05-03T21:00:00Z,PM25,7.06,UG/M3
840999999914,2025-05-03T21:00:00Z,PM25,7.34,UG/M3
840999999915,2025-05-03T21:00:00Z,PM25,9.99,UG/M3
840999999916,2025-05-03T21:00:00Z,PM25,9.75,UG/M3
840999999918,2025-05-03T21:00:00Z,PM25,6.35,UG/M3
840999999991,2025-05-03T21:00:00Z,PM25,7.28,UG/M3
840999999992,2025-05-03T21:00:00Z,PM25,7.5,UG/M3
840999999994,2025-05-03T21:00:00Z,PM25,10.68,UG/M3
840999999995,2025-05-03T21:00:00Z,PM25,7.72,UG/M3
840999999996,2025-05-03T21:00:00Z,PM25,6.52,UG/M3
840999999997,2025-05-03T21:00:00Z,PM25,6.65,UG/M3
840999999998,2025-05-03T21:00:00Z,PM25,8.66,UG/M3
840999999999,2025-05-03T21:00:00Z,PM25,9.02,UG/M3
840090010010,2025-05-03T22:00:00Z,PM2.5,9.2,UG/M3
840090011123,2025-05-03T22:00:00Z,PM2.5,7.2,UG/M3
840090090027,2025-05-03T22:00:00Z,PM2.5,11.6,UG/M3
840090110124,2025-05-03T22:00:00Z,PM2.5,14.2,UG/M3
840340030010,2025-05-03T22:00:00Z,PM2.5,10.9,UG/M3
840340070010,2025-05-03T22:00:00Z,PM2.5,6.7,UG/M3
840340071007,2025-05-03T22:00:00Z,PM2.5,10.3,UG/M3
840340170008,2025-05-03T22:00:00Z,PM2.5,6.9,UG/M3
840340190001,2025-05-03T22:00:00Z,PM2.5,10.1,UG/M3
840340210005,2025-05-03T22:00:00Z,PM2.5,13.5,UG/M3
840340210008,2025-05-03T22:00:00Z,PM2.5,7.9,UG/M3
840340230011,2025-05-03T22:00:00Z,PM2.5,7.7,UG/M3
840340273001,2025-05-03T22:00:00Z,PM2.5,8.2,UG/M3
840340292002,2025-05-03T22:00:00Z,PM2.5,12.8,UG/M3
840340310005,2025-05-03T22:00:00Z,PM2.5,10.3,UG/M3
840340390004,2025-05-03T22:00:00Z,PM2.5,9.7,UG/M3
840340392003,2025-05-03T22:00:00Z,PM2.5,6.7,UG/M3
840360050080,2025-05-03T22:00:00Z,PM2.5,7.5,UG/M3
840360050110,2025-05-03T22:00:00Z,PM2.5,8.6,UG/M3
840360050112,2025-05-03T22:00:00Z,PM2.5,10.9,UG/M3
840360470052,2025-05-03T22:00:00Z,PM2.5,7.7,UG/M3
840360470118,2025-05-03T22:00:00Z,PM2.5,15.6,UG/M3
840360610115,2025-05-03T22:00:00Z,PM2.5,10.2,UG/M3
840360610135,2025-05-03T22:00:00Z,PM2.5,9.2,UG/M3
840360710002,2025-05-03T22:00:00Z,PM2.5,2.6,UG/M3
840360810120,2025-05-03T22:00:00Z,PM2.5,14.3,UG/M3
840360810124,2025-05-03T22:00:00Z,PM2.5,19.1,UG/M3
840360850055,2025-05-03T22:00:00Z,PM2.5,4.9,UG/M3
840360850111,2025-05-03T22:00:00Z,PM2.5,7,UG/M3
840360870005,2025-05-03T22:00:00Z,PM2.5,7.3,UG/M3
840361030009,2025-05-03T22:00:00Z,PM2.5,13,UG/M3
840361192004,2025-05-03T22:00:00Z,PM2.5,8.1,UG/M3
840421010048,2025-05-03T22:00:00Z,PM2.5,8.6,UG/M3
840421010055,2025-05-03T22:00:00Z,PM2.5,8.4,UG/M3
840421010057,2025-05-03T22:00:00Z,PM2.5,10,UG/M3
840421010075,2025-05-03T22:00:00Z,PM2.5,8.3,UG/M3
840999999911,2025-05-03T22:00:00Z,PM25,5.26,UG/M3
840999999913,2025-05-03T22:00:00Z,PM25,6.68,UG/M3
840999999914,2025-05-03T22:00:00Z,PM25,7.6,UG/M3
840999999915,2025-05-03T22:00:00Z,PM25,9.47,UG/M3
840999999916,2025-05-03T22:00:00Z,PM25,10.28,UG/M3
840999999918,2025-05-03T22:00:00Z,PM25,6.48,UG/M3
840999999991,2025-05-03T22:00:00Z,PM25,8.02,UG/M3
840999999992,2025-05-03T22:00:00Z,PM25,10.9,UG/M3
840999999994,2025-05-03T22:00:00Z,PM25,9.78,UG/M3
840999999995,2025-05-03T22:00:00Z,PM25,7.27,UG/M3
840999999996,2025-05-03T22:00:00Z,PM25,6.67,UG/M3
840999999997,2025-05-03T22:00:00Z,PM25,7.5,UG/M3
840999999998,2025-05-03T22:00:00Z,PM25,8.93,UG/M3
840999999999,2025-05-03T22:00:00Z,PM25,8.7,UG/M3
840090010010,2025-05-03T23:00:00Z,PM2.5,7.5,UG/M3
840090011123,2025-05-03T23:00:00Z,PM2.5,6.8,UG/M3
840090090027,2025-05-03T23:00:00Z,PM2.5,8,UG/M3
840090110124,2025-05-03T23:00:00Z,PM2.5,14.5,UG/M3
840340030010,2025-05-03T23:00:00Z,PM2.5,11.7,UG/M3
840340070010,2025-05-03T23:00:00Z,PM2.5,8.9,UG/M3
840340071007,2025-05-03T23:00:00Z,PM2.5,11,UG/M3
840340170008,2025-05-03T23:00:00Z,PM2.5,6.9,UG/M3
840340190001,2025-05-03T23:00:00Z,PM2.5,9.1,UG/M3
840340210005,2025-05-03T23:00:00Z,PM2.5,13.7,UG/M3
840340210008,2025-05-03T23:00:00Z,PM2.5,8,UG/M3
840340230011,2025-05-03T23:00:00Z,PM2.5,6,UG/M3
840340273001,2025-05-03T23:00:00Z,PM2.5,9.5,UG/M3
840340292002,2025-05-03T23:00:00Z,PM2.5,10.9,UG/M3
840340310005,2025-05-03T23:00:00Z,PM2.5,7.8,UG/M3
840340390004,2025-05-03T23:00:00Z,PM2.5,9.4,UG/M3
840340392003,2025-05-03T23:00:00Z,PM2.5,6.4,UG/M3
840360050080,2025-05-03T23:00:00Z,PM2.5,11,UG/M3
840360050110,2025-05-03T23:00:00Z,PM2.5,9.5,UG/M3
840360050112,2025-05-03T23:00:00Z,PM2.5,13.4,UG/M3
840360470052,2025-05-03T23:00:00Z,PM2.5,10.2,UG/M3
840360470118,2025-05-03T23:00:00Z,PM2.5,17.1,UG/M3
840360610115,2025-05-03T23:00:00Z,PM2.5,10.7,UG/M3
840360610135,2025-05-03T23:00:00Z,PM2.5,9.7,UG/M3
840360710002,2025-05-03T23:00:00Z,PM2.5,2.4,UG/M3
840360810120,2025-05-03T23:00:00Z,PM2.5,15.5,UG/M3
840360810124,2025-05-03T23:00:00Z,PM2.5,18.9,UG/M3
840360850055,2025-05-03T23:00:00Z,PM2.5,7.6,UG/M3
840360850111,2025-05-03T23:00:00Z,PM2.5,7.4,UG/M3
840360870005,2025-05-03T23:00:00Z,PM2.5,6.8,UG/M3
840361030009,2025-05-03T23:00:00Z,PM2.5,12.1,UG/M3
840361192004,2025-05-03T23:00:00Z,PM2.5,7.1,UG/M3
840421010048,2025-05-03T23:00:00Z,PM2.5,9.1,UG/M3
840421010055,2025-05-03T23:00:00Z,PM2.5,9.2,UG/M3
840421010057,2025-05-03T23:00:00Z,PM2.5,10.5,UG/M3
840421010075,2025-05-03T23:00:00Z,PM2.5,8.5,UG/M3
840999999911,2025-05-03T23:00:00Z,PM25,7.17,UG/M3
840999999913,2025-05-03T23:00:00Z,PM25,7.87,UG/M3
840999999914,2025-05-03T23:00:00Z,PM25,9.31,UG/M3
840999999915,2025-05-03T23:00:00Z,PM25,8.73,UG/M3
840999999916,2025-05-03T23:00:00Z,PM25,12.53,UG/M3
840999999918,2025-05-03T23:00:00Z,PM25,8.19,UG/M3
840999999991,2025-05-03T23:00:00Z,PM25,9.8,UG/M3
840999999992,2025-05-03T23:00:00Z,PM25,10.96,UG/M3
840999999994,2025-05-03T23:00:00Z,PM25,9.48,UG/M3
840999999995,2025-05-03T23:00:00Z,PM25,8.89,UG/M3
840999999996,2025-05-03T23:00:00Z,PM25,8.57,UG/M3
840999999997,2025-05-03T23:00:00Z,PM25,10.15,UG/M3
840999999998,2025-05-03T23:00:00Z,PM25,9.64,UG/M3
840999999999,2025-05-03T23:00:00Z,PM25,8.31,UG/M3
840090010010,2025-05-04T00:00:00Z,PM2.5,7.5,UG/M3
840090011123,2025-05-04T00:00:00Z,PM2.5,6.6,UG/M3
840090090027,2025-05-04T00:00:00Z,PM2.5,6.7,UG/M3
840090110124,2025-05-04T00:00:00Z,PM2.5,14.1,UG/M3
840340030010,2025-05-04T00:00:00Z,PM2.5,12.5,UG/M3
840340070010,2025-05-04T00:00:00Z,PM2.5,12,UG/M3
840340071007,2025-05-04T00:00:00Z,PM2.5,7.5,UG/M3
840340170008,2025-05-04T00:00:00Z,PM2.5,9.7,UG/M3
840340190001,2025-05-04T00:00:00Z,PM2.5,8.4,UG/M3
840340210005,2025-05-04T00:00:00Z,PM2.5,13,UG/M3
840340210008,2025-05-04T00:00:00Z,PM2.5,9.8,UG/M3
840340230011,2025-05-04T00:00:00Z,PM2.5,4.6,UG/M3
840340273001,2025-05-04T00:00:00Z,PM2.5,8.2,UG/M3
840340292002,2025-05-04T00:00:00Z,PM2.5,8.2,UG/M3
840340310005,2025-05-04T00:00:00Z,PM2.5,8.8,UG/M3
840340390004,2025-05-04T00:00:00Z,PM2.5,9.2,UG/M3
840340392003,2025-05-04T00:00:00Z,PM2.5,9.2,UG/M3
840360050080,2025-05-04T00:00:00Z,PM2.5,9.5,UG/M3
840360050110,2025-05-04T00:00:00Z,PM2.5,9.9,UG/M3
840360050112,2025-05-04T00:00:00Z,PM2.5,12.7,UG/M3
840360470052,2025-05-04T00:00:00Z,PM2.5,14,UG/M3
840360470118,2025-05-04T00:00:00Z,PM2.5,18.4,UG/M3
840360610115,2025-05-04T00:00:00Z,PM2.5,9.7,UG/M3
840360610135,2025-05-04T00:00:00Z,PM2.5,10.2,UG/M3
840360710002,2025-05-04T00:00:00Z,PM2.5,2.7,UG/M3
840360810120,2025-05-04T00:00:00Z,PM2.5,15.6,UG/M3
840360810124,2025-05-04T00:00:00Z,PM2.5,18.6,UG/M3
840360850055,2025-05-04T00:00:00Z,PM2.5,8.9,UG/M3
840360850111,2025-05-04T00:00:00Z,PM2.5,8.1,UG/M3
840360870005,2025-05-04T00:00:00Z,PM2.5,5.5,UG/M3
840361030009,2025-05-04T00:00:00Z,PM2.5,11.2,UG/M3
840361192004,2025-05-04T00:00:00Z,PM2.5,5.4,UG/M3
840421010048,2025-05-04T00:00:00Z,PM2.5,8.5,UG/M3
840421010055,2025-05-04T00:00:00Z,PM2.5,7.4,UG/M3
840421010057,2025-05-04T00:00:00Z,PM2.5,9.1,UG/M3
840421010075,2025-05-04T00:00:00Z,PM2.5,8.7,UG/M3
840999999911,2025-05-04T00:00:00Z,PM25,10.05,UG/M3
840999999913,2025-05-04T00:00:00Z,PM25,9.61,UG/M3
840999999914,2025-05-04T00:00:00Z,PM25,12.21,UG/M3
840999999915,2025-05-04T00:00:00Z,PM25,7.76,UG/M3
840999999916,2025-05-04T00:00:00Z,PM25,13.69,UG/M3
840999999918,2025-05-04T00:00:00Z,PM25,8.14,UG/M3
840999999991,2025-05-04T00:00:00Z,PM25,12.11,UG/M3
840999999992,2025-05-04T00:00:00Z,PM25,8.07,UG/M3
840999999994,2025-05-04T00:00:00Z,PM25,9.44,UG/M3
840999999995,2025-05-04T00:00:00Z,PM25,11.46,UG/M3
840999999996,2025-05-04T00:00:00Z,PM25,7.88,UG/M3
840999999997,2025-05-04T00:00:00Z,PM25,11.94,UG/M3
840999999998,2025-05-04T00:00:00Z,PM25,8.47,UG/M3
840999999999,2025-05-04T00:00:00Z,PM25,8.9,UG/M3
840090010010,2025-05-04T01:00:00Z,PM2.5,9.8,UG/M3
840090011123,2025-05-04T01:00:00Z,PM2.5,6.3,UG/M3
840090090027,2025-05-04T01:00:00Z,PM2.5,8.4,UG/M3
840090110124,2025-05-04T01:00:00Z,PM2.5,13.7,UG/M3
840340030010,2025-05-04T01:00:00Z,PM2.5,10.9,UG/M3
840340070010,2025-05-04T01:00:00Z,PM2.5,10.3,UG/M3
840340071007,2025-05-04T01:00:00Z,PM2.5,5.4,UG/M3
840340170008,2025-05-04T01:00:00Z,PM2.5,10.6,UG/M3
840340190001,2025-05-04T01:00:00Z,PM2.5,8.4,UG/M3
840340210005,2025-05-04T01:00:00Z,PM2.5,9.7,UG/M3
840340210008,2025-05-04T01:00:00Z,PM2.5,5.1,UG/M3
840340230011,2025-05-04T01:00:00Z,PM2.5,4.4,UG/M3
840340273001,2025-05-04T01:00:00Z,PM2.5,7.1,UG/M3
840340292002,2025-05-04T01:00:00Z,PM2.5,5.7,UG/M3
840340310005,2025-05-04T01:00:00Z,PM2.5,10,UG/M3
840340390004,2025-05-04T01:00:00Z,PM2.5,12.7,UG/M3
840340392003,2025-05-04T01:00:00Z,PM2.5,9.6,UG/M3
840360050080,2025-05-04T01:00:00Z,PM2.5,8.4,UG/M3
840360050110,2025-05-04T01:00:00Z,PM2.5,11.3,UG/M3
840360050112,2025-05-04T01:00:00Z,PM2.5,12.7,UG/M3
840360470052,2025-05-04T01:00:00Z,PM2.5,16.7,UG/M3
840360470118,2025-05-04T01:00:00Z,PM2.5,19.3,UG/M3
840360610115,2025-05-04T01:00:00Z,PM2.5,7.9,UG/M3
840360610135,2025-05-04T01:00:00Z,PM2.5,11.2,UG/M3
840360710002,2025-05-04T01:00:00Z,PM2.5,3.9,UG/M3
840360810120,2025-05-04T01:00:00Z,PM2.5,15.4,UG/M3
840360810124,2025-05-04T01:00:00Z,PM2.5,18.1,UG/M3
840360850055,2025-05-04T01:00:00Z,PM2.5,8.5,UG/M3
840360850111,2025-05-04T01:00:00Z,PM2.5,9.3,UG/M3
840360870005,2025-05-04T01:00:00Z,PM2.5,5.1,UG/M3
840361030009,2025-05-04T01:00:00Z,PM2.5,10.3,UG/M3
840361192004,2025-05-04T01:00:00Z,PM2.5,5.5,UG/M3
840421010048,2025-05-04T01:00:00Z,PM2.5,6.6,UG/M3
840421010055,2025-05-04T01:00:00Z,PM2.5,6.4,UG/M3
840421010057,2025-05-04T01:00:00Z,PM2.5,6.7,UG/M3
840421010075,2025-05-04T01:00:00Z,PM2.5,8.2,UG/M3
840999999911,2025-05-04T01:00:00Z,PM25,12.93,UG/M3
840999999913,2025-05-04T01:00:00Z,PM25,10.82,UG/M3
840999999914,2025-05-04T01:00:00Z,PM25,12.41,UG/M3
840999999915,2025-05-04T01:00:00Z,PM25,8.98,UG/M3
840999999916,2025-05-04T01:00:00Z,PM25,15.1,UG/M3
840999999918,2025-05-04T01:00:00Z,PM25,8.15,UG/M3
840999999991,2025-05-04T01:00:00Z,PM25,12.43,UG/M3
840999999992,2025-05-04T01:00:00Z,PM25,11.02,UG/M3
840999999994,2025-05-04T01:00:00Z,PM25,9.17,UG/M3
840999999995,2025-05-04T01:00:00Z,PM25,12.26,UG/M3
840999999996,2025-05-04T01:00:00Z,PM25,8.77,UG/M3
840999999997,2025-05-04T01:00:00Z,PM25,22.48,UG/M3
840999999998,2025-05-04T01:00:00Z,PM25,11.51,UG/M3
840999999999,2025-05-04T01:00:00Z,PM25,8.44,UG/M3
840090010010,2025-05-04T02:00:00Z,PM2.5,10.5,UG/M3
840090011123,2025-05-04T02:00:00Z,PM2.5,6.5,UG/M3
840090090027,2025-05-04T02:00:00Z,PM2.5,9.7,UG/M3
840090110124,2025-05-04T02:00:00Z,PM2.5,12.5,UG/M3
840340030010,2025-05-04T02:00:00Z,PM2.5,8.1,UG/M3
840340070010,2025-05-04T02:00:00Z,PM2.5,7.6,UG/M3
840340071007,2025-05-04T02:00:00Z,PM2.5,4.6,UG/M3
840340170008,2025-05-04T02:00:00Z,PM2.5,15.6,UG/M3
840340190001,2025-05-04T02:00:00Z,PM2.5,8.4,UG/M3
840340210005,2025-05-04T02:00:00Z,PM2.5,4,UG/M3
840340210008,2025-05-04T02:00:00Z,PM2.5,7,UG/M3
840340230011,2025-05-04T02:00:00Z,PM2.5,10.4,UG/M3
840340273001,2025-05-04T02:00:00Z,PM2.5,9.4,UG/M3
840340292002,2025-05-04T02:00:00Z,PM2.5,4.6,UG/M3
840340310005,2025-05-04T02:00:00Z,PM2.5,11.6,UG/M3
840340390004,2025-05-04T02:00:00Z,PM2.5,12.8,UG/M3
840340392003,2025-05-04T02:00:00Z,PM2.5,9.6,UG/M3
840360050080,2025-05-04T02:00:00Z,PM2.5,11,UG/M3
840360050110,2025-05-04T02:00:00Z,PM2.5,13,UG/M3
840360050112,2025-05-04T02:00:00Z,PM2.5,14.3,UG/M3
840360470052,2025-05-04T02:00:00Z,PM2.5,17.1,UG/M3
840360470118,2025-05-04T02:00:00Z,PM2.5,19.2,UG/M3
840360610115,2025-05-04T02:00:00Z,PM2.5,11.4,UG/M3
840360610135,2025-05-04T02:00:00Z,PM2.5,14.5,UG/M3
840360710002,2025-05-04T02:00:00Z,PM2.5,4.2,UG/M3
840360810120,2025-05-04T02:00:00Z,PM2.5,14.4,UG/M3
840360810124,2025-05-04T02:00:00Z,PM2.5,16.6,UG/M3
840360850055,2025-05-04T02:00:00Z,PM2.5,7.7,UG/M3
840360850111,2025-05-04T02:00:00Z,PM2.5,9,UG/M3
840360870005,2025-05-04T02:00:00Z,PM2.5,4.4,UG/M3
840361030009,2025-05-04T02:00:00Z,PM2.5,9.3,UG/M3
840361192004,2025-05-04T02:00:00Z,PM2.5,4.5,UG/M3
840421010048,2025-05-04T02:00:00Z,PM2.5,6.1,UG/M3
840421010055,2025-05-04T02:00:00Z,PM2.5,6,UG/M3
840421010057,2025-05-04T02:00:00Z,PM2.5,6.1,UG/M3
840421010075,2025-05-04T02:00:00Z,PM2.5,7.3,UG/M3
840999999911,2025-05-04T02:00:00Z,PM25,9.56,UG/M3
840999999913,2025-05-04T02:00:00Z,PM25,9.99,UG/M3
840999999914,2025-05-04T02:00:00Z,PM25,10.72,UG/M3
840999999915,2025-05-04T02:00:00Z,PM25,12.62,UG/M3
840999999916,2025-05-04T02:00:00Z,PM25,13.76,UG/M3
840999999918,2025-05-04T02:00:00Z,PM25,7.68,UG/M3
840999999991,2025-05-04T02:00:00Z,PM25,9.85,UG/M3
840999999992,2025-05-04T02:00:00Z,PM25,9.89,UG/M3
840999999994,2025-05-04T02:00:00Z,PM25,8.24,UG/M3
840999999995,2025-05-04T02:00:00Z,PM25,11.88,UG/M3
840999999996,2025-05-04T02:00:00Z,PM25,7.92,UG/M3
840999999997,2025-05-04T02:00:00Z,PM25,11.17,UG/M3
840999999998,2025-05-04T02:00:00Z,PM25,11.35,UG/M3
840999999999,2025-05-04T02:00:00Z,PM25,8.3,UG/M3
840090010010,2025-05-04T03:00:00Z,PM2.5,10.7,UG/M3
840090011123,2025-05-04T03:00:00Z,PM2.5,8,UG/M3
840090090027,2025-05-04T03:00:00Z,PM2.5,9.5,UG/M3
840090110124,2025-05-04T03:00:00Z,PM2.5,11.3,UG/M3
840340030010,2025-05-04T03:00:00Z,PM2.5,13.4,UG/M3
840340070010,2025-05-04T03:00:00Z,PM2.5,7.5,UG/M3
840340071007,2025-05-04T03:00:00Z,PM2.5,9.3,UG/M3
840340170008,2025-05-04T03:00:00Z,PM2.5,9.3,UG/M3
840340190001,2025-05-04T03:00:00Z,PM2.5,8,UG/M3
840340210005,2025-05-04T03:00:00Z,PM2.5,1.4,UG/M3
840340210008,2025-05-04T03:00:00Z,PM2.5,5.3,UG/M3
840340230011,2025-05-04T03:00:00Z,PM2.5,6.7,UG/M3
840340273001,2025-05-04T03:00:00Z,PM2.5,8.1,UG/M3
840340292002,2025-05-04T03:00:00Z,PM2.5,5,UG/M3
840340310005,2025-05-04T03:00:00Z,PM2.5,11.2,UG/M3
840340390004,2025-05-04T03:00:00Z,PM2.5,10.6,UG/M3
840340392003,2025-05-04T03:00:00Z,PM2.5,9.5,UG/M3
840360050080,2025-05-04T03:00:00Z,PM2.5,9.8,UG/M3
840360050110,2025-05-04T03:00:00Z,PM2.5,12.6,UG/M3
840360050112,2025-05-04T03:00:00Z,PM2.5,14.1,UG/M3
840360470052,2025-05-04T03:00:00Z,PM2.5,15,UG/M3
840360470118,2025-05-04T03:00:00Z,PM2.5,19.2,UG/M3
840360610115,2025-05-04T03:00:00Z,PM2.5,10.6,UG/M3
840360610135,2025-05-04T03:00:00Z,PM2.5,12.6,UG/M3
840360710002,2025-05-04T03:00:00Z,PM2.5,3.9,UG/M3
840360810120,2025-05-04T03:00:00Z,PM2.5,12.8,UG/M3
840360810124,2025-05-04T03:00:00Z,PM2.5,16,UG/M3
840360850055,2025-05-04T03:00:00Z,PM2.5,6.5,UG/M3
840360850111,2025-05-04T03:00:00Z,PM2.5,8.4,UG/M3
840360870005,2025-05-04T03:00:00Z,PM2.5,5,UG/M3
840361030009,2025-05-04T03:00:00Z,PM2.5,8.8,UG/M3
840361192004,2025-05-04T03:00:00Z,PM2.5,4.6,UG/M3
840421010048,2025-05-04T03:00:00Z,PM2.5,5.1,UG/M3
840421010055,2025-05-04T03:00:00Z,PM2.5,5.2,UG/M3
840421010057,2025-05-04T03:00:00Z,PM2.5,5.2,UG/M3
840421010075,2025-05-04T03:00:00Z,PM2.5,5.5,UG/M3
840999999911,2025-05-04T03:00:00Z,PM25,6.68,UG/M3
840999999913,2025-05-04T03:00:00Z,PM25,5.77,UG/M3
840999999914,2025-05-04T03:00:00Z,PM25,5.74,UG/M3
840999999915,2025-05-04T03:00:00Z,PM25,11.1,UG/M3
840999999916,2025-05-04T03:00:00Z,PM25,8.8,UG/M3
840999999918,2025-05-04T03:00:00Z,PM25,8.02,UG/M3
840999999991,2025-05-04T03:00:00Z,PM25,6.66,UG/M3
840999999992,2025-05-04T03:00:00Z,PM25,8.3,UG/M3
840999999994,2025-05-04T03:00:00Z,PM25,8.21,UG/M3
840999999995,2025-05-04T03:00:00Z,PM25,8.22,UG/M3
840999999996,2025-05-04T03:00:00Z,PM25,2.69,UG/M3
840999999997,2025-05-04T03:00:00Z,PM25,7.39,UG/M3
840999999998,2025-05-04T03:00:00Z,PM25,9.07,UG/M3
840999999999,2025-05-04T03:00:00Z,PM25,8.22,UG/M3
840090010010,2025-05-04T04:00:00Z,PM2.5,10.7,UG/M3
840090011123,2025-05-04T04:00:00Z,PM2.5,9.3,UG/M3
840090090027,2025-05-04T04:00:00Z,PM2.5,11.4,UG/M3
840090110124,2025-05-04T04:00:00Z,PM2.5,10.8,UG/M3
840340030010,2025-05-04T04:00:00Z,PM2.5,9.7,UG/M3
840340070010,2025-05-04T04:00:00Z,PM2.5,6.1,UG/M3
840340071007,2025-05-04T04:00:00Z,PM2.5,5.4,UG/M3
840340170008,2025-05-04T04:00:00Z,PM2.5,9.4,UG/M3
840340190001,2025-05-04T04:00:00Z,PM2.5,6.8,UG/M3
840340210005,2025-05-04T04:00:00Z,PM2.5,2.2,UG/M3
840340210008,2025-05-04T04:00:00Z,PM2.5,3.5,UG/M3
840340230011,2025-05-04T04:00:00Z,PM2.5,7,UG/M3
840340273001,2025-05-04T04:00:00Z,PM2.5,6.4,UG/M3
840340292002,2025-05-04T04:00:00Z,PM2.5,3.1,UG/M3
840340310005,2025-05-04T04:00:00Z,PM2.5,11.3,UG/M3
840340390004,2025-05-04T04:00:00Z,PM2.5,8,UG/M3
840340392003,2025-05-04T04:00:00Z,PM2.5,6.9,UG/M3
840360050080,2025-05-04T04:00:00Z,PM2.5,8.4,UG/M3
840360050110,2025-05-04T04:00:00Z,PM2.5,12.7,UG/M3
840360050112,2025-05-04T04:00:00Z,PM2.5,14.2,UG/M3
840360470052,2025-05-04T04:00:00Z,PM2.5,13,UG/M3
840360470118,2025-05-04T04:00:00Z,PM2.5,18.6,UG/M3
840360610115,2025-05-04T04:00:00Z,PM2.5,9.1,UG/M3
840360610135,2025-05-04T04:00:00Z,PM2.5,12.7,UG/M3
840360710002,2025-05-04T04:00:00Z,PM2.5,5.2,UG/M3
840360810120,2025-05-04T04:00:00Z,PM2.5,11.7,UG/M3
840360810124,2025-05-04T04:00:00Z,PM2.5,15.5,UG/M3
840360850055,2025-05-04T04:00:00Z,PM2.5,5.2,UG/M3
840360850111,2025-05-04T04:00:00Z,PM2.5,7.8,UG/M3
840360870005,2025-05-04T04:00:00Z,PM2.5,4.9,UG/M3
840361030009,2025-05-04T04:00:00Z,PM2.5,8.4,UG/M3
840361192004,2025-05-04T04:00:00Z,PM2.5,6,UG/M3
840421010048,2025-05-04T04:00:00Z,PM2.5,4.7,UG/M3
840421010055,2025-05-04T04:00:00Z,PM2.5,5.1,UG/M3
840421010057,2025-05-04T04:00:00Z,PM2.5,5.1,UG/M3
840421010075,2025-05-04T04:00:00Z,PM2.5,4.9,UG/M3
840999999911,2025-05-04T04:00:00Z,PM25,7.93,UG/M3
840999999913,2025-05-04T04:00:00Z,PM25,9.11,UG/M3
840999999914,2025-05-04T04:00:00Z,PM25,7.61,UG/M3
840999999915,2025-05-04T04:00:00Z,PM25,11.88,UG/M3
840999999916,2025-05-04T04:00:00Z,PM25,10.82,UG/M3
840999999918,2025-05-04T04:00:00Z,PM25,8.81,UG/M3
840999999991,2025-05-04T04:00:00Z,PM25,7.05,UG/M3
840999999992,2025-05-04T04:00:00Z,PM25,7.59,UG/M3
840999999994,2025-05-04T04:00:00Z,PM25,8.52,UG/M3
840999999995,2025-05-04T04:00:00Z,PM25,8.56,UG/M3
840999999996,2025-05-04T04:00:00Z,PM25,7.85,UG/M3
840999999997,2025-05-04T04:00:00Z,PM25,8.6,UG/M3
840999999998,2025-05-04T04:00:00Z,PM25,10.16,UG/M3
840999999999,2025-05-04T04:00:00Z,PM25,7.9,UG/M3
840090010010,2025-05-04T05:00:00Z,PM2.5,9.7,UG/M3
840090011123,2025-05-04T05:00:00Z,PM2.5,10.2,UG/M3
840090090027,2025-05-04T05:00:00Z,PM2.5,10.7,UG/M3
840090110124,2025-05-04T05:00:00Z,PM2.5,9.9,UG/M3
840340030010,2025-05-04T05:00:00Z,PM2.5,8.1,UG/M3
840340070010,2025-05-04T05:00:00Z,PM2.5,5.4,UG/M3
840340071007,2025-05-04T05:00:00Z,PM2.5,5.7,UG/M3
840340170008,2025-05-04T05:00:00Z,PM2.5,8.4,UG/M3
840340190001,2025-05-04T05:00:00Z,PM2.5,6.8,UG/M3
840340210005,2025-05-04T05:00:00Z,PM2.5,2.2,UG/M3
840340210008,2025-05-04T05:00:00Z,PM2.5,4.7,UG/M3
840340230011,2025-05-04T05:00:00Z,PM2.5,6.9,UG/M3
840340273001,2025-05-04T05:00:00Z,PM2.5,3.2,UG/M3
840340292002,2025-05-04T05:00:00Z,PM2.5,2.4,UG/M3
840340310005,2025-05-04T05:00:00Z,PM2.5,10.9,UG/M3
840340390004,2025-05-04T05:00:00Z,PM2.5,6.4,UG/M3
840340392003,2025-05-04T05:00:00Z,PM2.5,8,UG/M3
840360050080,2025-05-04T05:00:00Z,PM2.5,6.1,UG/M3
840360050110,2025-05-04T05:00:00Z,PM2.5,11.7,UG/M3
840360050112,2025-05-04T05:00:00Z,PM2.5,13.6,UG/M3
840360470052,2025-05-04T05:00:00Z,PM2.5,11.3,UG/M3
840360470118,2025-05-04T05:00:00Z,PM2.5,17.5,UG/M3
840360610115,2025-05-04T05:00:00Z,PM2.5,6.5,UG/M3
840360610135,2025-05-04T05:00:00Z,PM2.5,13.5,UG/M3
840360710002,2025-05-04T05:00:00Z,PM2.5,3.8,UG/M3
840360810120,2025-05-04T05:00:00Z,PM2.5,9.2,UG/M3
840360810124,2025-05-04T05:00:00Z,PM2.5,14.9,UG/M3
840360850055,2025-05-04T05:00:00Z,PM2.5,5.2,UG/M3
840360850111,2025-05-04T05:00:00Z,PM2.5,7.9,UG/M3
840360870005,2025-05-04T05:00:00Z,PM2.5,4.4,UG/M3
840361030009,2025-05-04T05:00:00Z,PM2.5,7.9,UG/M3
840361192004,2025-05-04T05:00:00Z,PM2.5,5.4,UG/M3
840421010048,2025-05-04T05:00:00Z,PM2.5,5.5,UG/M3
840421010055,2025-05-04T05:00:00Z,PM2.5,6.6,UG/M3
840421010057,2025-05-04T05:00:00Z,PM2.5,6.2,UG/M3
840421010075,2025-05-04T05:00:00Z,PM2.5,4.9,UG/M3
840999999911,2025-05-04T05:00:00Z,PM25,7.45,UG/M3
840999999913,2025-05-04T05:00:00Z,PM25,8.3,UG/M3
840999999914,2025-05-04T05:00:00Z,PM25,7.48,UG/M3
840999999915,2025-05-04T05:00:00Z,PM25,10.31,UG/M3
840999999916,2025-05-04T05:00:00Z,PM25,9.73,UG/M3
840999999918,2025-05-04T05:00:00Z,PM25,9.6,UG/M3
840999999991,2025-05-04T05:00:00Z,PM25,6.47,UG/M3
840999999992,2025-05-04T05:00:00Z,PM25,6.62,UG/M3
840999999994,2025-05-04T05:00:00Z,PM25,7.49,UG/M3
840999999995,2025-05-04T05:00:00Z,PM25,8.34,UG/M3
840999999996,2025-05-04T05:00:00Z,PM25,7.4,UG/M3
840999999997,2025-05-04T05:00:00Z,PM25,7.21,UG/M3
840999999998,2025-05-04T05:00:00Z,PM25,8.89,UG/M3
840999999999,2025-05-04T05:00:00Z,PM25,7.12,UG/M3
840090010010,2025-05-04T06:00:00Z,PM2.5,9.1,UG/M3
840090011123,2025-05-04T06:00:00Z,PM2.5,10.8,UG/M3
840090090027,2025-05-04T06:00:00Z,PM2.5,9.3,UG/M3
840090110124,2025-05-04T06:00:00Z,PM2.5,9.1,UG/M3
840340030010,2025-05-04T06:00:00Z,PM2.5,9.8,UG/M3
840340070010,2025-05-04T06:00:00Z,PM2.5,8.4,UG/M3
840340071007,2025-05-04T06:00:00Z,PM2.5,6.3,UG/M3
840340170008,2025-05-04T06:00:00Z,PM2.5,7.8,UG/M3
840340190001,2025-05-04T06:00:00Z,PM2.5,3.2,UG/M3
840340210005,2025-05-04T06:00:00Z,PM2.5,4.8,UG/M3
840340210008,2025-05-04T06:00:00Z,PM2.5,6.3,UG/M3
840340230011,2025-05-04T06:00:00Z,PM2.5,5.4,UG/M3
840340273001,2025-05-04T06:00:00Z,PM2.5,3.6,UG/M3
840340292002,2025-05-04T06:00:00Z,PM2.5,2.8,UG/M3
840340310005,2025-05-04T06:00:00Z,PM2.5,8.9,UG/M3
840340390004,2025-05-04T06:00:00Z,PM2.5,6.8,UG/M3
840340392003,2025-05-04T06:00:00Z,PM2.5,7.9,UG/M3
840360050080,2025-05-04T06:00:00Z,PM2.5,4.6,UG/M3
840360050110,2025-05-04T06:00:00Z,PM2.5,10.9,UG/M3
840360050112,2025-05-04T06:00:00Z,PM2.5,12.9,UG/M3
840360470052,2025-05-04T06:00:00Z,PM2.5,10.5,UG/M3
840360470118,2025-05-04T06:00:00Z,PM2.5,16.2,UG/M3
840360610115,2025-05-04T06:00:00Z,PM2.5,4.9,UG/M3
840360610135,2025-05-04T06:00:00Z,PM2.5,12.7,UG/M3
840360710002,2025-05-04T06:00:00Z,PM2.5,3.3,UG/M3
840360810120,2025-05-04T06:00:00Z,PM2.5,7.9,UG/M3
840360810124,2025-05-04T06:00:00Z,PM2.5,13.5,UG/M3
840360850055,2025-05-04T06:00:00Z,PM2.5,2.7,UG/M3
840360850111,2025-05-04T06:00:00Z,PM2.5,7.9,UG/M3
840360870005,2025-05-04T06:00:00Z,PM2.5,4.5,UG/M3
840361030009,2025-05-04T06:00:00Z,PM2.5,7.6,UG/M3
840361192004,2025-05-04T06:00:00Z,PM2.5,4.5,UG/M3
840421010048,2025-05-04T06:00:00Z,PM2.5,6.9,UG/M3
840421010055,2025-05-04T06:00:00Z,PM2.5,7.5,UG/M3
840421010057,2025-05-04T06:00:00Z,PM2.5,7.7,UG/M3
840421010075,2025-05-04T06:00:00Z,PM2.5,5.2,UG/M3
840999999911,2025-05-04T06:00:00Z,PM25,6.65,UG/M3
840999999913,2025-05-04T06:00:00Z,PM25,7.4,UG/M3
840999999914,2025-05-04T06:00:00Z,PM25,6.73,UG/M3
840999999915,2025-05-04T06:00:00Z,PM25,8.82,UG/M3
840999999916,2025-05-04T06:00:00Z,PM25,8.44,UG/M3
840999999918,2025-05-04T06:00:00Z,PM25,8.31,UG/M3
840999999991,2025-05-04T06:00:00Z,PM25,6.09,UG/M3
840999999992,2025-05-04T06:00:00Z,PM25,6.66,UG/M3
840999999994,2025-05-04T06:00:00Z,PM25,7.06,UG/M3
840999999995,2025-05-04T06:00:00Z,PM25,7.96,UG/M3
840999999996,2025-05-04T06:00:00Z,PM25,6.7,UG/M3
840999999997,2025-05-04T06:00:00Z,PM25,6.4,UG/M3
840999999998,2025-05-04T06:00:00Z,PM25,7.94,UG/M3
840999999999,2025-05-04T06:00:00Z,PM25,6.89,UG/M3
840090010010,2025-05-04T07:00:00Z,PM2.5,8.8,UG/M3
840090011123,2025-05-04T07:00:00Z,PM2.5,11.4,UG/M3
840090090027,2025-05-04T07:00:00Z,PM2.5,8.6,UG/M3
840090110124,2025-05-04T07:00:00Z,PM2.5,8.9,UG/M3
840340030010,2025-05-04T07:00:00Z,PM2.5,10.3,UG/M3
840340070010,2025-05-04T07:00:00Z,PM2.5,7.6,UG/M3
840340071007,2025-05-04T07:00:00Z,PM2.5,7.6,UG/M3
840340170008,2025-05-04T07:00:00Z,PM2.5,8.2,UG/M3
840340190001,2025-05-04T07:00:00Z,PM2.5,3.1,UG/M3
840340210005,2025-05-04T07:00:00Z,PM2.5,5.3,UG/M3
840340210008,2025-05-04T07:00:00Z,PM2.5,6,UG/M3
840340230011,2025-05-04T07:00:00Z,PM2.5,5.8,UG/M3
840340273001,2025-05-04T07:00:00Z,PM2.5,5.2,UG/M3
840340292002,2025-05-04T07:00:00Z,PM2.5,4.4,UG/M3
840340310005,2025-05-04T07:00:00Z,PM2.5,10.2,UG/M3
840340390004,2025-05-04T07:00:00Z,PM2.5,7.7,UG/M3
840340392003,2025-05-04T07:00:00Z,PM2.5,8.2,UG/M3
840360050080,2025-05-04T07:00:00Z,PM2.5,4.4,UG/M3
840360050110,2025-05-04T07:00:00Z,PM2.5,10.2,UG/M3
840360050112,2025-05-04T07:00:00Z,PM2.5,11.9,UG/M3
840360470052,2025-05-04T07:00:00Z,PM2.5,10.3,UG/M3
840360470118,2025-05-04T07:00:00Z,PM2.5,14.4,UG/M3
840360610115,2025-05-04T07:00:00Z,PM2.5,4.6,UG/M3
840360610135,2025-05-04T07:00:00Z,PM2.5,11.9,UG/M3
840360710002,2025-05-04T07:00:00Z,PM2.5,2.6,UG/M3
840360810120,2025-05-04T07:00:00Z,PM2.5,7.2,UG/M3
840360810124,2025-05-04T07:00:00Z,PM2.5,12.1,UG/M3
840360850055,2025-05-04T07:00:00Z,PM2.5,1.4,UG/M3
840360850111,2025-05-04T07:00:00Z,PM2.5,7.6,UG/M3
840360870005,2025-05-04T07:00:00Z,PM2.5,4,UG/M3
840361030009,2025-05-04T07:00:00Z,PM2.5,7.8,UG/M3
840361192004,2025-05-04T07:00:00Z,PM2.5,3.9,UG/M3
840421010048,2025-05-04T07:00:00Z,PM2.5,8.4,UG/M3
840421010055,2025-05-04T07:00:00Z,PM2.5,8,UG/M3
840421010057,2025-05-04T07:00:00Z,PM2.5,8.6,UG/M3
840421010075,2025-05-04T07:00:00Z,PM2.5,6.1,UG/M3
840999999911,2025-05-04T07:00:00Z,PM25,6.09,UG/M3
840999999913,2025-05-04T07:00:00Z,PM25,6.79,UG/M3
840999999914,2025-05-04T07:00:00Z,PM25,6.14,UG/M3
840999999915,2025-05-04T07:00:00Z,PM25,7.68,UG/M3
840999999916,2025-05-04T07:00:00Z,PM25,7.34,UG/M3
840999999918,2025-05-04T07:00:00Z,PM25,6.54,UG/M3
840999999991,2025-05-04T07:00:00Z,PM25,5.45,UG/M3
840999999992,2025-05-04T07:00:00Z,PM25,6.5,UG/M3
840999999994,2025-05-04T07:00:00Z,PM25,6.57,UG/M3
840999999995,2025-05-04T07:00:00Z,PM25,7.08,UG/M3
840999999996,2025-05-04T07:00:00Z,PM25,5.84,UG/M3
840999999997,2025-05-04T07:00:00Z,PM25,5.79,UG/M3
840999999998,2025-05-04T07:00:00Z,PM25,7.35,UG/M3
840999999999,2025-05-04T07:00:00Z,PM25,6.31,UG/M3
840090010010,2025-05-04T08:00:00Z,PM2.5,8.7,UG/M3
840090011123,2025-05-04T08:00:00Z,PM2.5,11.9,UG/M3
840090090027,2025-05-04T08:00:00Z,PM2.5,8.4,UG/M3
840090110124,2025-05-04T08:00:00Z,PM2.5,8.5,UG/M3
840340030010,2025-05-04T08:00:00Z,PM2.5,12.7,UG/M3
840340070010,2025-05-04T08:00:00Z,PM2.5,8.4,UG/M3
840340071007,2025-05-04T08:00:00Z,PM2.5,7.5,UG/M3
840340170008,2025-05-04T08:00:00Z,PM2.5,7,UG/M3
840340190001,2025-05-04T08:00:00Z,PM2.5,4.2,UG/M3
840340210005,2025-05-04T08:00:00Z,PM2.5,6,UG/M3
840340210008,2025-05-04T08:00:00Z,PM2.5,8.8,UG/M3
840340230011,2025-05-04T08:00:00Z,PM2.5,5.4,UG/M3
840340273001,2025-05-04T08:00:00Z,PM2.5,4.6,UG/M3
840340292002,2025-05-04T08:00:00Z,PM2.5,2.9,UG/M3
840340310005,2025-05-04T08:00:00Z,PM2.5,10.1,UG/M3
840340390004,2025-05-04T08:00:00Z,PM2.5,8.9,UG/M3
840340392003,2025-05-04T08:00:00Z,PM2.5,8.2,UG/M3
840360050080,2025-05-04T08:00:00Z,PM2.5,5,UG/M3
840360050110,2025-05-04T08:00:00Z,PM2.5,9.6,UG/M3
840360050112,2025-05-04T08:00:00Z,PM2.5,11.4,UG/M3
840360470052,2025-05-04T08:00:00Z,PM2.5,10.9,UG/M3
840360470118,2025-05-04T08:00:00Z,PM2.5,13.8,UG/M3
840360610115,2025-05-04T08:00:00Z,PM2.5,5,UG/M3
840360610135,2025-05-04T08:00:00Z,PM2.5,11.6,UG/M3
840360710002,2025-05-04T08:00:00Z,PM2.5,2.9,UG/M3
840360810120,2025-05-04T08:00:00Z,PM2.5,7.5,UG/M3
840360810124,2025-05-04T08:00:00Z,PM2.5,11.7,UG/M3
840360850055,2025-05-04T08:00:00Z,PM2.5,2.1,UG/M3
840360850111,2025-05-04T08:00:00Z,PM2.5,7.4,UG/M3
840360870005,2025-05-04T08:00:00Z,PM2.5,4.7,UG/M3
840361030009,2025-05-04T08:00:00Z,PM2.5,7.8,UG/M3
840361192004,2025-05-04T08:00:00Z,PM2.5,3.1,UG/M3
840421010048,2025-05-04T08:00:00Z,PM2.5,11.2,UG/M3
840421010055,2025-05-04T08:00:00Z,PM2.5,8.3,UG/M3
840421010057,2025-05-04T08:00:00Z,PM2.5,9.3,UG/M3
840421010075,2025-05-04T08:00:00Z,PM2.5,7.8,UG/M3
840999999911,2025-05-04T08:00:00Z,PM25,5.72,UG/M3
840999999913,2025-05-04T08:00:00Z,PM25,5.91,UG/M3
840999999914,2025-05-04T08:00:00Z,PM25,6.13,UG/M3
840999999915,2025-05-04T08:00:00Z,PM25,7.02,UG/M3
840999999916,2025-05-04T08:00:00Z,PM25,6.28,UG/M3
840999999918,2025-05-04T08:00:00Z,PM25,7,UG/M3
840999999991,2025-05-04T08:00:00Z,PM25,5.47,UG/M3
840999999992,2025-05-04T08:00:00Z,PM25,7.47,UG/M3
840999999994,2025-05-04T08:00:00Z,PM25,6.35,UG/M3
840999999995,2025-05-04T08:00:00Z,PM25,5.85,UG/M3
840999999996,2025-05-04T08:00:00Z,PM25,5.6,UG/M3
840999999997,2025-05-04T08:00:00Z,PM25,6.06,UG/M3
840999999998,2025-05-04T08:00:00Z,PM25,7.47,UG/M3
840999999999,2025-05-04T08:00:00Z,PM25,6.76,UG/M3
840090010010,2025-05-04T09:00:00Z,PM2.5,8.5,UG/M3
840090011123,2025-05-04T09:00:00Z,PM2.5,11.7,UG/M3
840090090027,2025-05-04T09:00:00Z,PM2.5,8.2,UG/M3
840090110124,2025-05-04T09:00:00Z,PM2.5,8.3,UG/M3
840340030010,2025-05-04T09:00:00Z,PM2.5,12.3,UG/M3
840340070010,2025-05-04T09:00:00Z,PM2.5,12,UG/M3
840340071007,2025-05-04T09:00:00Z,PM2.5,7.9,UG/M3
840340170008,2025-05-04T09:00:00Z,PM2.5,6,UG/M3
840340190001,2025-05-04T09:00:00Z,PM2.5,4.9,UG/M3
840340210005,2025-05-04T09:00:00Z,PM2.5,6.6,UG/M3
840340210008,2025-05-04T09:00:00Z,PM2.5,8.4,UG/M3
840340230011,2025-05-04T09:00:00Z,PM2.5,6.1,UG/M3
840340273001,2025-05-04T09:00:00Z,PM2.5,5.3,UG/M3
840340292002,2025-05-04T09:00:00Z,PM2.5,1,UG/M3
840340310005,2025-05-04T09:00:00Z,PM2.5,10.3,UG/M3
840340390004,2025-05-04T09:00:00Z,PM2.5,8.2,UG/M3
840340392003,2025-05-04T09:00:00Z,PM2.5,6.7,UG/M3
840360050080,2025-05-04T09:00:00Z,PM2.5,4.6,UG/M3
840360050110,2025-05-04T09:00:00Z,PM2.5,9.2,UG/M3
840360050112,2025-05-04T09:00:00Z,PM2.5,11.5,UG/M3
840360470052,2025-05-04T09:00:00Z,PM2.5,11.7,UG/M3
840360470118,2025-05-04T09:00:00Z,PM2.5,13.7,UG/M3
840360610115,2025-05-04T09:00:00Z,PM2.5,5.1,UG/M3
840360610135,2025-05-04T09:00:00Z,PM2.5,10.8,UG/M3
840360710002,2025-05-04T09:00:00Z,PM2.5,3.1,UG/M3
840360810120,2025-05-04T09:00:00Z,PM2.5,7.2,UG/M3
840360810124,2025-05-04T09:00:00Z,PM2.5,12,UG/M3
840360850055,2025-05-04T09:00:00Z,PM2.5,2.7,UG/M3
840360850111,2025-05-04T09:00:00Z,PM2.5,7.4,UG/M3
840360870005,2025-05-04T09:00:00Z,PM2.5,4.8,UG/M3
840361030009,2025-05-04T09:00:00Z,PM2.5,7.8,UG/M3
840361192004,2025-05-04T09:00:00Z,PM2.5,2.9,UG/M3
840421010048,2025-05-04T09:00:00Z,PM2.5,13.3,UG/M3
840421010055,2025-05-04T09:00:00Z,PM2.5,11.8,UG/M3
840421010057,2025-05-04T09:00:00Z,PM2.5,12.9,UG/M3
840421010075,2025-05-04T09:00:00Z,PM2.5,8.4,UG/M3
840999999911,2025-05-04T09:00:00Z,PM25,6.57,UG/M3
840999999913,2025-05-04T09:00:00Z,PM25,6.7,UG/M3
840999999914,2025-05-04T09:00:00Z,PM25,6.49,UG/M3
840999999915,2025-05-04T09:00:00Z,PM25,6.59,UG/M3
840999999916,2025-05-04T09:00:00Z,PM25,6.2,UG/M3
840999999918,2025-05-04T09:00:00Z,PM25,7.95,UG/M3
840999999991,2025-05-04T09:00:00Z,PM25,5.74,UG/M3
840999999992,2025-05-04T09:00:00Z,PM25,6.64,UG/M3
840999999994,2025-05-04T09:00:00Z,PM25,6.65,UG/M3
840999999995,2025-05-04T09:00:00Z,PM25,6.1,UG/M3
840999999996,2025-05-04T09:00:00Z,PM25,6.15,UG/M3
840999999997,2025-05-04T09:00:00Z,PM25,5.73,UG/M3
840999999998,2025-05-04T09:00:00Z,PM25,7.1,UG/M3
840999999999,2025-05-04T09:00:00Z,PM25,6.91,UG/M3
840090010010,2025-05-04T10:00:00Z,PM2.5,8.5,UG/M3
840090011123,2025-05-04T10:00:00Z,PM2.5,11.6,UG/M3
840090090027,2025-05-04T10:00:00Z,PM2.5,8.1,UG/M3
840090110124,2025-05-04T10:00:00Z,PM2.5,8.1,UG/M3
840340030010,2025-05-04T10:00:00Z,PM2.5,10.9,UG/M3
840340070010,2025-05-04T10:00:00Z,PM2.5,15,UG/M3
840340071007,2025-05-04T10:00:00Z,PM2.5,8.2,UG/M3
840340170008,2025-05-04T10:00:00Z,PM2.5,4.1,UG/M3
840340190001,2025-05-04T10:00:00Z,PM2.5,6,UG/M3
840340210005,2025-05-04T10:00:00Z,PM2.5,7.8,UG/M3
840340210008,2025-05-04T10:00:00Z,PM2.5,8.2,UG/M3
840340230011,2025-05-04T10:00:00Z,PM2.5,4.9,UG/M3
840340273001,2025-05-04T10:00:00Z,PM2.5,6,UG/M3
840340292002,2025-05-04T10:00:00Z,PM2.5,3.9,UG/M3
840340310005,2025-05-04T10:00:00Z,PM2.5,7.9,UG/M3
840340390004,2025-05-04T10:00:00Z,PM2.5,10,UG/M3
840340392003,2025-05-04T10:00:00Z,PM2.5,7.5,UG/M3
840360050080,2025-05-04T10:00:00Z,PM2.5,5.6,UG/M3
840360050110,2025-05-04T10:00:00Z,PM2.5,9.6,UG/M3
840360050112,2025-05-04T10:00:00Z,PM2.5,11.6,UG/M3
840360470052,2025-05-04T10:00:00Z,PM2.5,12.6,UG/M3
840360470118,2025-05-04T10:00:00Z,PM2.5,13.6,UG/M3
840360610115,2025-05-04T10:00:00Z,PM2.5,5.8,UG/M3
840360610135,2025-05-04T10:00:00Z,PM2.5,11,UG/M3
840360710002,2025-05-04T10:00:00Z,PM2.5,3.4,UG/M3
840360810120,2025-05-04T10:00:00Z,PM2.5,6.8,UG/M3
840360810124,2025-05-04T10:00:00Z,PM2.5,12.2,UG/M3
840360850055,2025-05-04T10:00:00Z,PM2.5,3.7,UG/M3
840360850111,2025-05-04T10:00:00Z,PM2.5,8.1,UG/M3
840360870005,2025-05-04T10:00:00Z,PM2.5,4.7,UG/M3
840361030009,2025-05-04T10:00:00Z,PM2.5,7.8,UG/M3
840361192004,2025-05-04T10:00:00Z,PM2.5,3,UG/M3
840421010048,2025-05-04T10:00:00Z,PM2.5,12,UG/M3
840421010055,2025-05-04T10:00:00Z,PM2.5,11.7,UG/M3
840421010057,2025-05-04T10:00:00Z,PM2.5,11.9,UG/M3
840421010075,2025-05-04T10:00:00Z,PM2.5,9,UG/M3
840999999911,2025-05-04T10:00:00Z,PM25,6.45,UG/M3
840999999913,2025-05-04T10:00:00Z,PM25,7.2,UG/M3
840999999914,2025-05-04T10:00:00Z,PM25,6.88,UG/M3
840999999915,2025-05-04T10:00:00Z,PM25,7.28,UG/M3
840999999916,2025-05-04T10:00:00Z,PM25,7.35,UG/M3
840999999918,2025-05-04T10:00:00Z,PM25,9.05,UG/M3
840999999991,2025-05-04T10:00:00Z,PM25,6.53,UG/M3
840999999992,2025-05-04T10:00:00Z,PM25,7.3,UG/M3
840999999994,2025-05-04T10:00:00Z,PM25,7.16,UG/M3
840999999995,2025-05-04T10:00:00Z,PM25,7.16,UG/M3
840999999996,2025-05-04T10:00:00Z,PM25,6.82,UG/M3
840999999997,2025-05-04T10:00:00Z,PM25,6.19,UG/M3
840999999998,2025-05-04T10:00:00Z,PM25,7.9,UG/M3
840999999999,2025-05-04T10:00:00Z,PM25,6.93,UG/M3
840090010010,2025-05-04T11:00:00Z,PM2.5,8.6,UG/M3
840090011123,2025-05-04T11:00:00Z,PM2.5,10.8,UG/M3
840090090027,2025-05-04T11:00:00Z,PM2.5,8,UG/M3
840090110124,2025-05-04T11:00:00Z,PM2.5,8.1,UG/M3
840340030010,2025-05-04T11:00:00Z,PM2.5,10.6,UG/M3
840340070010,2025-05-04T11:00:00Z,PM2.5,11.8,UG/M3
840340071007,2025-05-04T11:00:00Z,PM2.5,4.2,UG/M3
840340170008,2025-05-04T11:00:00Z,PM2.5,5.3,UG/M3
840340190001,2025-05-04T11:00:00Z,PM2.5,6.7,UG/M3
840340210005,2025-05-04T11:00:00Z,PM2.5,7,UG/M3
840340210008,2025-05-04T11:00:00Z,PM2.5,8.5,UG/M3
840340230011,2025-05-04T11:00:00Z,PM2.5,5.4,UG/M3
840340273001,2025-05-04T11:00:00Z,PM2.5,4.5,UG/M3
840340292002,2025-05-04T11:00:00Z,PM2.5,6.7,UG/M3
840340310005,2025-05-04T11:00:00Z,PM2.5,8.1,UG/M3
840340390004,2025-05-04T11:00:00Z,PM2.5,8,UG/M3
840340392003,2025-05-04T11:00:00Z,PM2.5,8.5,UG/M3
840360050080,2025-05-04T11:00:00Z,PM2.5,6.2,UG/M3
840360050110,2025-05-04T11:00:00Z,PM2.5,9.4,UG/M3
840360050112,2025-05-04T11:00:00Z,PM2.5,11.6,UG/M3
840360470052,2025-05-04T11:00:00Z,PM2.5,12.9,UG/M3
840360470118,2025-05-04T11:00:00Z,PM2.5,13.4,UG/M3
840360610115,2025-05-04T11:00:00Z,PM2.5,5.7,UG/M3
840360610135,2025-05-04T11:00:00Z,PM2.5,11.1,UG/M3
840360710002,2025-05-04T11:00:00Z,PM2.5,3,UG/M3
840360810120,2025-05-04T11:00:00Z,PM2.5,7,UG/M3
840360810124,2025-05-04T11:00:00Z,PM2.5,11.9,UG/M3
840360850055,2025-05-04T11:00:00Z,PM2.5,4.6,UG/M3
840360850111,2025-05-04T11:00:00Z,PM2.5,8.6,UG/M3
840360870005,2025-05-04T11:00:00Z,PM2.5,4.9,UG/M3
840361030009,2025-05-04T11:00:00Z,PM2.5,7.8,UG/M3
840361192004,2025-05-04T11:00:00Z,PM2.5,4.1,UG/M3
840421010048,2025-05-04T11:00:00Z,PM2.5,11.5,UG/M3
840421010055,2025-05-04T11:00:00Z,PM2.5,10.2,UG/M3
840421010057,2025-05-04T11:00:00Z,PM2.5,10.9,UG/M3
840421010075,2025-05-04T11:00:00Z,PM2.5,9.3,UG/M3
840999999911,2025-05-04T11:00:00Z,PM25,6.55,UG/M3
840999999913,2025-05-04T11:00:00Z,PM25,6.84,UG/M3
840999999914,2025-05-04T11:00:00Z,PM25,7.06,UG/M3
840999999915,2025-05-04T11:00:00Z,PM25,7.02,UG/M3
840999999916,2025-05-04T11:00:00Z,PM25,7.27,UG/M3
840999999918,2025-05-04T11:00:00Z,PM25,8.81,UG/M3
840999999991,2025-05-04T11:00:00Z,PM25,6.47,UG/M3
840999999992,2025-05-04T11:00:00Z,PM25,7,UG/M3
840999999994,2025-05-04T11:00:00Z,PM25,6.83,UG/M3
840999999995,2025-05-04T11:00:00Z,PM25,7.14,UG/M3
840999999996,2025-05-04T11:00:00Z,PM25,6.52,UG/M3
840999999997,2025-05-04T11:00:00Z,PM25,6.12,UG/M3
840999999998,2025-05-04T11:00:00Z,PM25,7.77,UG/M3
840999999999,2025-05-04T11:00:00Z,PM25,6.54,UG/M3
840090010010,2025-05-04T12:00:00Z,PM2.5,8.6,UG/M3
840090011123,2025-05-04T12:00:00Z,PM2.5,10.3,UG/M3
840090090027,2025-05-04T12:00:00Z,PM2.5,8.1,UG/M3
840090110124,2025-05-04T12:00:00Z,PM2.5,8.1,UG/M3
840340030010,2025-05-04T12:00:00Z,PM2.5,9.8,UG/M3
840340070010,2025-05-04T12:00:00Z,PM2.5,9.9,UG/M3
840340071007,2025-05-04T12:00:00Z,PM2.5,7.1,UG/M3
840340170008,2025-05-04T12:00:00Z,PM2.5,5.3,UG/M3
840340190001,2025-05-04T12:00:00Z,PM2.5,6.8,UG/M3
840340210005,2025-05-04T12:00:00Z,PM2.5,4.1,UG/M3
840340210008,2025-05-04T12:00:00Z,PM2.5,6.9,UG/M3
840340230011,2025-05-04T12:00:00Z,PM2.5,5.7,UG/M3
840340273001,2025-05-04T12:00:00Z,PM2.5,6.2,UG/M3
840340292002,2025-05-04T12:00:00Z,PM2.5,7.1,UG/M3
840340310005,2025-05-04T12:00:00Z,PM2.5,7.3,UG/M3
840340390004,2025-05-04T12:00:00Z,PM2.5,9.5,UG/M3
840340392003,2025-05-04T12:00:00Z,PM2.5,8.9,UG/M3
840360050080,2025-05-04T12:00:00Z,PM2.5,6.7,UG/M3
840360050110,2025-05-04T12:00:00Z,PM2.5,9.5,UG/M3
840360050112,2025-05-04T12:00:00Z,PM2.5,11.5,UG/M3
840360470052,2025-05-04T12:00:00Z,PM2.5,13.1,UG/M3
840360470118,2025-05-04T12:00:00Z,PM2.5,13.5,UG/M3
840360610115,2025-05-04T12:00:00Z,PM2.5,6.8,UG/M3
840360610135,2025-05-04T12:00:00Z,PM2.5,11,UG/M3
840360710002,2025-05-04T12:00:00Z,PM2.5,3.2,UG/M3
840360810120,2025-05-04T12:00:00Z,PM2.5,8.4,UG/M3
840360810124,2025-05-04T12:00:00Z,PM2.5,11.6,UG/M3
840360850055,2025-05-04T12:00:00Z,PM2.5,4.8,UG/M3
840360850111,2025-05-04T12:00:00Z,PM2.5,8.7,UG/M3
840360870005,2025-05-04T12:00:00Z,PM2.5,4.8,UG/M3
840361030009,2025-05-04T12:00:00Z,PM2.5,7.9,UG/M3
840361192004,2025-05-04T12:00:00Z,PM2.5,5.5,UG/M3
840421010048,2025-05-04T12:00:00Z,PM2.5,11.1,UG/M3
840421010055,2025-05-04T12:00:00Z,PM2.5,9.5,UG/M3
840421010057,2025-05-04T12:00:00Z,PM2.5,10.1,UG/M3
840421010075,2025-05-04T12:00:00Z,PM2.5,9.3,UG/M3
840999999911,2025-05-04T12:00:00Z,PM25,6.55,UG/M3
840999999913,2025-05-04T12:00:00Z,PM25,7.46,UG/M3
840999999914,2025-05-04T12:00:00Z,PM25,7.21,UG/M3
840999999915,2025-05-04T12:00:00Z,PM25,7.51,UG/M3
840999999916,2025-05-04T12:00:00Z,PM25,8,UG/M3
840999999918,2025-05-04T12:00:00Z,PM25,8.27,UG/M3
840999999991,2025-05-04T12:00:00Z,PM25,6.5,UG/M3
840999999992,2025-05-04T12:00:00Z,PM25,7.75,UG/M3
840999999994,2025-05-04T12:00:00Z,PM25,6.9,UG/M3
840999999995,2025-05-04T12:00:00Z,PM25,7.34,UG/M3
840999999996,2025-05-04T12:00:00Z,PM25,7.02,UG/M3
840999999997,2025-05-04T12:00:00Z,PM25,6.26,UG/M3
840999999998,2025-05-04T12:00:00Z,PM25,7.41,UG/M3
840999999999,2025-05-04T12:00:00Z,PM25,6.54,UG/M3
840090010010,2025-05-04T13:00:00Z,PM2.5,8.6,UG/M3
840090011123,2025-05-04T13:00:00Z,PM2.5,10.6,UG/M3
840090090027,2025-05-04T13:00:00Z,PM2.5,8.1,UG/M3
840090110124,2025-05-04T13:00:00Z,PM2.5,8.1,UG/M3
840340030010,2025-05-04T13:00:00Z,PM2.5,10.2,UG/M3
840340070010,2025-05-04T13:00:00Z,PM2.5,8,UG/M3
840340071007,2025-05-04T13:00:00Z,PM2.5,7,UG/M3
840340170008,2025-05-04T13:00:00Z,PM2.5,6.3,UG/M3
840340190001,2025-05-04T13:00:00Z,PM2.5,6.8,UG/M3
840340210005,2025-05-04T13:00:00Z,PM2.5,4.1,UG/M3
840340210008,2025-05-04T13:00:00Z,PM2.5,11.3,UG/M3
840340230011,2025-05-04T13:00:00Z,PM2.5,5.6,UG/M3
840340273001,2025-05-04T13:00:00Z,PM2.5,7,UG/M3
840340292002,2025-05-04T13:00:00Z,PM2.5,6.9,UG/M3
840340310005,2025-05-04T13:00:00Z,PM2.5,9.2,UG/M3
840340390004,2025-05-04T13:00:00Z,PM2.5,9.5,UG/M3
840340392003,2025-05-04T13:00:00Z,PM2.5,9.3,UG/M3
840360050080,2025-05-04T13:00:00Z,PM2.5,6.8,UG/M3
840360050110,2025-05-04T13:00:00Z,PM2.5,9.5,UG/M3
840360050112,2025-05-04T13:00:00Z,PM2.5,11.5,UG/M3
840360470052,2025-05-04T13:00:00Z,PM2.5,13.4,UG/M3
840360470118,2025-05-04T13:00:00Z,PM2.5,13.8,UG/M3
840360610115,2025-05-04T13:00:00Z,PM2.5,6.5,UG/M3
840360610135,2025-05-04T13:00:00Z,PM2.5,10.8,UG/M3
840360710002,2025-05-04T13:00:00Z,PM2.5,4,UG/M3
840360810120,2025-05-04T13:00:00Z,PM2.5,8.4,UG/M3
840360810124,2025-05-04T13:00:00Z,PM2.5,11.5,UG/M3
840360850055,2025-05-04T13:00:00Z,PM2.5,5.6,UG/M3
840360850111,2025-05-04T13:00:00Z,PM2.5,8.7,UG/M3
840360870005,2025-05-04T13:00:00Z,PM2.5,5,UG/M3
840361030009,2025-05-04T13:00:00Z,PM2.5,7.8,UG/M3
840361192004,2025-05-04T13:00:00Z,PM2.5,6.4,UG/M3
840421010048,2025-05-04T13:00:00Z,PM2.5,11.2,UG/M3
840421010055,2025-05-04T13:00:00Z,PM2.5,9.4,UG/M3
840421010057,2025-05-04T13:00:00Z,PM2.5,10.2,UG/M3
840421010075,2025-05-04T13:00:00Z,PM2.5,9.2,UG/M3
840999999911,2025-05-04T13:00:00Z,PM25,6.75,UG/M3
840999999913,2025-05-04T13:00:00Z,PM25,7.74,UG/M3
840999999914,2025-05-04T13:00:00Z,PM25,7.57,UG/M3
840999999915,2025-05-04T13:00:00Z,PM25,7.32,UG/M3
840999999916,2025-05-04T13:00:00Z,PM25,7.95,UG/M3
840999999918,2025-05-04T13:00:00Z,PM25,7.33,UG/M3
840999999991,2025-05-04T13:00:00Z,PM25,6.94,UG/M3
840999999992,2025-05-04T13:00:00Z,PM25,7.95,UG/M3
840999999994,2025-05-04T13:00:00Z,PM25,7.03,UG/M3
840999999995,2025-05-04T13:00:00Z,PM25,7.61,UG/M3
840999999996,2025-05-04T13:00:00Z,PM25,7.17,UG/M3
840999999997,2025-05-04T13:00:00Z,PM25,6.91,UG/M3
840999999998,2025-05-04T13:00:00Z,PM25,7,UG/M3
840999999999,2025-05-04T13:00:00Z,PM25,6.77,UG/M3
840090010010,2025-05-04T14:00:00Z,PM2.5,8.5,UG/M3
840090011123,2025-05-04T14:00:00Z,PM2.5,11.6,UG/M3
840090090027,2025-05-04T14:00:00Z,PM2.5,8.1,UG/M3
840090110124,2025-05-04T14:00:00Z,PM2.5,8.2,UG/M3
840340030010,2025-05-04T14:00:00Z,PM2.5,9.4,UG/M3
840340070010,2025-05-04T14:00:00Z,PM2.5,8.9,UG/M3
840340071007,2025-05-04T14:00:00Z,PM2.5,7.8,UG/M3
840340170008,2025-05-04T14:00:00Z,PM2.5,8.5,UG/M3
840340190001,2025-05-04T14:00:00Z,PM2.5,6,UG/M3
840340210005,2025-05-04T14:00:00Z,PM2.5,1.9,UG/M3
840340210008,2025-05-04T14:00:00Z,PM2.5,9.7,UG/M3
840340230011,2025-05-04T14:00:00Z,PM2.5,8.3,UG/M3
840340273001,2025-05-04T14:00:00Z,PM2.5,5,UG/M3
840340292002,2025-05-04T14:00:00Z,PM2.5,9.8,UG/M3
840340310005,2025-05-04T14:00:00Z,PM2.5,8.6,UG/M3
840340390004,2025-05-04T14:00:00Z,PM2.5,10.5,UG/M3
840340392003,2025-05-04T14:00:00Z,PM2.5,12.4,UG/M3
840360050080,2025-05-04T14:00:00Z,PM2.5,7,UG/M3
840360050110,2025-05-04T14:00:00Z,PM2.5,9.8,UG/M3
840360470052,2025-05-04T14:00:00Z,PM2.5,13.6,UG/M3
840360470118,2025-05-04T14:00:00Z,PM2.5,13.6,UG/M3
840360610115,2025-05-04T14:00:00Z,PM2.5,7,UG/M3
840360610135,2025-05-04T14:00:00Z,PM2.5,11.2,UG/M3
840360710002,2025-05-04T14:00:00Z,PM2.5,2.6,UG/M3
840360810120,2025-05-04T14:00:00Z,PM2.5,8.1,UG/M3
840360810124,2025-05-04T14:00:00Z,PM2.5,11.3,UG/M3
840360850055,2025-05-04T14:00:00Z,PM2.5,6,UG/M3
840360850111,2025-05-04T14:00:00Z,PM2.5,9,UG/M3
840360870005,2025-05-04T14:00:00Z,PM2.5,5.2,UG/M3
840361030009,2025-05-04T14:00:00Z,PM2.5,7.8,UG/M3
840361192004,2025-05-04T14:00:00Z,PM2.5,6.9,UG/M3
840421010048,2025-05-04T14:00:00Z,PM2.5,11.3,UG/M3
840421010055,2025-05-04T14:00:00Z,PM2.5,9.2,UG/M3
840421010057,2025-05-04T14:00:00Z,PM2.5,10.5,UG/M3
840421010075,2025-05-04T14:00:00Z,PM2.5,9.5,UG/M3
840999999911,2025-05-04T14:00:00Z,PM25,6.59,UG/M3
840999999913,2025-05-04T14:00:00Z,PM25,7.96,UG/M3
840999999914,2025-05-04T14:00:00Z,PM25,7.95,UG/M3
840999999915,2025-05-04T14:00:00Z,PM25,8.18,UG/M3
840999999916,2025-05-04T14:00:00Z,PM25,8.73,UG/M3
840999999918,2025-05-04T14:00:00Z,PM25,7.15,UG/M3
840999999991,2025-05-04T14:00:00Z,PM25,7.04,UG/M3
840999999992,2025-05-04T14:00:00Z,PM25,7.87,UG/M3
840999999994,2025-05-04T14:00:00Z,PM25,6.86,UG/M3
840999999995,2025-05-04T14:00:00Z,PM25,7.61,UG/M3
840999999996,2025-05-04T14:00:00Z,PM25,7.54,UG/M3
840999999997,2025-05-04T14:00:00Z,PM25,7.61,UG/M3
840999999998,2025-05-04T14:00:00Z,PM25,6.7,UG/M3
840999999999,2025-05-04T14:00:00Z,PM25,6.76,UG/M3
840090010010,2025-05-04T15:00:00Z,PM2.5,8.5,UG/M3
840090011123,2025-05-04T15:00:00Z,PM2.5,12,UG/M3
840090090027,2025-05-04T15:00:00Z,PM2.5,8,UG/M3
840090110124,2025-05-04T15:00:00Z,PM2.5,8.1,UG/M3
840340030010,2025-05-04T15:00:00Z,PM2.5,8.2,UG/M3
840340070010,2025-05-04T15:00:00Z,PM2.5,9.6,UG/M3
840340071007,2025-05-04T15:00:00Z,PM2.5,6.4,UG/M3
840340170008,2025-05-04T15:00:00Z,PM2.5,12.9,UG/M3
840340190001,2025-05-04T15:00:00Z,PM2.5,6.3,UG/M3
840340210005,2025-05-04T15:00:00Z,PM2.5,3.7,UG/M3
840340210008,2025-05-04T15:00:00Z,PM2.5,9.9,UG/M3
840340230011,2025-05-04T15:00:00Z,PM2.5,9.3,UG/M3
840340273001,2025-05-04T15:00:00Z,PM2.5,5.5,UG/M3
840340292002,2025-05-04T15:00:00Z,PM2.5,5.1,UG/M3
840340310005,2025-05-04T15:00:00Z,PM2.5,12.4,UG/M3
840340390004,2025-05-04T15:00:00Z,PM2.5,11.5,UG/M3
840340392003,2025-05-04T15:00:00Z,PM2.5,8,UG/M3
840360050080,2025-05-04T15:00:00Z,PM2.5,7.2,UG/M3
840360050110,2025-05-04T15:00:00Z,PM2.5,9.9,UG/M3
840360470052,2025-05-04T15:00:00Z,PM2.5,13.7,UG/M3
840360470118,2025-05-04T15:00:00Z,PM2.5,12.8,UG/M3
840360610115,2025-05-04T15:00:00Z,PM2.5,6.7,UG/M3
840360610135,2025-05-04T15:00:00Z,PM2.5,11.4,UG/M3
840360710002,2025-05-04T15:00:00Z,PM2.5,2.4,UG/M3
840360810120,2025-05-04T15:00:00Z,PM2.5,8.6,UG/M3
840360810124,2025-05-04T15:00:00Z,PM2.5,11.2,UG/M3
840360850055,2025-05-04T15:00:00Z,PM2.5,6.5,UG/M3
840360850111,2025-05-04T15:00:00Z,PM2.5,9.2,UG/M3
840360870005,2025-05-04T15:00:00Z,PM2.5,5.6,UG/M3
840361030009,2025-05-04T15:00:00Z,PM2.5,7.7,UG/M3
840361192004,2025-05-04T15:00:00Z,PM2.5,7.1,UG/M3
840421010048,2025-05-04T15:00:00Z,PM2.5,10.2,UG/M3
840421010055,2025-05-04T15:00:00Z,PM2.5,8.3,UG/M3
840421010057,2025-05-04T15:00:00Z,PM2.5,9.5,UG/M3
840421010075,2025-05-04T15:00:00Z,PM2.5,8.6,UG/M3
840999999911,2025-05-04T15:00:00Z,PM25,6.49,UG/M3
840999999913,2025-05-04T15:00:00Z,PM25,8.35,UG/M3
840999999914,2025-05-04T15:00:00Z,PM25,7.71,UG/M3
840999999915,2025-05-04T15:00:00Z,PM25,8.34,UG/M3
840999999916,2025-05-04T15:00:00Z,PM25,8.22,UG/M3
840999999918,2025-05-04T15:00:00Z,PM25,7.67,UG/M3
840999999991,2025-05-04T15:00:00Z,PM25,7.27,UG/M3
840999999992,2025-05-04T15:00:00Z,PM25,8.06,UG/M3
840999999994,2025-05-04T15:00:00Z,PM25,6.75,UG/M3
840999999995,2025-05-04T15:00:00Z,PM25,7.67,UG/M3
840999999996,2025-05-04T15:00:00Z,PM25,7.13,UG/M3
840999999997,2025-05-04T15:00:00Z,PM25,7.7,UG/M3
840999999998,2025-05-04T15:00:00Z,PM25,6.97,UG/M3
840999999999,2025-05-04T15:00:00Z,PM25,6.84,UG/M3
840090010010,2025-05-04T16:00:00Z,PM2.5,8.5,UG/M3
840090011123,2025-05-04T16:00:00Z,PM2.5,12.3,UG/M3
840090090027,2025-05-04T16:00:00Z,PM2.5,7.9,UG/M3
840090110124,2025-05-04T16:00:00Z,PM2.5,8.1,UG/M3
840340030010,2025-05-04T16:00:00Z,PM2.5,10.6,UG/M3
840340070010,2025-05-04T16:00:00Z,PM2.5,9.4,UG/M3
840340071007,2025-05-04T16:00:00Z,PM2.5,8.2,UG/M3
840340170008,2025-05-04T16:00:00Z,PM2.5,12.8,UG/M3
840340190001,2025-05-04T16:00:00Z,PM2.5,7.8,UG/M3
840340210005,2025-05-04T16:00:00Z,PM2.5,6.5,UG/M3
840340210008,2025-05-04T16:00:00Z,PM2.5,6.4,UG/M3
840340230011,2025-05-04T16:00:00Z,PM2.5,9.9,UG/M3
840340273001,2025-05-04T16:00:00Z,PM2.5,7.3,UG/M3
840340292002,2025-05-04T16:00:00Z,PM2.5,5,UG/M3
840340310005,2025-05-04T16:00:00Z,PM2.5,6.3,UG/M3
840340390004,2025-05-04T16:00:00Z,PM2.5,13,UG/M3
840340392003,2025-05-04T16:00:00Z,PM2.5,5.6,UG/M3
840360050080,2025-05-04T16:00:00Z,PM2.5,7.3,UG/M3
840360050110,2025-05-04T16:00:00Z,PM2.5,9.8,UG/M3
840360470052,2025-05-04T16:00:00Z,PM2.5,13,UG/M3
840360470118,2025-05-04T16:00:00Z,PM2.5,12.6,UG/M3
840360610115,2025-05-04T16:00:00Z,PM2.5,7.4,UG/M3
840360610135,2025-05-04T16:00:00Z,PM2.5,11.4,UG/M3
840360710002,2025-05-04T16:00:00Z,PM2.5,1.8,UG/M3
840360810120,2025-05-04T16:00:00Z,PM2.5,8.9,UG/M3
840360810124,2025-05-04T16:00:00Z,PM2.5,11.2,UG/M3
840360850055,2025-05-04T16:00:00Z,PM2.5,6.4,UG/M3
840360850111,2025-05-04T16:00:00Z,PM2.5,8.8,UG/M3
840360870005,2025-05-04T16:00:00Z,PM2.5,6.4,UG/M3
840361030009,2025-05-04T16:00:00Z,PM2.5,7.6,UG/M3
840361192004,2025-05-04T16:00:00Z,PM2.5,7.5,UG/M3
840421010048,2025-05-04T16:00:00Z,PM2.5,8.4,UG/M3
840421010055,2025-05-04T16:00:00Z,PM2.5,6.8,UG/M3
840421010057,2025-05-04T16:00:00Z,PM2.5,8,UG/M3
840421010075,2025-05-04T16:00:00Z,PM2.5,7.2,UG/M3
840999999911,2025-05-04T16:00:00Z,PM25,7.01,UG/M3
840999999913,2025-05-04T16:00:00Z,PM25,7.8,UG/M3
840999999914,2025-05-04T16:00:00Z,PM25,7.41,UG/M3
840999999915,2025-05-04T16:00:00Z,PM25,7.89,UG/M3
840999999916,2025-05-04T16:00:00Z,PM25,8.79,UG/M3
840999999918,2025-05-04T16:00:00Z,PM25,8.05,UG/M3
840999999991,2025-05-04T16:00:00Z,PM25,7.84,UG/M3
840999999992,2025-05-04T16:00:00Z,PM25,7.56,UG/M3
840999999994,2025-05-04T16:00:00Z,PM25,7.34,UG/M3
840999999995,2025-05-04T16:00:00Z,PM25,8.54,UG/M3
840999999996,2025-05-04T16:00:00Z,PM25,7.97,UG/M3
840999999997,2025-05-04T16:00:00Z,PM25,6.58,UG/M3
840999999998,2025-05-04T16:00:00Z,PM25,7.55,UG/M3
840999999999,2025-05-04T16:00:00Z,PM25,7.62,UG/M3
840090010010,2025-05-04T17:00:00Z,PM2.5,8.5,UG/M3
840090011123,2025-05-04T17:00:00Z,PM2.5,11.7,UG/M3
840090090027,2025-05-04T17:00:00Z,PM2.5,7.9,UG/M3
840090110124,2025-05-04T17:00:00Z,PM2.5,8.1,UG/M3
840340030010,2025-05-04T17:00:00Z,PM2.5,10.4,UG/M3
840340070010,2025-05-04T17:00:00Z,PM2.5,9.3,UG/M3
840340071007,2025-05-04T17:00:00Z,PM2.5,7.8,UG/M3
840340170008,2025-05-04T17:00:00Z,PM2.5,7,UG/M3
840340190001,2025-05-04T17:00:00Z,PM2.5,8,UG/M3
840340210005,2025-05-04T17:00:00Z,PM2.5,7.8,UG/M3
840340210008,2025-05-04T17:00:00Z,PM2.5,6.6,UG/M3
840340230011,2025-05-04T17:00:00Z,PM2.5,8.4,UG/M3
840340273001,2025-05-04T17:00:00Z,PM2.5,10,UG/M3
840340292002,2025-05-04T17:00:00Z,PM2.5,3.7,UG/M3
840340310005,2025-05-04T17:00:00Z,PM2.5,10.2,UG/M3
840340390004,2025-05-04T17:00:00Z,PM2.5,10.6,UG/M3
840340392003,2025-05-04T17:00:00Z,PM2.5,6.8,UG/M3
840360050080,2025-05-04T17:00:00Z,PM2.5,8.6,UG/M3
840360050110,2025-05-04T17:00:00Z,PM2.5,9.5,UG/M3
840360470052,2025-05-04T17:00:00Z,PM2.5,12.3,UG/M3
840360470118,2025-05-04T17:00:00Z,PM2.5,12,UG/M3
840360610115,2025-05-04T17:00:00Z,PM2.5,8.3,UG/M3
840360610135,2025-05-04T17:00:00Z,PM2.5,10.7,UG/M3
840360710002,2025-05-04T17:00:00Z,PM2.5,1.4,UG/M3
840360810120,2025-05-04T17:00:00Z,PM2.5,8.9,UG/M3
840360810124,2025-05-04T17:00:00Z,PM2.5,10.6,UG/M3
840360850055,2025-05-04T17:00:00Z,PM2.5,5.6,UG/M3
840360850111,2025-05-04T17:00:00Z,PM2.5,8.4,UG/M3
840360870005,2025-05-04T17:00:00Z,PM2.5,6.3,UG/M3
840361030009,2025-05-04T17:00:00Z,PM2.5,7.4,UG/M3
840361192004,2025-05-04T17:00:00Z,PM2.5,8.4,UG/M3
840421010048,2025-05-04T17:00:00Z,PM2.5,7,UG/M3
840421010055,2025-05-04T17:00:00Z,PM2.5,6.4,UG/M3
840421010057,2025-05-04T17:00:00Z,PM2.5,8.1,UG/M3
840421010075,2025-05-04T17:00:00Z,PM2.5,5.7,UG/M3
840999999911,2025-05-04T17:00:00Z,PM25,6.55,UG/M3
840999999913,2025-05-04T17:00:00Z,PM25,7.36,UG/M3
840999999914,2025-05-04T17:00:00Z,PM25,7.13,UG/M3
840999999915,2025-05-04T17:00:00Z,PM25,9.43,UG/M3
840999999916,2025-05-04T17:00:00Z,PM25,9.87,UG/M3
840999999918,2025-05-04T17:00:00Z,PM25,8.73,UG/M3
840999999991,2025-05-04T17:00:00Z,PM25,8.86,UG/M3
840999999992,2025-05-04T17:00:00Z,PM25,8.85,UG/M3
840999999994,2025-05-04T17:00:00Z,PM25,6.38,UG/M3
840999999995,2025-05-04T17:00:00Z,PM25,8.48,UG/M3
840999999996,2025-05-04T17:00:00Z,PM25,7.73,UG/M3
840999999997,2025-05-04T17:00:00Z,PM25,7.12,UG/M3
840999999998,2025-05-04T17:00:00Z,PM25,8.95,UG/M3
840999999999,2025-05-04T17:00:00Z,PM25,5.58,UG/M3
840090010010,2025-05-04T18:00:00Z,PM2.5,8.2,UG/M3
840090011123,2025-05-04T18:00:00Z,PM2.5,10.8,UG/M3
840090090027,2025-05-04T18:00:00Z,PM2.5,7.9,UG/M3
840090110124,2025-05-04T18:00:00Z,PM2.5,8.1,UG/M3
840340030010,2025-05-04T18:00:00Z,PM2.5,9.3,UG/M3
840340070010,2025-05-04T18:00:00Z,PM2.5,9.8,UG/M3
840340071007,2025-05-04T18:00:00Z,PM2.5,4.5,UG/M3
840340170008,2025-05-04T18:00:00Z,PM2.5,5.7,UG/M3
840340190001,2025-05-04T18:00:00Z,PM2.5,7.2,UG/M3
840340210005,2025-05-04T18:00:00Z,PM2.5,5.1,UG/M3
840340210008,2025-05-04T18:00:00Z,PM2.5,5.1,UG/M3
840340230011,2025-05-04T18:00:00Z,PM2.5,6,UG/M3
840340273001,2025-05-04T18:00:00Z,PM2.5,7.1,UG/M3
840340292002,2025-05-04T18:00:00Z,PM2.5,0.8,UG/M3
840340310005,2025-05-04T18:00:00Z,PM2.5,8,UG/M3
840340390004,2025-05-04T18:00:00Z,PM2.5,8.5,UG/M3
840340392003,2025-05-04T18:00:00Z,PM2.5,6.1,UG/M3
840360050080,2025-05-04T18:00:00Z,PM2.5,5.4,UG/M3
840360050110,2025-05-04T18:00:00Z,PM2.5,7.6,UG/M3
840360470052,2025-05-04T18:00:00Z,PM2.5,9.2,UG/M3
840360470118,2025-05-04T18:00:00Z,PM2.5,8.6,UG/M3
840360610115,2025-05-04T18:00:00Z,PM2.5,5.3,UG/M3
840360610135,2025-05-04T18:00:00Z,PM2.5,9.1,UG/M3
840360710002,2025-05-04T18:00:00Z,PM2.5,3,UG/M3
840360810120,2025-05-04T18:00:00Z,PM2.5,6.6,UG/M3
840360810124,2025-05-04T18:00:00Z,PM2.5,7.5,UG/M3
840360850055,2025-05-04T18:00:00Z,PM2.5,3.5,UG/M3
840360850111,2025-05-04T18:00:00Z,PM2.5,6.5,UG/M3
840360870005,2025-05-04T18:00:00Z,PM2.5,5.9,UG/M3
840361030009,2025-05-04T18:00:00Z,PM2.5,6.9,UG/M3
840361192004,2025-05-04T18:00:00Z,PM2.5,7.2,UG/M3
840421010048,2025-05-04T18:00:00Z,PM2.5,6.5,UG/M3
840421010055,2025-05-04T18:00:00Z,PM2.5,5.9,UG/M3
840421010057,2025-05-04T18:00:00Z,PM2.5,7.3,UG/M3
840421010075,2025-05-04T18:00:00Z,PM2.5,5.3,UG/M3
840999999911,2025-05-04T18:00:00Z,PM25,4.46,UG/M3
840999999913,2025-05-04T18:00:00Z,PM25,5.84,UG/M3
840999999914,2025-05-04T18:00:00Z,PM25,5.59,UG/M3
840999999915,2025-05-04T18:00:00Z,PM25,9.13,UG/M3
840999999916,2025-05-04T18:00:00Z,PM25,8.44,UG/M3
840999999918,2025-05-04T18:00:00Z,PM25,5.91,UG/M3
840999999991,2025-05-04T18:00:00Z,PM25,6.11,UG/M3
840999999992,2025-05-04T18:00:00Z,PM25,5.21,UG/M3
840999999994,2025-05-04T18:00:00Z,PM25,3.79,UG/M3
840999999995,2025-05-04T18:00:00Z,PM25,8.34,UG/M3
840999999996,2025-05-04T18:00:00Z,PM25,5.2,UG/M3
840999999997,2025-05-04T18:00:00Z,PM25,5.47,UG/M3
840999999998,2025-05-04T18:00:00Z,PM25,7.31,UG/M3
840999999999,2025-05-04T18:00:00Z,PM25,4.07,UG/M3
840090010010,2025-05-04T19:00:00Z,PM2.5,8.1,UG/M3
840090011123,2025-05-04T19:00:00Z,PM2.5,8,UG/M3
840090090027,2025-05-04T19:00:00Z,PM2.5,7.8,UG/M3
840090110124,2025-05-04T19:00:00Z,PM2.5,8,UG/M3
840340030010,2025-05-04T19:00:00Z,PM2.5,8.5,UG/M3
840340070010,2025-05-04T19:00:00Z,PM2.5,7.6,UG/M3
840340071007,2025-05-04T19:00:00Z,PM2.5,2.3,UG/M3
840340170008,2025-05-04T19:00:00Z,PM2.5,6.1,UG/M3
840340190001,2025-05-04T19:00:00Z,PM2.5,6.6,UG/M3
840340210005,2025-05-04T19:00:00Z,PM2.5,1.8,UG/M3
840340210008,2025-05-04T19:00:00Z,PM2.5,3.9,UG/M3
840340230011,2025-05-04T19:00:00Z,PM2.5,4.7,UG/M3
840340273001,2025-05-04T19:00:00Z,PM2.5,9.8,UG/M3
840340292002,2025-05-04T19:00:00Z,PM2.5,6,UG/M3
840340310005,2025-05-04T19:00:00Z,PM2.5,8.3,UG/M3
840340390004,2025-05-04T19:00:00Z,PM2.5,7.7,UG/M3
840340392003,2025-05-04T19:00:00Z,PM2.5,5.1,UG/M3
840360050080,2025-05-04T19:00:00Z,PM2.5,3.5,UG/M3
840360050110,2025-05-04T19:00:00Z,PM2.5,6.3,UG/M3
840360470052,2025-05-04T19:00:00Z,PM2.5,9.7,UG/M3
840360470118,2025-05-04T19:00:00Z,PM2.5,10,UG/M3
840360610115,2025-05-04T19:00:00Z,PM2.5,3.8,UG/M3
840360610135,2025-05-04T19:00:00Z,PM2.5,7,UG/M3
840360710002,2025-05-04T19:00:00Z,PM2.5,2.1,UG/M3
840360810120,2025-05-04T19:00:00Z,PM2.5,5.8,UG/M3
840360810124,2025-05-04T19:00:00Z,PM2.5,7.4,UG/M3
840360850055,2025-05-04T19:00:00Z,PM2.5,2.6,UG/M3
840360850111,2025-05-04T19:00:00Z,PM2.5,6.2,UG/M3
840360870005,2025-05-04T19:00:00Z,PM2.5,5.5,UG/M3
840361030009,2025-05-04T19:00:00Z,PM2.5,6.5,UG/M3
840361192004,2025-05-04T19:00:00Z,PM2.5,4.1,UG/M3
840421010048,2025-05-04T19:00:00Z,PM2.5,6.8,UG/M3
840421010055,2025-05-04T19:00:00Z,PM2.5,6.1,UG/M3
840421010057,2025-05-04T19:00:00Z,PM2.5,7.1,UG/M3
840421010075,2025-05-04T19:00:00Z,PM2.5,5.7,UG/M3
840999999911,2025-05-04T19:00:00Z,PM25,6.78,UG/M3
840999999913,2025-05-04T19:00:00Z,PM25,6,UG/M3
840999999914,2025-05-04T19:00:00Z,PM25,6.37,UG/M3
840999999915,2025-05-04T19:00:00Z,PM25,6.84,UG/M3
840999999916,2025-05-04T19:00:00Z,PM25,8.08,UG/M3
840999999918,2025-05-04T19:00:00Z,PM25,6.78,UG/M3
840999999991,2025-05-04T19:00:00Z,PM25,7.17,UG/M3
840999999992,2025-05-04T19:00:00Z,PM25,5.47,UG/M3
840999999994,2025-05-04T19:00:00Z,PM25,5.74,UG/M3
840999999995,2025-05-04T19:00:00Z,PM25,7.24,UG/M3
840999999996,2025-05-04T19:00:00Z,PM25,6.42,UG/M3
840999999997,2025-05-04T19:00:00Z,PM25,4.93,UG/M3
840999999998,2025-05-04T19:00:00Z,PM25,5.99,UG/M3
840999999999,2025-05-04T19:00:00Z,PM25,6.16,UG/M3
840090010010,2025-05-04T20:00:00Z,PM2.5,7.3,UG/M3
840090011123,2025-05-04T20:00:00Z,PM2.5,6.7,UG/M3
840090090027,2025-05-04T20:00:00Z,PM2.5,7.5,UG/M3
840090110124,2025-05-04T20:00:00Z,PM2.5,8,UG/M3
840340030010,2025-05-04T20:00:00Z,PM2.5,6.7,UG/M3
840340070010,2025-05-04T20:00:00Z,PM2.5,7.9,UG/M3
840340071007,2025-05-04T20:00:00Z,PM2.5,4.1,UG/M3
840340170008,2025-05-04T20:00:00Z,PM2.5,8.1,UG/M3
840340190001,2025-05-04T20:00:00Z,PM2.5,5.9,UG/M3
840340210005,2025-05-04T20:00:00Z,PM2.5,1.1,UG/M3
840340210008,2025-05-04T20:00:00Z,PM2.5,5.1,UG/M3
840340230011,2025-05-04T20:00:00Z,PM2.5,4.5,UG/M3
840340273001,2025-05-04T20:00:00Z,PM2.5,5.4,UG/M3
840340292002,2025-05-04T20:00:00Z,PM2.5,4.2,UG/M3
840340310005,2025-05-04T20:00:00Z,PM2.5,7.2,UG/M3
840340390004,2025-05-04T20:00:00Z,PM2.5,6.9,UG/M3
840340392003,2025-05-04T20:00:00Z,PM2.5,7.8,UG/M3
840360050080,2025-05-04T20:00:00Z,PM2.5,3.9,UG/M3
840360050110,2025-05-04T20:00:00Z,PM2.5,7,UG/M3
840360470052,2025-05-04T20:00:00Z,PM2.5,10.8,UG/M3
840360470118,2025-05-04T20:00:00Z,PM2.5,11.1,UG/M3
840360610115,2025-05-04T20:00:00Z,PM2.5,4.6,UG/M3
840360610135,2025-05-04T20:00:00Z,PM2.5,7.9,UG/M3
840360710002,2025-05-04T20:00:00Z,PM2.5,2.5,UG/M3
840360810120,2025-05-04T20:00:00Z,PM2.5,6.5,UG/M3
840360810124,2025-05-04T20:00:00Z,PM2.5,8.3,UG/M3
840360850055,2025-05-04T20:00:00Z,PM2.5,2.2,UG/M3
840360850111,2025-05-04T20:00:00Z,PM2.5,6.1,UG/M3
840360870005,2025-05-04T20:00:00Z,PM2.5,5.3,UG/M3
840361030009,2025-05-04T20:00:00Z,PM2.5,6.7,UG/M3
840361192004,2025-05-04T20:00:00Z,PM2.5,3.5,UG/M3
840421010048,2025-05-04T20:00:00Z,PM2.5,6.5,UG/M3
840421010055,2025-05-04T20:00:00Z,PM2.5,5.7,UG/M3
840421010057,2025-05-04T20:00:00Z,PM2.5,6.6,UG/M3
840421010075,2025-05-04T20:00:00Z,PM2.5,5.8,UG/M3
840999999911,2025-05-04T20:00:00Z,PM25,6.68,UG/M3
840999999913,2025-05-04T20:00:00Z,PM25,8.07,UG/M3
840999999914,2025-05-04T20:00:00Z,PM25,7.36,UG/M3
840999999915,2025-05-04T20:00:00Z,PM25,9.22,UG/M3
840999999916,2025-05-04T20:00:00Z,PM25,9.7,UG/M3
840999999918,2025-05-04T20:00:00Z,PM25,7.81,UG/M3
840999999991,2025-05-04T20:00:00Z,PM25,7.6,UG/M3
840999999992,2025-05-04T20:00:00Z,PM25,7.98,UG/M3
840999999994,2025-05-04T20:00:00Z,PM25,6.49,UG/M3
840999999995,2025-05-04T20:00:00Z,PM25,8.63,UG/M3
840999999996,2025-05-04T20:00:00Z,PM25,4.76,UG/M3
840999999997,2025-05-04T20:00:00Z,PM25,7.09,UG/M3
840999999998,2025-05-04T20:00:00Z,PM25,7.9,UG/M3
840999999999,2025-05-04T20:00:00Z,PM25,6.02,UG/M3
840090010010,2025-05-04T21:00:00Z,PM2.5,7.3,UG/M3
840090011123,2025-05-04T21:00:00Z,PM2.5,6,UG/M3
840090090027,2025-05-04T21:00:00Z,PM2.5,7.3,UG/M3
840090110124,2025-05-04T21:00:00Z,PM2.5,8,UG/M3
840340030010,2025-05-04T21:00:00Z,PM2.5,8.1,UG/M3
840340070010,2025-05-04T21:00:00Z,PM2.5,9,UG/M3
840340071007,2025-05-04T21:00:00Z,PM2.5,3.4,UG/M3
840340170008,2025-05-04T21:00:00Z,PM2.5,6,UG/M3
840340190001,2025-05-04T21:00:00Z,PM2.5,5.9,UG/M3
840340210005,2025-05-04T21:00:00Z,PM2.5,1.1,UG/M3
840340210008,2025-05-04T21:00:00Z,PM2.5,4.1,UG/M3
840340230011,2025-05-04T21:00:00Z,PM2.5,3.6,UG/M3
840340273001,2025-05-04T21:00:00Z,PM2.5,4.2,UG/M3
840340292002,2025-05-04T21:00:00Z,PM2.5,5.1,UG/M3
840340310005,2025-05-04T21:00:00Z,PM2.5,7.7,UG/M3
840340390004,2025-05-04T21:00:00Z,PM2.5,9.1,UG/M3
840340392003,2025-05-04T21:00:00Z,PM2.5,6.4,UG/M3
840360050080,2025-05-04T21:00:00Z,PM2.5,4.3,UG/M3
840360050110,2025-05-04T21:00:00Z,PM2.5,6.4,UG/M3
840360470052,2025-05-04T21:00:00Z,PM2.5,9,UG/M3
840360470118,2025-05-04T21:00:00Z,PM2.5,8.6,UG/M3
840360610115,2025-05-04T21:00:00Z,PM2.5,4.3,UG/M3
840360610135,2025-05-04T21:00:00Z,PM2.5,7.7,UG/M3
840360710002,2025-05-04T21:00:00Z,PM2.5,2.6,UG/M3
840360810120,2025-05-04T21:00:00Z,PM2.5,5.6,UG/M3
840360810124,2025-05-04T21:00:00Z,PM2.5,7,UG/M3
840360850055,2025-05-04T21:00:00Z,PM2.5,3.1,UG/M3
840360850111,2025-05-04T21:00:00Z,PM2.5,6,UG/M3
840360870005,2025-05-04T21:00:00Z,PM2.5,4.2,UG/M3
840361030009,2025-05-04T21:00:00Z,PM2.5,6.7,UG/M3
840361192004,2025-05-04T21:00:00Z,PM2.5,3.7,UG/M3
840421010048,2025-05-04T21:00:00Z,PM2.5,5.8,UG/M3
840421010055,2025-05-04T21:00:00Z,PM2.5,5.3,UG/M3
840421010057,2025-05-04T21:00:00Z,PM2.5,6.2,UG/M3
840421010075,2025-05-04T21:00:00Z,PM2.5,5.8,UG/M3
840999999911,2025-05-04T21:00:00Z,PM25,4.95,UG/M3
840999999913,2025-05-04T21:00:00Z,PM25,6.42,UG/M3
840999999914,2025-05-04T21:00:00Z,PM25,4.82,UG/M3
840999999915,2025-05-04T21:00:00Z,PM25,7.43,UG/M3
840999999916,2025-05-04T21:00:00Z,PM25,8.2,UG/M3
840999999918,2025-05-04T21:00:00Z,PM25,8.64,UG/M3
840999999991,2025-05-04T21:00:00Z,PM25,6.8,UG/M3
840999999992,2025-05-04T21:00:00Z,PM25,5.99,UG/M3
840999999994,2025-05-04T21:00:00Z,PM25,4.5,UG/M3
840999999995,2025-05-04T21:00:00Z,PM25,7.28,UG/M3
840999999996,2025-05-04T21:00:00Z,PM25,3.36,UG/M3
840999999997,2025-05-04T21:00:00Z,PM25,5.43,UG/M3
840999999998,2025-05-04T21:00:00Z,PM25,6.78,UG/M3
840999999999,2025-05-04T21:00:00Z,PM25,4.78,UG/M3
840090010010,2025-05-04T22:00:00Z,PM2.5,7.3,UG/M3
840090011123,2025-05-04T22:00:00Z,PM2.5,4.7,UG/M3
840090090027,2025-05-04T22:00:00Z,PM2.5,7.3,UG/M3
840090110124,2025-05-04T22:00:00Z,PM2.5,8,UG/M3
840340030010,2025-05-04T22:00:00Z,PM2.5,6.1,UG/M3
840340070010,2025-05-04T22:00:00Z,PM2.5,5.3,UG/M3
840340071007,2025-05-04T22:00:00Z,PM2.5,3.6,UG/M3
840340170008,2025-05-04T22:00:00Z,PM2.5,6,UG/M3
840340190001,2025-05-04T22:00:00Z,PM2.5,5.4,UG/M3
840340210005,2025-05-04T22:00:00Z,PM2.5,1.8,UG/M3
840340210008,2025-05-04T22:00:00Z,PM2.5,5.2,UG/M3
840340230011,2025-05-04T22:00:00Z,PM2.5,3,UG/M3
840340273001,2025-05-04T22:00:00Z,PM2.5,4.1,UG/M3
840340292002,2025-05-04T22:00:00Z,PM2.5,8.1,UG/M3
840340310005,2025-05-04T22:00:00Z,PM2.5,8.1,UG/M3
840340390004,2025-05-04T22:00:00Z,PM2.5,8.7,UG/M3
840340392003,2025-05-04T22:00:00Z,PM2.5,2.6,UG/M3
840360050080,2025-05-04T22:00:00Z,PM2.5,3.9,UG/M3
840360050110,2025-05-04T22:00:00Z,PM2.5,5.5,UG/M3
840360470052,2025-05-04T22:00:00Z,PM2.5,8.3,UG/M3
840360470118,2025-05-04T22:00:00Z,PM2.5,7.8,UG/M3
840360610115,2025-05-04T22:00:00Z,PM2.5,4.2,UG/M3
840360610135,2025-05-04T22:00:00Z,PM2.5,6.4,UG/M3
840360710002,2025-05-04T22:00:00Z,PM2.5,2,UG/M3
840360810120,2025-05-04T22:00:00Z,PM2.5,5,UG/M3
840360810124,2025-05-04T22:00:00Z,PM2.5,7.6,UG/M3
840360850055,2025-05-04T22:00:00Z,PM2.5,2,UG/M3
840360850111,2025-05-04T22:00:00Z,PM2.5,5.3,UG/M3
840360870005,2025-05-04T22:00:00Z,PM2.5,3.9,UG/M3
840361030009,2025-05-04T22:00:00Z,PM2.5,6.8,UG/M3
840361192004,2025-05-04T22:00:00Z,PM2.5,2.7,UG/M3
840421010048,2025-05-04T22:00:00Z,PM2.5,5.1,UG/M3
840421010055,2025-05-04T22:00:00Z,PM2.5,5.1,UG/M3
840421010057,2025-05-04T22:00:00Z,PM2.5,5.5,UG/M3
840421010075,2025-05-04T22:00:00Z,PM2.5,5.5,UG/M3
840999999911,2025-05-04T22:00:00Z,PM25,4.55,UG/M3
840999999913,2025-05-04T22:00:00Z,PM25,5.85,UG/M3
840999999914,2025-05-04T22:00:00Z,PM25,5.16,UG/M3
840999999915,2025-05-04T22:00:00Z,PM25,5.93,UG/M3
840999999916,2025-05-04T22:00:00Z,PM25,8.25,UG/M3
840999999918,2025-05-04T22:00:00Z,PM25,6.49,UG/M3
840999999991,2025-05-04T22:00:00Z,PM25,6.13,UG/M3
840999999992,2025-05-04T22:00:00Z,PM25,5.89,UG/M3
840999999994,2025-05-04T22:00:00Z,PM25,7.3,UG/M3
840999999995,2025-05-04T22:00:00Z,PM25,7.61,UG/M3
840999999996,2025-05-04T22:00:00Z,PM25,2.88,UG/M3
840999999997,2025-05-04T22:00:00Z,PM25,4.09,UG/M3
840999999998,2025-05-04T22:00:00Z,PM25,6.09,UG/M3
840999999999,2025-05-04T22:00:00Z,PM25,6.54,UG/M3
840090010010,2025-05-04T23:00:00Z,PM2.5,7.8,UG/M3
840090011123,2025-05-04T23:00:00Z,PM2.5,4,UG/M3
840090090027,2025-05-04T23:00:00Z,PM2.5,7.3,UG/M3
840090110124,2025-05-04T23:00:00Z,PM2.5,7.9,UG/M3
840340030010,2025-05-04T23:00:00Z,PM2.5,6.7,UG/M3
840340070010,2025-05-04T23:00:00Z,PM2.5,5,UG/M3
840340071007,2025-05-04T23:00:00Z,PM2.5,3.1,UG/M3
840340170008,2025-05-04T23:00:00Z,PM2.5,6.3,UG/M3
840340190001,2025-05-04T23:00:00Z,PM2.5,5.5,UG/M3
840340210005,2025-05-04T23:00:00Z,PM2.5,3,UG/M3
840340210008,2025-05-04T23:00:00Z,PM2.5,6,UG/M3
840340230011,2025-05-04T23:00:00Z,PM2.5,3.3,UG/M3
840340273001,2025-05-04T23:00:00Z,PM2.5,4.4,UG/M3
840340292002,2025-05-04T23:00:00Z,PM2.5,4.3,UG/M3
840340310005,2025-05-04T23:00:00Z,PM2.5,8.5,UG/M3
840340390004,2025-05-04T23:00:00Z,PM2.5,6.6,UG/M3
840340392003,2025-05-04T23:00:00Z,PM2.5,4.5,UG/M3
840360050080,2025-05-04T23:00:00Z,PM2.5,3.6,UG/M3
840360050110,2025-05-04T23:00:00Z,PM2.5,5.7,UG/M3
840360050112,2025-05-04T23:00:00Z,PM2.5,-999,UG/M3
840360470052,2025-05-04T23:00:00Z,PM2.5,9.4,UG/M3
840360470118,2025-05-04T23:00:00Z,PM2.5,8.7,UG/M3
840360610115,2025-05-04T23:00:00Z,PM2.5,4,UG/M3
840360610135,2025-05-04T23:00:00Z,PM2.5,6.3,UG/M3
840360710002,2025-05-04T23:00:00Z,PM2.5,2,UG/M3
840360810120,2025-05-04T23:00:00Z,PM2.5,4.1,UG/M3
840360810124,2025-05-04T23:00:00Z,PM2.5,8.2,UG/M3
840360850055,2025-05-04T23:00:00Z,PM2.5,1.1,UG/M3
840360850111,2025-05-04T23:00:00Z,PM2.5,5.3,UG/M3
840360870005,2025-05-04T23:00:00Z,PM2.5,3.8,UG/M3
840361030009,2025-05-04T23:00:00Z,PM2.5,6.9,UG/M3
840361192004,2025-05-04T23:00:00Z,PM2.5,2.3,UG/M3
840421010048,2025-05-04T23:00:00Z,PM2.5,4.9,UG/M3
840421010055,2025-05-04T23:00:00Z,PM2.5,5.1,UG/M3
840421010057,2025-05-04T23:00:00Z,PM2.5,5.3,UG/M3
840421010075,2025-05-04T23:00:00Z,PM2.5,5.6,UG/M3
840999999911,2025-05-04T23:00:00Z,PM25,5.36,UG/M3
840999999913,2025-05-04T23:00:00Z,PM25,7.47,UG/M3
840999999914,2025-05-04T23:00:00Z,PM25,6.2,UG/M3
840999999915,2025-05-04T23:00:00Z,PM25,7.79,UG/M3
840999999916,2025-05-04T23:00:00Z,PM25,9.04,UG/M3
840999999918,2025-05-04T23:00:00Z,PM25,9.2,UG/M3
840999999991,2025-05-04T23:00:00Z,PM25,7.15,UG/M3
840999999992,2025-05-04T23:00:00Z,PM25,6.76,UG/M3
840999999994,2025-05-04T23:00:00Z,PM25,7.54,UG/M3
840999999995,2025-05-04T23:00:00Z,PM25,8.59,UG/M3
840999999996,2025-05-04T23:00:00Z,PM25,4,UG/M3
840999999997,2025-05-04T23:00:00Z,PM25,5.17,UG/M3
840999999998,2025-05-04T23:00:00Z,PM25,8.72,UG/M3
840999999999,2025-05-04T23:00:00Z,PM25,6.7,UG/M3
840090010010,2025-05-05T00:00:00Z,PM2.5,7.8,UG/M3
840090011123,2025-05-05T00:00:00Z,PM2.5,4.6,UG/M3
840090090027,2025-05-05T00:00:00Z,PM2.5,7.2,UG/M3
840090110124,2025-05-05T00:00:00Z,PM2.5,7.6,UG/M3
840340030010,2025-05-05T00:00:00Z,PM2.5,6.6,UG/M3
840340070010,2025-05-05T00:00:00Z,PM2.5,4.1,UG/M3
840340071007,2025-05-05T00:00:00Z,PM2.5,3.5,UG/M3
840340170008,2025-05-05T00:00:00Z,PM2.5,6.3,UG/M3
840340190001,2025-05-05T00:00:00Z,PM2.5,5.3,UG/M3
840340210005,2025-05-05T00:00:00Z,PM2.5,4,UG/M3
840340210008,2025-05-05T00:00:00Z,PM2.5,7,UG/M3
840340230011,2025-05-05T00:00:00Z,PM2.5,3.5,UG/M3
840340273001,2025-05-05T00:00:00Z,PM2.5,1.8,UG/M3
840340292002,2025-05-05T00:00:00Z,PM2.5,7.2,UG/M3
840340310005,2025-05-05T00:00:00Z,PM2.5,5.8,UG/M3
840340390004,2025-05-05T00:00:00Z,PM2.5,6.9,UG/M3
840340392003,2025-05-05T00:00:00Z,PM2.5,2.5,UG/M3
840360050080,2025-05-05T00:00:00Z,PM2.5,4.7,UG/M3
840360050110,2025-05-05T00:00:00Z,PM2.5,7.3,UG/M3
840360050112,2025-05-05T00:00:00Z,PM2.5,8.7,UG/M3
840360470052,2025-05-05T00:00:00Z,PM2.5,10.1,UG/M3
840360470118,2025-05-05T00:00:00Z,PM2.5,9.6,UG/M3
840360610115,2025-05-05T00:00:00Z,PM2.5,5,UG/M3
840360610135,2025-05-05T00:00:00Z,PM2.5,7,UG/M3
840360710002,2025-05-05T00:00:00Z,PM2.5,1.9,UG/M3
840360810120,2025-05-05T00:00:00Z,PM2.5,5.4,UG/M3
840360810124,2025-05-05T00:00:00Z,PM2.5,8,UG/M3
840360850055,2025-05-05T00:00:00Z,PM2.5,1,UG/M3
840360850111,2025-05-05T00:00:00Z,PM2.5,5.7,UG/M3
840360870005,2025-05-05T00:00:00Z,PM2.5,3.4,UG/M3
840361030009,2025-05-05T00:00:00Z,PM2.5,6.8,UG/M3
840361192004,2025-05-05T00:00:00Z,PM2.5,1.8,UG/M3
840421010048,2025-05-05T00:00:00Z,PM2.5,5,UG/M3
840421010055,2025-05-05T00:00:00Z,PM2.5,5.3,UG/M3
840421010057,2025-05-05T00:00:00Z,PM2.5,5.5,UG/M3
840421010075,2025-05-05T00:00:00Z,PM2.5,5.7,UG/M3
840999999911,2025-05-05T00:00:00Z,PM25,5.54,UG/M3
840999999913,2025-05-05T00:00:00Z,PM25,6.06,UG/M3
840999999914,2025-05-05T00:00:00Z,PM25,6.1,UG/M3
840999999915,2025-05-05T00:00:00Z,PM25,14,UG/M3
840999999916,2025-05-05T00:00:00Z,PM25,8.73,UG/M3
840999999918,2025-05-05T00:00:00Z,PM25,8.67,UG/M3
840999999991,2025-05-05T00:00:00Z,PM25,8.03,UG/M3
840999999992,2025-05-05T00:00:00Z,PM25,9.63,UG/M3
840999999994,2025-05-05T00:00:00Z,PM25,6.42,UG/M3
840999999995,2025-05-05T00:00:00Z,PM25,7.94,UG/M3
840999999996,2025-05-05T00:00:00Z,PM25,6.7,UG/M3
840999999997,2025-05-05T00:00:00Z,PM25,9.53,UG/M3
840999999998,2025-05-05T00:00:00Z,PM25,11.34,UG/M3
840999999999,2025-05-05T00:00:00Z,PM25,5.99,UG/M3
840090010010,2025-05-05T01:00:00Z,PM2.5,7.9,UG/M3
840090011123,2025-05-05T01:00:00Z,PM2.5,4.8,UG/M3
840090090027,2025-05-05T01:00:00Z,PM2.5,7,UG/M3
840090110124,2025-05-05T01:00:00Z,PM2.5,7.4,UG/M3
840340030010,2025-05-05T01:00:00Z,PM2.5,8.1,UG/M3
840340070010,2025-05-05T01:00:00Z,PM2.5,5.7,UG/M3
840340071007,2025-05-05T01:00:00Z,PM2.5,2.3,UG/M3
840340170008,2025-05-05T01:00:00Z,PM2.5,5,UG/M3
840340190001,2025-05-05T01:00:00Z,PM2.5,4.7,UG/M3
840340210005,2025-05-05T01:00:00Z,PM2.5,4.7,UG/M3
840340210008,2025-05-05T01:00:00Z,PM2.5,6.7,UG/M3
840340230011,2025-05-05T01:00:00Z,PM2.5,3.6,UG/M3
840340273001,2025-05-05T01:00:00Z,PM2.5,3.3,UG/M3
840340292002,2025-05-05T01:00:00Z,PM2.5,8.1,UG/M3
840340310005,2025-05-05T01:00:00Z,PM2.5,8.7,UG/M3
840340390004,2025-05-05T01:00:00Z,PM2.5,6.9,UG/M3
840340392003,2025-05-05T01:00:00Z,PM2.5,1.8,UG/M3
840360050080,2025-05-05T01:00:00Z,PM2.5,4.4,UG/M3
840360050110,2025-05-05T01:00:00Z,PM2.5,7.3,UG/M3
840360050112,2025-05-05T01:00:00Z,PM2.5,8.4,UG/M3
840360470052,2025-05-05T01:00:00Z,PM2.5,11.6,UG/M3
840360470118,2025-05-05T01:00:00Z,PM2.5,10.5,UG/M3
840360610115,2025-05-05T01:00:00Z,PM2.5,4.4,UG/M3
840360610135,2025-05-05T01:00:00Z,PM2.5,9.3,UG/M3
840360710002,2025-05-05T01:00:00Z,PM2.5,1.6,UG/M3
840360810120,2025-05-05T01:00:00Z,PM2.5,6.8,UG/M3
840360810124,2025-05-05T01:00:00Z,PM2.5,7.4,UG/M3
840360850055,2025-05-05T01:00:00Z,PM2.5,1.9,UG/M3
840360850111,2025-05-05T01:00:00Z,PM2.5,7.6,UG/M3
840360870005,2025-05-05T01:00:00Z,PM2.5,2.5,UG/M3
840361030009,2025-05-05T01:00:00Z,PM2.5,6.4,UG/M3
840361192004,2025-05-05T01:00:00Z,PM2.5,2,UG/M3
840421010048,2025-05-05T01:00:00Z,PM2.5,5.2,UG/M3
840421010055,2025-05-05T01:00:00Z,PM2.5,5.6,UG/M3
840421010057,2025-05-05T01:00:00Z,PM2.5,5.7,UG/M3
840421010075,2025-05-05T01:00:00Z,PM2.5,5.6,UG/M3
840999999911,2025-05-05T01:00:00Z,PM25,6.17,UG/M3
840999999913,2025-05-05T01:00:00Z,PM25,7.41,UG/M3
840999999914,2025-05-05T01:00:00Z,PM25,6.3,UG/M3
840999999915,2025-05-05T01:00:00Z,PM25,11.7,UG/M3
840999999916,2025-05-05T01:00:00Z,PM25,9.08,UG/M3
840999999918,2025-05-05T01:00:00Z,PM25,11.66,UG/M3
840999999991,2025-05-05T01:00:00Z,PM25,8.3,UG/M3
840999999992,2025-05-05T01:00:00Z,PM25,7.84,UG/M3
840999999994,2025-05-05T01:00:00Z,PM25,5.47,UG/M3
840999999995,2025-05-05T01:00:00Z,PM25,8.27,UG/M3
840999999996,2025-05-05T01:00:00Z,PM25,6.94,UG/M3
840999999997,2025-05-05T01:00:00Z,PM25,10.62,UG/M3
840999999998,2025-05-05T01:00:00Z,PM25,9.25,UG/M3
840999999999,2025-05-05T01:00:00Z,PM25,6.14,UG/M3
840090010010,2025-05-05T02:00:00Z,PM2.5,7.9,UG/M3
840090011123,2025-05-05T02:00:00Z,PM2.5,5,UG/M3
840090090027,2025-05-05T02:00:00Z,PM2.5,6.7,UG/M3
840090110124,2025-05-05T02:00:00Z,PM2.5,7.4,UG/M3
840340030010,2025-05-05T02:00:00Z,PM2.5,7.1,UG/M3
840340070010,2025-05-05T02:00:00Z,PM2.5,6.3,UG/M3
840340071007,2025-05-05T02:00:00Z,PM2.5,4.6,UG/M3
840340170008,2025-05-05T02:00:00Z,PM2.5,4.7,UG/M3
840340190001,2025-05-05T02:00:00Z,PM2.5,4.4,UG/M3
840340210005,2025-05-05T02:00:00Z,PM2.5,5.4,UG/M3
840340210008,2025-05-05T02:00:00Z,PM2.5,5.4,UG/M3
840340230011,2025-05-05T02:00:00Z,PM2.5,3.5,UG/M3
840340273001,2025-05-05T02:00:00Z,PM2.5,2.1,UG/M3
840340292002,2025-05-05T02:00:00Z,PM2.5,8.8,UG/M3
840340310005,2025-05-05T02:00:00Z,PM2.5,8,UG/M3
840340390004,2025-05-05T02:00:00Z,PM2.5,5.7,UG/M3
840340392003,2025-05-05T02:00:00Z,PM2.5,3.4,UG/M3
840360050080,2025-05-05T02:00:00Z,PM2.5,3.7,UG/M3
840360050110,2025-05-05T02:00:00Z,PM2.5,7.5,UG/M3
840360050112,2025-05-05T02:00:00Z,PM2.5,8.3,UG/M3
840360470052,2025-05-05T02:00:00Z,PM2.5,13.2,UG/M3
840360470118,2025-05-05T02:00:00Z,PM2.5,12.7,UG/M3
840360610115,2025-05-05T02:00:00Z,PM2.5,3.7,UG/M3
840360610135,2025-05-05T02:00:00Z,PM2.5,10.6,UG/M3
840360710002,2025-05-05T02:00:00Z,PM2.5,1,UG/M3
840360810120,2025-05-05T02:00:00Z,PM2.5,6.7,UG/M3
840360810124,2025-05-05T02:00:00Z,PM2.5,9.3,UG/M3
840360850055,2025-05-05T02:00:00Z,PM2.5,2,UG/M3
840360850111,2025-05-05T02:00:00Z,PM2.5,9,UG/M3
840360870005,2025-05-05T02:00:00Z,PM2.5,2.3,UG/M3
840361030009,2025-05-05T02:00:00Z,PM2.5,6.1,UG/M3
840361192004,2025-05-05T02:00:00Z,PM2.5,1.8,UG/M3
840421010048,2025-05-05T02:00:00Z,PM2.5,5.1,UG/M3
840421010055,2025-05-05T02:00:00Z,PM2.5,5.6,UG/M3
840421010057,2025-05-05T02:00:00Z,PM2.5,5.8,UG/M3
840421010075,2025-05-05T02:00:00Z,PM2.5,5.6,UG/M3
840999999911,2025-05-05T02:00:00Z,PM25,7.68,UG/M3
840999999913,2025-05-05T02:00:00Z,PM25,10.24,UG/M3
840999999914,2025-05-05T02:00:00Z,PM25,8.49,UG/M3
840999999915,2025-05-05T02:00:00Z,PM25,12.85,UG/M3
840999999916,2025-05-05T02:00:00Z,PM25,11.12,UG/M3
840999999918,2025-05-05T02:00:00Z,PM25,10.27,UG/M3
840999999991,2025-05-05T02:00:00Z,PM25,10.18,UG/M3
840999999992,2025-05-05T02:00:00Z,PM25,7.98,UG/M3
840999999994,2025-05-05T02:00:00Z,PM25,8.47,UG/M3
840999999995,2025-05-05T02:00:00Z,PM25,9.54,UG/M3
840999999996,2025-05-05T02:00:00Z,PM25,8.85,UG/M3
840999999997,2025-05-05T02:00:00Z,PM25,11.45,UG/M3
840999999998,2025-05-05T02:00:00Z,PM25,9.81,UG/M3
840999999999,2025-05-05T02:00:00Z,PM25,9.01,UG/M3
840090010010,2025-05-05T03:00:00Z,PM2.5,7.3,UG/M3
840090011123,2025-05-05T03:00:00Z,PM2.5,4.2,UG/M3
840090090027,2025-05-05T03:00:00Z,PM2.5,5.7,UG/M3
840090110124,2025-05-05T03:00:00Z,PM2.5,7,UG/M3
840340030010,2025-05-05T03:00:00Z,PM2.5,9.6,UG/M3
840340070010,2025-05-05T03:00:00Z,PM2.5,5.3,UG/M3
840340071007,2025-05-05T03:00:00Z,PM2.5,3,UG/M3
840340170008,2025-05-05T03:00:00Z,PM2.5,5.8,UG/M3
840340190001,2025-05-05T03:00:00Z,PM2.5,4.5,UG/M3
840340210005,2025-05-05T03:00:00Z,PM2.5,5.8,UG/M3
840340210008,2025-05-05T03:00:00Z,PM2.5,5.7,UG/M3
840340230011,2025-05-05T03:00:00Z,PM2.5,2.3,UG/M3
840340273001,2025-05-05T03:00:00Z,PM2.5,2.5,UG/M3
840340292002,2025-05-05T03:00:00Z,PM2.5,8.9,UG/M3
840340310005,2025-05-05T03:00:00Z,PM2.5,6.7,UG/M3
840340390004,2025-05-05T03:00:00Z,PM2.5,5.6,UG/M3
840340392003,2025-05-05T03:00:00Z,PM2.5,6.2,UG/M3
840360050080,2025-05-05T03:00:00Z,PM2.5,4.4,UG/M3
840360050110,2025-05-05T03:00:00Z,PM2.5,8.9,UG/M3
840360050112,2025-05-05T03:00:00Z,PM2.5,9.8,UG/M3
840360470052,2025-05-05T03:00:00Z,PM2.5,14.6,UG/M3
840360470118,2025-05-05T03:00:00Z,PM2.5,14.4,UG/M3
840360610115,2025-05-05T03:00:00Z,PM2.5,4.3,UG/M3
840360610135,2025-05-05T03:00:00Z,PM2.5,13,UG/M3
840360710002,2025-05-05T03:00:00Z,PM2.5,0.8,UG/M3
840360810120,2025-05-05T03:00:00Z,PM2.5,8.2,UG/M3
840360810124,2025-05-05T03:00:00Z,PM2.5,10.3,UG/M3
840360850055,2025-05-05T03:00:00Z,PM2.5,2,UG/M3
840360850111,2025-05-05T03:00:00Z,PM2.5,11.8,UG/M3
840360870005,2025-05-05T03:00:00Z,PM2.5,1.7,UG/M3
840361030009,2025-05-05T03:00:00Z,PM2.5,6,UG/M3
840361192004,2025-05-05T03:00:00Z,PM2.5,1.1,UG/M3
840421010048,2025-05-05T03:00:00Z,PM2.5,5.3,UG/M3
840421010055,2025-05-05T03:00:00Z,PM2.5,5.6,UG/M3
840421010057,2025-05-05T03:00:00Z,PM2.5,5.9,UG/M3
840421010075,2025-05-05T03:00:00Z,PM2.5,5.7,UG/M3
840999999911,2025-05-05T03:00:00Z,PM25,8.62,UG/M3
840999999913,2025-05-05T03:00:00Z,PM25,11.42,UG/M3
840999999914,2025-05-05T03:00:00Z,PM25,9.59,UG/M3
840999999915,2025-05-05T03:00:00Z,PM25,15.53,UG/M3
840999999916,2025-05-05T03:00:00Z,PM25,14.29,UG/M3
840999999918,2025-05-05T03:00:00Z,PM25,13.35,UG/M3
840999999991,2025-05-05T03:00:00Z,PM25,12.41,UG/M3
840999999992,2025-05-05T03:00:00Z,PM25,10.34,UG/M3
840999999994,2025-05-05T03:00:00Z,PM25,9.25,UG/M3
840999999995,2025-05-05T03:00:00Z,PM25,11.42,UG/M3
840999999996,2025-05-05T03:00:00Z,PM25,9.21,UG/M3
840999999997,2025-05-05T03:00:00Z,PM25,13.47,UG/M3
840999999998,2025-05-05T03:00:00Z,PM25,11.32,UG/M3
840999999999,2025-05-05T03:00:00Z,PM25,8.47,UG/M3
840090010010,2025-05-05T04:00:00Z,PM2.5,7.2,UG/M3
840090011123,2025-05-05T04:00:00Z,PM2.5,3.9,UG/M3
840090090027,2025-05-05T04:00:00Z,PM2.5,5.5,UG/M3
840090110124,2025-05-05T04:00:00Z,PM2.5,5.7,UG/M3
840340030010,2025-05-05T04:00:00Z,PM2.5,10,UG/M3
840340070010,2025-05-05T04:00:00Z,PM2.5,5.6,UG/M3
840340071007,2025-05-05T04:00:00Z,PM2.5,6.6,UG/M3
840340170008,2025-05-05T04:00:00Z,PM2.5,7.1,UG/M3
840340190001,2025-05-05T04:00:00Z,PM2.5,4.1,UG/M3
840340210005,2025-05-05T04:00:00Z,PM2.5,5.4,UG/M3
840340210008,2025-05-05T04:00:00Z,PM2.5,4.3,UG/M3
840340230011,2025-05-05T04:00:00Z,PM2.5,1.1,UG/M3
840340273001,2025-05-05T04:00:00Z,PM2.5,1.8,UG/M3
840340292002,2025-05-05T04:00:00Z,PM2.5,7.4,UG/M3
840340310005,2025-05-05T04:00:00Z,PM2.5,10.1,UG/M3
840340390004,2025-05-05T04:00:00Z,PM2.5,6.5,UG/M3
840340392003,2025-05-05T04:00:00Z,PM2.5,7.6,UG/M3
840360050080,2025-05-05T04:00:00Z,PM2.5,4.4,UG/M3
840360050110,2025-05-05T04:00:00Z,PM2.5,10.6,UG/M3
840360050112,2025-05-05T04:00:00Z,PM2.5,11.2,UG/M3
840360470052,2025-05-05T04:00:00Z,PM2.5,15.2,UG/M3
840360470118,2025-05-05T04:00:00Z,PM2.5,15.4,UG/M3
840360610115,2025-05-05T04:00:00Z,PM2.5,4.2,UG/M3
840360610135,2025-05-05T04:00:00Z,PM2.5,15.4,UG/M3
840360710002,2025-05-05T04:00:00Z,PM2.5,1.3,UG/M3
840360810120,2025-05-05T04:00:00Z,PM2.5,7.6,UG/M3
840360810124,2025-05-05T04:00:00Z,PM2.5,11.8,UG/M3
840360850055,2025-05-05T04:00:00Z,PM2.5,2,UG/M3
840360850111,2025-05-05T04:00:00Z,PM2.5,11.8,UG/M3
840360870005,2025-05-05T04:00:00Z,PM2.5,1.4,UG/M3
840361030009,2025-05-05T04:00:00Z,PM2.5,5.1,UG/M3
840361192004,2025-05-05T04:00:00Z,PM2.5,1.3,UG/M3
840421010048,2025-05-05T04:00:00Z,PM2.5,5.3,UG/M3
840421010055,2025-05-05T04:00:00Z,PM2.5,5.6,UG/M3
840421010057,2025-05-05T04:00:00Z,PM2.5,6,UG/M3
840421010075,2025-05-05T04:00:00Z,PM2.5,5.7,UG/M3
840999999911,2025-05-05T04:00:00Z,PM25,9.97,UG/M3
840999999913,2025-05-05T04:00:00Z,PM25,15.47,UG/M3
840999999914,2025-05-05T04:00:00Z,PM25,12.25,UG/M3
840999999915,2025-05-05T04:00:00Z,PM25,17.57,UG/M3
840999999916,2025-05-05T04:00:00Z,PM25,14.4,UG/M3
840999999918,2025-05-05T04:00:00Z,PM25,12.33,UG/M3
840999999991,2025-05-05T04:00:00Z,PM25,11.99,UG/M3
840999999992,2025-05-05T04:00:00Z,PM25,12.51,UG/M3
840999999994,2025-05-05T04:00:00Z,PM25,11.64,UG/M3
840999999995,2025-05-05T04:00:00Z,PM25,11.38,UG/M3
840999999996,2025-05-05T04:00:00Z,PM25,11.95,UG/M3
840999999997,2025-05-05T04:00:00Z,PM25,14.61,UG/M3
840999999998,2025-05-05T04:00:00Z,PM25,13.56,UG/M3
840999999999,2025-05-05T04:00:00Z,PM25,8.11,UG/M3
840090010010,2025-05-05T05:00:00Z,PM2.5,6.9,UG/M3
840090011123,2025-05-05T05:00:00Z,PM2.5,3.6,UG/M3
840090090027,2025-05-05T05:00:00Z,PM2.5,5.2,UG/M3
840090110124,2025-05-05T05:00:00Z,PM2.5,4.8,UG/M3
840340030010,2025-05-05T05:00:00Z,PM2.5,8.2,UG/M3
840340070010,2025-05-05T05:00:00Z,PM2.5,6.2,UG/M3
840340071007,2025-05-05T05:00:00Z,PM2.5,5.1,UG/M3
840340170008,2025-05-05T05:00:00Z,PM2.5,8.1,UG/M3
840340190001,2025-05-05T05:00:00Z,PM2.5,4.2,UG/M3
840340210005,2025-05-05T05:00:00Z,PM2.5,5.4,UG/M3
840340210008,2025-05-05T05:00:00Z,PM2.5,2.7,UG/M3
840340230011,2025-05-05T05:00:00Z,PM2.5,2.2,UG/M3
840340273001,2025-05-05T05:00:00Z,PM2.5,5.2,UG/M3
840340292002,2025-05-05T05:00:00Z,PM2.5,4.9,UG/M3
840340310005,2025-05-05T05:00:00Z,PM2.5,15.4,UG/M3
840340390004,2025-05-05T05:00:00Z,PM2.5,9.8,UG/M3
840340392003,2025-05-05T05:00:00Z,PM2.5,11.8,UG/M3
840360050080,2025-05-05T05:00:00Z,PM2.5,3.6,UG/M3
840360050110,2025-05-05T05:00:00Z,PM2.5,10.4,UG/M3
840360050112,2025-05-05T05:00:00Z,PM2.5,11.4,UG/M3
840360470052,2025-05-05T05:00:00Z,PM2.5,14,UG/M3
840360470118,2025-05-05T05:00:00Z,PM2.5,15.4,UG/M3
840360610115,2025-05-05T05:00:00Z,PM2.5,3.3,UG/M3
840360610135,2025-05-05T05:00:00Z,PM2.5,15.2,UG/M3
840360710002,2025-05-05T05:00:00Z,PM2.5,0.7,UG/M3
840360810120,2025-05-05T05:00:00Z,PM2.5,7.1,UG/M3
840360810124,2025-05-05T05:00:00Z,PM2.5,10.7,UG/M3
840360850055,2025-05-05T05:00:00Z,PM2.5,2.1,UG/M3
840360850111,2025-05-05T05:00:00Z,PM2.5,10.1,UG/M3
840360870005,2025-05-05T05:00:00Z,PM2.5,0,UG/M3
840361030009,2025-05-05T05:00:00Z,PM2.5,5.8,UG/M3
840361192004,2025-05-05T05:00:00Z,PM2.5,1,UG/M3
840421010048,2025-05-05T05:00:00Z,PM2.5,5.4,UG/M3
840421010055,2025-05-05T05:00:00Z,PM2.5,5.8,UG/M3
840421010057,2025-05-05T05:00:00Z,PM2.5,6.3,UG/M3
840421010075,2025-05-05T05:00:00Z,PM2.5,5.8,UG/M3
840999999911,2025-05-05T05:00:00Z,PM25,9.9,UG/M3
840999999913,2025-05-05T05:00:00Z,PM25,13.44,UG/M3
840999999914,2025-05-05T05:00:00Z,PM25,11.51,UG/M3
840999999915,2025-05-05T05:00:00Z,PM25,15.43,UG/M3
840999999916,2025-05-05T05:00:00Z,PM25,15.89,UG/M3
840999999918,2025-05-05T05:00:00Z,PM25,13.27,UG/M3
840999999991,2025-05-05T05:00:00Z,PM25,11.95,UG/M3
840999999992,2025-05-05T05:00:00Z,PM25,12.02,UG/M3
840999999994,2025-05-05T05:00:00Z,PM25,7.72,UG/M3
840999999995,2025-05-05T05:00:00Z,PM25,12.87,UG/M3
840999999996,2025-05-05T05:00:00Z,PM25,11.9,UG/M3
840999999997,2025-05-05T05:00:00Z,PM25,13.01,UG/M3
840999999998,2025-05-05T05:00:00Z,PM25,11.49,UG/M3
840999999999,2025-05-05T05:00:00Z,PM25,4.79,UG/M3
840090010010,2025-05-05T06:00:00Z,PM2.5,5.7,UG/M3
840090011123,2025-05-05T06:00:00Z,PM2.5,3.7,UG/M3
840090090027,2025-05-05T06:00:00Z,PM2.5,4.1,UG/M3
840090110124,2025-05-05T06:00:00Z,PM2.5,4.5,UG/M3
840340030010,2025-05-05T06:00:00Z,PM2.5,9.7,UG/M3
840340070010,2025-05-05T06:00:00Z,PM2.5,6.6,UG/M3
840340071007,2025-05-05T06:00:00Z,PM2.5,6.6,UG/M3
840340170008,2025-05-05T06:00:00Z,PM2.5,9.5,UG/M3
840340190001,2025-05-05T06:00:00Z,PM2.5,3.9,UG/M3
840340210005,2025-05-05T06:00:00Z,PM2.5,5.8,UG/M3
840340210008,2025-05-05T06:00:00Z,PM2.5,2.2,UG/M3
840340230011,2025-05-05T06:00:00Z,PM2.5,5.7,UG/M3
840340273001,2025-05-05T06:00:00Z,PM2.5,2.2,UG/M3
840340292002,2025-05-05T06:00:00Z,PM2.5,3.1,UG/M3
840340310005,2025-05-05T06:00:00Z,PM2.5,18.4,UG/M3
840340390004,2025-05-05T06:00:00Z,PM2.5,13,UG/M3
840340392003,2025-05-05T06:00:00Z,PM2.5,10.3,UG/M3
840360050080,2025-05-05T06:00:00Z,PM2.5,2.7,UG/M3
840360050110,2025-05-05T06:00:00Z,PM2.5,9.9,UG/M3
840360050112,2025-05-05T06:00:00Z,PM2.5,11.7,UG/M3
840360470052,2025-05-05T06:00:00Z,PM2.5,11.4,UG/M3
840360470118,2025-05-05T06:00:00Z,PM2.5,12.4,UG/M3
840360610115,2025-05-05T06:00:00Z,PM2.5,6.6,UG/M3
840360610135,2025-05-05T06:00:00Z,PM2.5,13.1,UG/M3
840360710002,2025-05-05T06:00:00Z,PM2.5,0,UG/M3
840360810120,2025-05-05T06:00:00Z,PM2.5,5.1,UG/M3
840360810124,2025-05-05T06:00:00Z,PM2.5,7.9,UG/M3
840360850055,2025-05-05T06:00:00Z,PM2.5,1.9,UG/M3
840360850111,2025-05-05T06:00:00Z,PM2.5,8.9,UG/M3
840360870005,2025-05-05T06:00:00Z,PM2.5,0,UG/M3
840361030009,2025-05-05T06:00:00Z,PM2.5,7,UG/M3
840361192004,2025-05-05T06:00:00Z,PM2.5,1,UG/M3
840421010048,2025-05-05T06:00:00Z,PM2.5,5.7,UG/M3
840421010055,2025-05-05T06:00:00Z,PM2.5,6.2,UG/M3
840421010057,2025-05-05T06:00:00Z,PM2.5,6.8,UG/M3
840421010075,2025-05-05T06:00:00Z,PM2.5,6,UG/M3
840999999911,2025-05-05T06:00:00Z,PM25,6.57,UG/M3
840999999913,2025-05-05T06:00:00Z,PM25,12.35,UG/M3
840999999914,2025-05-05T06:00:00Z,PM25,8.6,UG/M3
840999999915,2025-05-05T06:00:00Z,PM25,12.62,UG/M3
840999999916,2025-05-05T06:00:00Z,PM25,17.03,UG/M3
840999999918,2025-05-05T06:00:00Z,PM25,12.81,UG/M3
840999999991,2025-05-05T06:00:00Z,PM25,9.79,UG/M3
840999999992,2025-05-05T06:00:00Z,PM25,11.55,UG/M3
840999999994,2025-05-05T06:00:00Z,PM25,5.67,UG/M3
840999999995,2025-05-05T06:00:00Z,PM25,12.36,UG/M3
840999999996,2025-05-05T06:00:00Z,PM25,7.83,UG/M3
840999999997,2025-05-05T06:00:00Z,PM25,11.38,UG/M3
840999999998,2025-05-05T06:00:00Z,PM25,10.37,UG/M3
840999999999,2025-05-05T06:00:00Z,PM25,5.37,UG/M3
840090010010,2025-05-05T07:00:00Z,PM2.5,5.3,UG/M3
840090011123,2025-05-05T07:00:00Z,PM2.5,3.4,UG/M3
840090090027,2025-05-05T07:00:00Z,PM2.5,3.4,UG/M3
840090110124,2025-05-05T07:00:00Z,PM2.5,4,UG/M3
840340030010,2025-05-05T07:00:00Z,PM2.5,7.3,UG/M3
840340070010,2025-05-05T07:00:00Z,PM2.5,8,UG/M3
840340071007,2025-05-05T07:00:00Z,PM2.5,5.3,UG/M3
840340170008,2025-05-05T07:00:00Z,PM2.5,10,UG/M3
840340190001,2025-05-05T07:00:00Z,PM2.5,3.8,UG/M3
840340210005,2025-05-05T07:00:00Z,PM2.5,5.8,UG/M3
840340210008,2025-05-05T07:00:00Z,PM2.5,4,UG/M3
840340230011,2025-05-05T07:00:00Z,PM2.5,8.2,UG/M3
840340273001,2025-05-05T07:00:00Z,PM2.5,2.6,UG/M3
840340292002,2025-05-05T07:00:00Z,PM2.5,3,UG/M3
840340310005,2025-05-05T07:00:00Z,PM2.5,14.6,UG/M3
840340390004,2025-05-05T07:00:00Z,PM2.5,12.1,UG/M3
840340392003,2025-05-05T07:00:00Z,PM2.5,10.6,UG/M3
840360050080,2025-05-05T07:00:00Z,PM2.5,1.9,UG/M3
840360050110,2025-05-05T07:00:00Z,PM2.5,8.2,UG/M3
840360050112,2025-05-05T07:00:00Z,PM2.5,10.2,UG/M3
840360470052,2025-05-05T07:00:00Z,PM2.5,10.1,UG/M3
840360470118,2025-05-05T07:00:00Z,PM2.5,13.1,UG/M3
840360610115,2025-05-05T07:00:00Z,PM2.5,10.2,UG/M3
840360610135,2025-05-05T07:00:00Z,PM2.5,10.8,UG/M3
840360710002,2025-05-05T07:00:00Z,PM2.5,0,UG/M3
840360810120,2025-05-05T07:00:00Z,PM2.5,3.5,UG/M3
840360810124,2025-05-05T07:00:00Z,PM2.5,6.7,UG/M3
840360850055,2025-05-05T07:00:00Z,PM2.5,1.4,UG/M3
840360850111,2025-05-05T07:00:00Z,PM2.5,8,UG/M3
840360870005,2025-05-05T07:00:00Z,PM2.5,0,UG/M3
840361030009,2025-05-05T07:00:00Z,PM2.5,8.7,UG/M3
840361192004,2025-05-05T07:00:00Z,PM2.5,1.3,UG/M3
840421010048,2025-05-05T07:00:00Z,PM2.5,6.2,UG/M3
840421010055,2025-05-05T07:00:00Z,PM2.5,7.3,UG/M3
840421010057,2025-05-05T07:00:00Z,PM2.5,7.1,UG/M3
840421010075,2025-05-05T07:00:00Z,PM2.5,6.8,UG/M3
840999999911,2025-05-05T07:00:00Z,PM25,11.51,UG/M3
840999999913,2025-05-05T07:00:00Z,PM25,10.72,UG/M3
840999999914,2025-05-05T07:00:00Z,PM25,12,UG/M3
840999999915,2025-05-05T07:00:00Z,PM25,10.11,UG/M3
840999999916,2025-05-05T07:00:00Z,PM25,10.78,UG/M3
840999999918,2025-05-05T07:00:00Z,PM25,8.89,UG/M3
840999999991,2025-05-05T07:00:00Z,PM25,13.44,UG/M3
840999999992,2025-05-05T07:00:00Z,PM25,8.84,UG/M3
840999999994,2025-05-05T07:00:00Z,PM25,6.42,UG/M3
840999999995,2025-05-05T07:00:00Z,PM25,9.12,UG/M3
840999999996,2025-05-05T07:00:00Z,PM25,10.84,UG/M3
840999999997,2025-05-05T07:00:00Z,PM25,8.28,UG/M3
840999999998,2025-05-05T07:00:00Z,PM25,8.43,UG/M3
840999999999,2025-05-05T07:00:00Z,PM25,6.59,UG/M3
840090010010,2025-05-05T08:00:00Z,PM2.5,5,UG/M3
840090011123,2025-05-05T08:00:00Z,PM2.5,2.9,UG/M3
840090090027,2025-05-05T08:00:00Z,PM2.5,3.4,UG/M3
840090110124,2025-05-05T08:00:00Z,PM2.5,3.6,UG/M3
840340030010,2025-05-05T08:00:00Z,PM2.5,6.5,UG/M3
840340070010,2025-05-05T08:00:00Z,PM2.5,8.6,UG/M3
840340071007,2025-05-05T08:00:00Z,PM2.5,5.9,UG/M3
840340170008,2025-05-05T08:00:00Z,PM2.5,8,UG/M3
840340190001,2025-05-05T08:00:00Z,PM2.5,3.7,UG/M3
840340210005,2025-05-05T08:00:00Z,PM2.5,5.2,UG/M3
840340210008,2025-05-05T08:00:00Z,PM2.5,4,UG/M3
840340230011,2025-05-05T08:00:00Z,PM2.5,8.1,UG/M3
840340273001,2025-05-05T08:00:00Z,PM2.5,3.2,UG/M3
840340292002,2025-05-05T08:00:00Z,PM2.5,2.7,UG/M3
840340310005,2025-05-05T08:00:00Z,PM2.5,10,UG/M3
840340390004,2025-05-05T08:00:00Z,PM2.5,10.8,UG/M3
840340392003,2025-05-05T08:00:00Z,PM2.5,10.1,UG/M3
840360050080,2025-05-05T08:00:00Z,PM2.5,1.1,UG/M3
840360050110,2025-05-05T08:00:00Z,PM2.5,7.1,UG/M3
840360050112,2025-05-05T08:00:00Z,PM2.5,8.7,UG/M3
840360470052,2025-05-05T08:00:00Z,PM2.5,11.7,UG/M3
840360470118,2025-05-05T08:00:00Z,PM2.5,12.1,UG/M3
840360610115,2025-05-05T08:00:00Z,PM2.5,10.1,UG/M3
840360610135,2025-05-05T08:00:00Z,PM2.5,8.9,UG/M3
840360710002,2025-05-05T08:00:00Z,PM2.5,0,UG/M3
840360810120,2025-05-05T08:00:00Z,PM2.5,3.5,UG/M3
840360810124,2025-05-05T08:00:00Z,PM2.5,7,UG/M3
840360850055,2025-05-05T08:00:00Z,PM2.5,1.8,UG/M3
840360850111,2025-05-05T08:00:00Z,PM2.5,6.5,UG/M3
840360870005,2025-05-05T08:00:00Z,PM2.5,0,UG/M3
840361030009,2025-05-05T08:00:00Z,PM2.5,7.9,UG/M3
840361192004,2025-05-05T08:00:00Z,PM2.5,0.8,UG/M3
840421010048,2025-05-05T08:00:00Z,PM2.5,6.3,UG/M3
840421010055,2025-05-05T08:00:00Z,PM2.5,7.2,UG/M3
840421010057,2025-05-05T08:00:00Z,PM2.5,6.9,UG/M3
840421010075,2025-05-05T08:00:00Z,PM2.5,7.2,UG/M3
840999999911,2025-05-05T08:00:00Z,PM25,10.6,UG/M3
840999999913,2025-05-05T08:00:00Z,PM25,8.74,UG/M3
840999999914,2025-05-05T08:00:00Z,PM25,11.48,UG/M3
840999999915,2025-05-05T08:00:00Z,PM25,10.08,UG/M3
840999999916,2025-05-05T08:00:00Z,PM25,12.2,UG/M3
840999999918,2025-05-05T08:00:00Z,PM25,10.09,UG/M3
840999999991,2025-05-05T08:00:00Z,PM25,13.84,UG/M3
840999999992,2025-05-05T08:00:00Z,PM25,7.75,UG/M3
840999999994,2025-05-05T08:00:00Z,PM25,7.27,UG/M3
840999999995,2025-05-05T08:00:00Z,PM25,9.33,UG/M3
840999999996,2025-05-05T08:00:00Z,PM25,9.85,UG/M3
840999999997,2025-05-05T08:00:00Z,PM25,7.58,UG/M3
840999999998,2025-05-05T08:00:00Z,PM25,8.02,UG/M3
840999999999,2025-05-05T08:00:00Z,PM25,7.56,UG/M3
840090010010,2025-05-05T09:00:00Z,PM2.5,5.2,UG/M3
840090011123,2025-05-05T09:00:00Z,PM2.5,2.8,UG/M3
840090090027,2025-05-05T09:00:00Z,PM2.5,3.5,UG/M3
840090110124,2025-05-05T09:00:00Z,PM2.5,3.2,UG/M3
840340030010,2025-05-05T09:00:00Z,PM2.5,7.1,UG/M3
840340070010,2025-05-05T09:00:00Z,PM2.5,7.1,UG/M3
840340071007,2025-05-05T09:00:00Z,PM2.5,5.1,UG/M3
840340170008,2025-05-05T09:00:00Z,PM2.5,7.2,UG/M3
840340190001,2025-05-05T09:00:00Z,PM2.5,4.1,UG/M3
840340210005,2025-05-05T09:00:00Z,PM2.5,4.6,UG/M3
840340210008,2025-05-05T09:00:00Z,PM2.5,5.3,UG/M3
840340230011,2025-05-05T09:00:00Z,PM2.5,8,UG/M3
840340273001,2025-05-05T09:00:00Z,PM2.5,2.1,UG/M3
840340292002,2025-05-05T09:00:00Z,PM2.5,4.5,UG/M3
840340310005,2025-05-05T09:00:00Z,PM2.5,8.8,UG/M3
840340390004,2025-05-05T09:00:00Z,PM2.5,8.1,UG/M3
840340392003,2025-05-05T09:00:00Z,PM2.5,7.9,UG/M3
840360050080,2025-05-05T09:00:00Z,PM2.5,1.4,UG/M3
840360050110,2025-05-05T09:00:00Z,PM2.5,7,UG/M3
840360050112,2025-05-05T09:00:00Z,PM2.5,8.9,UG/M3
840360470052,2025-05-05T09:00:00Z,PM2.5,11.7,UG/M3
840360470118,2025-05-05T09:00:00Z,PM2.5,12.9,UG/M3
840360610115,2025-05-05T09:00:00Z,PM2.5,10.3,UG/M3
840360610135,2025-05-05T09:00:00Z,PM2.5,8,UG/M3
840360710002,2025-05-05T09:00:00Z,PM2.5,0.2,UG/M3
840360810120,2025-05-05T09:00:00Z,PM2.5,4.3,UG/M3
840360810124,2025-05-05T09:00:00Z,PM2.5,8,UG/M3
840360850055,2025-05-05T09:00:00Z,PM2.5,2.6,UG/M3
840360850111,2025-05-05T09:00:00Z,PM2.5,6.9,UG/M3
840360870005,2025-05-05T09:00:00Z,PM2.5,1.2,UG/M3
840361030009,2025-05-05T09:00:00Z,PM2.5,7.1,UG/M3
840361192004,2025-05-05T09:00:00Z,PM2.5,0.8,UG/M3
840421010048,2025-05-05T09:00:00Z,PM2.5,6.1,UG/M3
840421010055,2025-05-05T09:00:00Z,PM2.5,7,UG/M3
840421010057,2025-05-05T09:00:00Z,PM2.5,6.7,UG/M3
840421010075,2025-05-05T09:00:00Z,PM2.5,7.2,UG/M3
840999999911,2025-05-05T09:00:00Z,PM25,11.5,UG/M3
840999999913,2025-05-05T09:00:00Z,PM25,10.26,UG/M3
840999999914,2025-05-05T09:00:00Z,PM25,11.08,UG/M3
840999999915,2025-05-05T09:00:00Z,PM25,8.95,UG/M3
840999999916,2025-05-05T09:00:00Z,PM25,13.49,UG/M3
840999999918,2025-05-05T09:00:00Z,PM25,16.28,UG/M3
840999999991,2025-05-05T09:00:00Z,PM25,13.26,UG/M3
840999999992,2025-05-05T09:00:00Z,PM25,10.39,UG/M3
840999999994,2025-05-05T09:00:00Z,PM25,9.24,UG/M3
840999999995,2025-05-05T09:00:00Z,PM25,8.98,UG/M3
840999999996,2025-05-05T09:00:00Z,PM25,9.98,UG/M3
840999999997,2025-05-05T09:00:00Z,PM25,8.04,UG/M3
840999999998,2025-05-05T09:00:00Z,PM25,8.49,UG/M3
840999999999,2025-05-05T09:00:00Z,PM25,8.05,UG/M3
840090010010,2025-05-05T10:00:00Z,PM2.5,4.3,UG/M3
840090011123,2025-05-05T10:00:00Z,PM2.5,3.1,UG/M3
840090090027,2025-05-05T10:00:00Z,PM2.5,3,UG/M3
840090110124,2025-05-05T10:00:00Z,PM2.5,3.2,UG/M3
840340030010,2025-05-05T10:00:00Z,PM2.5,6.5,UG/M3
840340070010,2025-05-05T10:00:00Z,PM2.5,7.5,UG/M3
840340071007,2025-05-05T10:00:00Z,PM2.5,3.3,UG/M3
840340170008,2025-05-05T10:00:00Z,PM2.5,7,UG/M3
840340190001,2025-05-05T10:00:00Z,PM2.5,5.3,UG/M3
840340210005,2025-05-05T10:00:00Z,PM2.5,4.5,UG/M3
840340210008,2025-05-05T10:00:00Z,PM2.5,2.3,UG/M3
840340230011,2025-05-05T10:00:00Z,PM2.5,8.7,UG/M3
840340273001,2025-05-05T10:00:00Z,PM2.5,2,UG/M3
840340292002,2025-05-05T10:00:00Z,PM2.5,6,UG/M3
840340310005,2025-05-05T10:00:00Z,PM2.5,8.1,UG/M3
840340390004,2025-05-05T10:00:00Z,PM2.5,12.4,UG/M3
840340392003,2025-05-05T10:00:00Z,PM2.5,9.6,UG/M3
840360050080,2025-05-05T10:00:00Z,PM2.5,2.4,UG/M3
840360050110,2025-05-05T10:00:00Z,PM2.5,6.4,UG/M3
840360050112,2025-05-05T10:00:00Z,PM2.5,8.1,UG/M3
840360470052,2025-05-05T10:00:00Z,PM2.5,12.3,UG/M3
840360470118,2025-05-05T10:00:00Z,PM2.5,18.8,UG/M3
840360610115,2025-05-05T10:00:00Z,PM2.5,9,UG/M3
840360610135,2025-05-05T10:00:00Z,PM2.5,7.4,UG/M3
840360710002,2025-05-05T10:00:00Z,PM2.5,1.1,UG/M3
840360810120,2025-05-05T10:00:00Z,PM2.5,6.6,UG/M3
840360810124,2025-05-05T10:00:00Z,PM2.5,10.1,UG/M3
840360850055,2025-05-05T10:00:00Z,PM2.5,4.4,UG/M3
840360850111,2025-05-05T10:00:00Z,PM2.5,8.1,UG/M3
840360870005,2025-05-05T10:00:00Z,PM2.5,1.7,UG/M3
840361030009,2025-05-05T10:00:00Z,PM2.5,6.9,UG/M3
840361192004,2025-05-05T10:00:00Z,PM2.5,1.2,UG/M3
840421010048,2025-05-05T10:00:00Z,PM2.5,5.9,UG/M3
840421010055,2025-05-05T10:00:00Z,PM2.5,6.8,UG/M3
840421010057,2025-05-05T10:00:00Z,PM2.5,6.6,UG/M3
840421010075,2025-05-05T10:00:00Z,PM2.5,6.7,UG/M3
840999999911,2025-05-05T10:00:00Z,PM25,12.7,UG/M3
840999999913,2025-05-05T10:00:00Z,PM25,10.56,UG/M3
840999999914,2025-05-05T10:00:00Z,PM25,13.29,UG/M3
840999999915,2025-05-05T10:00:00Z,PM25,9.28,UG/M3
840999999916,2025-05-05T10:00:00Z,PM25,15.04,UG/M3
840999999918,2025-05-05T10:00:00Z,PM25,18.55,UG/M3
840999999991,2025-05-05T10:00:00Z,PM25,14.57,UG/M3
840999999992,2025-05-05T10:00:00Z,PM25,8.6,UG/M3
840999999994,2025-05-05T10:00:00Z,PM25,9.56,UG/M3
840999999995,2025-05-05T10:00:00Z,PM25,9.75,UG/M3
840999999996,2025-05-05T10:00:00Z,PM25,12.16,UG/M3
840999999997,2025-05-05T10:00:00Z,PM25,6.87,UG/M3
840999999998,2025-05-05T10:00:00Z,PM25,7.49,UG/M3
840999999999,2025-05-05T10:00:00Z,PM25,10.03,UG/M3
840090010010,2025-05-05T11:00:00Z,PM2.5,4.3,UG/M3
840090011123,2025-05-05T11:00:00Z,PM2.5,2.9,UG/M3
840090090027,2025-05-05T11:00:00Z,PM2.5,3.2,UG/M3
840090110124,2025-05-05T11:00:00Z,PM2.5,3.5,UG/M3
840340030010,2025-05-05T11:00:00Z,PM2.5,5.5,UG/M3
840340070010,2025-05-05T11:00:00Z,PM2.5,6.2,UG/M3
840340071007,2025-05-05T11:00:00Z,PM2.5,3.4,UG/M3
840340170008,2025-05-05T11:00:00Z,PM2.5,6.8,UG/M3
840340190001,2025-05-05T11:00:00Z,PM2.5,6.8,UG/M3
840340210005,2025-05-05T11:00:00Z,PM2.5,4.8,UG/M3
840340210008,2025-05-05T11:00:00Z,PM2.5,3.4,UG/M3
840340230011,2025-05-05T11:00:00Z,PM2.5,7.8,UG/M3
840340273001,2025-05-05T11:00:00Z,PM2.5,3.4,UG/M3
840340292002,2025-05-05T11:00:00Z,PM2.5,6.5,UG/M3
840340310005,2025-05-05T11:00:00Z,PM2.5,6.7,UG/M3
840340390004,2025-05-05T11:00:00Z,PM2.5,17.2,UG/M3
840340392003,2025-05-05T11:00:00Z,PM2.5,11,UG/M3
840360050080,2025-05-05T11:00:00Z,PM2.5,2.1,UG/M3
840360050110,2025-05-05T11:00:00Z,PM2.5,5.8,UG/M3
840360050112,2025-05-05T11:00:00Z,PM2.5,7.1,UG/M3
840360470052,2025-05-05T11:00:00Z,PM2.5,15.9,UG/M3
840360470118,2025-05-05T11:00:00Z,PM2.5,19.4,UG/M3
840360610115,2025-05-05T11:00:00Z,PM2.5,9,UG/M3
840360610135,2025-05-05T11:00:00Z,PM2.5,6.6,UG/M3
840360710002,2025-05-05T11:00:00Z,PM2.5,0.8,UG/M3
840360810120,2025-05-05T11:00:00Z,PM2.5,7.4,UG/M3
840360810124,2025-05-05T11:00:00Z,PM2.5,9.6,UG/M3
840360850055,2025-05-05T11:00:00Z,PM2.5,6.2,UG/M3
840360850111,2025-05-05T11:00:00Z,PM2.5,9.3,UG/M3
840360870005,2025-05-05T11:00:00Z,PM2.5,1.4,UG/M3
840361030009,2025-05-05T11:00:00Z,PM2.5,7.1,UG/M3
840361192004,2025-05-05T11:00:00Z,PM2.5,2.1,UG/M3
840421010048,2025-05-05T11:00:00Z,PM2.5,5.6,UG/M3
840421010055,2025-05-05T11:00:00Z,PM2.5,6.5,UG/M3
840421010057,2025-05-05T11:00:00Z,PM2.5,6.4,UG/M3
840421010075,2025-05-05T11:00:00Z,PM2.5,5.9,UG/M3
840999999911,2025-05-05T11:00:00Z,PM25,13.63,UG/M3
840999999913,2025-05-05T11:00:00Z,PM25,8.02,UG/M3
840999999914,2025-05-05T11:00:00Z,PM25,9.32,UG/M3
840999999915,2025-05-05T11:00:00Z,PM25,7.2,UG/M3
840999999916,2025-05-05T11:00:00Z,PM25,10.18,UG/M3
840999999918,2025-05-05T11:00:00Z,PM25,24.06,UG/M3
840999999991,2025-05-05T11:00:00Z,PM25,10.39,UG/M3
840999999992,2025-05-05T11:00:00Z,PM25,7.69,UG/M3
840999999994,2025-05-05T11:00:00Z,PM25,8.79,UG/M3
840999999995,2025-05-05T11:00:00Z,PM25,7.65,UG/M3
840999999996,2025-05-05T11:00:00Z,PM25,8.08,UG/M3
840999999997,2025-05-05T11:00:00Z,PM25,5.53,UG/M3
840999999998,2025-05-05T11:00:00Z,PM25,6.61,UG/M3
840999999999,2025-05-05T11:00:00Z,PM25,12.25,UG/M3
840090010010,2025-05-05T12:00:00Z,PM2.5,4.6,UG/M3
840090011123,2025-05-05T12:00:00Z,PM2.5,2.1,UG/M3
840090090027,2025-05-05T12:00:00Z,PM2.5,3.7,UG/M3
840090110124,2025-05-05T12:00:00Z,PM2.5,3.5,UG/M3
840340030010,2025-05-05T12:00:00Z,PM2.5,6.5,UG/M3
840340070010,2025-05-05T12:00:00Z,PM2.5,6.2,UG/M3
840340071007,2025-05-05T12:00:00Z,PM2.5,3.4,UG/M3
840340170008,2025-05-05T12:00:00Z,PM2.5,5.4,UG/M3
840340190001,2025-05-05T12:00:00Z,PM2.5,7.3,UG/M3
840340210005,2025-05-05T12:00:00Z,PM2.5,4.5,UG/M3
840340210008,2025-05-05T12:00:00Z,PM2.5,3.9,UG/M3
840340230011,2025-05-05T12:00:00Z,PM2.5,7.1,UG/M3
840340273001,2025-05-05T12:00:00Z,PM2.5,0.8,UG/M3
840340292002,2025-05-05T12:00:00Z,PM2.5,6,UG/M3
840340310005,2025-05-05T12:00:00Z,PM2.5,5,UG/M3
840340390004,2025-05-05T12:00:00Z,PM2.5,17.4,UG/M3
840340392003,2025-05-05T12:00:00Z,PM2.5,11.8,UG/M3
840360050080,2025-05-05T12:00:00Z,PM2.5,2.4,UG/M3
840360050110,2025-05-05T12:00:00Z,PM2.5,4.9,UG/M3
840360050112,2025-05-05T12:00:00Z,PM2.5,6,UG/M3
840360470052,2025-05-05T12:00:00Z,PM2.5,18.8,UG/M3
840360470118,2025-05-05T12:00:00Z,PM2.5,17.8,UG/M3
840360610135,2025-05-05T12:00:00Z,PM2.5,5.6,UG/M3
840360710002,2025-05-05T12:00:00Z,PM2.5,1.2,UG/M3
840360810120,2025-05-05T12:00:00Z,PM2.5,8,UG/M3
840360810124,2025-05-05T12:00:00Z,PM2.5,9.6,UG/M3
840360850055,2025-05-05T12:00:00Z,PM2.5,6.1,UG/M3
840360850111,2025-05-05T12:00:00Z,PM2.5,14.8,UG/M3
840360870005,2025-05-05T12:00:00Z,PM2.5,1,UG/M3
840361030009,2025-05-05T12:00:00Z,PM2.5,7.5,UG/M3
840361192004,2025-05-05T12:00:00Z,PM2.5,1.6,UG/M3
840421010048,2025-05-05T12:00:00Z,PM2.5,5.1,UG/M3
840421010055,2025-05-05T12:00:00Z,PM2.5,6.4,UG/M3
840421010057,2025-05-05T12:00:00Z,PM2.5,6.4,UG/M3
840421010075,2025-05-05T12:00:00Z,PM2.5,5,UG/M3
840999999911,2025-05-05T12:00:00Z,PM25,9.93,UG/M3
840999999913,2025-05-05T12:00:00Z,PM25,7.22,UG/M3
840999999914,2025-05-05T12:00:00Z,PM25,8.7,UG/M3
840999999915,2025-05-05T12:00:00Z,PM25,6.43,UG/M3
840999999916,2025-05-05T12:00:00Z,PM25,11.84,UG/M3
840999999918,2025-05-05T12:00:00Z,PM25,25.97,UG/M3
840999999991,2025-05-05T12:00:00Z,PM25,8.81,UG/M3
840999999992,2025-05-05T12:00:00Z,PM25,5.82,UG/M3
840999999994,2025-05-05T12:00:00Z,PM25,8.63,UG/M3
840999999995,2025-05-05T12:00:00Z,PM25,7.89,UG/M3
840999999996,2025-05-05T12:00:00Z,PM25,3.22,UG/M3
840999999997,2025-05-05T12:00:00Z,PM25,5.13,UG/M3
840999999998,2025-05-05T12:00:00Z,PM25,5.13,UG/M3
840999999999,2025-05-05T12:00:00Z,PM25,10.75,UG/M3
840090010010,2025-05-05T13:00:00Z,PM2.5,5.2,UG/M3
840090011123,2025-05-05T13:00:00Z,PM2.5,1.8,UG/M3
840090090027,2025-05-05T13:00:00Z,PM2.5,4.1,UG/M3
840090110124,2025-05-05T13:00:00Z,PM2.5,3.1,UG/M3
840340030010,2025-05-05T13:00:00Z,PM2.5,7.5,UG/M3
840340070010,2025-05-05T13:00:00Z,PM2.5,5.9,UG/M3
840340170008,2025-05-05T13:00:00Z,PM2.5,6.6,UG/M3
840340190001,2025-05-05T13:00:00Z,PM2.5,7.3,UG/M3
840340210005,2025-05-05T13:00:00Z,PM2.5,4.5,UG/M3
840340210008,2025-05-05T13:00:00Z,PM2.5,4.4,UG/M3
840340230011,2025-05-05T13:00:00Z,PM2.5,7.1,UG/M3
840340273001,2025-05-05T13:00:00Z,PM2.5,1.4,UG/M3
840340292002,2025-05-05T13:00:00Z,PM2.5,9.5,UG/M3
840340310005,2025-05-05T13:00:00Z,PM2.5,3.7,UG/M3
840340390004,2025-05-05T13:00:00Z,PM2.5,17.2,UG/M3
840340392003,2025-05-05T13:00:00Z,PM2.5,10.9,UG/M3
840360050080,2025-05-05T13:00:00Z,PM2.5,2.6,UG/M3
840360050110,2025-05-05T13:00:00Z,PM2.5,4.7,UG/M3
840360050112,2025-05-05T13:00:00Z,PM2.5,5.9,UG/M3
840360470052,2025-05-05T13:00:00Z,PM2.5,17.7,UG/M3
840360470118,2025-05-05T13:00:00Z,PM2.5,14.4,UG/M3
840360610115,2025-05-05T13:00:00Z,PM2.5,-999,UG/M3
840360610135,2025-05-05T13:00:00Z,PM2.5,5.1,UG/M3
840360710002,2025-05-05T13:00:00Z,PM2.5,1.5,UG/M3
840360810120,2025-05-05T13:00:00Z,PM2.5,7.3,UG/M3
840360850055,2025-05-05T13:00:00Z,PM2.5,5.9,UG/M3
840360850111,2025-05-05T13:00:00Z,PM2.5,15.7,UG/M3
840360870005,2025-05-05T13:00:00Z,PM2.5,0.7,UG/M3
840361030009,2025-05-05T13:00:00Z,PM2.5,8.2,UG/M3
840361192004,2025-05-05T13:00:00Z,PM2.5,2,UG/M3
840421010048,2025-05-05T13:00:00Z,PM2.5,4.5,UG/M3
840421010055,2025-05-05T13:00:00Z,PM2.5,6.5,UG/M3
840421010057,2025-05-05T13:00:00Z,PM2.5,5.5,UG/M3
840421010075,2025-05-05T13:00:00Z,PM2.5,4.7,UG/M3
840999999911,2025-05-05T13:00:00Z,PM25,7.91,UG/M3
840999999913,2025-05-05T13:00:00Z,PM25,6.77,UG/M3
840999999914,2025-05-05T13:00:00Z,PM25,7.56,UG/M3
840999999915,2025-05-05T13:00:00Z,PM25,7.71,UG/M3
840999999916,2025-05-05T13:00:00Z,PM25,12.06,UG/M3
840999999918,2025-05-05T13:00:00Z,PM25,20.47,UG/M3
840999999991,2025-05-05T13:00:00Z,PM25,7.97,UG/M3
840999999992,2025-05-05T13:00:00Z,PM25,7.55,UG/M3
840999999994,2025-05-05T13:00:00Z,PM25,6.86,UG/M3
840999999995,2025-05-05T13:00:00Z,PM25,7.24,UG/M3
840999999996,2025-05-05T13:00:00Z,PM25,2.27,UG/M3
840999999997,2025-05-05T13:00:00Z,PM25,6.43,UG/M3
840999999998,2025-05-05T13:00:00Z,PM25,6.92,UG/M3
840999999999,2025-05-05T13:00:00Z,PM25,9.73,UG/M3
840090010010,2025-05-05T14:00:00Z,PM2.5,4.6,UG/M3
840090011123,2025-05-05T14:00:00Z,PM2.5,2.3,UG/M3
840090090027,2025-05-05T14:00:00Z,PM2.5,3.2,UG/M3
840090110124,2025-05-05T14:00:00Z,PM2.5,3,UG/M3
840340030010,2025-05-05T14:00:00Z,PM2.5,5.6,UG/M3
840340070010,2025-05-05T14:00:00Z,PM2.5,4.3,UG/M3
840340170008,2025-05-05T14:00:00Z,PM2.5,8.1,UG/M3
840340190001,2025-05-05T14:00:00Z,PM2.5,12.7,UG/M3
840340210005,2025-05-05T14:00:00Z,PM2.5,5.6,UG/M3
840340210008,2025-05-05T14:00:00Z,PM2.5,3.9,UG/M3
840340230011,2025-05-05T14:00:00Z,PM2.5,9.4,UG/M3
840340273001,2025-05-05T14:00:00Z,PM2.5,2.2,UG/M3
840340292002,2025-05-05T14:00:00Z,PM2.5,6.6,UG/M3
840340310005,2025-05-05T14:00:00Z,PM2.5,4.8,UG/M3
840340390004,2025-05-05T14:00:00Z,PM2.5,15.7,UG/M3
840340392003,2025-05-05T14:00:00Z,PM2.5,9.4,UG/M3
840360050080,2025-05-05T14:00:00Z,PM2.5,2.7,UG/M3
840360050110,2025-05-05T14:00:00Z,PM2.5,5,UG/M3
840360050112,2025-05-05T14:00:00Z,PM2.5,6.4,UG/M3
840360470052,2025-05-05T14:00:00Z,PM2.5,15.6,UG/M3
840360470118,2025-05-05T14:00:00Z,PM2.5,14.3,UG/M3
840360610115,2025-05-05T14:00:00Z,PM2.5,4,UG/M3
840360610135,2025-05-05T14:00:00Z,PM2.5,5.4,UG/M3
840360710002,2025-05-05T14:00:00Z,PM2.5,0.5,UG/M3
840360810120,2025-05-05T14:00:00Z,PM2.5,8.9,UG/M3
840360810124,2025-05-05T14:00:00Z,PM2.5,-999,UG/M3
840360850055,2025-05-05T14:00:00Z,PM2.5,4.7,UG/M3
840360850111,2025-05-05T14:00:00Z,PM2.5,16.6,UG/M3
840360870005,2025-05-05T14:00:00Z,PM2.5,0.4,UG/M3
840361030009,2025-05-05T14:00:00Z,PM2.5,6.7,UG/M3
840361192004,2025-05-05T14:00:00Z,PM2.5,2.4,UG/M3
840421010048,2025-05-05T14:00:00Z,PM2.5,4.3,UG/M3
840421010055,2025-05-05T14:00:00Z,PM2.5,5.9,UG/M3
840421010057,2025-05-05T14:00:00Z,PM2.5,5.1,UG/M3
840421010075,2025-05-05T14:00:00Z,PM2.5,4.4,UG/M3
840999999911,2025-05-05T14:00:00Z,PM25,9.11,UG/M3
840999999913,2025-05-05T14:00:00Z,PM25,7.59,UG/M3
840999999914,2025-05-05T14:00:00Z,PM25,7.55,UG/M3
840999999915,2025-05-05T14:00:00Z,PM25,7.44,UG/M3
840999999916,2025-05-05T14:00:00Z,PM25,10.38,UG/M3
840999999918,2025-05-05T14:00:00Z,PM25,13.24,UG/M3
840999999991,2025-05-05T14:00:00Z,PM25,8.19,UG/M3
840999999992,2025-05-05T14:00:00Z,PM25,7.73,UG/M3
840999999994,2025-05-05T14:00:00Z,PM25,7.41,UG/M3
840999999995,2025-05-05T14:00:00Z,PM25,7.04,UG/M3
840999999996,2025-05-05T14:00:00Z,PM25,2.47,UG/M3
840999999997,2025-05-05T14:00:00Z,PM25,7.07,UG/M3
840999999998,2025-05-05T14:00:00Z,PM25,7.12,UG/M3
840999999999,2025-05-05T14:00:00Z,PM25,9.17,UG/M3
840090010010,2025-05-05T15:00:00Z,PM2.5,3.7,UG/M3
840090011123,2025-05-05T15:00:00Z,PM2.5,2.6,UG/M3
840090090027,2025-05-05T15:00:00Z,PM2.5,2.5,UG/M3
840090110124,2025-05-05T15:00:00Z,PM2.5,3.1,UG/M3
840340030010,2025-05-05T15:00:00Z,PM2.5,6.6,UG/M3
840340070010,2025-05-05T15:00:00Z,PM2.5,4.6,UG/M3
840340071007,2025-05-05T15:00:00Z,PM2.5,-999,UG/M3
840340170008,2025-05-05T15:00:00Z,PM2.5,6.5,UG/M3
840340190001,2025-05-05T15:00:00Z,PM2.5,14.8,UG/M3
840340210005,2025-05-05T15:00:00Z,PM2.5,5.9,UG/M3
840340210008,2025-05-05T15:00:00Z,PM2.5,4.9,UG/M3
840340230011,2025-05-05T15:00:00Z,PM2.5,8.1,UG/M3
840340273001,2025-05-05T15:00:00Z,PM2.5,4.5,UG/M3
840340292002,2025-05-05T15:00:00Z,PM2.5,6.8,UG/M3
840340310005,2025-05-05T15:00:00Z,PM2.5,5.1,UG/M3
840340390004,2025-05-05T15:00:00Z,PM2.5,15.5,UG/M3
840340392003,2025-05-05T15:00:00Z,PM2.5,9.9,UG/M3
840360050080,2025-05-05T15:00:00Z,PM2.5,2.7,UG/M3
840360050110,2025-05-05T15:00:00Z,PM2.5,5.5,UG/M3
840360050112,2025-05-05T15:00:00Z,PM2.5,6.7,UG/M3
840360470052,2025-05-05T15:00:00Z,PM2.5,15.3,UG/M3
840360470118,2025-05-05T15:00:00Z,PM2.5,15.5,UG/M3
840360610115,2025-05-05T15:00:00Z,PM2.5,3.3,UG/M3
840360610135,2025-05-05T15:00:00Z,PM2.5,5.8,UG/M3
840360710002,2025-05-05T15:00:00Z,PM2.5,1.3,UG/M3
840360810120,2025-05-05T15:00:00Z,PM2.5,8.8,UG/M3
840360810124,2025-05-05T15:00:00Z,PM2.5,8.3,UG/M3
840360850055,2025-05-05T15:00:00Z,PM2.5,5,UG/M3
840360850111,2025-05-05T15:00:00Z,PM2.5,15.2,UG/M3
840360870005,2025-05-05T15:00:00Z,PM2.5,0.7,UG/M3
840361030009,2025-05-05T15:00:00Z,PM2.5,4.9,UG/M3
840361192004,2025-05-05T15:00:00Z,PM2.5,1.8,UG/M3
840421010048,2025-05-05T15:00:00Z,PM2.5,4,UG/M3
840421010055,2025-05-05T15:00:00Z,PM2.5,5.5,UG/M3
840421010057,2025-05-05T15:00:00Z,PM2.5,4.8,UG/M3
840421010075,2025-05-05T15:00:00Z,PM2.5,4.1,UG/M3
840999999911,2025-05-05T15:00:00Z,PM25,10.36,UG/M3
840999999913,2025-05-05T15:00:00Z,PM25,9.42,UG/M3
840999999914,2025-05-05T15:00:00Z,PM25,9.1,UG/M3
840999999915,2025-05-05T15:00:00Z,PM25,7.57,UG/M3
840999999916,2025-05-05T15:00:00Z,PM25,13.63,UG/M3
840999999918,2025-05-05T15:00:00Z,PM25,15.07,UG/M3
840999999991,2025-05-05T15:00:00Z,PM25,9.54,UG/M3
840999999992,2025-05-05T15:00:00Z,PM25,7.93,UG/M3
840999999994,2025-05-05T15:00:00Z,PM25,8.35,UG/M3
840999999995,2025-05-05T15:00:00Z,PM25,9.78,UG/M3
840999999996,2025-05-05T15:00:00Z,PM25,3.48,UG/M3
840999999997,2025-05-05T15:00:00Z,PM25,7.3,UG/M3
840999999998,2025-05-05T15:00:00Z,PM25,7.5,UG/M3
840999999999,2025-05-05T15:00:00Z,PM25,9.77,UG/M3
840090010010,2025-05-05T16:00:00Z,PM2.5,3.4,UG/M3
840090011123,2025-05-05T16:00:00Z,PM2.5,2.5,UG/M3
840090090027,2025-05-05T16:00:00Z,PM2.5,2.5,UG/M3
840090110124,2025-05-05T16:00:00Z,PM2.5,3.2,UG/M3
840340030010,2025-05-05T16:00:00Z,PM2.5,8.4,UG/M3
840340070010,2025-05-05T16:00:00Z,PM2.5,3.8,UG/M3
840340170008,2025-05-05T16:00:00Z,PM2.5,7.2,UG/M3
840340190001,2025-05-05T16:00:00Z,PM2.5,14.4,UG/M3
840340210005,2025-05-05T16:00:00Z,PM2.5,5.1,UG/M3
840340210008,2025-05-05T16:00:00Z,PM2.5,4.6,UG/M3
840340230011,2025-05-05T16:00:00Z,PM2.5,9.3,UG/M3
840340273001,2025-05-05T16:00:00Z,PM2.5,3.3,UG/M3
840340292002,2025-05-05T16:00:00Z,PM2.5,6.9,UG/M3
840340310005,2025-05-05T16:00:00Z,PM2.5,4.3,UG/M3
840340390004,2025-05-05T16:00:00Z,PM2.5,13.5,UG/M3
840340392003,2025-05-05T16:00:00Z,PM2.5,10.6,UG/M3
840340410007,2025-05-05T16:00:00Z,PM2.5,-999,UG/M3
840360050080,2025-05-05T16:00:00Z,PM2.5,1.7,UG/M3
840360050110,2025-05-05T16:00:00Z,PM2.5,4.7,UG/M3
840360050112,2025-05-05T16:00:00Z,PM2.5,5.6,UG/M3
840360470052,2025-05-05T16:00:00Z,PM2.5,15.6,UG/M3
840360470118,2025-05-05T16:00:00Z,PM2.5,13.6,UG/M3
840360610115,2025-05-05T16:00:00Z,PM2.5,5.8,UG/M3
840360610135,2025-05-05T16:00:00Z,PM2.5,5,UG/M3
840360710002,2025-05-05T16:00:00Z,PM2.5,0.9,UG/M3
840360810120,2025-05-05T16:00:00Z,PM2.5,7.7,UG/M3
840360810124,2025-05-05T16:00:00Z,PM2.5,8.3,UG/M3
840360850055,2025-05-05T16:00:00Z,PM2.5,6.4,UG/M3
840360850111,2025-05-05T16:00:00Z,PM2.5,14.8,UG/M3
840360870005,2025-05-05T16:00:00Z,PM2.5,0.5,UG/M3
840361030009,2025-05-05T16:00:00Z,PM2.5,3.7,UG/M3
840361192004,2025-05-05T16:00:00Z,PM2.5,0.9,UG/M3
840421010048,2025-05-05T16:00:00Z,PM2.5,4,UG/M3
840421010055,2025-05-05T16:00:00Z,PM2.5,5.3,UG/M3
840421010057,2025-05-05T16:00:00Z,PM2.5,4.8,UG/M3
840421010075,2025-05-05T16:00:00Z,PM2.5,4.1,UG/M3
840999999911,2025-05-05T16:00:00Z,PM25,7.8,UG/M3
840999999913,2025-05-05T16:00:00Z,PM25,7.84,UG/M3
840999999914,2025-05-05T16:00:00Z,PM25,9.47,UG/M3
840999999915,2025-05-05T16:00:00Z,PM25,5.46,UG/M3
840999999916,2025-05-05T16:00:00Z,PM25,14.76,UG/M3
840999999918,2025-05-05T16:00:00Z,PM25,19.03,UG/M3
840999999991,2025-05-05T16:00:00Z,PM25,9.38,UG/M3
840999999992,2025-05-05T16:00:00Z,PM25,5.13,UG/M3
840999999994,2025-05-05T16:00:00Z,PM25,7.09,UG/M3
840999999995,2025-05-05T16:00:00Z,PM25,8.04,UG/M3
840999999996,2025-05-05T16:00:00Z,PM25,7.16,UG/M3
840999999997,2025-05-05T16:00:00Z,PM25,4.81,UG/M3
840999999998,2025-05-05T16:00:00Z,PM25,4.93,UG/M3
840999999999,2025-05-05T16:00:00Z,PM25,4.73,UG/M3
840090010010,2025-05-05T17:00:00Z,PM2.5,3.3,UG/M3
840090011123,2025-05-05T17:00:00Z,PM2.5,2.3,UG/M3
840090090027,2025-05-05T17:00:00Z,PM2.5,2.9,UG/M3
840090110124,2025-05-05T17:00:00Z,PM2.5,3.1,UG/M3
840340030010,2025-05-05T17:00:00Z,PM2.5,5.4,UG/M3
840340070010,2025-05-05T17:00:00Z,PM2.5,2.8,UG/M3
840340071007,2025-05-05T17:00:00Z,PM2.5,6.3,UG/M3
840340170008,2025-05-05T17:00:00Z,PM2.5,4.6,UG/M3
840340190001,2025-05-05T17:00:00Z,PM2.5,13.4,UG/M3
840340210005,2025-05-05T17:00:00Z,PM2.5,4.5,UG/M3
840340210008,2025-05-05T17:00:00Z,PM2.5,4.8,UG/M3
840340230011,2025-05-05T17:00:00Z,PM2.5,8.8,UG/M3
840340273001,2025-05-05T17:00:00Z,PM2.5,4.6,UG/M3
840340292002,2025-05-05T17:00:00Z,PM2.5,6.9,UG/M3
840340310005,2025-05-05T17:00:00Z,PM2.5,3.7,UG/M3
840340390004,2025-05-05T17:00:00Z,PM2.5,15.7,UG/M3
840340392003,2025-05-05T17:00:00Z,PM2.5,13.2,UG/M3
840340410007,2025-05-05T17:00:00Z,PM2.5,9.2,UG/M3
840360050080,2025-05-05T17:00:00Z,PM2.5,0.6,UG/M3
840360050110,2025-05-05T17:00:00Z,PM2.5,3.8,UG/M3
840360050112,2025-05-05T17:00:00Z,PM2.5,4.3,UG/M3
840360470052,2025-05-05T17:00:00Z,PM2.5,12.6,UG/M3
840360470118,2025-05-05T17:00:00Z,PM2.5,10.5,UG/M3
840360610115,2025-05-05T17:00:00Z,PM2.5,3,UG/M3
840360610135,2025-05-05T17:00:00Z,PM2.5,4,UG/M3
840360710002,2025-05-05T17:00:00Z,PM2.5,0.3,UG/M3
840360810120,2025-05-05T17:00:00Z,PM2.5,5.5,UG/M3
840360810124,2025-05-05T17:00:00Z,PM2.5,5.2,UG/M3
840360850055,2025-05-05T17:00:00Z,PM2.5,5.3,UG/M3
840360850111,2025-05-05T17:00:00Z,PM2.5,13.3,UG/M3
840360870005,2025-05-05T17:00:00Z,PM2.5,0,UG/M3
840361030009,2025-05-05T17:00:00Z,PM2.5,3.9,UG/M3
840361192004,2025-05-05T17:00:00Z,PM2.5,0.5,UG/M3
840421010048,2025-05-05T17:00:00Z,PM2.5,3.6,UG/M3
840421010055,2025-05-05T17:00:00Z,PM2.5,4.8,UG/M3
840421010057,2025-05-05T17:00:00Z,PM2.5,4.8,UG/M3
840421010075,2025-05-05T17:00:00Z,PM2.5,3.7,UG/M3
840999999911,2025-05-05T17:00:00Z,PM25,5.81,UG/M3
840999999913,2025-05-05T17:00:00Z,PM25,5.38,UG/M3
840999999914,2025-05-05T17:00:00Z,PM25,6.06,UG/M3
840999999915,2025-05-05T17:00:00Z,PM25,4.23,UG/M3
840999999916,2025-05-05T17:00:00Z,PM25,12.35,UG/M3
840999999918,2025-05-05T17:00:00Z,PM25,14.73,UG/M3
840999999991,2025-05-05T17:00:00Z,PM25,6.27,UG/M3
840999999992,2025-05-05T17:00:00Z,PM25,4.41,UG/M3
840999999994,2025-05-05T17:00:00Z,PM25,3.7,UG/M3
840999999995,2025-05-05T17:00:00Z,PM25,6.13,UG/M3
840999999996,2025-05-05T17:00:00Z,PM25,5.58,UG/M3
840999999997,2025-05-05T17:00:00Z,PM25,3.12,UG/M3
840999999998,2025-05-05T17:00:00Z,PM25,3.36,UG/M3
840999999999,2025-05-05T17:00:00Z,PM25,2.34,UG/M3
840090010010,2025-05-05T18:00:00Z,PM2.5,4.1,UG/M3
840090011123,2025-05-05T18:00:00Z,PM2.5,2.2,UG/M3
840090090027,2025-05-05T18:00:00Z,PM2.5,2.5,UG/M3
840090110124,2025-05-05T18:00:00Z,PM2.5,3.2,UG/M3
840340030010,2025-05-05T18:00:00Z,PM2.5,4.7,UG/M3
840340070010,2025-05-05T18:00:00Z,PM2.5,3.3,UG/M3
840340170008,2025-05-05T18:00:00Z,PM2.5,6.9,UG/M3
840340190001,2025-05-05T18:00:00Z,PM2.5,12.5,UG/M3
840340210005,2025-05-05T18:00:00Z,PM2.5,3.7,UG/M3
840340210008,2025-05-05T18:00:00Z,PM2.5,4.1,UG/M3
840340230011,2025-05-05T18:00:00Z,PM2.5,6.5,UG/M3
840340273001,2025-05-05T18:00:00Z,PM2.5,3.8,UG/M3
840340292002,2025-05-05T18:00:00Z,PM2.5,6.1,UG/M3
840340310005,2025-05-05T18:00:00Z,PM2.5,3,UG/M3
840340390004,2025-05-05T18:00:00Z,PM2.5,15.1,UG/M3
840340392003,2025-05-05T18:00:00Z,PM2.5,6.8,UG/M3
840340410007,2025-05-05T18:00:00Z,PM2.5,5.2,UG/M3
840360050080,2025-05-05T18:00:00Z,PM2.5,0.3,UG/M3
840360050110,2025-05-05T18:00:00Z,PM2.5,3.1,UG/M3
840360050112,2025-05-05T18:00:00Z,PM2.5,3.5,UG/M3
840360470052,2025-05-05T18:00:00Z,PM2.5,8.1,UG/M3
840360470118,2025-05-05T18:00:00Z,PM2.5,6.6,UG/M3
840360610115,2025-05-05T18:00:00Z,PM2.5,2.8,UG/M3
840360610135,2025-05-05T18:00:00Z,PM2.5,3.4,UG/M3
840360710002,2025-05-05T18:00:00Z,PM2.5,0.1,UG/M3
840360810120,2025-05-05T18:00:00Z,PM2.5,3.9,UG/M3
840360810124,2025-05-05T18:00:00Z,PM2.5,2.8,UG/M3
840360850055,2025-05-05T18:00:00Z,PM2.5,2.7,UG/M3
840360850111,2025-05-05T18:00:00Z,PM2.5,7.7,UG/M3
840360870005,2025-05-05T18:00:00Z,PM2.5,0,UG/M3
840361030009,2025-05-05T18:00:00Z,PM2.5,4,UG/M3
840361192004,2025-05-05T18:00:00Z,PM2.5,0,UG/M3
840421010048,2025-05-05T18:00:00Z,PM2.5,4,UG/M3
840421010055,2025-05-05T18:00:00Z,PM2.5,5.6,UG/M3
840421010057,2025-05-05T18:00:00Z,PM2.5,4.9,UG/M3
840421010075,2025-05-05T18:00:00Z,PM2.5,4.2,UG/M3
840999999911,2025-05-05T18:00:00Z,PM25,4.19,UG/M3
840999999913,2025-05-05T18:00:00Z,PM25,5.4,UG/M3
840999999914,2025-05-05T18:00:00Z,PM25,5.56,UG/M3
840999999915,2025-05-05T18:00:00Z,PM25,4.84,UG/M3
840999999916,2025-05-05T18:00:00Z,PM25,6.31,UG/M3
840999999918,2025-05-05T18:00:00Z,PM25,5.89,UG/M3
840999999991,2025-05-05T18:00:00Z,PM25,6.56,UG/M3
840999999992,2025-05-05T18:00:00Z,PM25,4.39,UG/M3
840999999994,2025-05-05T18:00:00Z,PM25,2.31,UG/M3
840999999995,2025-05-05T18:00:00Z,PM25,4.73,UG/M3
840999999996,2025-05-05T18:00:00Z,PM25,5.78,UG/M3
840999999997,2025-05-05T18:00:00Z,PM25,3.21,UG/M3
840999999998,2025-05-05T18:00:00Z,PM25,3.19,UG/M3
840999999999,2025-05-05T18:00:00Z,PM25,2.88,UG/M3
840090010010,2025-05-05T19:00:00Z,PM2.5,4.8,UG/M3
840090011123,2025-05-05T19:00:00Z,PM2.5,2.3,UG/M3
840090090027,2025-05-05T19:00:00Z,PM2.5,2.7,UG/M3
840090110124,2025-05-05T19:00:00Z,PM2.5,3.1,UG/M3
840340030010,2025-05-05T19:00:00Z,PM2.5,2.9,UG/M3
840340070010,2025-05-05T19:00:00Z,PM2.5,4.3,UG/M3
840340071007,2025-05-05T19:00:00Z,PM2.5,2.9,UG/M3
840340170008,2025-05-05T19:00:00Z,PM2.5,4.9,UG/M3
840340190001,2025-05-05T19:00:00Z,PM2.5,10.6,UG/M3
840340210005,2025-05-05T19:00:00Z,PM2.5,2.6,UG/M3
840340210008,2025-05-05T19:00:00Z,PM2.5,4.3,UG/M3
840340230011,2025-05-05T19:00:00Z,PM2.5,4,UG/M3
840340273001,2025-05-05T19:00:00Z,PM2.5,4.3,UG/M3
840340292002,2025-05-05T19:00:00Z,PM2.5,6.1,UG/M3
840340310005,2025-05-05T19:00:00Z,PM2.5,1.2,UG/M3
840340390004,2025-05-05T19:00:00Z,PM2.5,11,UG/M3
840340392003,2025-05-05T19:00:00Z,PM2.5,4.4,UG/M3
840340410007,2025-05-05T19:00:00Z,PM2.5,4.7,UG/M3
840360050080,2025-05-05T19:00:00Z,PM2.5,0,UG/M3
840360050110,2025-05-05T19:00:00Z,PM2.5,2.9,UG/M3
840360050112,2025-05-05T19:00:00Z,PM2.5,3.4,UG/M3
840360470052,2025-05-05T19:00:00Z,PM2.5,6.3,UG/M3
840360470118,2025-05-05T19:00:00Z,PM2.5,6.1,UG/M3
840360610115,2025-05-05T19:00:00Z,PM2.5,5.2,UG/M3
840360610135,2025-05-05T19:00:00Z,PM2.5,3.1,UG/M3
840360710002,2025-05-05T19:00:00Z,PM2.5,0,UG/M3
840360810120,2025-05-05T19:00:00Z,PM2.5,2.1,UG/M3
840360810124,2025-05-05T19:00:00Z,PM2.5,2.6,UG/M3
840360850055,2025-05-05T19:00:00Z,PM2.5,0.2,UG/M3
840360850111,2025-05-05T19:00:00Z,PM2.5,5.2,UG/M3
840360870005,2025-05-05T19:00:00Z,PM2.5,0,UG/M3
840361030009,2025-05-05T19:00:00Z,PM2.5,4,UG/M3
840361192004,2025-05-05T19:00:00Z,PM2.5,0,UG/M3
840421010048,2025-05-05T19:00:00Z,PM2.5,5.3,UG/M3
840421010055,2025-05-05T19:00:00Z,PM2.5,6.1,UG/M3
840421010057,2025-05-05T19:00:00Z,PM2.5,5.9,UG/M3
840421010075,2025-05-05T19:00:00Z,PM2.5,5.2,UG/M3
840999999911,2025-05-05T19:00:00Z,PM25,4.47,UG/M3
840999999913,2025-05-05T19:00:00Z,PM25,4.87,UG/M3
840999999914,2025-05-05T19:00:00Z,PM25,6.69,UG/M3
840999999915,2025-05-05T19:00:00Z,PM25,4.2,UG/M3
840999999916,2025-05-05T19:00:00Z,PM25,7.53,UG/M3
840999999918,2025-05-05T19:00:00Z,PM25,6.03,UG/M3
840999999991,2025-05-05T19:00:00Z,PM25,7.17,UG/M3
840999999992,2025-05-05T19:00:00Z,PM25,4.12,UG/M3
840999999994,2025-05-05T19:00:00Z,PM25,3.03,UG/M3
840999999995,2025-05-05T19:00:00Z,PM25,5.71,UG/M3
840999999996,2025-05-05T19:00:00Z,PM25,6.17,UG/M3
840999999997,2025-05-05T19:00:00Z,PM25,3.49,UG/M3
840999999998,2025-05-05T19:00:00Z,PM25,3,UG/M3
840999999999,2025-05-05T19:00:00Z,PM25,3.36,UG/M3
840090010010,2025-05-05T20:00:00Z,PM2.5,5.6,UG/M3
840090011123,2025-05-05T20:00:00Z,PM2.5,1.8,UG/M3
840090090027,2025-05-05T20:00:00Z,PM2.5,2.6,UG/M3
840090110124,2025-05-05T20:00:00Z,PM2.5,3.3,UG/M3
840340030010,2025-05-05T20:00:00Z,PM2.5,3,UG/M3
840340070010,2025-05-05T20:00:00Z,PM2.5,7.3,UG/M3
840340071007,2025-05-05T20:00:00Z,PM2.5,4,UG/M3
840340170008,2025-05-05T20:00:00Z,PM2.5,5.7,UG/M3
840340190001,2025-05-05T20:00:00Z,PM2.5,7.7,UG/M3
840340210005,2025-05-05T20:00:00Z,PM2.5,2,UG/M3
840340210008,2025-05-05T20:00:00Z,PM2.5,3.5,UG/M3
840340230011,2025-05-05T20:00:00Z,PM2.5,2.8,UG/M3
840340273001,2025-05-05T20:00:00Z,PM2.5,3.1,UG/M3
840340292002,2025-05-05T20:00:00Z,PM2.5,7.5,UG/M3
840340310005,2025-05-05T20:00:00Z,PM2.5,0.3,UG/M3
840340390004,2025-05-05T20:00:00Z,PM2.5,7.7,UG/M3
840340392003,2025-05-05T20:00:00Z,PM2.5,2.6,UG/M3
840340410007,2025-05-05T20:00:00Z,PM2.5,4.1,UG/M3
840360050080,2025-05-05T20:00:00Z,PM2.5,0,UG/M3
840360050110,2025-05-05T20:00:00Z,PM2.5,2.9,UG/M3
840360050112,2025-05-05T20:00:00Z,PM2.5,3.5,UG/M3
840360470052,2025-05-05T20:00:00Z,PM2.5,6.3,UG/M3
840360470118,2025-05-05T20:00:00Z,PM2.5,5.3,UG/M3
840360610115,2025-05-05T20:00:00Z,PM2.5,5.8,UG/M3
840360610135,2025-05-05T20:00:00Z,PM2.5,3.1,UG/M3
840360710002,2025-05-05T20:00:00Z,PM2.5,0.4,UG/M3
840360810120,2025-05-05T20:00:00Z,PM2.5,0.7,UG/M3
840360810124,2025-05-05T20:00:00Z,PM2.5,2.5,UG/M3
840360850055,2025-05-05T20:00:00Z,PM2.5,0,UG/M3
840360850111,2025-05-05T20:00:00Z,PM2.5,4.1,UG/M3
840360870005,2025-05-05T20:00:00Z,PM2.5,0,UG/M3
840361030009,2025-05-05T20:00:00Z,PM2.5,4,UG/M3
840361192004,2025-05-05T20:00:00Z,PM2.5,0,UG/M3
840421010048,2025-05-05T20:00:00Z,PM2.5,5.3,UG/M3
840421010055,2025-05-05T20:00:00Z,PM2.5,6.2,UG/M3
840421010057,2025-05-05T20:00:00Z,PM2.5,6.4,UG/M3
840421010075,2025-05-05T20:00:00Z,PM2.5,5,UG/M3
840999999911,2025-05-05T20:00:00Z,PM25,4,UG/M3
840999999913,2025-05-05T20:00:00Z,PM25,4.72,UG/M3
840999999914,2025-05-05T20:00:00Z,PM25,6.93,UG/M3
840999999915,2025-05-05T20:00:00Z,PM25,4.94,UG/M3
840999999916,2025-05-05T20:00:00Z,PM25,6.62,UG/M3
840999999918,2025-05-05T20:00:00Z,PM25,5.04,UG/M3
840999999991,2025-05-05T20:00:00Z,PM25,6.72,UG/M3
840999999992,2025-05-05T20:00:00Z,PM25,4.1,UG/M3
840999999994,2025-05-05T20:00:00Z,PM25,2.67,UG/M3
840999999995,2025-05-05T20:00:00Z,PM25,5.16,UG/M3
840999999996,2025-05-05T20:00:00Z,PM25,7.27,UG/M3
840999999997,2025-05-05T20:00:00Z,PM25,4.25,UG/M3
840999999998,2025-05-05T20:00:00Z,PM25,3.15,UG/M3
840999999999,2025-05-05T20:00:00Z,PM25,2.78,UG/M3
840090010010,2025-05-05T21:00:00Z,PM2.5,5.2,UG/M3
840090011123,2025-05-05T21:00:00Z,PM2.5,1.7,UG/M3
840090090027,2025-05-05T21:00:00Z,PM2.5,2.9,UG/M3
840090110124,2025-05-05T21:00:00Z,PM2.5,3.1,UG/M3
840340030010,2025-05-05T21:00:00Z,PM2.5,3.9,UG/M3
840340070010,2025-05-05T21:00:00Z,PM2.5,4.7,UG/M3
840340071007,2025-05-05T21:00:00Z,PM2.5,2.9,UG/M3
840340170008,2025-05-05T21:00:00Z,PM2.5,3.9,UG/M3
840340190001,2025-05-05T21:00:00Z,PM2.5,7.7,UG/M3
840340210005,2025-05-05T21:00:00Z,PM2.5,2,UG/M3
840340210008,2025-05-05T21:00:00Z,PM2.5,2.8,UG/M3
840340230011,2025-05-05T21:00:00Z,PM2.5,2.2,UG/M3
840340273001,2025-05-05T21:00:00Z,PM2.5,2.5,UG/M3
840340292002,2025-05-05T21:00:00Z,PM2.5,5.5,UG/M3
840340310005,2025-05-05T21:00:00Z,PM2.5,0.4,UG/M3
840340390004,2025-05-05T21:00:00Z,PM2.5,7.5,UG/M3
840340392003,2025-05-05T21:00:00Z,PM2.5,1.8,UG/M3
840340410007,2025-05-05T21:00:00Z,PM2.5,4.3,UG/M3
840360050080,2025-05-05T21:00:00Z,PM2.5,0,UG/M3
840360050110,2025-05-05T21:00:00Z,PM2.5,2.8,UG/M3
840360050112,2025-05-05T21:00:00Z,PM2.5,3.4,UG/M3
840360470052,2025-05-05T21:00:00Z,PM2.5,5.5,UG/M3
840360470118,2025-05-05T21:00:00Z,PM2.5,5,UG/M3
840360610115,2025-05-05T21:00:00Z,PM2.5,3.7,UG/M3
840360610135,2025-05-05T21:00:00Z,PM2.5,3,UG/M3
840360710002,2025-05-05T21:00:00Z,PM2.5,0.2,UG/M3
840360810120,2025-05-05T21:00:00Z,PM2.5,0.8,UG/M3
840360810124,2025-05-05T21:00:00Z,PM2.5,2.3,UG/M3
840360850055,2025-05-05T21:00:00Z,PM2.5,0.6,UG/M3
840360850111,2025-05-05T21:00:00Z,PM2.5,2.8,UG/M3
840360870005,2025-05-05T21:00:00Z,PM2.5,0,UG/M3
840361030009,2025-05-05T21:00:00Z,PM2.5,4.5,UG/M3
840361192004,2025-05-05T21:00:00Z,PM2.5,0,UG/M3
840421010048,2025-05-05T21:00:00Z,PM2.5,4.8,UG/M3
840421010055,2025-05-05T21:00:00Z,PM2.5,6,UG/M3
840421010057,2025-05-05T21:00:00Z,PM2.5,6,UG/M3
840421010075,2025-05-05T21:00:00Z,PM2.5,4.4,UG/M3
840999999911,2025-05-05T21:00:00Z,PM25,4.08,UG/M3
840999999913,2025-05-05T21:00:00Z,PM25,4.04,UG/M3
840999999914,2025-05-05T21:00:00Z,PM25,6.07,UG/M3
840999999915,2025-05-05T21:00:00Z,PM25,4.43,UG/M3
840999999916,2025-05-05T21:00:00Z,PM25,5.98,UG/M3
840999999918,2025-05-05T21:00:00Z,PM25,4.85,UG/M3
840999999991,2025-05-05T21:00:00Z,PM25,6.53,UG/M3
840999999992,2025-05-05T21:00:00Z,PM25,3.64,UG/M3
840999999994,2025-05-05T21:00:00Z,PM25,2.65,UG/M3
840999999995,2025-05-05T21:00:00Z,PM25,4.08,UG/M3
840999999996,2025-05-05T21:00:00Z,PM25,6.46,UG/M3
840999999997,2025-05-05T21:00:00Z,PM25,3.96,UG/M3
840999999998,2025-05-05T21:00:00Z,PM25,3.78,UG/M3
840999999999,2025-05-05T21:00:00Z,PM25,2.98,UG/M3
840090010010,2025-05-05T22:00:00Z,PM2.5,5.4,UG/M3
840090011123,2025-05-05T22:00:00Z,PM2.5,1.4,UG/M3
840090090027,2025-05-05T22:00:00Z,PM2.5,2.6,UG/M3
840090110124,2025-05-05T22:00:00Z,PM2.5,3.5,UG/M3
840340030010,2025-05-05T22:00:00Z,PM2.5,3.6,UG/M3
840340070010,2025-05-05T22:00:00Z,PM2.5,5,UG/M3
840340071007,2025-05-05T22:00:00Z,PM2.5,1,UG/M3
840340170008,2025-05-05T22:00:00Z,PM2.5,4.3,UG/M3
840340190001,2025-05-05T22:00:00Z,PM2.5,3.9,UG/M3
840340210005,2025-05-05T22:00:00Z,PM2.5,2.4,UG/M3
840340210008,2025-05-05T22:00:00Z,PM2.5,3,UG/M3
840340230011,2025-05-05T22:00:00Z,PM2.5,3.3,UG/M3
840340273001,2025-05-05T22:00:00Z,PM2.5,1.7,UG/M3
840340292002,2025-05-05T22:00:00Z,PM2.5,1.8,UG/M3
840340310005,2025-05-05T22:00:00Z,PM2.5,1.7,UG/M3
840340390004,2025-05-05T22:00:00Z,PM2.5,5.5,UG/M3
840340392003,2025-05-05T22:00:00Z,PM2.5,0.8,UG/M3
840340410007,2025-05-05T22:00:00Z,PM2.5,3.5,UG/M3
840360050080,2025-05-05T22:00:00Z,PM2.5,0,UG/M3
840360050110,2025-05-05T22:00:00Z,PM2.5,2.9,UG/M3
840360050112,2025-05-05T22:00:00Z,PM2.5,3.5,UG/M3
840360470052,2025-05-05T22:00:00Z,PM2.5,6.1,UG/M3
840360470118,2025-05-05T22:00:00Z,PM2.5,6,UG/M3
840360610115,2025-05-05T22:00:00Z,PM2.5,5.9,UG/M3
840360610135,2025-05-05T22:00:00Z,PM2.5,2.9,UG/M3
840360710002,2025-05-05T22:00:00Z,PM2.5,0,UG/M3
840360810120,2025-05-05T22:00:00Z,PM2.5,0.4,UG/M3
840360810124,2025-05-05T22:00:00Z,PM2.5,2.8,UG/M3
840360850055,2025-05-05T22:00:00Z,PM2.5,0,UG/M3
840360850111,2025-05-05T22:00:00Z,PM2.5,2.8,UG/M3
840360870005,2025-05-05T22:00:00Z,PM2.5,0,UG/M3
840361030009,2025-05-05T22:00:00Z,PM2.5,5.3,UG/M3
840361192004,2025-05-05T22:00:00Z,PM2.5,0,UG/M3
840421010048,2025-05-05T22:00:00Z,PM2.5,4.1,UG/M3
840421010055,2025-05-05T22:00:00Z,PM2.5,5.7,UG/M3
840421010057,2025-05-05T22:00:00Z,PM2.5,5.5,UG/M3
840421010075,2025-05-05T22:00:00Z,PM2.5,4.1,UG/M3
840999999911,2025-05-05T22:00:00Z,PM25,4.94,UG/M3
840999999913,2025-05-05T22:00:00Z,PM25,5.87,UG/M3
840999999914,2025-05-05T22:00:00Z,PM25,6.5,UG/M3
840999999915,2025-05-05T22:00:00Z,PM25,4.25,UG/M3
840999999916,2025-05-05T22:00:00Z,PM25,7.89,UG/M3
840999999918,2025-05-05T22:00:00Z,PM25,6.44,UG/M3
840999999991,2025-05-05T22:00:00Z,PM25,6.37,UG/M3
840999999992,2025-05-05T22:00:00Z,PM25,3.84,UG/M3
840999999994,2025-05-05T22:00:00Z,PM25,2.7,UG/M3
840999999995,2025-05-05T22:00:00Z,PM25,5.26,UG/M3
840999999996,2025-05-05T22:00:00Z,PM25,5.15,UG/M3
840999999997,2025-05-05T22:00:00Z,PM25,3.97,UG/M3
840999999998,2025-05-05T22:00:00Z,PM25,4.33,UG/M3
840999999999,2025-05-05T22:00:00Z,PM25,3.29,UG/M3
840090010010,2025-05-05T23:00:00Z,PM2.5,5.3,UG/M3
840090011123,2025-05-05T23:00:00Z,PM2.5,1.1,UG/M3
840090090027,2025-05-05T23:00:00Z,PM2.5,2.4,UG/M3
840090110124,2025-05-05T23:00:00Z,PM2.5,4.2,UG/M3
840340030010,2025-05-05T23:00:00Z,PM2.5,2.7,UG/M3
840340070010,2025-05-05T23:00:00Z,PM2.5,4.7,UG/M3
840340071007,2025-05-05T23:00:00Z,PM2.5,3.1,UG/M3
840340170008,2025-05-05T23:00:00Z,PM2.5,5.9,UG/M3
840340190001,2025-05-05T23:00:00Z,PM2.5,2.9,UG/M3
840340210005,2025-05-05T23:00:00Z,PM2.5,3.3,UG/M3
840340210008,2025-05-05T23:00:00Z,PM2.5,3.1,UG/M3
840340230011,2025-05-05T23:00:00Z,PM2.5,1.9,UG/M3
840340273001,2025-05-05T23:00:00Z,PM2.5,1.8,UG/M3
840340292002,2025-05-05T23:00:00Z,PM2.5,0.7,UG/M3
840340310005,2025-05-05T23:00:00Z,PM2.5,1.5,UG/M3
840340390004,2025-05-05T23:00:00Z,PM2.5,6.2,UG/M3
840340392003,2025-05-05T23:00:00Z,PM2.5,1,UG/M3
840340410007,2025-05-05T23:00:00Z,PM2.5,3,UG/M3
840360050080,2025-05-05T23:00:00Z,PM2.5,1.9,UG/M3
840360050110,2025-05-05T23:00:00Z,PM2.5,3.6,UG/M3
840360050112,2025-05-05T23:00:00Z,PM2.5,4.4,UG/M3
840360470052,2025-05-05T23:00:00Z,PM2.5,6.4,UG/M3
840360470118,2025-05-05T23:00:00Z,PM2.5,8.1,UG/M3
840360610115,2025-05-05T23:00:00Z,PM2.5,5.1,UG/M3
840360610135,2025-05-05T23:00:00Z,PM2.5,4.4,UG/M3
840360710002,2025-05-05T23:00:00Z,PM2.5,0.6,UG/M3
840360810120,2025-05-05T23:00:00Z,PM2.5,0.9,UG/M3
840360810124,2025-05-05T23:00:00Z,PM2.5,4,UG/M3
840360850055,2025-05-05T23:00:00Z,PM2.5,0,UG/M3
840360850111,2025-05-05T23:00:00Z,PM2.5,3.1,UG/M3
840360870005,2025-05-05T23:00:00Z,PM2.5,0,UG/M3
840361030009,2025-05-05T23:00:00Z,PM2.5,5.5,UG/M3
840361192004,2025-05-05T23:00:00Z,PM2.5,0,UG/M3
840421010048,2025-05-05T23:00:00Z,PM2.5,4.2,UG/M3
840421010055,2025-05-05T23:00:00Z,PM2.5,5.4,UG/M3
840421010057,2025-05-05T23:00:00Z,PM2.5,5.1,UG/M3
840421010075,2025-05-05T23:00:00Z,PM2.5,4.8,UG/M3
840999999911,2025-05-05T23:00:00Z,PM25,5.79,UG/M3
840999999913,2025-05-05T23:00:00Z,PM25,6.2,UG/M3
840999999914,2025-05-05T23:00:00Z,PM25,6.03,UG/M3
840999999915,2025-05-05T23:00:00Z,PM25,6.5,UG/M3
840999999916,2025-05-05T23:00:00Z,PM25,11.11,UG/M3
840999999918,2025-05-05T23:00:00Z,PM25,6.75,UG/M3
840999999991,2025-05-05T23:00:00Z,PM25,6.57,UG/M3
840999999992,2025-05-05T23:00:00Z,PM25,6.08,UG/M3
840999999994,2025-05-05T23:00:00Z,PM25,3.81,UG/M3
840999999995,2025-05-05T23:00:00Z,PM25,8.47,UG/M3
840999999996,2025-05-05T23:00:00Z,PM25,5.7,UG/M3
840999999997,2025-05-05T23:00:00Z,PM25,6.32,UG/M3
840999999998,2025-05-05T23:00:00Z,PM25,6.01,UG/M3
840999999999,2025-05-05T23:00:00Z,PM25,4.66,UG/M3
840090010010,2025-05-06T00:00:00Z,PM2.5,6.2,UG/M3
840090011123,2025-05-06T00:00:00Z,PM2.5,1.1,UG/M3
840090090027,2025-05-06T00:00:00Z,PM2.5,2.7,UG/M3
840090110124,2025-05-06T00:00:00Z,PM2.5,4.7,UG/M3
840340030010,2025-05-06T00:00:00Z,PM2.5,4.1,UG/M3
840340070010,2025-05-06T00:00:00Z,PM2.5,6.4,UG/M3
840340071007,2025-05-06T00:00:00Z,PM2.5,1.9,UG/M3
840340170008,2025-05-06T00:00:00Z,PM2.5,5.2,UG/M3
840340190001,2025-05-06T00:00:00Z,PM2.5,3.1,UG/M3
840340210005,2025-05-06T00:00:00Z,PM2.5,4.4,UG/M3
840340210008,2025-05-06T00:00:00Z,PM2.5,2.1,UG/M3
840340230011,2025-05-06T00:00:00Z,PM2.5,1,UG/M3
840340273001,2025-05-06T00:00:00Z,PM2.5,2.3,UG/M3
840340292002,2025-05-06T00:00:00Z,PM2.5,4.1,UG/M3
840340310005,2025-05-06T00:00:00Z,PM2.5,2.1,UG/M3
840340390004,2025-05-06T00:00:00Z,PM2.5,5.6,UG/M3
840340392003,2025-05-06T00:00:00Z,PM2.5,1,UG/M3
840340410007,2025-05-06T00:00:00Z,PM2.5,2.8,UG/M3
840360050080,2025-05-06T00:00:00Z,PM2.5,2.3,UG/M3
840360050110,2025-05-06T00:00:00Z,PM2.5,3.8,UG/M3
840360050112,2025-05-06T00:00:00Z,PM2.5,4.5,UG/M3
840360470052,2025-05-06T00:00:00Z,PM2.5,6.9,UG/M3
840360470118,2025-05-06T00:00:00Z,PM2.5,8.5,UG/M3
840360610115,2025-05-06T00:00:00Z,PM2.5,4.4,UG/M3
840360610135,2025-05-06T00:00:00Z,PM2.5,5,UG/M3
840360710002,2025-05-06T00:00:00Z,PM2.5,0.4,UG/M3
840360810120,2025-05-06T00:00:00Z,PM2.5,2.1,UG/M3
840360810124,2025-05-06T00:00:00Z,PM2.5,3.9,UG/M3
840360850055,2025-05-06T00:00:00Z,PM2.5,0.3,UG/M3
840360850111,2025-05-06T00:00:00Z,PM2.5,3.7,UG/M3
840360870005,2025-05-06T00:00:00Z,PM2.5,0,UG/M3
840361030009,2025-05-06T00:00:00Z,PM2.5,4.8,UG/M3
840361192004,2025-05-06T00:00:00Z,PM2.5,0,UG/M3
840421010048,2025-05-06T00:00:00Z,PM2.5,4.4,UG/M3
840421010055,2025-05-06T00:00:00Z,PM2.5,6.1,UG/M3
840421010057,2025-05-06T00:00:00Z,PM2.5,5.7,UG/M3
840421010075,2025-05-06T00:00:00Z,PM2.5,4.8,UG/M3
840999999911,2025-05-06T00:00:00Z,PM25,4.52,UG/M3
840999999913,2025-05-06T00:00:00Z,PM25,6.18,UG/M3
840999999914,2025-05-06T00:00:00Z,PM25,5.26,UG/M3
840999999915,2025-05-06T00:00:00Z,PM25,5.56,UG/M3
840999999916,2025-05-06T00:00:00Z,PM25,11.18,UG/M3
840999999918,2025-05-06T00:00:00Z,PM25,7.91,UG/M3
840999999991,2025-05-06T00:00:00Z,PM25,5.42,UG/M3
840999999992,2025-05-06T00:00:00Z,PM25,5.12,UG/M3
840999999994,2025-05-06T00:00:00Z,PM25,3.58,UG/M3
840999999995,2025-05-06T00:00:00Z,PM25,9.05,UG/M3
840999999996,2025-05-06T00:00:00Z,PM25,4.48,UG/M3
840999999997,2025-05-06T00:00:00Z,PM25,5.07,UG/M3
840999999998,2025-05-06T00:00:00Z,PM25,5.16,UG/M3
840999999999,2025-05-06T00:00:00Z,PM25,2.99,UG/M3
840090010010,2025-05-06T01:00:00Z,PM2.5,6.3,UG/M3
840090011123,2025-05-06T01:00:00Z,PM2.5,1.5,UG/M3
840090090027,2025-05-06T01:00:00Z,PM2.5,3,UG/M3
840090110124,2025-05-06T01:00:00Z,PM2.5,5.1,UG/M3
840340030010,2025-05-06T01:00:00Z,PM2.5,5.6,UG/M3
840340070010,2025-05-06T01:00:00Z,PM2.5,5.4,UG/M3
840340071007,2025-05-06T01:00:00Z,PM2.5,1.5,UG/M3
840340170008,2025-05-06T01:00:00Z,PM2.5,4.6,UG/M3
840340190001,2025-05-06T01:00:00Z,PM2.5,3.2,UG/M3
840340210005,2025-05-06T01:00:00Z,PM2.5,5.4,UG/M3
840340210008,2025-05-06T01:00:00Z,PM2.5,2.8,UG/M3
840340230011,2025-05-06T01:00:00Z,PM2.5,1.7,UG/M3
840340273001,2025-05-06T01:00:00Z,PM2.5,1.1,UG/M3
840340292002,2025-05-06T01:00:00Z,PM2.5,2.9,UG/M3
840340310005,2025-05-06T01:00:00Z,PM2.5,3.7,UG/M3
840340390004,2025-05-06T01:00:00Z,PM2.5,5.4,UG/M3
840340392003,2025-05-06T01:00:00Z,PM2.5,0.6,UG/M3
840340410007,2025-05-06T01:00:00Z,PM2.5,3.1,UG/M3
840360050080,2025-05-06T01:00:00Z,PM2.5,2.1,UG/M3
840360050110,2025-05-06T01:00:00Z,PM2.5,3.8,UG/M3
840360050112,2025-05-06T01:00:00Z,PM2.5,4.4,UG/M3
840360470052,2025-05-06T01:00:00Z,PM2.5,8.3,UG/M3
840360470118,2025-05-06T01:00:00Z,PM2.5,9.2,UG/M3
840360610115,2025-05-06T01:00:00Z,PM2.5,3.9,UG/M3
840360610135,2025-05-06T01:00:00Z,PM2.5,4.8,UG/M3
840360710002,2025-05-06T01:00:00Z,PM2.5,0,UG/M3
840360810120,2025-05-06T01:00:00Z,PM2.5,3,UG/M3
840360810124,2025-05-06T01:00:00Z,PM2.5,4.2,UG/M3
840360850055,2025-05-06T01:00:00Z,PM2.5,0.4,UG/M3
840360850111,2025-05-06T01:00:00Z,PM2.5,3.7,UG/M3
840360870005,2025-05-06T01:00:00Z,PM2.5,0,UG/M3
840361030009,2025-05-06T01:00:00Z,PM2.5,4.3,UG/M3
840361192004,2025-05-06T01:00:00Z,PM2.5,0,UG/M3
840421010048,2025-05-06T01:00:00Z,PM2.5,4.3,UG/M3
840421010055,2025-05-06T01:00:00Z,PM2.5,6.2,UG/M3
840421010057,2025-05-06T01:00:00Z,PM2.5,5.9,UG/M3
840421010075,2025-05-06T01:00:00Z,PM2.5,4.5,UG/M3
840999999911,2025-05-06T01:00:00Z,PM25,4.98,UG/M3
840999999913,2025-05-06T01:00:00Z,PM25,5.87,UG/M3
840999999914,2025-05-06T01:00:00Z,PM25,5.69,UG/M3
840999999915,2025-05-06T01:00:00Z,PM25,5.61,UG/M3
840999999916,2025-05-06T01:00:00Z,PM25,9.85,UG/M3
840999999918,2025-05-06T01:00:00Z,PM25,6.44,UG/M3
840999999991,2025-05-06T01:00:00Z,PM25,5.28,UG/M3
840999999992,2025-05-06T01:00:00Z,PM25,4.61,UG/M3
840999999994,2025-05-06T01:00:00Z,PM25,3.8,UG/M3
840999999995,2025-05-06T01:00:00Z,PM25,8.35,UG/M3
840999999996,2025-05-06T01:00:00Z,PM25,4.71,UG/M3
840999999997,2025-05-06T01:00:00Z,PM25,4.77,UG/M3
840999999998,2025-05-06T01:00:00Z,PM25,4.83,UG/M3
840999999999,2025-05-06T01:00:00Z,PM25,3.31,UG/M3
840090010010,2025-05-06T02:00:00Z,PM2.5,7,UG/M3
840090011123,2025-05-06T02:00:00Z,PM2.5,1.5,UG/M3
840090090027,2025-05-06T02:00:00Z,PM2.5,3.6,UG/M3
840090110124,2025-05-06T02:00:00Z,PM2.5,5.5,UG/M3
840340030010,2025-05-06T02:00:00Z,PM2.5,4,UG/M3
840340070010,2025-05-06T02:00:00Z,PM2.5,5.4,UG/M3
840340071007,2025-05-06T02:00:00Z,PM2.5,2,UG/M3
840340170008,2025-05-06T02:00:00Z,PM2.5,4.8,UG/M3
840340190001,2025-05-06T02:00:00Z,PM2.5,3.3,UG/M3
840340210005,2025-05-06T02:00:00Z,PM2.5,5.7,UG/M3
840340210008,2025-05-06T02:00:00Z,PM2.5,2.8,UG/M3
840340230011,2025-05-06T02:00:00Z,PM2.5,0.4,UG/M3
840340273001,2025-05-06T02:00:00Z,PM2.5,0.9,UG/M3
840340292002,2025-05-06T02:00:00Z,PM2.5,0.6,UG/M3
840340310005,2025-05-06T02:00:00Z,PM2.5,2.8,UG/M3
840340390004,2025-05-06T02:00:00Z,PM2.5,3.8,UG/M3
840340392003,2025-05-06T02:00:00Z,PM2.5,1.4,UG/M3
840340410007,2025-05-06T02:00:00Z,PM2.5,1.5,UG/M3
840360050080,2025-05-06T02:00:00Z,PM2.5,1.1,UG/M3
840360050110,2025-05-06T02:00:00Z,PM2.5,3.6,UG/M3
840360050112,2025-05-06T02:00:00Z,PM2.5,4.2,UG/M3
840360470052,2025-05-06T02:00:00Z,PM2.5,8.6,UG/M3
840360470118,2025-05-06T02:00:00Z,PM2.5,8.5,UG/M3
840360610115,2025-05-06T02:00:00Z,PM2.5,6.5,UG/M3
840360610135,2025-05-06T02:00:00Z,PM2.5,4.8,UG/M3
840360710002,2025-05-06T02:00:00Z,PM2.5,0,UG/M3
840360810120,2025-05-06T02:00:00Z,PM2.5,1.5,UG/M3
840360810124,2025-05-06T02:00:00Z,PM2.5,3.1,UG/M3
840360850055,2025-05-06T02:00:00Z,PM2.5,0.5,UG/M3
840360850111,2025-05-06T02:00:00Z,PM2.5,5.4,UG/M3
840360870005,2025-05-06T02:00:00Z,PM2.5,0,UG/M3
840361030009,2025-05-06T02:00:00Z,PM2.5,4.8,UG/M3
840361192004,2025-05-06T02:00:00Z,PM2.5,0,UG/M3
840421010048,2025-05-06T02:00:00Z,PM2.5,4.1,UG/M3
840421010055,2025-05-06T02:00:00Z,PM2.5,6.1,UG/M3
840421010057,2025-05-06T02:00:00Z,PM2.5,5.6,UG/M3
840421010075,2025-05-06T02:00:00Z,PM2.5,4.5,UG/M3
840999999911,2025-05-06T02:00:00Z,PM25,5,UG/M3
840999999913,2025-05-06T02:00:00Z,PM25,5.86,UG/M3
840999999914,2025-05-06T02:00:00Z,PM25,6.02,UG/M3
840999999915,2025-05-06T02:00:00Z,PM25,5.32,UG/M3
840999999916,2025-05-06T02:00:00Z,PM25,10.03,UG/M3
840999999918,2025-05-06T02:00:00Z,PM25,7.97,UG/M3
840999999991,2025-05-06T02:00:00Z,PM25,6.35,UG/M3
840999999992,2025-05-06T02:00:00Z,PM25,3.85,UG/M3
840999999994,2025-05-06T02:00:00Z,PM25,2.26,UG/M3
840999999995,2025-05-06T02:00:00Z,PM25,8.08,UG/M3
840999999996,2025-05-06T02:00:00Z,PM25,4.65,UG/M3
840999999997,2025-05-06T02:00:00Z,PM25,5.23,UG/M3
840999999998,2025-05-06T02:00:00Z,PM25,4.47,UG/M3
840999999999,2025-05-06T02:00:00Z,PM25,2.57,UG/M3
840090010010,2025-05-06T03:00:00Z,PM2.5,7.3,UG/M3
840090011123,2025-05-06T03:00:00Z,PM2.5,1.3,UG/M3
840090090027,2025-05-06T03:00:00Z,PM2.5,3.6,UG/M3
840090110124,2025-05-06T03:00:00Z,PM2.5,5.4,UG/M3
840340030010,2025-05-06T03:00:00Z,PM2.5,5.7,UG/M3
840340070010,2025-05-06T03:00:00Z,PM2.5,5.2,UG/M3
840340071007,2025-05-06T03:00:00Z,PM2.5,1.8,UG/M3
840340170008,2025-05-06T03:00:00Z,PM2.5,3.3,UG/M3
840340190001,2025-05-06T03:00:00Z,PM2.5,3.4,UG/M3
840340210005,2025-05-06T03:00:00Z,PM2.5,5.2,UG/M3
840340210008,2025-05-06T03:00:00Z,PM2.5,3,UG/M3
840340230011,2025-05-06T03:00:00Z,PM2.5,1.9,UG/M3
840340273001,2025-05-06T03:00:00Z,PM2.5,0,UG/M3
840340292002,2025-05-06T03:00:00Z,PM2.5,0.9,UG/M3
840340310005,2025-05-06T03:00:00Z,PM2.5,1.4,UG/M3
840340390004,2025-05-06T03:00:00Z,PM2.5,3.7,UG/M3
840340392003,2025-05-06T03:00:00Z,PM2.5,3.5,UG/M3
840340410007,2025-05-06T03:00:00Z,PM2.5,0.5,UG/M3
840360050080,2025-05-06T03:00:00Z,PM2.5,0,UG/M3
840360050110,2025-05-06T03:00:00Z,PM2.5,3.2,UG/M3
840360050112,2025-05-06T03:00:00Z,PM2.5,3.8,UG/M3
840360470052,2025-05-06T03:00:00Z,PM2.5,7.9,UG/M3
840360470118,2025-05-06T03:00:00Z,PM2.5,7.7,UG/M3
840360610115,2025-05-06T03:00:00Z,PM2.5,4.9,UG/M3
840360610135,2025-05-06T03:00:00Z,PM2.5,3.9,UG/M3
840360710002,2025-05-06T03:00:00Z,PM2.5,0,UG/M3
840360810120,2025-05-06T03:00:00Z,PM2.5,0.5,UG/M3
840360810124,2025-05-06T03:00:00Z,PM2.5,3.3,UG/M3
840360850055,2025-05-06T03:00:00Z,PM2.5,0.9,UG/M3
840360850111,2025-05-06T03:00:00Z,PM2.5,5.7,UG/M3
840360870005,2025-05-06T03:00:00Z,PM2.5,0,UG/M3
840361030009,2025-05-06T03:00:00Z,PM2.5,4.9,UG/M3
840361192004,2025-05-06T03:00:00Z,PM2.5,0,UG/M3
840421010048,2025-05-06T03:00:00Z,PM2.5,4.1,UG/M3
840421010055,2025-05-06T03:00:00Z,PM2.5,5.6,UG/M3
840421010057,2025-05-06T03:00:00Z,PM2.5,5.3,UG/M3
840421010075,2025-05-06T03:00:00Z,PM2.5,4.6,UG/M3
840999999911,2025-05-06T03:00:00Z,PM25,4.23,UG/M3
840999999913,2025-05-06T03:00:00Z,PM25,4.4,UG/M3
840999999914,2025-05-06T03:00:00Z,PM25,4.51,UG/M3
840999999915,2025-05-06T03:00:00Z,PM25,3.83,UG/M3
840999999916,2025-05-06T03:00:00Z,PM25,4.94,UG/M3
840999999918,2025-05-06T03:00:00Z,PM25,9.18,UG/M3
840999999991,2025-05-06T03:00:00Z,PM25,5.04,UG/M3
840999999992,2025-05-06T03:00:00Z,PM25,3.65,UG/M3
840999999994,2025-05-06T03:00:00Z,PM25,3.27,UG/M3
840999999995,2025-05-06T03:00:00Z,PM25,3.91,UG/M3
840999999996,2025-05-06T03:00:00Z,PM25,2.74,UG/M3
840999999997,2025-05-06T03:00:00Z,PM25,3.64,UG/M3
840999999998,2025-05-06T03:00:00Z,PM25,3.31,UG/M3
840999999999,2025-05-06T03:00:00Z,PM25,3.08,UG/M3
840090010010,2025-05-06T04:00:00Z,PM2.5,6.8,UG/M3
840090011123,2025-05-06T04:00:00Z,PM2.5,1.7,UG/M3
840090090027,2025-05-06T04:00:00Z,PM2.5,3.3,UG/M3
840090110124,2025-05-06T04:00:00Z,PM2.5,4.5,UG/M3
840340030010,2025-05-06T04:00:00Z,PM2.5,4.5,UG/M3
840340070010,2025-05-06T04:00:00Z,PM2.5,5,UG/M3
840340071007,2025-05-06T04:00:00Z,PM2.5,3.1,UG/M3
840340170008,2025-05-06T04:00:00Z,PM2.5,2.9,UG/M3
840340190001,2025-05-06T04:00:00Z,PM2.5,4.2,UG/M3
840340210005,2025-05-06T04:00:00Z,PM2.5,4.4,UG/M3
840340210008,2025-05-06T04:00:00Z,PM2.5,2.1,UG/M3
840340230011,2025-05-06T04:00:00Z,PM2.5,3.8,UG/M3
840340273001,2025-05-06T04:00:00Z,PM2.5,0,UG/M3
840340292002,2025-05-06T04:00:00Z,PM2.5,3.4,UG/M3
840340310005,2025-05-06T04:00:00Z,PM2.5,1.1,UG/M3
840340390004,2025-05-06T04:00:00Z,PM2.5,5.2,UG/M3
840340392003,2025-05-06T04:00:00Z,PM2.5,5.5,UG/M3
840340410007,2025-05-06T04:00:00Z,PM2.5,1.3,UG/M3
840360050080,2025-05-06T04:00:00Z,PM2.5,0,UG/M3
840360050110,2025-05-06T04:00:00Z,PM2.5,4,UG/M3
840360050112,2025-05-06T04:00:00Z,PM2.5,5.3,UG/M3
840360470052,2025-05-06T04:00:00Z,PM2.5,10.9,UG/M3
840360470118,2025-05-06T04:00:00Z,PM2.5,10.1,UG/M3
840360610115,2025-05-06T04:00:00Z,PM2.5,4.9,UG/M3
840360610135,2025-05-06T04:00:00Z,PM2.5,4.1,UG/M3
840360710002,2025-05-06T04:00:00Z,PM2.5,0,UG/M3
840360810120,2025-05-06T04:00:00Z,PM2.5,1.7,UG/M3
840360810124,2025-05-06T04:00:00Z,PM2.5,5.3,UG/M3
840360850055,2025-05-06T04:00:00Z,PM2.5,0.4,UG/M3
840360850111,2025-05-06T04:00:00Z,PM2.5,6.5,UG/M3
840360870005,2025-05-06T04:00:00Z,PM2.5,0,UG/M3
840361030009,2025-05-06T04:00:00Z,PM2.5,4.9,UG/M3
840361192004,2025-05-06T04:00:00Z,PM2.5,0,UG/M3
840421010048,2025-05-06T04:00:00Z,PM2.5,4.1,UG/M3
840421010055,2025-05-06T04:00:00Z,PM2.5,5.6,UG/M3
840421010057,2025-05-06T04:00:00Z,PM2.5,5.1,UG/M3
840421010075,2025-05-06T04:00:00Z,PM2.5,4.9,UG/M3
840999999911,2025-05-06T04:00:00Z,PM25,7.24,UG/M3
840999999913,2025-05-06T04:00:00Z,PM25,4.95,UG/M3
840999999914,2025-05-06T04:00:00Z,PM25,6.48,UG/M3
840999999915,2025-05-06T04:00:00Z,PM25,6.37,UG/M3
840999999916,2025-05-06T04:00:00Z,PM25,7,UG/M3
840999999918,2025-05-06T04:00:00Z,PM25,8.27,UG/M3
840999999991,2025-05-06T04:00:00Z,PM25,7.7,UG/M3
840999999992,2025-05-06T04:00:00Z,PM25,5.09,UG/M3
840999999994,2025-05-06T04:00:00Z,PM25,4.64,UG/M3
840999999995,2025-05-06T04:00:00Z,PM25,5.44,UG/M3
840999999996,2025-05-06T04:00:00Z,PM25,3.73,UG/M3
840999999997,2025-05-06T04:00:00Z,PM25,4.52,UG/M3
840999999998,2025-05-06T04:00:00Z,PM25,5.46,UG/M3
840999999999,2025-05-06T04:00:00Z,PM25,5.61,UG/M3
840090010010,2025-05-06T05:00:00Z,PM2.5,6,UG/M3
840090011123,2025-05-06T05:00:00Z,PM2.5,1.5,UG/M3
840090090027,2025-05-06T05:00:00Z,PM2.5,3,UG/M3
840090110124,2025-05-06T05:00:00Z,PM2.5,4.2,UG/M3
840340030010,2025-05-06T05:00:00Z,PM2.5,2.8,UG/M3
840340070010,2025-05-06T05:00:00Z,PM2.5,4.9,UG/M3
840340071007,2025-05-06T05:00:00Z,PM2.5,4.4,UG/M3
840340170008,2025-05-06T05:00:00Z,PM2.5,2.5,UG/M3
840340190001,2025-05-06T05:00:00Z,PM2.5,4.2,UG/M3
840340210005,2025-05-06T05:00:00Z,PM2.5,4.4,UG/M3
840340210008,2025-05-06T05:00:00Z,PM2.5,3.4,UG/M3
840340230011,2025-05-06T05:00:00Z,PM2.5,2.4,UG/M3
840340273001,2025-05-06T05:00:00Z,PM2.5,0,UG/M3
840340292002,2025-05-06T05:00:00Z,PM2.5,4.2,UG/M3
840340310005,2025-05-06T05:00:00Z,PM2.5,0.2,UG/M3
840340390004,2025-05-06T05:00:00Z,PM2.5,4.1,UG/M3
840340392003,2025-05-06T05:00:00Z,PM2.5,3.3,UG/M3
840340410007,2025-05-06T05:00:00Z,PM2.5,1.9,UG/M3
840360050080,2025-05-06T05:00:00Z,PM2.5,0,UG/M3
840360050110,2025-05-06T05:00:00Z,PM2.5,4.6,UG/M3
840360050112,2025-05-06T05:00:00Z,PM2.5,5.9,UG/M3
840360470052,2025-05-06T05:00:00Z,PM2.5,11.4,UG/M3
840360470118,2025-05-06T05:00:00Z,PM2.5,9.6,UG/M3
840360610115,2025-05-06T05:00:00Z,PM2.5,6.1,UG/M3
840360610135,2025-05-06T05:00:00Z,PM2.5,4.6,UG/M3
840360710002,2025-05-06T05:00:00Z,PM2.5,0,UG/M3
840360810120,2025-05-06T05:00:00Z,PM2.5,2.6,UG/M3
840360810124,2025-05-06T05:00:00Z,PM2.5,6.1,UG/M3
840360850055,2025-05-06T05:00:00Z,PM2.5,0,UG/M3
840360850111,2025-05-06T05:00:00Z,PM2.5,6.8,UG/M3
840360870005,2025-05-06T05:00:00Z,PM2.5,0,UG/M3
840361030009,2025-05-06T05:00:00Z,PM2.5,4.2,UG/M3
840361192004,2025-05-06T05:00:00Z,PM2.5,0,UG/M3
840421010048,2025-05-06T05:00:00Z,PM2.5,4.2,UG/M3
840421010055,2025-05-06T05:00:00Z,PM2.5,5.6,UG/M3
840421010057,2025-05-06T05:00:00Z,PM2.5,4.8,UG/M3
840421010075,2025-05-06T05:00:00Z,PM2.5,5.3,UG/M3
840999999911,2025-05-06T05:00:00Z,PM25,5.42,UG/M3
840999999913,2025-05-06T05:00:00Z,PM25,5.8,UG/M3
840999999914,2025-05-06T05:00:00Z,PM25,6.92,UG/M3
840999999915,2025-05-06T05:00:00Z,PM25,5.78,UG/M3
840999999916,2025-05-06T05:00:00Z,PM25,6.97,UG/M3
840999999918,2025-05-06T05:00:00Z,PM25,9,UG/M3
840999999991,2025-05-06T05:00:00Z,PM25,7.92,UG/M3
840999999992,2025-05-06T05:00:00Z,PM25,4.83,UG/M3
840999999994,2025-05-06T05:00:00Z,PM25,4.24,UG/M3
840999999995,2025-05-06T05:00:00Z,PM25,5.62,UG/M3
840999999996,2025-05-06T05:00:00Z,PM25,4.76,UG/M3
840999999997,2025-05-06T05:00:00Z,PM25,4.96,UG/M3
840999999998,2025-05-06T05:00:00Z,PM25,5.52,UG/M3
840999999999,2025-05-06T05:00:00Z,PM25,4.86,UG/M3
840090010010,2025-05-06T06:00:00Z,PM2.5,5.1,UG/M3
840090011123,2025-05-06T06:00:00Z,PM2.5,1.3,UG/M3
840090090027,2025-05-06T06:00:00Z,PM2.5,2.7,UG/M3
840090110124,2025-05-06T06:00:00Z,PM2.5,5.3,UG/M3
840340030010,2025-05-06T06:00:00Z,PM2.5,4.3,UG/M3
840340070010,2025-05-06T06:00:00Z,PM2.5,5.1,UG/M3
840340071007,2025-05-06T06:00:00Z,PM2.5,3,UG/M3
840340170008,2025-05-06T06:00:00Z,PM2.5,4.3,UG/M3
840340190001,2025-05-06T06:00:00Z,PM2.5,6.1,UG/M3
840340210005,2025-05-06T06:00:00Z,PM2.5,2.4,UG/M3
840340210008,2025-05-06T06:00:00Z,PM2.5,2.9,UG/M3
840340230011,2025-05-06T06:00:00Z,PM2.5,1.4,UG/M3
840340273001,2025-05-06T06:00:00Z,PM2.5,1.5,UG/M3
840340292002,2025-05-06T06:00:00Z,PM2.5,4.6,UG/M3
840340310005,2025-05-06T06:00:00Z,PM2.5,0.7,UG/M3
840340390004,2025-05-06T06:00:00Z,PM2.5,4.6,UG/M3
840340392003,2025-05-06T06:00:00Z,PM2.5,4.6,UG/M3
840340410007,2025-05-06T06:00:00Z,PM2.5,1.4,UG/M3
840360050080,2025-05-06T06:00:00Z,PM2.5,0.1,UG/M3
840360050110,2025-05-06T06:00:00Z,PM2.5,4.2,UG/M3
840360050112,2025-05-06T06:00:00Z,PM2.5,5.5,UG/M3
840360470052,2025-05-06T06:00:00Z,PM2.5,11.8,UG/M3
840360470118,2025-05-06T06:00:00Z,PM2.5,10.9,UG/M3
840360610115,2025-05-06T06:00:00Z,PM2.5,5.9,UG/M3
840360610135,2025-05-06T06:00:00Z,PM2.5,4.8,UG/M3
840360710002,2025-05-06T06:00:00Z,PM2.5,0,UG/M3
840360810120,2025-05-06T06:00:00Z,PM2.5,2,UG/M3
840360810124,2025-05-06T06:00:00Z,PM2.5,7.9,UG/M3
840360850055,2025-05-06T06:00:00Z,PM2.5,0.8,UG/M3
840360850111,2025-05-06T06:00:00Z,PM2.5,7.1,UG/M3
840360870005,2025-05-06T06:00:00Z,PM2.5,0,UG/M3
840361030009,2025-05-06T06:00:00Z,PM2.5,4,UG/M3
840361192004,2025-05-06T06:00:00Z,PM2.5,0.4,UG/M3
840421010048,2025-05-06T06:00:00Z,PM2.5,4,UG/M3
840421010055,2025-05-06T06:00:00Z,PM2.5,5.6,UG/M3
840421010057,2025-05-06T06:00:00Z,PM2.5,4.7,UG/M3
840421010075,2025-05-06T06:00:00Z,PM2.5,5.1,UG/M3
840999999911,2025-05-06T06:00:00Z,PM25,5.74,UG/M3
840999999913,2025-05-06T06:00:00Z,PM25,6.96,UG/M3
840999999914,2025-05-06T06:00:00Z,PM25,6.14,UG/M3
840999999915,2025-05-06T06:00:00Z,PM25,5.62,UG/M3
840999999916,2025-05-06T06:00:00Z,PM25,6.55,UG/M3
840999999918,2025-05-06T06:00:00Z,PM25,10.68,UG/M3
840999999991,2025-05-06T06:00:00Z,PM25,6.19,UG/M3
840999999992,2025-05-06T06:00:00Z,PM25,4.87,UG/M3
840999999994,2025-05-06T06:00:00Z,PM25,6.1,UG/M3
840999999995,2025-05-06T06:00:00Z,PM25,5.7,UG/M3
840999999996,2025-05-06T06:00:00Z,PM25,4.58,UG/M3
840999999997,2025-05-06T06:00:00Z,PM25,5.14,UG/M3
840999999998,2025-05-06T06:00:00Z,PM25,4.15,UG/M3
840999999999,2025-05-06T06:00:00Z,PM25,5.76,UG/M3
840090010010,2025-05-06T07:00:00Z,PM2.5,5.2,UG/M3
840090011123,2025-05-06T07:00:00Z,PM2.5,1.3,UG/M3
840090090027,2025-05-06T07:00:00Z,PM2.5,2.7,UG/M3
840090110124,2025-05-06T07:00:00Z,PM2.5,6.3,UG/M3
840340030010,2025-05-06T07:00:00Z,PM2.5,3.6,UG/M3
840340070010,2025-05-06T07:00:00Z,PM2.5,4.7,UG/M3
840340071007,2025-05-06T07:00:00Z,PM2.5,4.6,UG/M3
840340170008,2025-05-06T07:00:00Z,PM2.5,6,UG/M3
840340190001,2025-05-06T07:00:00Z,PM2.5,6.1,UG/M3
840340210005,2025-05-06T07:00:00Z,PM2.5,2.3,UG/M3
840340210008,2025-05-06T07:00:00Z,PM2.5,2.2,UG/M3
840340230011,2025-05-06T07:00:00Z,PM2.5,4.6,UG/M3
840340273001,2025-05-06T07:00:00Z,PM2.5,4.1,UG/M3
840340292002,2025-05-06T07:00:00Z,PM2.5,5.7,UG/M3
840340310005,2025-05-06T07:00:00Z,PM2.5,1.4,UG/M3
840340390004,2025-05-06T07:00:00Z,PM2.5,5.6,UG/M3
840340392003,2025-05-06T07:00:00Z,PM2.5,4.8,UG/M3
840340410007,2025-05-06T07:00:00Z,PM2.5,1,UG/M3
840360050080,2025-05-06T07:00:00Z,PM2.5,0.5,UG/M3
840360050110,2025-05-06T07:00:00Z,PM2.5,5.3,UG/M3
840360050112,2025-05-06T07:00:00Z,PM2.5,7.2,UG/M3
840360470052,2025-05-06T07:00:00Z,PM2.5,12.2,UG/M3
840360470118,2025-05-06T07:00:00Z,PM2.5,10.5,UG/M3
840360610115,2025-05-06T07:00:00Z,PM2.5,15.9,UG/M3
840360610135,2025-05-06T07:00:00Z,PM2.5,5.4,UG/M3
840360710002,2025-05-06T07:00:00Z,PM2.5,0,UG/M3
840360810120,2025-05-06T07:00:00Z,PM2.5,3.2,UG/M3
840360810124,2025-05-06T07:00:00Z,PM2.5,8,UG/M3
840360850055,2025-05-06T07:00:00Z,PM2.5,1.2,UG/M3
840360850111,2025-05-06T07:00:00Z,PM2.5,7.3,UG/M3
840360870005,2025-05-06T07:00:00Z,PM2.5,0,UG/M3
840361030009,2025-05-06T07:00:00Z,PM2.5,4.2,UG/M3
840361192004,2025-05-06T07:00:00Z,PM2.5,0.9,UG/M3
840421010048,2025-05-06T07:00:00Z,PM2.5,3.9,UG/M3
840421010055,2025-05-06T07:00:00Z,PM2.5,5.7,UG/M3
840421010057,2025-05-06T07:00:00Z,PM2.5,4.6,UG/M3
840421010075,2025-05-06T07:00:00Z,PM2.5,4.4,UG/M3
840999999911,2025-05-06T07:00:00Z,PM25,5.72,UG/M3
840999999913,2025-05-06T07:00:00Z,PM25,8.51,UG/M3
840999999914,2025-05-06T07:00:00Z,PM25,5.71,UG/M3
840999999915,2025-05-06T07:00:00Z,PM25,6.9,UG/M3
840999999916,2025-05-06T07:00:00Z,PM25,9.2,UG/M3
840999999918,2025-05-06T07:00:00Z,PM25,9.97,UG/M3
840999999991,2025-05-06T07:00:00Z,PM25,6.41,UG/M3
840999999992,2025-05-06T07:00:00Z,PM25,6.37,UG/M3
840999999994,2025-05-06T07:00:00Z,PM25,4.9,UG/M3
840999999995,2025-05-06T07:00:00Z,PM25,7.04,UG/M3
840999999996,2025-05-06T07:00:00Z,PM25,3.63,UG/M3
840999999997,2025-05-06T07:00:00Z,PM25,6.5,UG/M3
840999999998,2025-05-06T07:00:00Z,PM25,6.02,UG/M3
840999999999,2025-05-06T07:00:00Z,PM25,5.39,UG/M3
840090010010,2025-05-06T08:00:00Z,PM2.5,5.1,UG/M3
840090011123,2025-05-06T08:00:00Z,PM2.5,1.7,UG/M3
840090090027,2025-05-06T08:00:00Z,PM2.5,2.7,UG/M3
840090110124,2025-05-06T08:00:00Z,PM2.5,7.2,UG/M3
840340030010,2025-05-06T08:00:00Z,PM2.5,2.8,UG/M3
840340070010,2025-05-06T08:00:00Z,PM2.5,5.2,UG/M3
840340071007,2025-05-06T08:00:00Z,PM2.5,2.9,UG/M3
840340170008,2025-05-06T08:00:00Z,PM2.5,5,UG/M3
840340190001,2025-05-06T08:00:00Z,PM2.5,5.6,UG/M3
840340210005,2025-05-06T08:00:00Z,PM2.5,2.8,UG/M3
840340210008,2025-05-06T08:00:00Z,PM2.5,2.4,UG/M3
840340230011,2025-05-06T08:00:00Z,PM2.5,5,UG/M3
840340273001,2025-05-06T08:00:00Z,PM2.5,2,UG/M3
840340292002,2025-05-06T08:00:00Z,PM2.5,1.4,UG/M3
840340310005,2025-05-06T08:00:00Z,PM2.5,1.9,UG/M3
840340390004,2025-05-06T08:00:00Z,PM2.5,5.4,UG/M3
840340392003,2025-05-06T08:00:00Z,PM2.5,3.9,UG/M3
840340410007,2025-05-06T08:00:00Z,PM2.5,2.2,UG/M3
840360050080,2025-05-06T08:00:00Z,PM2.5,1.3,UG/M3
840360050110,2025-05-06T08:00:00Z,PM2.5,6.5,UG/M3
840360050112,2025-05-06T08:00:00Z,PM2.5,8.5,UG/M3
840360470052,2025-05-06T08:00:00Z,PM2.5,11.2,UG/M3
840360470118,2025-05-06T08:00:00Z,PM2.5,9.2,UG/M3
840360610115,2025-05-06T08:00:00Z,PM2.5,15.1,UG/M3
840360610135,2025-05-06T08:00:00Z,PM2.5,6.6,UG/M3
840360710002,2025-05-06T08:00:00Z,PM2.5,0,UG/M3
840360810120,2025-05-06T08:00:00Z,PM2.5,3.1,UG/M3
840360810124,2025-05-06T08:00:00Z,PM2.5,6.4,UG/M3
840360850055,2025-05-06T08:00:00Z,PM2.5,1.1,UG/M3
840360850111,2025-05-06T08:00:00Z,PM2.5,6.8,UG/M3
840360870005,2025-05-06T08:00:00Z,PM2.5,0,UG/M3
840361030009,2025-05-06T08:00:00Z,PM2.5,5.5,UG/M3
840361192004,2025-05-06T08:00:00Z,PM2.5,0.5,UG/M3
840421010048,2025-05-06T08:00:00Z,PM2.5,3.7,UG/M3
840421010055,2025-05-06T08:00:00Z,PM2.5,5.3,UG/M3
840421010057,2025-05-06T08:00:00Z,PM2.5,4.3,UG/M3
840421010075,2025-05-06T08:00:00Z,PM2.5,4,UG/M3
840999999911,2025-05-06T08:00:00Z,PM25,5.42,UG/M3
840999999913,2025-05-06T08:00:00Z,PM25,6.9,UG/M3
840999999914,2025-05-06T08:00:00Z,PM25,6.4,UG/M3
840999999915,2025-05-06T08:00:00Z,PM25,9.07,UG/M3
840999999916,2025-05-06T08:00:00Z,PM25,7.71,UG/M3
840999999918,2025-05-06T08:00:00Z,PM25,7.75,UG/M3
840999999991,2025-05-06T08:00:00Z,PM25,6.62,UG/M3
840999999992,2025-05-06T08:00:00Z,PM25,8.06,UG/M3
840999999994,2025-05-06T08:00:00Z,PM25,4.1,UG/M3
840999999995,2025-05-06T08:00:00Z,PM25,5.91,UG/M3
840999999996,2025-05-06T08:00:00Z,PM25,4.64,UG/M3
840999999997,2025-05-06T08:00:00Z,PM25,8.63,UG/M3
840999999998,2025-05-06T08:00:00Z,PM25,7.23,UG/M3
840999999999,2025-05-06T08:00:00Z,PM25,3.54,UG/M3
840090010010,2025-05-06T09:00:00Z,PM2.5,4.9,UG/M3
840090011123,2025-05-06T09:00:00Z,PM2.5,1.9,UG/M3
840090090027,2025-05-06T09:00:00Z,PM2.5,2.9,UG/M3
840090110124,2025-05-06T09:00:00Z,PM2.5,7,UG/M3
840340030010,2025-05-06T09:00:00Z,PM2.5,3.6,UG/M3
840340070010,2025-05-06T09:00:00Z,PM2.5,3.1,UG/M3
840340071007,2025-05-06T09:00:00Z,PM2.5,3.4,UG/M3
840340170008,2025-05-06T09:00:00Z,PM2.5,4.3,UG/M3
840340190001,2025-05-06T09:00:00Z,PM2.5,5.1,UG/M3
840340210005,2025-05-06T09:00:00Z,PM2.5,3.6,UG/M3
840340210008,2025-05-06T09:00:00Z,PM2.5,3.9,UG/M3
840340230011,2025-05-06T09:00:00Z,PM2.5,6.6,UG/M3
840340273001,2025-05-06T09:00:00Z,PM2.5,1,UG/M3
840340292002,2025-05-06T09:00:00Z,PM2.5,2.4,UG/M3
840340310005,2025-05-06T09:00:00Z,PM2.5,2.7,UG/M3
840340390004,2025-05-06T09:00:00Z,PM2.5,5.2,UG/M3
840340392003,2025-05-06T09:00:00Z,PM2.5,6.7,UG/M3
840340410007,2025-05-06T09:00:00Z,PM2.5,2.9,UG/M3
840360050080,2025-05-06T09:00:00Z,PM2.5,1,UG/M3
840360050110,2025-05-06T09:00:00Z,PM2.5,6.5,UG/M3
840360050112,2025-05-06T09:00:00Z,PM2.5,8,UG/M3
840360470052,2025-05-06T09:00:00Z,PM2.5,8.8,UG/M3
840360470118,2025-05-06T09:00:00Z,PM2.5,7.9,UG/M3
840360610115,2025-05-06T09:00:00Z,PM2.5,11.4,UG/M3
840360610135,2025-05-06T09:00:00Z,PM2.5,7,UG/M3
840360710002,2025-05-06T09:00:00Z,PM2.5,0,UG/M3
840360810120,2025-05-06T09:00:00Z,PM2.5,2.7,UG/M3
840360810124,2025-05-06T09:00:00Z,PM2.5,5.9,UG/M3
840360850055,2025-05-06T09:00:00Z,PM2.5,0.6,UG/M3
840360850111,2025-05-06T09:00:00Z,PM2.5,5.9,UG/M3
840360870005,2025-05-06T09:00:00Z,PM2.5,0,UG/M3
840361030009,2025-05-06T09:00:00Z,PM2.5,5.2,UG/M3
840361192004,2025-05-06T09:00:00Z,PM2.5,0.1,UG/M3
840421010048,2025-05-06T09:00:00Z,PM2.5,3.5,UG/M3
840421010055,2025-05-06T09:00:00Z,PM2.5,4.7,UG/M3
840421010057,2025-05-06T09:00:00Z,PM2.5,4.2,UG/M3
840421010075,2025-05-06T09:00:00Z,PM2.5,3.8,UG/M3
840999999911,2025-05-06T09:00:00Z,PM25,5.13,UG/M3
840999999913,2025-05-06T09:00:00Z,PM25,7.2,UG/M3
840999999914,2025-05-06T09:00:00Z,PM25,5.99,UG/M3
840999999915,2025-05-06T09:00:00Z,PM25,9.31,UG/M3
840999999916,2025-05-06T09:00:00Z,PM25,8.03,UG/M3
840999999918,2025-05-06T09:00:00Z,PM25,7.46,UG/M3
840999999991,2025-05-06T09:00:00Z,PM25,6.62,UG/M3
840999999992,2025-05-06T09:00:00Z,PM25,7.59,UG/M3
840999999994,2025-05-06T09:00:00Z,PM25,4.55,UG/M3
840999999995,2025-05-06T09:00:00Z,PM25,6.1,UG/M3
840999999996,2025-05-06T09:00:00Z,PM25,4.69,UG/M3
840999999997,2025-05-06T09:00:00Z,PM25,9.09,UG/M3
840999999998,2025-05-06T09:00:00Z,PM25,5.74,UG/M3
840999999999,2025-05-06T09:00:00Z,PM25,4.29,UG/M3
840090010010,2025-05-06T10:00:00Z,PM2.5,5.3,UG/M3
840090011123,2025-05-06T10:00:00Z,PM2.5,1.9,UG/M3
840090090027,2025-05-06T10:00:00Z,PM2.5,3.5,UG/M3
840090110124,2025-05-06T10:00:00Z,PM2.5,7.2,UG/M3
840340030010,2025-05-06T10:00:00Z,PM2.5,4.6,UG/M3
840340070010,2025-05-06T10:00:00Z,PM2.5,1.1,UG/M3
840340071007,2025-05-06T10:00:00Z,PM2.5,1.4,UG/M3
840340170008,2025-05-06T10:00:00Z,PM2.5,3.5,UG/M3
840340190001,2025-05-06T10:00:00Z,PM2.5,4.6,UG/M3
840340210005,2025-05-06T10:00:00Z,PM2.5,3.1,UG/M3
840340210008,2025-05-06T10:00:00Z,PM2.5,2.2,UG/M3
840340230011,2025-05-06T10:00:00Z,PM2.5,5.7,UG/M3
840340273001,2025-05-06T10:00:00Z,PM2.5,1.5,UG/M3
840340292002,2025-05-06T10:00:00Z,PM2.5,3.9,UG/M3
840340310005,2025-05-06T10:00:00Z,PM2.5,4,UG/M3
840340390004,2025-05-06T10:00:00Z,PM2.5,6.1,UG/M3
840340392003,2025-05-06T10:00:00Z,PM2.5,6.3,UG/M3
840340410007,2025-05-06T10:00:00Z,PM2.5,3,UG/M3
840360050080,2025-05-06T10:00:00Z,PM2.5,1.9,UG/M3
840360050110,2025-05-06T10:00:00Z,PM2.5,7.1,UG/M3
840360050112,2025-05-06T10:00:00Z,PM2.5,8.3,UG/M3
840360470052,2025-05-06T10:00:00Z,PM2.5,8,UG/M3
840360470118,2025-05-06T10:00:00Z,PM2.5,7.4,UG/M3
840360610115,2025-05-06T10:00:00Z,PM2.5,9,UG/M3
840360610135,2025-05-06T10:00:00Z,PM2.5,7.5,UG/M3
840360710002,2025-05-06T10:00:00Z,PM2.5,0,UG/M3
840360810120,2025-05-06T10:00:00Z,PM2.5,3.5,UG/M3
840360810124,2025-05-06T10:00:00Z,PM2.5,5.8,UG/M3
840360850055,2025-05-06T10:00:00Z,PM2.5,0.4,UG/M3
840360850111,2025-05-06T10:00:00Z,PM2.5,4.6,UG/M3
840360870005,2025-05-06T10:00:00Z,PM2.5,0,UG/M3
840361030009,2025-05-06T10:00:00Z,PM2.5,5.5,UG/M3
840361192004,2025-05-06T10:00:00Z,PM2.5,0.1,UG/M3
840421010048,2025-05-06T10:00:00Z,PM2.5,3.3,UG/M3
840421010055,2025-05-06T10:00:00Z,PM2.5,4.4,UG/M3
840421010057,2025-05-06T10:00:00Z,PM2.5,3.9,UG/M3
840421010075,2025-05-06T10:00:00Z,PM2.5,3.2,UG/M3
840999999911,2025-05-06T10:00:00Z,PM25,7.94,UG/M3
840999999913,2025-05-06T10:00:00Z,PM25,7.98,UG/M3
840999999914,2025-05-06T10:00:00Z,PM25,6.72,UG/M3
840999999915,2025-05-06T10:00:00Z,PM25,10.42,UG/M3
840999999916,2025-05-06T10:00:00Z,PM25,8.96,UG/M3
840999999918,2025-05-06T10:00:00Z,PM25,5.81,UG/M3
840999999991,2025-05-06T10:00:00Z,PM25,7.38,UG/M3
840999999992,2025-05-06T10:00:00Z,PM25,9.01,UG/M3
840999999994,2025-05-06T10:00:00Z,PM25,4.67,UG/M3
840999999995,2025-05-06T10:00:00Z,PM25,7.04,UG/M3
840999999996,2025-05-06T10:00:00Z,PM25,4.66,UG/M3
840999999997,2025-05-06T10:00:00Z,PM25,9.99,UG/M3
840999999998,2025-05-06T10:00:00Z,PM25,7.5,UG/M3
840999999999,2025-05-06T10:00:00Z,PM25,4.26,UG/M3
840090010010,2025-05-06T11:00:00Z,PM2.5,5.9,UG/M3
840090011123,2025-05-06T11:00:00Z,PM2.5,2.5,UG/M3
840090090027,2025-05-06T11:00:00Z,PM2.5,5.8,UG/M3
840090110124,2025-05-06T11:00:00Z,PM2.5,7.3,UG/M3
840340030010,2025-05-06T11:00:00Z,PM2.5,3.6,UG/M3
840340070010,2025-05-06T11:00:00Z,PM2.5,1.4,UG/M3
840340071007,2025-05-06T11:00:00Z,PM2.5,3.1,UG/M3
840340170008,2025-05-06T11:00:00Z,PM2.5,1.5,UG/M3
840340190001,2025-05-06T11:00:00Z,PM2.5,4.2,UG/M3
840340210005,2025-05-06T11:00:00Z,PM2.5,2.1,UG/M3
840340210008,2025-05-06T11:00:00Z,PM2.5,3.4,UG/M3
840340230011,2025-05-06T11:00:00Z,PM2.5,6.8,UG/M3
840340273001,2025-05-06T11:00:00Z,PM2.5,2.1,UG/M3
840340292002,2025-05-06T11:00:00Z,PM2.5,6.7,UG/M3
840340310005,2025-05-06T11:00:00Z,PM2.5,3.5,UG/M3
840340390004,2025-05-06T11:00:00Z,PM2.5,6.5,UG/M3
840340392003,2025-05-06T11:00:00Z,PM2.5,4.4,UG/M3
840340410007,2025-05-06T11:00:00Z,PM2.5,4.3,UG/M3
840360050080,2025-05-06T11:00:00Z,PM2.5,4.1,UG/M3
840360050110,2025-05-06T11:00:00Z,PM2.5,7.2,UG/M3
840360050112,2025-05-06T11:00:00Z,PM2.5,8,UG/M3
840360470052,2025-05-06T11:00:00Z,PM2.5,7.7,UG/M3
840360470118,2025-05-06T11:00:00Z,PM2.5,6.7,UG/M3
840360610115,2025-05-06T11:00:00Z,PM2.5,14.1,UG/M3
840360610135,2025-05-06T11:00:00Z,PM2.5,8.3,UG/M3
840360710002,2025-05-06T11:00:00Z,PM2.5,0,UG/M3
840360810120,2025-05-06T11:00:00Z,PM2.5,2.2,UG/M3
840360810124,2025-05-06T11:00:00Z,PM2.5,5.2,UG/M3
840360850055,2025-05-06T11:00:00Z,PM2.5,1,UG/M3
840360850111,2025-05-06T11:00:00Z,PM2.5,5,UG/M3
840360870005,2025-05-06T11:00:00Z,PM2.5,0,UG/M3
840361030009,2025-05-06T11:00:00Z,PM2.5,6,UG/M3
840361192004,2025-05-06T11:00:00Z,PM2.5,0.7,UG/M3
840421010048,2025-05-06T11:00:00Z,PM2.5,3.3,UG/M3
840421010055,2025-05-06T11:00:00Z,PM2.5,4.4,UG/M3
840421010057,2025-05-06T11:00:00Z,PM2.5,4.1,UG/M3
840421010075,2025-05-06T11:00:00Z,PM2.5,3.5,UG/M3
840999999911,2025-05-06T11:00:00Z,PM25,4.43,UG/M3
840999999913,2025-05-06T11:00:00Z,PM25,6.68,UG/M3
840999999914,2025-05-06T11:00:00Z,PM25,5.72,UG/M3
840999999915,2025-05-06T11:00:00Z,PM25,11.35,UG/M3
840999999916,2025-05-06T11:00:00Z,PM25,7.78,UG/M3
840999999918,2025-05-06T11:00:00Z,PM25,7.35,UG/M3
840999999991,2025-05-06T11:00:00Z,PM25,6.12,UG/M3
840999999992,2025-05-06T11:00:00Z,PM25,9.18,UG/M3
840999999994,2025-05-06T11:00:00Z,PM25,3.84,UG/M3
840999999995,2025-05-06T11:00:00Z,PM25,6.48,UG/M3
840999999996,2025-05-06T11:00:00Z,PM25,4.18,UG/M3
840999999997,2025-05-06T11:00:00Z,PM25,9.05,UG/M3
840999999998,2025-05-06T11:00:00Z,PM25,8.78,UG/M3
840999999999,2025-05-06T11:00:00Z,PM25,4.46,UG/M3
840090010010,2025-05-06T12:00:00Z,PM2.5,7.5,UG/M3
840090011123,2025-05-06T12:00:00Z,PM2.5,3.7,UG/M3
840090090027,2025-05-06T12:00:00Z,PM2.5,6.9,UG/M3
840090110124,2025-05-06T12:00:00Z,PM2.5,7.3,UG/M3
840340030010,2025-05-06T12:00:00Z,PM2.5,5.9,UG/M3
840340070010,2025-05-06T12:00:00Z,PM2.5,2.9,UG/M3
840340071007,2025-05-06T12:00:00Z,PM2.5,2.1,UG/M3
840340170008,2025-05-06T12:00:00Z,PM2.5,1.6,UG/M3
840340190001,2025-05-06T12:00:00Z,PM2.5,3.9,UG/M3
840340210005,2025-05-06T12:00:00Z,PM2.5,0.1,UG/M3
840340210008,2025-05-06T12:00:00Z,PM2.5,3.3,UG/M3
840340230011,2025-05-06T12:00:00Z,PM2.5,7,UG/M3
840340273001,2025-05-06T12:00:00Z,PM2.5,0.1,UG/M3
840340292002,2025-05-06T12:00:00Z,PM2.5,3.3,UG/M3
840340310005,2025-05-06T12:00:00Z,PM2.5,4.5,UG/M3
840340390004,2025-05-06T12:00:00Z,PM2.5,6.7,UG/M3
840340392003,2025-05-06T12:00:00Z,PM2.5,5,UG/M3
840340410007,2025-05-06T12:00:00Z,PM2.5,2,UG/M3
840360050080,2025-05-06T12:00:00Z,PM2.5,4.9,UG/M3
840360050110,2025-05-06T12:00:00Z,PM2.5,6.9,UG/M3
840360050112,2025-05-06T12:00:00Z,PM2.5,7.8,UG/M3
840360470052,2025-05-06T12:00:00Z,PM2.5,6.7,UG/M3
840360470118,2025-05-06T12:00:00Z,PM2.5,7.2,UG/M3
840360610115,2025-05-06T12:00:00Z,PM2.5,10.3,UG/M3
840360610135,2025-05-06T12:00:00Z,PM2.5,7.1,UG/M3
840360710002,2025-05-06T12:00:00Z,PM2.5,0,UG/M3
840360810120,2025-05-06T12:00:00Z,PM2.5,3.2,UG/M3
840360810124,2025-05-06T12:00:00Z,PM2.5,5.5,UG/M3
840360850055,2025-05-06T12:00:00Z,PM2.5,0.1,UG/M3
840360850111,2025-05-06T12:00:00Z,PM2.5,4.8,UG/M3
840360870005,2025-05-06T12:00:00Z,PM2.5,0,UG/M3
840361030009,2025-05-06T12:00:00Z,PM2.5,6.6,UG/M3
840361192004,2025-05-06T12:00:00Z,PM2.5,1.2,UG/M3
840421010048,2025-05-06T12:00:00Z,PM2.5,4.1,UG/M3
840421010055,2025-05-06T12:00:00Z,PM2.5,5.7,UG/M3
840421010057,2025-05-06T12:00:00Z,PM2.5,5.6,UG/M3
840421010075,2025-05-06T12:00:00Z,PM2.5,3.9,UG/M3
840999999911,2025-05-06T12:00:00Z,PM25,4.6,UG/M3
840999999913,2025-05-06T12:00:00Z,PM25,6.5,UG/M3
840999999914,2025-05-06T12:00:00Z,PM25,5.59,UG/M3
840999999915,2025-05-06T12:00:00Z,PM25,9.65,UG/M3
840999999916,2025-05-06T12:00:00Z,PM25,8.16,UG/M3
840999999918,2025-05-06T12:00:00Z,PM25,8.24,UG/M3
840999999991,2025-05-06T12:00:00Z,PM25,6.49,UG/M3
840999999992,2025-05-06T12:00:00Z,PM25,7.88,UG/M3
840999999994,2025-05-06T12:00:00Z,PM25,4.66,UG/M3
840999999995,2025-05-06T12:00:00Z,PM25,7.05,UG/M3
840999999996,2025-05-06T12:00:00Z,PM25,4.81,UG/M3
840999999997,2025-05-06T12:00:00Z,PM25,7.96,UG/M3
840999999998,2025-05-06T12:00:00Z,PM25,7.36,UG/M3
840999999999,2025-05-06T12:00:00Z,PM25,4.52,UG/M3
840090010010,2025-05-06T13:00:00Z,PM2.5,9.2,UG/M3
840090011123,2025-05-06T13:00:00Z,PM2.5,4.8,UG/M3
840090090027,2025-05-06T13:00:00Z,PM2.5,7.1,UG/M3
840090110124,2025-05-06T13:00:00Z,PM2.5,6.4,UG/M3
840340030010,2025-05-06T13:00:00Z,PM2.5,6.4,UG/M3
840340070010,2025-05-06T13:00:00Z,PM2.5,2.3,UG/M3
840340071007,2025-05-06T13:00:00Z,PM2.5,2.8,UG/M3
840340170008,2025-05-06T13:00:00Z,PM2.5,2.6,UG/M3
840340190001,2025-05-06T13:00:00Z,PM2.5,3.9,UG/M3
840340210005,2025-05-06T13:00:00Z,PM2.5,0.1,UG/M3
840340210008,2025-05-06T13:00:00Z,PM2.5,3.2,UG/M3
840340230011,2025-05-06T13:00:00Z,PM2.5,6.6,UG/M3
840340273001,2025-05-06T13:00:00Z,PM2.5,1.9,UG/M3
840340292002,2025-05-06T13:00:00Z,PM2.5,1.6,UG/M3
840340310005,2025-05-06T13:00:00Z,PM2.5,7.1,UG/M3
840340390004,2025-05-06T13:00:00Z,PM2.5,6.3,UG/M3
840340392003,2025-05-06T13:00:00Z,PM2.5,2.4,UG/M3
840340410007,2025-05-06T13:00:00Z,PM2.5,1.8,UG/M3
840360050080,2025-05-06T13:00:00Z,PM2.5,4.5,UG/M3
840360050110,2025-05-06T13:00:00Z,PM2.5,6.6,UG/M3
840360050112,2025-05-06T13:00:00Z,PM2.5,7.6,UG/M3
840360470052,2025-05-06T13:00:00Z,PM2.5,5.2,UG/M3
840360470118,2025-05-06T13:00:00Z,PM2.5,6.2,UG/M3
840360610115,2025-05-06T13:00:00Z,PM2.5,7.4,UG/M3
840360610135,2025-05-06T13:00:00Z,PM2.5,7,UG/M3
840360710002,2025-05-06T13:00:00Z,PM2.5,0,UG/M3
840360810120,2025-05-06T13:00:00Z,PM2.5,4.2,UG/M3
840360810124,2025-05-06T13:00:00Z,PM2.5,5.1,UG/M3
840360850055,2025-05-06T13:00:00Z,PM2.5,0,UG/M3
840360850111,2025-05-06T13:00:00Z,PM2.5,3.5,UG/M3
840360870005,2025-05-06T13:00:00Z,PM2.5,0,UG/M3
840361030009,2025-05-06T13:00:00Z,PM2.5,6.9,UG/M3
840361192004,2025-05-06T13:00:00Z,PM2.5,2.2,UG/M3
840421010048,2025-05-06T13:00:00Z,PM2.5,5.2,UG/M3
840421010055,2025-05-06T13:00:00Z,PM2.5,6.2,UG/M3
840421010057,2025-05-06T13:00:00Z,PM2.5,7.1,UG/M3
840421010075,2025-05-06T13:00:00Z,PM2.5,4.1,UG/M3
840999999911,2025-05-06T13:00:00Z,PM25,3.88,UG/M3
840999999913,2025-05-06T13:00:00Z,PM25,6.4,UG/M3
840999999914,2025-05-06T13:00:00Z,PM25,4.06,UG/M3
840999999915,2025-05-06T13:00:00Z,PM25,8.86,UG/M3
840999999916,2025-05-06T13:00:00Z,PM25,6.18,UG/M3
840999999918,2025-05-06T13:00:00Z,PM25,3.84,UG/M3
840999999991,2025-05-06T13:00:00Z,PM25,5.25,UG/M3
840999999992,2025-05-06T13:00:00Z,PM25,9.37,UG/M3
840999999994,2025-05-06T13:00:00Z,PM25,4.12,UG/M3
840999999995,2025-05-06T13:00:00Z,PM25,4.94,UG/M3
840999999996,2025-05-06T13:00:00Z,PM25,3.57,UG/M3
840999999997,2025-05-06T13:00:00Z,PM25,6.9,UG/M3
840999999998,2025-05-06T13:00:00Z,PM25,9.46,UG/M3
840999999999,2025-05-06T13:00:00Z,PM25,4.04,UG/M3
840090010010,2025-05-06T14:00:00Z,PM2.5,8.9,UG/M3
840090011123,2025-05-06T14:00:00Z,PM2.5,4.5,UG/M3
840090090027,2025-05-06T14:00:00Z,PM2.5,7.3,UG/M3
840090110124,2025-05-06T14:00:00Z,PM2.5,6.3,UG/M3
840340030010,2025-05-06T14:00:00Z,PM2.5,6.6,UG/M3
840340070010,2025-05-06T14:00:00Z,PM2.5,5.9,UG/M3
840340071007,2025-05-06T14:00:00Z,PM2.5,1.7,UG/M3
840340170008,2025-05-06T14:00:00Z,PM2.5,0,UG/M3
840340190001,2025-05-06T14:00:00Z,PM2.5,7.9,UG/M3
840340210008,2025-05-06T14:00:00Z,PM2.5,4.6,UG/M3
840340230011,2025-05-06T14:00:00Z,PM2.5,6.6,UG/M3
840340273001,2025-05-06T14:00:00Z,PM2.5,0,UG/M3
840340292002,2025-05-06T14:00:00Z,PM2.5,3.8,UG/M3
840340310005,2025-05-06T14:00:00Z,PM2.5,5.4,UG/M3
840340390004,2025-05-06T14:00:00Z,PM2.5,5.1,UG/M3
840340392003,2025-05-06T14:00:00Z,PM2.5,2.7,UG/M3
840340410007,2025-05-06T14:00:00Z,PM2.5,1.9,UG/M3
840360050080,2025-05-06T14:00:00Z,PM2.5,3.2,UG/M3
840360050110,2025-05-06T14:00:00Z,PM2.5,5.6,UG/M3
840360050112,2025-05-06T14:00:00Z,PM2.5,6.3,UG/M3
840360470052,2025-05-06T14:00:00Z,PM2.5,5.8,UG/M3
840360470118,2025-05-06T14:00:00Z,PM2.5,6.4,UG/M3
840360610115,2025-05-06T14:00:00Z,PM2.5,5.4,UG/M3
840360610135,2025-05-06T14:00:00Z,PM2.5,6.4,UG/M3
840360710002,2025-05-06T14:00:00Z,PM2.5,0.5,UG/M3
840360810120,2025-05-06T14:00:00Z,PM2.5,3.7,UG/M3
840360810124,2025-05-06T14:00:00Z,PM2.5,4.8,UG/M3
840360850055,2025-05-06T14:00:00Z,PM2.5,0.1,UG/M3
840360850111,2025-05-06T14:00:00Z,PM2.5,3.4,UG/M3
840360870005,2025-05-06T14:00:00Z,PM2.5,0,UG/M3
840361030009,2025-05-06T14:00:00Z,PM2.5,6.5,UG/M3
840361192004,2025-05-06T14:00:00Z,PM2.5,1.6,UG/M3
840421010048,2025-05-06T14:00:00Z,PM2.5,5.9,UG/M3
840421010055,2025-05-06T14:00:00Z,PM2.5,6.8,UG/M3
840421010057,2025-05-06T14:00:00Z,PM2.5,7.4,UG/M3
840421010075,2025-05-06T14:00:00Z,PM2.5,4.8,UG/M3
840999999911,2025-05-06T14:00:00Z,PM25,4.84,UG/M3
840999999913,2025-05-06T14:00:00Z,PM25,7.2,UG/M3
840999999914,2025-05-06T14:00:00Z,PM25,5.13,UG/M3
840999999915,2025-05-06T14:00:00Z,PM25,7.42,UG/M3
840999999916,2025-05-06T14:00:00Z,PM25,7.24,UG/M3
840999999918,2025-05-06T14:00:00Z,PM25,6.39,UG/M3
840999999991,2025-05-06T14:00:00Z,PM25,6.58,UG/M3
840999999992,2025-05-06T14:00:00Z,PM25,5.66,UG/M3
840999999994,2025-05-06T14:00:00Z,PM25,4.17,UG/M3
840999999995,2025-05-06T14:00:00Z,PM25,5.97,UG/M3
840999999996,2025-05-06T14:00:00Z,PM25,5.15,UG/M3
840999999997,2025-05-06T14:00:00Z,PM25,6.47,UG/M3
840999999998,2025-05-06T14:00:00Z,PM25,6.05,UG/M3
840999999999,2025-05-06T14:00:00Z,PM25,3.95,UG/M3
840090010010,2025-05-06T15:00:00Z,PM2.5,10.3,UG/M3
840090011123,2025-05-06T15:00:00Z,PM2.5,3.7,UG/M3
840090090027,2025-05-06T15:00:00Z,PM2.5,7,UG/M3
840090110124,2025-05-06T15:00:00Z,PM2.5,6.3,UG/M3
840340030010,2025-05-06T15:00:00Z,PM2.5,5.1,UG/M3
840340070010,2025-05-06T15:00:00Z,PM2.5,7.5,UG/M3
840340071007,2025-05-06T15:00:00Z,PM2.5,2,UG/M3
840340170008,2025-05-06T15:00:00Z,PM2.5,4.8,UG/M3
840340190001,2025-05-06T15:00:00Z,PM2.5,8.1,UG/M3
840340210005,2025-05-06T15:00:00Z,PM2.5,-999,UG/M3
840340210008,2025-05-06T15:00:00Z,PM2.5,4.5,UG/M3
840340230011,2025-05-06T15:00:00Z,PM2.5,18.1,UG/M3
840340273001,2025-05-06T15:00:00Z,PM2.5,0.5,UG/M3
840340292002,2025-05-06T15:00:00Z,PM2.5,0.1,UG/M3
840340310005,2025-05-06T15:00:00Z,PM2.5,5.7,UG/M3
840340390004,2025-05-06T15:00:00Z,PM2.5,5.5,UG/M3
840340392003,2025-05-06T15:00:00Z,PM2.5,5.3,UG/M3
840340410007,2025-05-06T15:00:00Z,PM2.5,3.1,UG/M3
840360050080,2025-05-06T15:00:00Z,PM2.5,3,UG/M3
840360050110,2025-05-06T15:00:00Z,PM2.5,5.5,UG/M3
840360050112,2025-05-06T15:00:00Z,PM2.5,6.1,UG/M3
840360470052,2025-05-06T15:00:00Z,PM2.5,6.9,UG/M3
840360470118,2025-05-06T15:00:00Z,PM2.5,7,UG/M3
840360610115,2025-05-06T15:00:00Z,PM2.5,5.1,UG/M3
840360610135,2025-05-06T15:00:00Z,PM2.5,6.7,UG/M3
840360710002,2025-05-06T15:00:00Z,PM2.5,0.3,UG/M3
840360810120,2025-05-06T15:00:00Z,PM2.5,3.8,UG/M3
840360810124,2025-05-06T15:00:00Z,PM2.5,4.7,UG/M3
840360850055,2025-05-06T15:00:00Z,PM2.5,0.7,UG/M3
840360850111,2025-05-06T15:00:00Z,PM2.5,4.2,UG/M3
840360870005,2025-05-06T15:00:00Z,PM2.5,0,UG/M3
840361030009,2025-05-06T15:00:00Z,PM2.5,5.7,UG/M3
840361192004,2025-05-06T15:00:00Z,PM2.5,1.1,UG/M3
840421010048,2025-05-06T15:00:00Z,PM2.5,6.3,UG/M3
840421010055,2025-05-06T15:00:00Z,PM2.5,7,UG/M3
840421010057,2025-05-06T15:00:00Z,PM2.5,7.5,UG/M3
840421010075,2025-05-06T15:00:00Z,PM2.5,5.7,UG/M3
840999999911,2025-05-06T15:00:00Z,PM25,5.27,UG/M3
840999999913,2025-05-06T15:00:00Z,PM25,8.03,UG/M3
840999999914,2025-05-06T15:00:00Z,PM25,6.35,UG/M3
840999999915,2025-05-06T15:00:00Z,PM25,8.56,UG/M3
840999999916,2025-05-06T15:00:00Z,PM25,11.12,UG/M3
840999999918,2025-05-06T15:00:00Z,PM25,8.78,UG/M3
840999999991,2025-05-06T15:00:00Z,PM25,6.75,UG/M3
840999999992,2025-05-06T15:00:00Z,PM25,7.44,UG/M3
840999999994,2025-05-06T15:00:00Z,PM25,4.31,UG/M3
840999999995,2025-05-06T15:00:00Z,PM25,8.4,UG/M3
840999999996,2025-05-06T15:00:00Z,PM25,4.93,UG/M3
840999999997,2025-05-06T15:00:00Z,PM25,6.5,UG/M3
840999999998,2025-05-06T15:00:00Z,PM25,8.48,UG/M3
840999999999,2025-05-06T15:00:00Z,PM25,4.39,UG/M3
840090010010,2025-05-06T16:00:00Z,PM2.5,8.9,UG/M3
840090011123,2025-05-06T16:00:00Z,PM2.5,2.8,UG/M3
840090090027,2025-05-06T16:00:00Z,PM2.5,6.3,UG/M3
840090110124,2025-05-06T16:00:00Z,PM2.5,6,UG/M3
840340030010,2025-05-06T16:00:00Z,PM2.5,4,UG/M3
840340070010,2025-05-06T16:00:00Z,PM2.5,3.3,UG/M3
840340071007,2025-05-06T16:00:00Z,PM2.5,4.5,UG/M3
840340170008,2025-05-06T16:00:00Z,PM2.5,3.5,UG/M3
840340190001,2025-05-06T16:00:00Z,PM2.5,7.1,UG/M3
840340210005,2025-05-06T16:00:00Z,PM2.5,1.5,UG/M3
840340210008,2025-05-06T16:00:00Z,PM2.5,9.4,UG/M3
840340230011,2025-05-06T16:00:00Z,PM2.5,10.7,UG/M3
840340273001,2025-05-06T16:00:00Z,PM2.5,1.2,UG/M3
840340292002,2025-05-06T16:00:00Z,PM2.5,5.7,UG/M3
840340310005,2025-05-06T16:00:00Z,PM2.5,5.5,UG/M3
840340390004,2025-05-06T16:00:00Z,PM2.5,6.7,UG/M3
840340392003,2025-05-06T16:00:00Z,PM2.5,3.7,UG/M3
840340410007,2025-05-06T16:00:00Z,PM2.5,2.7,UG/M3
840360050080,2025-05-06T16:00:00Z,PM2.5,2.6,UG/M3
840360050110,2025-05-06T16:00:00Z,PM2.5,5.6,UG/M3
840360050112,2025-05-06T16:00:00Z,PM2.5,6.2,UG/M3
840360470052,2025-05-06T16:00:00Z,PM2.5,8.3,UG/M3
840360470118,2025-05-06T16:00:00Z,PM2.5,7.6,UG/M3
840360610115,2025-05-06T16:00:00Z,PM2.5,3.8,UG/M3
840360610135,2025-05-06T16:00:00Z,PM2.5,7.1,UG/M3
840360710002,2025-05-06T16:00:00Z,PM2.5,0.2,UG/M3
840360810120,2025-05-06T16:00:00Z,PM2.5,2.5,UG/M3
840360810124,2025-05-06T16:00:00Z,PM2.5,4.9,UG/M3
840360850055,2025-05-06T16:00:00Z,PM2.5,1.3,UG/M3
840360850111,2025-05-06T16:00:00Z,PM2.5,5.2,UG/M3
840360870005,2025-05-06T16:00:00Z,PM2.5,0,UG/M3
840361030009,2025-05-06T16:00:00Z,PM2.5,5,UG/M3
840361192004,2025-05-06T16:00:00Z,PM2.5,0.2,UG/M3
840421010048,2025-05-06T16:00:00Z,PM2.5,6.3,UG/M3
840421010055,2025-05-06T16:00:00Z,PM2.5,7.1,UG/M3
840421010057,2025-05-06T16:00:00Z,PM2.5,8.2,UG/M3
840421010075,2025-05-06T16:00:00Z,PM2.5,5.7,UG/M3
840999999911,2025-05-06T16:00:00Z,PM25,5.76,UG/M3
840999999913,2025-05-06T16:00:00Z,PM25,7.94,UG/M3
840999999914,2025-05-06T16:00:00Z,PM25,7.36,UG/M3
840999999915,2025-05-06T16:00:00Z,PM25,9.18,UG/M3
840999999916,2025-05-06T16:00:00Z,PM25,10.48,UG/M3
840999999918,2025-05-06T16:00:00Z,PM25,8.2,UG/M3
840999999991,2025-05-06T16:00:00Z,PM25,8.25,UG/M3
840999999992,2025-05-06T16:00:00Z,PM25,6.56,UG/M3
840999999994,2025-05-06T16:00:00Z,PM25,4.44,UG/M3
840999999995,2025-05-06T16:00:00Z,PM25,8.49,UG/M3
840999999996,2025-05-06T16:00:00Z,PM25,5.76,UG/M3
840999999997,2025-05-06T16:00:00Z,PM25,6.7,UG/M3
840999999998,2025-05-06T16:00:00Z,PM25,8.56,UG/M3
840999999999,2025-05-06T16:00:00Z,PM25,4.77,UG/M3
840090010010,2025-05-06T17:00:00Z,PM2.5,7.4,UG/M3
840090011123,2025-05-06T17:00:00Z,PM2.5,2.6,UG/M3
840090090027,2025-05-06T17:00:00Z,PM2.5,6,UG/M3
840090110124,2025-05-06T17:00:00Z,PM2.5,5.9,UG/M3
840340030010,2025-05-06T17:00:00Z,PM2.5,4.3,UG/M3
840340070010,2025-05-06T17:00:00Z,PM2.5,4.1,UG/M3
840340071007,2025-05-06T17:00:00Z,PM2.5,6.2,UG/M3
840340170008,2025-05-06T17:00:00Z,PM2.5,7.1,UG/M3
840340190001,2025-05-06T17:00:00Z,PM2.5,6.4,UG/M3
840340210005,2025-05-06T17:00:00Z,PM2.5,4,UG/M3
840340210008,2025-05-06T17:00:00Z,PM2.5,9.5,UG/M3
840340230011,2025-05-06T17:00:00Z,PM2.5,9.8,UG/M3
840340273001,2025-05-06T17:00:00Z,PM2.5,3.1,UG/M3
840340292002,2025-05-06T17:00:00Z,PM2.5,3.8,UG/M3
840340310005,2025-05-06T17:00:00Z,PM2.5,5.5,UG/M3
840340390004,2025-05-06T17:00:00Z,PM2.5,7.3,UG/M3
840340392003,2025-05-06T17:00:00Z,PM2.5,7.2,UG/M3
840340410007,2025-05-06T17:00:00Z,PM2.5,2.5,UG/M3
840360050080,2025-05-06T17:00:00Z,PM2.5,3.5,UG/M3
840360050110,2025-05-06T17:00:00Z,PM2.5,5.7,UG/M3
840360050112,2025-05-06T17:00:00Z,PM2.5,6.2,UG/M3
840360470052,2025-05-06T17:00:00Z,PM2.5,8.5,UG/M3
840360470118,2025-05-06T17:00:00Z,PM2.5,7.4,UG/M3
840360610115,2025-05-06T17:00:00Z,PM2.5,4.7,UG/M3
840360610135,2025-05-06T17:00:00Z,PM2.5,7,UG/M3
840360710002,2025-05-06T17:00:00Z,PM2.5,0,UG/M3
840360810120,2025-05-06T17:00:00Z,PM2.5,3.3,UG/M3
840360810124,2025-05-06T17:00:00Z,PM2.5,5.4,UG/M3
840360850055,2025-05-06T17:00:00Z,PM2.5,1.8,UG/M3
840360850111,2025-05-06T17:00:00Z,PM2.5,5.5,UG/M3
840360870005,2025-05-06T17:00:00Z,PM2.5,0,UG/M3
840361030009,2025-05-06T17:00:00Z,PM2.5,4.4,UG/M3
840361192004,2025-05-06T17:00:00Z,PM2.5,1,UG/M3
840421010048,2025-05-06T17:00:00Z,PM2.5,7.1,UG/M3
840421010055,2025-05-06T17:00:00Z,PM2.5,7.7,UG/M3
840421010057,2025-05-06T17:00:00Z,PM2.5,9.2,UG/M3
840421010075,2025-05-06T17:00:00Z,PM2.5,6.7,UG/M3
840999999911,2025-05-06T17:00:00Z,PM25,5.17,UG/M3
840999999913,2025-05-06T17:00:00Z,PM25,7.24,UG/M3
840999999914,2025-05-06T17:00:00Z,PM25,6.98,UG/M3
840999999915,2025-05-06T17:00:00Z,PM25,10.45,UG/M3
840999999916,2025-05-06T17:00:00Z,PM25,10.89,UG/M3
840999999918,2025-05-06T17:00:00Z,PM25,6.68,UG/M3
840999999991,2025-05-06T17:00:00Z,PM25,6.65,UG/M3
840999999992,2025-05-06T17:00:00Z,PM25,6.07,UG/M3
840999999994,2025-05-06T17:00:00Z,PM25,4.49,UG/M3
840999999995,2025-05-06T17:00:00Z,PM25,9.03,UG/M3
840999999996,2025-05-06T17:00:00Z,PM25,5.86,UG/M3
840999999997,2025-05-06T17:00:00Z,PM25,6.54,UG/M3
840999999998,2025-05-06T17:00:00Z,PM25,8.49,UG/M3
840999999999,2025-05-06T17:00:00Z,PM25,4.71,UG/M3
840090010010,2025-05-06T18:00:00Z,PM2.5,6.9,UG/M3
840090011123,2025-05-06T18:00:00Z,PM2.5,3.4,UG/M3
840090090027,2025-05-06T18:00:00Z,PM2.5,4.5,UG/M3
840090110124,2025-05-06T18:00:00Z,PM2.5,5.2,UG/M3
840340030010,2025-05-06T18:00:00Z,PM2.5,8.9,UG/M3
840340070010,2025-05-06T18:00:00Z,PM2.5,5,UG/M3
840340071007,2025-05-06T18:00:00Z,PM2.5,6.6,UG/M3
840340170008,2025-05-06T18:00:00Z,PM2.5,5,UG/M3
840340190001,2025-05-06T18:00:00Z,PM2.5,6.4,UG/M3
840340210005,2025-05-06T18:00:00Z,PM2.5,6.2,UG/M3
840340210008,2025-05-06T18:00:00Z,PM2.5,9,UG/M3
840340230011,2025-05-06T18:00:00Z,PM2.5,11.1,UG/M3
840340273001,2025-05-06T18:00:00Z,PM2.5,7.5,UG/M3
840340292002,2025-05-06T18:00:00Z,PM2.5,2.7,UG/M3
840340390004,2025-05-06T18:00:00Z,PM2.5,7.3,UG/M3
840340392003,2025-05-06T18:00:00Z,PM2.5,7.6,UG/M3
840340410007,2025-05-06T18:00:00Z,PM2.5,2.8,UG/M3
840360050080,2025-05-06T18:00:00Z,PM2.5,2.6,UG/M3
840360050110,2025-05-06T18:00:00Z,PM2.5,5.6,UG/M3
840360050112,2025-05-06T18:00:00Z,PM2.5,6.1,UG/M3
840360470052,2025-05-06T18:00:00Z,PM2.5,8.5,UG/M3
840360470118,2025-05-06T18:00:00Z,PM2.5,7.3,UG/M3
840360610115,2025-05-06T18:00:00Z,PM2.5,3.2,UG/M3
840360610135,2025-05-06T18:00:00Z,PM2.5,6.6,UG/M3
840360710002,2025-05-06T18:00:00Z,PM2.5,0.3,UG/M3
840360810120,2025-05-06T18:00:00Z,PM2.5,1.7,UG/M3
840360810124,2025-05-06T18:00:00Z,PM2.5,5.4,UG/M3
840360850055,2025-05-06T18:00:00Z,PM2.5,0.9,UG/M3
840360850111,2025-05-06T18:00:00Z,PM2.5,5.5,UG/M3
840360870005,2025-05-06T18:00:00Z,PM2.5,0.2,UG/M3
840361030009,2025-05-06T18:00:00Z,PM2.5,4.7,UG/M3
840361192004,2025-05-06T18:00:00Z,PM2.5,0.9,UG/M3
840421010048,2025-05-06T18:00:00Z,PM2.5,7.9,UG/M3
840421010055,2025-05-06T18:00:00Z,PM2.5,7.9,UG/M3
840421010057,2025-05-06T18:00:00Z,PM2.5,9.5,UG/M3
840421010075,2025-05-06T18:00:00Z,PM2.5,7.4,UG/M3
840999999911,2025-05-06T18:00:00Z,PM25,5.64,UG/M3
840999999913,2025-05-06T18:00:00Z,PM25,6.2,UG/M3
840999999914,2025-05-06T18:00:00Z,PM25,6.07,UG/M3
840999999915,2025-05-06T18:00:00Z,PM25,8.64,UG/M3
840999999916,2025-05-06T18:00:00Z,PM25,7.01,UG/M3
840999999918,2025-05-06T18:00:00Z,PM25,5.04,UG/M3
840999999991,2025-05-06T18:00:00Z,PM25,5.46,UG/M3
840999999992,2025-05-06T18:00:00Z,PM25,5.62,UG/M3
840999999994,2025-05-06T18:00:00Z,PM25,4.12,UG/M3
840999999995,2025-05-06T18:00:00Z,PM25,7.56,UG/M3
840999999996,2025-05-06T18:00:00Z,PM25,5.22,UG/M3
840999999997,2025-05-06T18:00:00Z,PM25,5.16,UG/M3
840999999998,2025-05-06T18:00:00Z,PM25,6.85,UG/M3
840999999999,2025-05-06T18:00:00Z,PM25,4.42,UG/M3
840090010010,2025-05-06T19:00:00Z,PM2.5,6.2,UG/M3
840090011123,2025-05-06T19:00:00Z,PM2.5,3.6,UG/M3
840090090027,2025-05-06T19:00:00Z,PM2.5,4,UG/M3
840090110124,2025-05-06T19:00:00Z,PM2.5,3.9,UG/M3
840340030010,2025-05-06T19:00:00Z,PM2.5,8.4,UG/M3
840340070010,2025-05-06T19:00:00Z,PM2.5,5.5,UG/M3
840340071007,2025-05-06T19:00:00Z,PM2.5,7.3,UG/M3
840340170008,2025-05-06T19:00:00Z,PM2.5,6.2,UG/M3
840340190001,2025-05-06T19:00:00Z,PM2.5,6.5,UG/M3
840340210005,2025-05-06T19:00:00Z,PM2.5,7,UG/M3
840340210008,2025-05-06T19:00:00Z,PM2.5,8.7,UG/M3
840340230011,2025-05-06T19:00:00Z,PM2.5,8.3,UG/M3
840340273001,2025-05-06T19:00:00Z,PM2.5,8.2,UG/M3
840340292002,2025-05-06T19:00:00Z,PM2.5,5.3,UG/M3
840340310005,2025-05-06T19:00:00Z,PM2.5,-999,UG/M3
840340390004,2025-05-06T19:00:00Z,PM2.5,8.5,UG/M3
840340392003,2025-05-06T19:00:00Z,PM2.5,8.8,UG/M3
840340410007,2025-05-06T19:00:00Z,PM2.5,7.1,UG/M3
840360050080,2025-05-06T19:00:00Z,PM2.5,2.2,UG/M3
840360050110,2025-05-06T19:00:00Z,PM2.5,5.9,UG/M3
840360050112,2025-05-06T19:00:00Z,PM2.5,6.6,UG/M3
840360470052,2025-05-06T19:00:00Z,PM2.5,10.9,UG/M3
840360470118,2025-05-06T19:00:00Z,PM2.5,9.1,UG/M3
840360610115,2025-05-06T19:00:00Z,PM2.5,2.3,UG/M3
840360610135,2025-05-06T19:00:00Z,PM2.5,6.7,UG/M3
840360710002,2025-05-06T19:00:00Z,PM2.5,0,UG/M3
840360810120,2025-05-06T19:00:00Z,PM2.5,1.8,UG/M3
840360810124,2025-05-06T19:00:00Z,PM2.5,6,UG/M3
840360850055,2025-05-06T19:00:00Z,PM2.5,1.4,UG/M3
840360850111,2025-05-06T19:00:00Z,PM2.5,6.8,UG/M3
840360870005,2025-05-06T19:00:00Z,PM2.5,0,UG/M3
840361030009,2025-05-06T19:00:00Z,PM2.5,5.1,UG/M3
840361192004,2025-05-06T19:00:00Z,PM2.5,0.1,UG/M3
840421010048,2025-05-06T19:00:00Z,PM2.5,7.8,UG/M3
840421010055,2025-05-06T19:00:00Z,PM2.5,7.1,UG/M3
840421010057,2025-05-06T19:00:00Z,PM2.5,8.6,UG/M3
840421010075,2025-05-06T19:00:00Z,PM2.5,7.5,UG/M3
840999999911,2025-05-06T19:00:00Z,PM25,5.89,UG/M3
840999999913,2025-05-06T19:00:00Z,PM25,6.94,UG/M3
840999999914,2025-05-06T19:00:00Z,PM25,6.87,UG/M3
840999999915,2025-05-06T19:00:00Z,PM25,8.22,UG/M3
840999999916,2025-05-06T19:00:00Z,PM25,7.46,UG/M3
840999999918,2025-05-06T19:00:00Z,PM25,7.09,UG/M3
840999999991,2025-05-06T19:00:00Z,PM25,6.4,UG/M3
840999999992,2025-05-06T19:00:00Z,PM25,5.23,UG/M3
840999999994,2025-05-06T19:00:00Z,PM25,5.17,UG/M3
840999999995,2025-05-06T19:00:00Z,PM25,8.46,UG/M3
840999999996,2025-05-06T19:00:00Z,PM25,6.54,UG/M3
840999999997,2025-05-06T19:00:00Z,PM25,5.8,UG/M3
840999999998,2025-05-06T19:00:00Z,PM25,7.6,UG/M3
840999999999,2025-05-06T19:00:00Z,PM25,5.71,UG/M3
840090010010,2025-05-06T20:00:00Z,PM2.5,5.6,UG/M3
840090011123,2025-05-06T20:00:00Z,PM2.5,3.7,UG/M3
840090090027,2025-05-06T20:00:00Z,PM2.5,3.8,UG/M3
840090110124,2025-05-06T20:00:00Z,PM2.5,3.3,UG/M3
840340030010,2025-05-06T20:00:00Z,PM2.5,7.9,UG/M3
840340070010,2025-05-06T20:00:00Z,PM2.5,5.9,UG/M3
840340071007,2025-05-06T20:00:00Z,PM2.5,6.9,UG/M3
840340170008,2025-05-06T20:00:00Z,PM2.5,5.7,UG/M3
840340190001,2025-05-06T20:00:00Z,PM2.5,6.8,UG/M3
840340210005,2025-05-06T20:00:00Z,PM2.5,8.8,UG/M3
840340210008,2025-05-06T20:00:00Z,PM2.5,6.9,UG/M3
840340230011,2025-05-06T20:00:00Z,PM2.5,5.4,UG/M3
840340273001,2025-05-06T20:00:00Z,PM2.5,9.6,UG/M3
840340292002,2025-05-06T20:00:00Z,PM2.5,1.6,UG/M3
840340310005,2025-05-06T20:00:00Z,PM2.5,8.6,UG/M3
840340390004,2025-05-06T20:00:00Z,PM2.5,9.6,UG/M3
840340392003,2025-05-06T20:00:00Z,PM2.5,6.4,UG/M3
840340410007,2025-05-06T20:00:00Z,PM2.5,8.8,UG/M3
840360050080,2025-05-06T20:00:00Z,PM2.5,3.2,UG/M3
840360050110,2025-05-06T20:00:00Z,PM2.5,6.4,UG/M3
840360050112,2025-05-06T20:00:00Z,PM2.5,7.2,UG/M3
840360470052,2025-05-06T20:00:00Z,PM2.5,11.8,UG/M3
840360470118,2025-05-06T20:00:00Z,PM2.5,10.9,UG/M3
840360610115,2025-05-06T20:00:00Z,PM2.5,2.6,UG/M3
840360610135,2025-05-06T20:00:00Z,PM2.5,7.6,UG/M3
840360710002,2025-05-06T20:00:00Z,PM2.5,0.1,UG/M3
840360810120,2025-05-06T20:00:00Z,PM2.5,3.2,UG/M3
840360810124,2025-05-06T20:00:00Z,PM2.5,7.6,UG/M3
840360850055,2025-05-06T20:00:00Z,PM2.5,2.1,UG/M3
840360850111,2025-05-06T20:00:00Z,PM2.5,7.4,UG/M3
840360870005,2025-05-06T20:00:00Z,PM2.5,0.3,UG/M3
840361030009,2025-05-06T20:00:00Z,PM2.5,5,UG/M3
840361192004,2025-05-06T20:00:00Z,PM2.5,0.9,UG/M3
840421010048,2025-05-06T20:00:00Z,PM2.5,7.2,UG/M3
840421010055,2025-05-06T20:00:00Z,PM2.5,6.8,UG/M3
840421010057,2025-05-06T20:00:00Z,PM2.5,7.8,UG/M3
840421010075,2025-05-06T20:00:00Z,PM2.5,6.9,UG/M3
840999999911,2025-05-06T20:00:00Z,PM25,6.55,UG/M3
840999999913,2025-05-06T20:00:00Z,PM25,7.71,UG/M3
840999999914,2025-05-06T20:00:00Z,PM25,6.54,UG/M3
840999999915,2025-05-06T20:00:00Z,PM25,8.37,UG/M3
840999999916,2025-05-06T20:00:00Z,PM25,9.24,UG/M3
840999999918,2025-05-06T20:00:00Z,PM25,7.27,UG/M3
840999999991,2025-05-06T20:00:00Z,PM25,7.33,UG/M3
840999999992,2025-05-06T20:00:00Z,PM25,7.42,UG/M3
840999999994,2025-05-06T20:00:00Z,PM25,6.26,UG/M3
840999999995,2025-05-06T20:00:00Z,PM25,8.33,UG/M3
840999999996,2025-05-06T20:00:00Z,PM25,6.32,UG/M3
840999999997,2025-05-06T20:00:00Z,PM25,6.64,UG/M3
840999999998,2025-05-06T20:00:00Z,PM25,7.11,UG/M3
840999999999,2025-05-06T20:00:00Z,PM25,7.43,UG/M3
840090010010,2025-05-06T21:00:00Z,PM2.5,5.4,UG/M3
840090011123,2025-05-06T21:00:00Z,PM2.5,4.2,UG/M3
840090090027,2025-05-06T21:00:00Z,PM2.5,3.5,UG/M3
840090110124,2025-05-06T21:00:00Z,PM2.5,2.9,UG/M3
840340030010,2025-05-06T21:00:00Z,PM2.5,8.4,UG/M3
840340070010,2025-05-06T21:00:00Z,PM2.5,4.8,UG/M3
840340071007,2025-05-06T21:00:00Z,PM2.5,7.1,UG/M3
840340170008,2025-05-06T21:00:00Z,PM2.5,3.6,UG/M3
840340190001,2025-05-06T21:00:00Z,PM2.5,6.8,UG/M3
840340210005,2025-05-06T21:00:00Z,PM2.5,8.8,UG/M3
840340210008,2025-05-06T21:00:00Z,PM2.5,4.4,UG/M3
840340230011,2025-05-06T21:00:00Z,PM2.5,6.4,UG/M3
840340273001,2025-05-06T21:00:00Z,PM2.5,10.2,UG/M3
840340292002,2025-05-06T21:00:00Z,PM2.5,9.6,UG/M3
840340310005,2025-05-06T21:00:00Z,PM2.5,6.1,UG/M3
840340390004,2025-05-06T21:00:00Z,PM2.5,9,UG/M3
840340392003,2025-05-06T21:00:00Z,PM2.5,4.9,UG/M3
840340410007,2025-05-06T21:00:00Z,PM2.5,9.6,UG/M3
840360050080,2025-05-06T21:00:00Z,PM2.5,2.8,UG/M3
840360050110,2025-05-06T21:00:00Z,PM2.5,6.3,UG/M3
840360050112,2025-05-06T21:00:00Z,PM2.5,7,UG/M3
840360470052,2025-05-06T21:00:00Z,PM2.5,10,UG/M3
840360470118,2025-05-06T21:00:00Z,PM2.5,10,UG/M3
840360610115,2025-05-06T21:00:00Z,PM2.5,2.8,UG/M3
840360610135,2025-05-06T21:00:00Z,PM2.5,8,UG/M3
840360710002,2025-05-06T21:00:00Z,PM2.5,1.1,UG/M3
840360810120,2025-05-06T21:00:00Z,PM2.5,3.3,UG/M3
840360810124,2025-05-06T21:00:00Z,PM2.5,6.9,UG/M3
840360850055,2025-05-06T21:00:00Z,PM2.5,1.3,UG/M3
840360850111,2025-05-06T21:00:00Z,PM2.5,6.4,UG/M3
840360870005,2025-05-06T21:00:00Z,PM2.5,1.1,UG/M3
840361030009,2025-05-06T21:00:00Z,PM2.5,4.5,UG/M3
840361192004,2025-05-06T21:00:00Z,PM2.5,1.2,UG/M3
840421010048,2025-05-06T21:00:00Z,PM2.5,6.7,UG/M3
840421010055,2025-05-06T21:00:00Z,PM2.5,6.3,UG/M3
840421010057,2025-05-06T21:00:00Z,PM2.5,7,UG/M3
840421010075,2025-05-06T21:00:00Z,PM2.5,6.8,UG/M3
840999999911,2025-05-06T21:00:00Z,PM25,5.89,UG/M3
840999999913,2025-05-06T21:00:00Z,PM25,6.89,UG/M3
840999999914,2025-05-06T21:00:00Z,PM25,5.79,UG/M3
840999999915,2025-05-06T21:00:00Z,PM25,7.53,UG/M3
840999999916,2025-05-06T21:00:00Z,PM25,10.6,UG/M3
840999999918,2025-05-06T21:00:00Z,PM25,6.97,UG/M3
840999999991,2025-05-06T21:00:00Z,PM25,7.45,UG/M3
840999999992,2025-05-06T21:00:00Z,PM25,7.24,UG/M3
840999999994,2025-05-06T21:00:00Z,PM25,5.35,UG/M3
840999999995,2025-05-06T21:00:00Z,PM25,8.85,UG/M3
840999999996,2025-05-06T21:00:00Z,PM25,5.14,UG/M3
840999999997,2025-05-06T21:00:00Z,PM25,6.82,UG/M3
840999999998,2025-05-06T21:00:00Z,PM25,7.19,UG/M3
840999999999,2025-05-06T21:00:00Z,PM25,6.51,UG/M3
840090010010,2025-05-06T22:00:00Z,PM2.5,5.2,UG/M3
840090011123,2025-05-06T22:00:00Z,PM2.5,4.6,UG/M3
840090090027,2025-05-06T22:00:00Z,PM2.5,3.6,UG/M3
840090110124,2025-05-06T22:00:00Z,PM2.5,2.6,UG/M3
840340030010,2025-05-06T22:00:00Z,PM2.5,7.4,UG/M3
840340070010,2025-05-06T22:00:00Z,PM2.5,8.1,UG/M3
840340071007,2025-05-06T22:00:00Z,PM2.5,4,UG/M3
840340170008,2025-05-06T22:00:00Z,PM2.5,5.5,UG/M3
840340190001,2025-05-06T22:00:00Z,PM2.5,4.3,UG/M3
840340210005,2025-05-06T22:00:00Z,PM2.5,12.1,UG/M3
840340210008,2025-05-06T22:00:00Z,PM2.5,5.8,UG/M3
840340230011,2025-05-06T22:00:00Z,PM2.5,7.1,UG/M3
840340273001,2025-05-06T22:00:00Z,PM2.5,9.5,UG/M3
840340292002,2025-05-06T22:00:00Z,PM2.5,6.4,UG/M3
840340310005,2025-05-06T22:00:00Z,PM2.5,7.2,UG/M3
840340390004,2025-05-06T22:00:00Z,PM2.5,7.3,UG/M3
840340392003,2025-05-06T22:00:00Z,PM2.5,4.3,UG/M3
840340410007,2025-05-06T22:00:00Z,PM2.5,8.5,UG/M3
840360050080,2025-05-06T22:00:00Z,PM2.5,3.6,UG/M3
840360050110,2025-05-06T22:00:00Z,PM2.5,6.5,UG/M3
840360050112,2025-05-06T22:00:00Z,PM2.5,7.2,UG/M3
840360470052,2025-05-06T22:00:00Z,PM2.5,10.1,UG/M3
840360470118,2025-05-06T22:00:00Z,PM2.5,9.3,UG/M3
840360610115,2025-05-06T22:00:00Z,PM2.5,3.8,UG/M3
840360610135,2025-05-06T22:00:00Z,PM2.5,7.9,UG/M3
840360710002,2025-05-06T22:00:00Z,PM2.5,2.2,UG/M3
840360810120,2025-05-06T22:00:00Z,PM2.5,3,UG/M3
840360810124,2025-05-06T22:00:00Z,PM2.5,6.6,UG/M3
840360850055,2025-05-06T22:00:00Z,PM2.5,2.1,UG/M3
840360850111,2025-05-06T22:00:00Z,PM2.5,6.1,UG/M3
840360870005,2025-05-06T22:00:00Z,PM2.5,2.2,UG/M3
840361030009,2025-05-06T22:00:00Z,PM2.5,5.2,UG/M3
840361192004,2025-05-06T22:00:00Z,PM2.5,2.1,UG/M3
840421010048,2025-05-06T22:00:00Z,PM2.5,5.9,UG/M3
840421010055,2025-05-06T22:00:00Z,PM2.5,5.6,UG/M3
840421010057,2025-05-06T22:00:00Z,PM2.5,6.3,UG/M3
840421010075,2025-05-06T22:00:00Z,PM2.5,6.1,UG/M3
840999999911,2025-05-06T22:00:00Z,PM25,6.98,UG/M3
840999999913,2025-05-06T22:00:00Z,PM25,8.02,UG/M3
840999999914,2025-05-06T22:00:00Z,PM25,6.9,UG/M3
840999999915,2025-05-06T22:00:00Z,PM25,10.32,UG/M3
840999999916,2025-05-06T22:00:00Z,PM25,12.39,UG/M3
840999999918,2025-05-06T22:00:00Z,PM25,8.86,UG/M3
840999999991,2025-05-06T22:00:00Z,PM25,8.66,UG/M3
840999999992,2025-05-06T22:00:00Z,PM25,8.42,UG/M3
840999999994,2025-05-06T22:00:00Z,PM25,6.12,UG/M3
840999999995,2025-05-06T22:00:00Z,PM25,10.02,UG/M3
840999999996,2025-05-06T22:00:00Z,PM25,6.33,UG/M3
840999999997,2025-05-06T22:00:00Z,PM25,7.65,UG/M3
840999999998,2025-05-06T22:00:00Z,PM25,9.19,UG/M3
840999999999,2025-05-06T22:00:00Z,PM25,6.43,UG/M3
840090010010,2025-05-06T23:00:00Z,PM2.5,5.5,UG/M3
840090011123,2025-05-06T23:00:00Z,PM2.5,4.6,UG/M3
840090090027,2025-05-06T23:00:00Z,PM2.5,3.8,UG/M3
840090110124,2025-05-06T23:00:00Z,PM2.5,3.5,UG/M3
840340030010,2025-05-06T23:00:00Z,PM2.5,7.1,UG/M3
840340070010,2025-05-06T23:00:00Z,PM2.5,9.2,UG/M3
840340071007,2025-05-06T23:00:00Z,PM2.5,1.4,UG/M3
840340170008,2025-05-06T23:00:00Z,PM2.5,7.7,UG/M3
840340190001,2025-05-06T23:00:00Z,PM2.5,4.7,UG/M3
840340210005,2025-05-06T23:00:00Z,PM2.5,11.9,UG/M3
840340210008,2025-05-06T23:00:00Z,PM2.5,2.8,UG/M3
840340230011,2025-05-06T23:00:00Z,PM2.5,6.7,UG/M3
840340273001,2025-05-06T23:00:00Z,PM2.5,8.6,UG/M3
840340292002,2025-05-06T23:00:00Z,PM2.5,5.9,UG/M3
840340310005,2025-05-06T23:00:00Z,PM2.5,8.4,UG/M3
840340390004,2025-05-06T23:00:00Z,PM2.5,6.9,UG/M3
840340392003,2025-05-06T23:00:00Z,PM2.5,6.2,UG/M3
840340410007,2025-05-06T23:00:00Z,PM2.5,6.7,UG/M3
840360050080,2025-05-06T23:00:00Z,PM2.5,4.8,UG/M3
840360050110,2025-05-06T23:00:00Z,PM2.5,7.1,UG/M3
840360050112,2025-05-06T23:00:00Z,PM2.5,8.8,UG/M3
840360470052,2025-05-06T23:00:00Z,PM2.5,9.9,UG/M3
840360470118,2025-05-06T23:00:00Z,PM2.5,8.7,UG/M3
840360610115,2025-05-06T23:00:00Z,PM2.5,5.2,UG/M3
840360610135,2025-05-06T23:00:00Z,PM2.5,8,UG/M3
840360710002,2025-05-06T23:00:00Z,PM2.5,3.7,UG/M3
840360810120,2025-05-06T23:00:00Z,PM2.5,2.7,UG/M3
840360810124,2025-05-06T23:00:00Z,PM2.5,7.1,UG/M3
840360850055,2025-05-06T23:00:00Z,PM2.5,4.1,UG/M3
840360850111,2025-05-06T23:00:00Z,PM2.5,7.5,UG/M3
840360870005,2025-05-06T23:00:00Z,PM2.5,3,UG/M3
840361030009,2025-05-06T23:00:00Z,PM2.5,6.3,UG/M3
840361192004,2025-05-06T23:00:00Z,PM2.5,3,UG/M3
840421010048,2025-05-06T23:00:00Z,PM2.5,4.8,UG/M3
840421010055,2025-05-06T23:00:00Z,PM2.5,4.8,UG/M3
840421010057,2025-05-06T23:00:00Z,PM2.5,5.4,UG/M3
840421010075,2025-05-06T23:00:00Z,PM2.5,5.4,UG/M3
840999999911,2025-05-06T23:00:00Z,PM25,7.37,UG/M3
840999999913,2025-05-06T23:00:00Z,PM25,9.6,UG/M3
840999999914,2025-05-06T23:00:00Z,PM25,8.4,UG/M3
840999999915,2025-05-06T23:00:00Z,PM25,13.44,UG/M3
840999999916,2025-05-06T23:00:00Z,PM25,17.57,UG/M3
840999999918,2025-05-06T23:00:00Z,PM25,11.46,UG/M3
840999999991,2025-05-06T23:00:00Z,PM25,10.54,UG/M3
840999999992,2025-05-06T23:00:00Z,PM25,10.91,UG/M3
840999999994,2025-05-06T23:00:00Z,PM25,7.17,UG/M3
840999999995,2025-05-06T23:00:00Z,PM25,12.49,UG/M3
840999999996,2025-05-06T23:00:00Z,PM25,7.36,UG/M3
840999999997,2025-05-06T23:00:00Z,PM25,7.4,UG/M3
840999999998,2025-05-06T23:00:00Z,PM25,12.16,UG/M3
840999999999,2025-05-06T23:00:00Z,PM25,7.17,UG/M3
840090010010,2025-05-07T00:00:00Z,PM2.5,6.9,UG/M3
840090011123,2025-05-07T00:00:00Z,PM2.5,4.5,UG/M3
840090090027,2025-05-07T00:00:00Z,PM2.5,5.4,UG/M3
840090110124,2025-05-07T00:00:00Z,PM2.5,4.6,UG/M3
840340030010,2025-05-07T00:00:00Z,PM2.5,7.6,UG/M3
840340070010,2025-05-07T00:00:00Z,PM2.5,7.5,UG/M3
840340071007,2025-05-07T00:00:00Z,PM2.5,0.4,UG/M3
840340170008,2025-05-07T00:00:00Z,PM2.5,8.1,UG/M3
840340190001,2025-05-07T00:00:00Z,PM2.5,4.6,UG/M3
840340210005,2025-05-07T00:00:00Z,PM2.5,10.9,UG/M3
840340210008,2025-05-07T00:00:00Z,PM2.5,2.2,UG/M3
840340230011,2025-05-07T00:00:00Z,PM2.5,6,UG/M3
840340273001,2025-05-07T00:00:00Z,PM2.5,4.8,UG/M3
840340292002,2025-05-07T00:00:00Z,PM2.5,4.7,UG/M3
840340310005,2025-05-07T00:00:00Z,PM2.5,8.7,UG/M3
840340390004,2025-05-07T00:00:00Z,PM2.5,7.5,UG/M3
840340392003,2025-05-07T00:00:00Z,PM2.5,5.4,UG/M3
840340410007,2025-05-07T00:00:00Z,PM2.5,4.7,UG/M3
840360050080,2025-05-07T00:00:00Z,PM2.5,6,UG/M3
840360050110,2025-05-07T00:00:00Z,PM2.5,7.2,UG/M3
840360050112,2025-05-07T00:00:00Z,PM2.5,9.1,UG/M3
840360470052,2025-05-07T00:00:00Z,PM2.5,9.8,UG/M3
840360470118,2025-05-07T00:00:00Z,PM2.5,10.1,UG/M3
840360610115,2025-05-07T00:00:00Z,PM2.5,7.7,UG/M3
840360610135,2025-05-07T00:00:00Z,PM2.5,9,UG/M3
840360710002,2025-05-07T00:00:00Z,PM2.5,4.5,UG/M3
840360810120,2025-05-07T00:00:00Z,PM2.5,5.4,UG/M3
840360810124,2025-05-07T00:00:00Z,PM2.5,7.8,UG/M3
840360850055,2025-05-07T00:00:00Z,PM2.5,5.5,UG/M3
840360850111,2025-05-07T00:00:00Z,PM2.5,7.6,UG/M3
840360870005,2025-05-07T00:00:00Z,PM2.5,4.4,UG/M3
840361030009,2025-05-07T00:00:00Z,PM2.5,7.2,UG/M3
840361192004,2025-05-07T00:00:00Z,PM2.5,3.4,UG/M3
840421010048,2025-05-07T00:00:00Z,PM2.5,4.3,UG/M3
840421010055,2025-05-07T00:00:00Z,PM2.5,4.5,UG/M3
840421010057,2025-05-07T00:00:00Z,PM2.5,4.9,UG/M3
840421010075,2025-05-07T00:00:00Z,PM2.5,4.9,UG/M3
840999999911,2025-05-07T00:00:00Z,PM25,7.87,UG/M3
840999999913,2025-05-07T00:00:00Z,PM25,9.28,UG/M3
840999999914,2025-05-07T00:00:00Z,PM25,8.87,UG/M3
840999999915,2025-05-07T00:00:00Z,PM25,14.78,UG/M3
840999999916,2025-05-07T00:00:00Z,PM25,14.49,UG/M3
840999999918,2025-05-07T00:00:00Z,PM25,12.41,UG/M3
840999999991,2025-05-07T00:00:00Z,PM25,10.16,UG/M3
840999999992,2025-05-07T00:00:00Z,PM25,9.6,UG/M3
840999999994,2025-05-07T00:00:00Z,PM25,7.66,UG/M3
840999999995,2025-05-07T00:00:00Z,PM25,11.43,UG/M3
840999999996,2025-05-07T00:00:00Z,PM25,6.88,UG/M3
840999999997,2025-05-07T00:00:00Z,PM25,9.58,UG/M3
840999999998,2025-05-07T00:00:00Z,PM25,11.65,UG/M3
840999999999,2025-05-07T00:00:00Z,PM25,6.91,UG/M3
840090010010,2025-05-07T01:00:00Z,PM2.5,8.2,UG/M3
840090011123,2025-05-07T01:00:00Z,PM2.5,4.9,UG/M3
840090090027,2025-05-07T01:00:00Z,PM2.5,6.3,UG/M3
840090110124,2025-05-07T01:00:00Z,PM2.5,4.3,UG/M3
840340030010,2025-05-07T01:00:00Z,PM2.5,9,UG/M3
840340070010,2025-05-07T01:00:00Z,PM2.5,5.5,UG/M3
840340071007,2025-05-07T01:00:00Z,PM2.5,2,UG/M3
840340170008,2025-05-07T01:00:00Z,PM2.5,7,UG/M3
840340190001,2025-05-07T01:00:00Z,PM2.5,4.3,UG/M3
840340210005,2025-05-07T01:00:00Z,PM2.5,10,UG/M3
840340210008,2025-05-07T01:00:00Z,PM2.5,2.2,UG/M3
840340230011,2025-05-07T01:00:00Z,PM2.5,3.8,UG/M3
840340273001,2025-05-07T01:00:00Z,PM2.5,4.8,UG/M3
840340292002,2025-05-07T01:00:00Z,PM2.5,7.4,UG/M3
840340310005,2025-05-07T01:00:00Z,PM2.5,13.1,UG/M3
840340390004,2025-05-07T01:00:00Z,PM2.5,8.2,UG/M3
840340392003,2025-05-07T01:00:00Z,PM2.5,3.4,UG/M3
840340410007,2025-05-07T01:00:00Z,PM2.5,5.1,UG/M3
840360050080,2025-05-07T01:00:00Z,PM2.5,6.9,UG/M3
840360050110,2025-05-07T01:00:00Z,PM2.5,8.9,UG/M3
840360050112,2025-05-07T01:00:00Z,PM2.5,11.3,UG/M3
840360470052,2025-05-07T01:00:00Z,PM2.5,14.4,UG/M3
840360470118,2025-05-07T01:00:00Z,PM2.5,13.4,UG/M3
840360610115,2025-05-07T01:00:00Z,PM2.5,9.2,UG/M3
840360610135,2025-05-07T01:00:00Z,PM2.5,11.4,UG/M3
840360710002,2025-05-07T01:00:00Z,PM2.5,4.9,UG/M3
840360810120,2025-05-07T01:00:00Z,PM2.5,6.1,UG/M3
840360810124,2025-05-07T01:00:00Z,PM2.5,9,UG/M3
840360850055,2025-05-07T01:00:00Z,PM2.5,5.6,UG/M3
840360850111,2025-05-07T01:00:00Z,PM2.5,5.7,UG/M3
840360870005,2025-05-07T01:00:00Z,PM2.5,4.3,UG/M3
840361030009,2025-05-07T01:00:00Z,PM2.5,7.5,UG/M3
840361192004,2025-05-07T01:00:00Z,PM2.5,4.5,UG/M3
840421010048,2025-05-07T01:00:00Z,PM2.5,4.1,UG/M3
840421010055,2025-05-07T01:00:00Z,PM2.5,4.7,UG/M3
840421010057,2025-05-07T01:00:00Z,PM2.5,4.7,UG/M3
840421010075,2025-05-07T01:00:00Z,PM2.5,4.8,UG/M3
840999999911,2025-05-07T01:00:00Z,PM25,10.16,UG/M3
840999999913,2025-05-07T01:00:00Z,PM25,11.7,UG/M3
840999999914,2025-05-07T01:00:00Z,PM25,11.28,UG/M3
840999999915,2025-05-07T01:00:00Z,PM25,18.09,UG/M3
840999999916,2025-05-07T01:00:00Z,PM25,14.15,UG/M3
840999999918,2025-05-07T01:00:00Z,PM25,9.31,UG/M3
840999999991,2025-05-07T01:00:00Z,PM25,13.41,UG/M3
840999999992,2025-05-07T01:00:00Z,PM25,12.62,UG/M3
840999999994,2025-05-07T01:00:00Z,PM25,9.2,UG/M3
840999999995,2025-05-07T01:00:00Z,PM25,12.05,UG/M3
840999999996,2025-05-07T01:00:00Z,PM25,10.18,UG/M3
840999999997,2025-05-07T01:00:00Z,PM25,13.66,UG/M3
840999999998,2025-05-07T01:00:00Z,PM25,15.53,UG/M3
840999999999,2025-05-07T01:00:00Z,PM25,8.68,UG/M3
840090010010,2025-05-07T02:00:00Z,PM2.5,8.7,UG/M3
840090011123,2025-05-07T02:00:00Z,PM2.5,5.3,UG/M3
840090090027,2025-05-07T02:00:00Z,PM2.5,7.6,UG/M3
840090110124,2025-05-07T02:00:00Z,PM2.5,5.1,UG/M3
840340030010,2025-05-07T02:00:00Z,PM2.5,9.6,UG/M3
840340070010,2025-05-07T02:00:00Z,PM2.5,7.2,UG/M3
840340071007,2025-05-07T02:00:00Z,PM2.5,3.5,UG/M3
840340170008,2025-05-07T02:00:00Z,PM2.5,5.7,UG/M3
840340190001,2025-05-07T02:00:00Z,PM2.5,3.8,UG/M3
840340210005,2025-05-07T02:00:00Z,PM2.5,8.8,UG/M3
840340210008,2025-05-07T02:00:00Z,PM2.5,3.6,UG/M3
840340230011,2025-05-07T02:00:00Z,PM2.5,3.9,UG/M3
840340273001,2025-05-07T02:00:00Z,PM2.5,4.4,UG/M3
840340292002,2025-05-07T02:00:00Z,PM2.5,7.6,UG/M3
840340310005,2025-05-07T02:00:00Z,PM2.5,9.8,UG/M3
840340390004,2025-05-07T02:00:00Z,PM2.5,7.1,UG/M3
840340392003,2025-05-07T02:00:00Z,PM2.5,4.7,UG/M3
840340410007,2025-05-07T02:00:00Z,PM2.5,5.1,UG/M3
840360050080,2025-05-07T02:00:00Z,PM2.5,7.4,UG/M3
840360050110,2025-05-07T02:00:00Z,PM2.5,10.6,UG/M3
840360050112,2025-05-07T02:00:00Z,PM2.5,13.5,UG/M3
840360470052,2025-05-07T02:00:00Z,PM2.5,12.4,UG/M3
840360470118,2025-05-07T02:00:00Z,PM2.5,16.1,UG/M3
840360610115,2025-05-07T02:00:00Z,PM2.5,10.3,UG/M3
840360610135,2025-05-07T02:00:00Z,PM2.5,11.2,UG/M3
840360710002,2025-05-07T02:00:00Z,PM2.5,5.8,UG/M3
840360810120,2025-05-07T02:00:00Z,PM2.5,6.4,UG/M3
840360810124,2025-05-07T02:00:00Z,PM2.5,10.9,UG/M3
840360850055,2025-05-07T02:00:00Z,PM2.5,4.7,UG/M3
840360850111,2025-05-07T02:00:00Z,PM2.5,4.7,UG/M3
840360870005,2025-05-07T02:00:00Z,PM2.5,5.1,UG/M3
840361030009,2025-05-07T02:00:00Z,PM2.5,7.9,UG/M3
840361192004,2025-05-07T02:00:00Z,PM2.5,5.1,UG/M3
840421010048,2025-05-07T02:00:00Z,PM2.5,4,UG/M3
840421010055,2025-05-07T02:00:00Z,PM2.5,4.5,UG/M3
840421010057,2025-05-07T02:00:00Z,PM2.5,4.6,UG/M3
840421010075,2025-05-07T02:00:00Z,PM2.5,4.7,UG/M3
840999999911,2025-05-07T02:00:00Z,PM25,11.94,UG/M3
840999999913,2025-05-07T02:00:00Z,PM25,11.83,UG/M3
840999999914,2025-05-07T02:00:00Z,PM25,10.66,UG/M3
840999999915,2025-05-07T02:00:00Z,PM25,16.14,UG/M3
840999999916,2025-05-07T02:00:00Z,PM25,8.31,UG/M3
840999999918,2025-05-07T02:00:00Z,PM25,5.71,UG/M3
840999999991,2025-05-07T02:00:00Z,PM25,11.16,UG/M3
840999999992,2025-05-07T02:00:00Z,PM25,15.32,UG/M3
840999999994,2025-05-07T02:00:00Z,PM25,10.87,UG/M3
840999999995,2025-05-07T02:00:00Z,PM25,7.25,UG/M3
840999999996,2025-05-07T02:00:00Z,PM25,9.37,UG/M3
840999999997,2025-05-07T02:00:00Z,PM25,13.26,UG/M3
840999999998,2025-05-07T02:00:00Z,PM25,17.85,UG/M3
840999999999,2025-05-07T02:00:00Z,PM25,11.16,UG/M3
840090010010,2025-05-07T03:00:00Z,PM2.5,9,UG/M3
840090011123,2025-05-07T03:00:00Z,PM2.5,6.1,UG/M3
840090090027,2025-05-07T03:00:00Z,PM2.5,8.1,UG/M3
840090110124,2025-05-07T03:00:00Z,PM2.5,4.4,UG/M3
840340030010,2025-05-07T03:00:00Z,PM2.5,10.6,UG/M3
840340070010,2025-05-07T03:00:00Z,PM2.5,8.1,UG/M3
840340071007,2025-05-07T03:00:00Z,PM2.5,2.1,UG/M3
840340170008,2025-05-07T03:00:00Z,PM2.5,6.6,UG/M3
840340190001,2025-05-07T03:00:00Z,PM2.5,3.7,UG/M3
840340210005,2025-05-07T03:00:00Z,PM2.5,7.7,UG/M3
840340210008,2025-05-07T03:00:00Z,PM2.5,2.5,UG/M3
840340230011,2025-05-07T03:00:00Z,PM2.5,4.1,UG/M3
840340273001,2025-05-07T03:00:00Z,PM2.5,4.1,UG/M3
840340292002,2025-05-07T03:00:00Z,PM2.5,6.5,UG/M3
840340310005,2025-05-07T03:00:00Z,PM2.5,7.1,UG/M3
840340390004,2025-05-07T03:00:00Z,PM2.5,6.5,UG/M3
840340392003,2025-05-07T03:00:00Z,PM2.5,4.1,UG/M3
840340410007,2025-05-07T03:00:00Z,PM2.5,5.7,UG/M3
840360050080,2025-05-07T03:00:00Z,PM2.5,5.1,UG/M3
840360050110,2025-05-07T03:00:00Z,PM2.5,8.7,UG/M3
840360050112,2025-05-07T03:00:00Z,PM2.5,11.6,UG/M3
840360470052,2025-05-07T03:00:00Z,PM2.5,8.8,UG/M3
840360470118,2025-05-07T03:00:00Z,PM2.5,14.9,UG/M3
840360610115,2025-05-07T03:00:00Z,PM2.5,7.5,UG/M3
840360610135,2025-05-07T03:00:00Z,PM2.5,9,UG/M3
840360710002,2025-05-07T03:00:00Z,PM2.5,5.4,UG/M3
840360810120,2025-05-07T03:00:00Z,PM2.5,7.7,UG/M3
840360810124,2025-05-07T03:00:00Z,PM2.5,11.8,UG/M3
840360850055,2025-05-07T03:00:00Z,PM2.5,3.6,UG/M3
840360850111,2025-05-07T03:00:00Z,PM2.5,4.3,UG/M3
840360870005,2025-05-07T03:00:00Z,PM2.5,3.9,UG/M3
840361030009,2025-05-07T03:00:00Z,PM2.5,8.5,UG/M3
840361192004,2025-05-07T03:00:00Z,PM2.5,4.9,UG/M3
840421010048,2025-05-07T03:00:00Z,PM2.5,4.7,UG/M3
840421010055,2025-05-07T03:00:00Z,PM2.5,4.6,UG/M3
840421010057,2025-05-07T03:00:00Z,PM2.5,4.6,UG/M3
840421010075,2025-05-07T03:00:00Z,PM2.5,4.8,UG/M3
840999999911,2025-05-07T03:00:00Z,PM25,9.72,UG/M3
840999999913,2025-05-07T03:00:00Z,PM25,7.31,UG/M3
840999999914,2025-05-07T03:00:00Z,PM25,9.23,UG/M3
840999999915,2025-05-07T03:00:00Z,PM25,10.18,UG/M3
840999999916,2025-05-07T03:00:00Z,PM25,7.28,UG/M3
840999999918,2025-05-07T03:00:00Z,PM25,5.56,UG/M3
840999999991,2025-05-07T03:00:00Z,PM25,9.65,UG/M3
840999999992,2025-05-07T03:00:00Z,PM25,10.19,UG/M3
840999999994,2025-05-07T03:00:00Z,PM25,9.94,UG/M3
840999999995,2025-05-07T03:00:00Z,PM25,5.81,UG/M3
840999999996,2025-05-07T03:00:00Z,PM25,7.87,UG/M3
840999999997,2025-05-07T03:00:00Z,PM25,6.75,UG/M3
840999999998,2025-05-07T03:00:00Z,PM25,11.63,UG/M3
840999999999,2025-05-07T03:00:00Z,PM25,10.71,UG/M3
840090010010,2025-05-07T04:00:00Z,PM2.5,9,UG/M3
840090011123,2025-05-07T04:00:00Z,PM2.5,7.2,UG/M3
840090090027,2025-05-07T04:00:00Z,PM2.5,8.3,UG/M3
840090110124,2025-05-07T04:00:00Z,PM2.5,5.5,UG/M3
840340030010,2025-05-07T04:00:00Z,PM2.5,9.3,UG/M3
840340070010,2025-05-07T04:00:00Z,PM2.5,10.2,UG/M3
840340071007,2025-05-07T04:00:00Z,PM2.5,4.3,UG/M3
840340170008,2025-05-07T04:00:00Z,PM2.5,5.2,UG/M3
840340190001,2025-05-07T04:00:00Z,PM2.5,4.6,UG/M3
840340210005,2025-05-07T04:00:00Z,PM2.5,7.2,UG/M3
840340210008,2025-05-07T04:00:00Z,PM2.5,6,UG/M3
840340230011,2025-05-07T04:00:00Z,PM2.5,3.3,UG/M3
840340273001,2025-05-07T04:00:00Z,PM2.5,2.5,UG/M3
840340292002,2025-05-07T04:00:00Z,PM2.5,7.4,UG/M3
840340310005,2025-05-07T04:00:00Z,PM2.5,5.4,UG/M3
840340390004,2025-05-07T04:00:00Z,PM2.5,6,UG/M3
840340392003,2025-05-07T04:00:00Z,PM2.5,4.9,UG/M3
840340410007,2025-05-07T04:00:00Z,PM2.5,7.4,UG/M3
840360050080,2025-05-07T04:00:00Z,PM2.5,5,UG/M3
840360050110,2025-05-07T04:00:00Z,PM2.5,7.3,UG/M3
840360050112,2025-05-07T04:00:00Z,PM2.5,10.2,UG/M3
840360470052,2025-05-07T04:00:00Z,PM2.5,9.4,UG/M3
840360470118,2025-05-07T04:00:00Z,PM2.5,15.8,UG/M3
840360610115,2025-05-07T04:00:00Z,PM2.5,7.6,UG/M3
840360610135,2025-05-07T04:00:00Z,PM2.5,7.4,UG/M3
840360710002,2025-05-07T04:00:00Z,PM2.5,4.7,UG/M3
840360810120,2025-05-07T04:00:00Z,PM2.5,7.6,UG/M3
840360810124,2025-05-07T04:00:00Z,PM2.5,11.8,UG/M3
840360850055,2025-05-07T04:00:00Z,PM2.5,3.4,UG/M3
840360850111,2025-05-07T04:00:00Z,PM2.5,4.7,UG/M3
840360870005,2025-05-07T04:00:00Z,PM2.5,2.2,UG/M3
840361030009,2025-05-07T04:00:00Z,PM2.5,9,UG/M3
840361192004,2025-05-07T04:00:00Z,PM2.5,3.9,UG/M3
840421010048,2025-05-07T04:00:00Z,PM2.5,4.4,UG/M3
840421010055,2025-05-07T04:00:00Z,PM2.5,4.5,UG/M3
840421010057,2025-05-07T04:00:00Z,PM2.5,4.6,UG/M3
840421010075,2025-05-07T04:00:00Z,PM2.5,4.7,UG/M3
840999999911,2025-05-07T04:00:00Z,PM25,9.68,UG/M3
840999999913,2025-05-07T04:00:00Z,PM25,7.07,UG/M3
840999999914,2025-05-07T04:00:00Z,PM25,8.62,UG/M3
840999999915,2025-05-07T04:00:00Z,PM25,9.75,UG/M3
840999999916,2025-05-07T04:00:00Z,PM25,5.82,UG/M3
840999999918,2025-05-07T04:00:00Z,PM25,5.31,UG/M3
840999999991,2025-05-07T04:00:00Z,PM25,8.44,UG/M3
840999999992,2025-05-07T04:00:00Z,PM25,10.74,UG/M3
840999999994,2025-05-07T04:00:00Z,PM25,10.47,UG/M3
840999999995,2025-05-07T04:00:00Z,PM25,5.4,UG/M3
840999999996,2025-05-07T04:00:00Z,PM25,7.55,UG/M3
840999999997,2025-05-07T04:00:00Z,PM25,5.77,UG/M3
840999999998,2025-05-07T04:00:00Z,PM25,11.97,UG/M3
840999999999,2025-05-07T04:00:00Z,PM25,10.22,UG/M3
840090010010,2025-05-07T05:00:00Z,PM2.5,10.5,UG/M3
840090011123,2025-05-07T05:00:00Z,PM2.5,8.8,UG/M3
840090090027,2025-05-07T05:00:00Z,PM2.5,8.7,UG/M3
840090110124,2025-05-07T05:00:00Z,PM2.5,7,UG/M3
840340030010,2025-05-07T05:00:00Z,PM2.5,7.6,UG/M3
840340070010,2025-05-07T05:00:00Z,PM2.5,7.3,UG/M3
840340071007,2025-05-07T05:00:00Z,PM2.5,5.6,UG/M3
840340170008,2025-05-07T05:00:00Z,PM2.5,5,UG/M3
840340190001,2025-05-07T05:00:00Z,PM2.5,4.6,UG/M3
840340210005,2025-05-07T05:00:00Z,PM2.5,7.2,UG/M3
840340210008,2025-05-07T05:00:00Z,PM2.5,2.9,UG/M3
840340230011,2025-05-07T05:00:00Z,PM2.5,2.8,UG/M3
840340273001,2025-05-07T05:00:00Z,PM2.5,2.2,UG/M3
840340292002,2025-05-07T05:00:00Z,PM2.5,7.2,UG/M3
840340310005,2025-05-07T05:00:00Z,PM2.5,4.8,UG/M3
840340390004,2025-05-07T05:00:00Z,PM2.5,6.5,UG/M3
840340392003,2025-05-07T05:00:00Z,PM2.5,5.4,UG/M3
840340410007,2025-05-07T05:00:00Z,PM2.5,7.8,UG/M3
840360050080,2025-05-07T05:00:00Z,PM2.5,6.1,UG/M3
840360050110,2025-05-07T05:00:00Z,PM2.5,8.4,UG/M3
840360050112,2025-05-07T05:00:00Z,PM2.5,12.4,UG/M3
840360470052,2025-05-07T05:00:00Z,PM2.5,10.3,UG/M3
840360470118,2025-05-07T05:00:00Z,PM2.5,18.2,UG/M3
840360610115,2025-05-07T05:00:00Z,PM2.5,8.2,UG/M3
840360610135,2025-05-07T05:00:00Z,PM2.5,6.7,UG/M3
840360710002,2025-05-07T05:00:00Z,PM2.5,4.3,UG/M3
840360810120,2025-05-07T05:00:00Z,PM2.5,6.8,UG/M3
840360850055,2025-05-07T05:00:00Z,PM2.5,3.1,UG/M3
840360850111,2025-05-07T05:00:00Z,PM2.5,5.8,UG/M3
840360870005,2025-05-07T05:00:00Z,PM2.5,0.8,UG/M3
840361030009,2025-05-07T05:00:00Z,PM2.5,8.8,UG/M3
840361192004,2025-05-07T05:00:00Z,PM2.5,2.8,UG/M3
840421010048,2025-05-07T05:00:00Z,PM2.5,3.7,UG/M3
840421010055,2025-05-07T05:00:00Z,PM2.5,4.1,UG/M3
840421010057,2025-05-07T05:00:00Z,PM2.5,4.2,UG/M3
840421010075,2025-05-07T05:00:00Z,PM2.5,3.9,UG/M3
840999999911,2025-05-07T05:00:00Z,PM25,9.94,UG/M3
840999999913,2025-05-07T05:00:00Z,PM25,8.54,UG/M3
840999999914,2025-05-07T05:00:00Z,PM25,8.49,UG/M3
840999999915,2025-05-07T05:00:00Z,PM25,10.06,UG/M3
840999999916,2025-05-07T05:00:00Z,PM25,6.48,UG/M3
840999999918,2025-05-07T05:00:00Z,PM25,5.35,UG/M3
840999999991,2025-05-07T05:00:00Z,PM25,7.58,UG/M3
840999999992,2025-05-07T05:00:00Z,PM25,13.4,UG/M3
840999999994,2025-05-07T05:00:00Z,PM25,9.76,UG/M3
840999999995,2025-05-07T05:00:00Z,PM25,5.9,UG/M3
840999999996,2025-05-07T05:00:00Z,PM25,8.43,UG/M3
840999999997,2025-05-07T05:00:00Z,PM25,8.21,UG/M3
840999999998,2025-05-07T05:00:00Z,PM25,15.17,UG/M3
840999999999,2025-05-07T05:00:00Z,PM25,9.7,UG/M3
840090010010,2025-05-07T06:00:00Z,PM2.5,8.9,UG/M3
840090011123,2025-05-07T06:00:00Z,PM2.5,10.3,UG/M3
840090090027,2025-05-07T06:00:00Z,PM2.5,8.8,UG/M3
840090110124,2025-05-07T06:00:00Z,PM2.5,7.6,UG/M3
840340030010,2025-05-07T06:00:00Z,PM2.5,6.9,UG/M3
840340070010,2025-05-07T06:00:00Z,PM2.5,6.1,UG/M3
840340071007,2025-05-07T06:00:00Z,PM2.5,3.9,UG/M3
840340170008,2025-05-07T06:00:00Z,PM2.5,6.7,UG/M3
840340190001,2025-05-07T06:00:00Z,PM2.5,6.5,UG/M3
840340210005,2025-05-07T06:00:00Z,PM2.5,6.9,UG/M3
840340210008,2025-05-07T06:00:00Z,PM2.5,3.1,UG/M3
840340230011,2025-05-07T06:00:00Z,PM2.5,5.3,UG/M3
840340273001,2025-05-07T06:00:00Z,PM2.5,3.6,UG/M3
840340292002,2025-05-07T06:00:00Z,PM2.5,8.1,UG/M3
840340310005,2025-05-07T06:00:00Z,PM2.5,5.7,UG/M3
840340390004,2025-05-07T06:00:00Z,PM2.5,7.7,UG/M3
840340392003,2025-05-07T06:00:00Z,PM2.5,5.1,UG/M3
840340410007,2025-05-07T06:00:00Z,PM2.5,8.3,UG/M3
840360050080,2025-05-07T06:00:00Z,PM2.5,6.8,UG/M3
840360050110,2025-05-07T06:00:00Z,PM2.5,9.1,UG/M3
840360050112,2025-05-07T06:00:00Z,PM2.5,12.6,UG/M3
840360470052,2025-05-07T06:00:00Z,PM2.5,8.9,UG/M3
840360470118,2025-05-07T06:00:00Z,PM2.5,16.5,UG/M3
840360610115,2025-05-07T06:00:00Z,PM2.5,10.1,UG/M3
840360610135,2025-05-07T06:00:00Z,PM2.5,8.5,UG/M3
840360710002,2025-05-07T06:00:00Z,PM2.5,3.5,UG/M3
840360810120,2025-05-07T06:00:00Z,PM2.5,5.3,UG/M3
840360850055,2025-05-07T06:00:00Z,PM2.5,1.2,UG/M3
840360850111,2025-05-07T06:00:00Z,PM2.5,5.5,UG/M3
840360870005,2025-05-07T06:00:00Z,PM2.5,0.5,UG/M3
840361030009,2025-05-07T06:00:00Z,PM2.5,9,UG/M3
840361192004,2025-05-07T06:00:00Z,PM2.5,1.8,UG/M3
840421010048,2025-05-07T06:00:00Z,PM2.5,3.2,UG/M3
840421010055,2025-05-07T06:00:00Z,PM2.5,3.5,UG/M3
840421010057,2025-05-07T06:00:00Z,PM2.5,3.4,UG/M3
840421010075,2025-05-07T06:00:00Z,PM2.5,3.5,UG/M3
840999999911,2025-05-07T06:00:00Z,PM25,8.03,UG/M3
840999999913,2025-05-07T06:00:00Z,PM25,8.77,UG/M3
840999999914,2025-05-07T06:00:00Z,PM25,8.24,UG/M3
840999999915,2025-05-07T06:00:00Z,PM25,12.14,UG/M3
840999999916,2025-05-07T06:00:00Z,PM25,8.41,UG/M3
840999999918,2025-05-07T06:00:00Z,PM25,4.98,UG/M3
840999999991,2025-05-07T06:00:00Z,PM25,7.17,UG/M3
840999999992,2025-05-07T06:00:00Z,PM25,11.45,UG/M3
840999999994,2025-05-07T06:00:00Z,PM25,8.66,UG/M3
840999999995,2025-05-07T06:00:00Z,PM25,7.21,UG/M3
840999999996,2025-05-07T06:00:00Z,PM25,7.64,UG/M3
840999999997,2025-05-07T06:00:00Z,PM25,8.5,UG/M3
840999999998,2025-05-07T06:00:00Z,PM25,13.3,UG/M3
840999999999,2025-05-07T06:00:00Z,PM25,9.67,UG/M3
840090010010,2025-05-07T07:00:00Z,PM2.5,6.9,UG/M3
840090011123,2025-05-07T07:00:00Z,PM2.5,10.8,UG/M3
840090090027,2025-05-07T07:00:00Z,PM2.5,7.9,UG/M3
840090110124,2025-05-07T07:00:00Z,PM2.5,7.9,UG/M3
840340030010,2025-05-07T07:00:00Z,PM2.5,5.3,UG/M3
840340070010,2025-05-07T07:00:00Z,PM2.5,5,UG/M3
840340071007,2025-05-07T07:00:00Z,PM2.5,4.1,UG/M3
840340170008,2025-05-07T07:00:00Z,PM2.5,4.4,UG/M3
840340190001,2025-05-07T07:00:00Z,PM2.5,6,UG/M3
840340210005,2025-05-07T07:00:00Z,PM2.5,6.4,UG/M3
840340210008,2025-05-07T07:00:00Z,PM2.5,2.1,UG/M3
840340230011,2025-05-07T07:00:00Z,PM2.5,3.6,UG/M3
840340273001,2025-05-07T07:00:00Z,PM2.5,4.2,UG/M3
840340292002,2025-05-07T07:00:00Z,PM2.5,5.3,UG/M3
840340310005,2025-05-07T07:00:00Z,PM2.5,6.8,UG/M3
840340390004,2025-05-07T07:00:00Z,PM2.5,8.2,UG/M3
840340392003,2025-05-07T07:00:00Z,PM2.5,6.6,UG/M3
840340410007,2025-05-07T07:00:00Z,PM2.5,6.9,UG/M3
840360050080,2025-05-07T07:00:00Z,PM2.5,6.7,UG/M3
840360050110,2025-05-07T07:00:00Z,PM2.5,9.2,UG/M3
840360050112,2025-05-07T07:00:00Z,PM2.5,11.9,UG/M3
840360470052,2025-05-07T07:00:00Z,PM2.5,8.3,UG/M3
840360470118,2025-05-07T07:00:00Z,PM2.5,14.6,UG/M3
840360610115,2025-05-07T07:00:00Z,PM2.5,13,UG/M3
840360610135,2025-05-07T07:00:00Z,PM2.5,10.2,UG/M3
840360710002,2025-05-07T07:00:00Z,PM2.5,3.2,UG/M3
840360810120,2025-05-07T07:00:00Z,PM2.5,5.8,UG/M3
840360850055,2025-05-07T07:00:00Z,PM2.5,1.5,UG/M3
840360850111,2025-05-07T07:00:00Z,PM2.5,5.3,UG/M3
840360870005,2025-05-07T07:00:00Z,PM2.5,0.7,UG/M3
840361030009,2025-05-07T07:00:00Z,PM2.5,9.3,UG/M3
840361192004,2025-05-07T07:00:00Z,PM2.5,1.5,UG/M3
840421010048,2025-05-07T07:00:00Z,PM2.5,2.8,UG/M3
840421010055,2025-05-07T07:00:00Z,PM2.5,3,UG/M3
840421010057,2025-05-07T07:00:00Z,PM2.5,2.9,UG/M3
840421010075,2025-05-07T07:00:00Z,PM2.5,3.1,UG/M3
840999999911,2025-05-07T07:00:00Z,PM25,7.82,UG/M3
840999999913,2025-05-07T07:00:00Z,PM25,8.1,UG/M3
840999999914,2025-05-07T07:00:00Z,PM25,7.49,UG/M3
840999999915,2025-05-07T07:00:00Z,PM25,10.88,UG/M3
840999999916,2025-05-07T07:00:00Z,PM25,7.69,UG/M3
840999999918,2025-05-07T07:00:00Z,PM25,5.35,UG/M3
840999999991,2025-05-07T07:00:00Z,PM25,6.46,UG/M3
840999999992,2025-05-07T07:00:00Z,PM25,9.48,UG/M3
840999999994,2025-05-07T07:00:00Z,PM25,7.82,UG/M3
840999999995,2025-05-07T07:00:00Z,PM25,6.79,UG/M3
840999999996,2025-05-07T07:00:00Z,PM25,6.92,UG/M3
840999999997,2025-05-07T07:00:00Z,PM25,7.69,UG/M3
840999999998,2025-05-07T07:00:00Z,PM25,11.02,UG/M3
840999999999,2025-05-07T07:00:00Z,PM25,8.98,UG/M3
840090010010,2025-05-07T08:00:00Z,PM2.5,7,UG/M3
840090011123,2025-05-07T08:00:00Z,PM2.5,11,UG/M3
840090090027,2025-05-07T08:00:00Z,PM2.5,6.3,UG/M3
840090110124,2025-05-07T08:00:00Z,PM2.5,5.9,UG/M3
840340030010,2025-05-07T08:00:00Z,PM2.5,4.4,UG/M3
840340070010,2025-05-07T08:00:00Z,PM2.5,5.4,UG/M3
840340071007,2025-05-07T08:00:00Z,PM2.5,1.8,UG/M3
840340170008,2025-05-07T08:00:00Z,PM2.5,5.8,UG/M3
840340190001,2025-05-07T08:00:00Z,PM2.5,5.8,UG/M3
840340210005,2025-05-07T08:00:00Z,PM2.5,5.3,UG/M3
840340210008,2025-05-07T08:00:00Z,PM2.5,0,UG/M3
840340230011,2025-05-07T08:00:00Z,PM2.5,2,UG/M3
840340273001,2025-05-07T08:00:00Z,PM2.5,2.1,UG/M3
840340292002,2025-05-07T08:00:00Z,PM2.5,4.6,UG/M3
840340310005,2025-05-07T08:00:00Z,PM2.5,6.6,UG/M3
840340390004,2025-05-07T08:00:00Z,PM2.5,6.2,UG/M3
840340392003,2025-05-07T08:00:00Z,PM2.5,4.8,UG/M3
840340410007,2025-05-07T08:00:00Z,PM2.5,6.5,UG/M3
840360050080,2025-05-07T08:00:00Z,PM2.5,7.1,UG/M3
840360050110,2025-05-07T08:00:00Z,PM2.5,8.5,UG/M3
840360050112,2025-05-07T08:00:00Z,PM2.5,10.7,UG/M3
840360470052,2025-05-07T08:00:00Z,PM2.5,7.3,UG/M3
840360470118,2025-05-07T08:00:00Z,PM2.5,12.7,UG/M3
840360610115,2025-05-07T08:00:00Z,PM2.5,12,UG/M3
840360610135,2025-05-07T08:00:00Z,PM2.5,10,UG/M3
840360710002,2025-05-07T08:00:00Z,PM2.5,3.2,UG/M3
840360810120,2025-05-07T08:00:00Z,PM2.5,6.2,UG/M3
840360850055,2025-05-07T08:00:00Z,PM2.5,3.1,UG/M3
840360850111,2025-05-07T08:00:00Z,PM2.5,5.6,UG/M3
840360870005,2025-05-07T08:00:00Z,PM2.5,1.4,UG/M3
840361030009,2025-05-07T08:00:00Z,PM2.5,9.2,UG/M3
840361192004,2025-05-07T08:00:00Z,PM2.5,2.3,UG/M3
840421010048,2025-05-07T08:00:00Z,PM2.5,2.5,UG/M3
840421010055,2025-05-07T08:00:00Z,PM2.5,2.7,UG/M3
840421010057,2025-05-07T08:00:00Z,PM2.5,2.5,UG/M3
840421010075,2025-05-07T08:00:00Z,PM2.5,2.9,UG/M3
840999999911,2025-05-07T08:00:00Z,PM25,7.12,UG/M3
840999999913,2025-05-07T08:00:00Z,PM25,7.45,UG/M3
840999999914,2025-05-07T08:00:00Z,PM25,6.26,UG/M3
840999999915,2025-05-07T08:00:00Z,PM25,11.41,UG/M3
840999999916,2025-05-07T08:00:00Z,PM25,7.99,UG/M3
840999999918,2025-05-07T08:00:00Z,PM25,6.08,UG/M3
840999999991,2025-05-07T08:00:00Z,PM25,6.96,UG/M3
840999999992,2025-05-07T08:00:00Z,PM25,7.97,UG/M3
840999999994,2025-05-07T08:00:00Z,PM25,7.42,UG/M3
840999999995,2025-05-07T08:00:00Z,PM25,5.74,UG/M3
840999999996,2025-05-07T08:00:00Z,PM25,5.57,UG/M3
840999999997,2025-05-07T08:00:00Z,PM25,8,UG/M3
840999999998,2025-05-07T08:00:00Z,PM25,10.56,UG/M3
840999999999,2025-05-07T08:00:00Z,PM25,7.84,UG/M3
840090010010,2025-05-07T09:00:00Z,PM2.5,8.3,UG/M3
840090011123,2025-05-07T09:00:00Z,PM2.5,10.7,UG/M3
840090090027,2025-05-07T09:00:00Z,PM2.5,5.6,UG/M3
840090110124,2025-05-07T09:00:00Z,PM2.5,4.6,UG/M3
840340030010,2025-05-07T09:00:00Z,PM2.5,3.9,UG/M3
840340070010,2025-05-07T09:00:00Z,PM2.5,5.2,UG/M3
840340071007,2025-05-07T09:00:00Z,PM2.5,0.6,UG/M3
840340170008,2025-05-07T09:00:00Z,PM2.5,3.5,UG/M3
840340190001,2025-05-07T09:00:00Z,PM2.5,5.1,UG/M3
840340210005,2025-05-07T09:00:00Z,PM2.5,5.2,UG/M3
840340210008,2025-05-07T09:00:00Z,PM2.5,0,UG/M3
840340230011,2025-05-07T09:00:00Z,PM2.5,1.1,UG/M3
840340273001,2025-05-07T09:00:00Z,PM2.5,3,UG/M3
840340292002,2025-05-07T09:00:00Z,PM2.5,4.8,UG/M3
840340310005,2025-05-07T09:00:00Z,PM2.5,5.1,UG/M3
840340390004,2025-05-07T09:00:00Z,PM2.5,7.3,UG/M3
840340392003,2025-05-07T09:00:00Z,PM2.5,3.5,UG/M3
840340410007,2025-05-07T09:00:00Z,PM2.5,7.4,UG/M3
840360050080,2025-05-07T09:00:00Z,PM2.5,6.2,UG/M3
840360050110,2025-05-07T09:00:00Z,PM2.5,7.9,UG/M3
840360050112,2025-05-07T09:00:00Z,PM2.5,9.9,UG/M3
840360470052,2025-05-07T09:00:00Z,PM2.5,7,UG/M3
840360470118,2025-05-07T09:00:00Z,PM2.5,11,UG/M3
840360610115,2025-05-07T09:00:00Z,PM2.5,10.5,UG/M3
840360610135,2025-05-07T09:00:00Z,PM2.5,8.7,UG/M3
840360710002,2025-05-07T09:00:00Z,PM2.5,3,UG/M3
840360810120,2025-05-07T09:00:00Z,PM2.5,5.8,UG/M3
840360850055,2025-05-07T09:00:00Z,PM2.5,3.6,UG/M3
840360850111,2025-05-07T09:00:00Z,PM2.5,5.6,UG/M3
840360870005,2025-05-07T09:00:00Z,PM2.5,1.6,UG/M3
840361030009,2025-05-07T09:00:00Z,PM2.5,8.9,UG/M3
840361192004,2025-05-07T09:00:00Z,PM2.5,2.6,UG/M3
840421010048,2025-05-07T09:00:00Z,PM2.5,2.5,UG/M3
840421010055,2025-05-07T09:00:00Z,PM2.5,2.7,UG/M3
840421010057,2025-05-07T09:00:00Z,PM2.5,2.4,UG/M3
840421010075,2025-05-07T09:00:00Z,PM2.5,3.2,UG/M3
840999999911,2025-05-07T09:00:00Z,PM25,10.41,UG/M3
840999999913,2025-05-07T09:00:00Z,PM25,5.52,UG/M3
840999999914,2025-05-07T09:00:00Z,PM25,7.14,UG/M3
840999999915,2025-05-07T09:00:00Z,PM25,9.65,UG/M3
840999999916,2025-05-07T09:00:00Z,PM25,6.12,UG/M3
840999999918,2025-05-07T09:00:00Z,PM25,6.17,UG/M3
840999999991,2025-05-07T09:00:00Z,PM25,6.18,UG/M3
840999999992,2025-05-07T09:00:00Z,PM25,7.83,UG/M3
840999999994,2025-05-07T09:00:00Z,PM25,6.43,UG/M3
840999999995,2025-05-07T09:00:00Z,PM25,4.56,UG/M3
840999999996,2025-05-07T09:00:00Z,PM25,4.73,UG/M3
840999999997,2025-05-07T09:00:00Z,PM25,7.82,UG/M3
840999999998,2025-05-07T09:00:00Z,PM25,9.79,UG/M3
840999999999,2025-05-07T09:00:00Z,PM25,6.49,UG/M3
840090010010,2025-05-07T10:00:00Z,PM2.5,9,UG/M3
840090011123,2025-05-07T10:00:00Z,PM2.5,10.7,UG/M3
840090090027,2025-05-07T10:00:00Z,PM2.5,5.6,UG/M3
840090110124,2025-05-07T10:00:00Z,PM2.5,4.2,UG/M3
840340030010,2025-05-07T10:00:00Z,PM2.5,4.6,UG/M3
840340070010,2025-05-07T10:00:00Z,PM2.5,2.7,UG/M3
840340071007,2025-05-07T10:00:00Z,PM2.5,0.2,UG/M3
840340170008,2025-05-07T10:00:00Z,PM2.5,3.2,UG/M3
840340190001,2025-05-07T10:00:00Z,PM2.5,4.6,UG/M3
840340210005,2025-05-07T10:00:00Z,PM2.5,4.7,UG/M3
840340210008,2025-05-07T10:00:00Z,PM2.5,0,UG/M3
840340230011,2025-05-07T10:00:00Z,PM2.5,1.8,UG/M3
840340273001,2025-05-07T10:00:00Z,PM2.5,2.9,UG/M3
840340292002,2025-05-07T10:00:00Z,PM2.5,7.4,UG/M3
840340310005,2025-05-07T10:00:00Z,PM2.5,4.9,UG/M3
840340390004,2025-05-07T10:00:00Z,PM2.5,9,UG/M3
840340392003,2025-05-07T10:00:00Z,PM2.5,3.9,UG/M3
840340410007,2025-05-07T10:00:00Z,PM2.5,6.4,UG/M3
840360050080,2025-05-07T10:00:00Z,PM2.5,5.7,UG/M3
840360050110,2025-05-07T10:00:00Z,PM2.5,9.3,UG/M3
840360050112,2025-05-07T10:00:00Z,PM2.5,10.7,UG/M3
840360470052,2025-05-07T10:00:00Z,PM2.5,6.5,UG/M3
840360470118,2025-05-07T10:00:00Z,PM2.5,9.4,UG/M3
840360610115,2025-05-07T10:00:00Z,PM2.5,9.1,UG/M3
840360610135,2025-05-07T10:00:00Z,PM2.5,6.8,UG/M3
840360710002,2025-05-07T10:00:00Z,PM2.5,2.7,UG/M3
840360810120,2025-05-07T10:00:00Z,PM2.5,5.5,UG/M3
840360850055,2025-05-07T10:00:00Z,PM2.5,3.7,UG/M3
840360850111,2025-05-07T10:00:00Z,PM2.5,5.2,UG/M3
840360870005,2025-05-07T10:00:00Z,PM2.5,3.4,UG/M3
840361030009,2025-05-07T10:00:00Z,PM2.5,8.7,UG/M3
840361192004,2025-05-07T10:00:00Z,PM2.5,2.8,UG/M3
840421010048,2025-05-07T10:00:00Z,PM2.5,2.7,UG/M3
840421010055,2025-05-07T10:00:00Z,PM2.5,3.4,UG/M3
840421010057,2025-05-07T10:00:00Z,PM2.5,2.5,UG/M3
840421010075,2025-05-07T10:00:00Z,PM2.5,3.4,UG/M3
840999999911,2025-05-07T10:00:00Z,PM25,7.38,UG/M3
840999999913,2025-05-07T10:00:00Z,PM25,5.27,UG/M3
840999999914,2025-05-07T10:00:00Z,PM25,5.58,UG/M3
840999999915,2025-05-07T10:00:00Z,PM25,9.56,UG/M3
840999999916,2025-05-07T10:00:00Z,PM25,7.04,UG/M3
840999999918,2025-05-07T10:00:00Z,PM25,6.49,UG/M3
840999999991,2025-05-07T10:00:00Z,PM25,6.26,UG/M3
840999999992,2025-05-07T10:00:00Z,PM25,11.03,UG/M3
840999999994,2025-05-07T10:00:00Z,PM25,5.5,UG/M3
840999999995,2025-05-07T10:00:00Z,PM25,4.28,UG/M3
840999999996,2025-05-07T10:00:00Z,PM25,5.03,UG/M3
840999999997,2025-05-07T10:00:00Z,PM25,6.94,UG/M3
840999999998,2025-05-07T10:00:00Z,PM25,8.94,UG/M3
840999999999,2025-05-07T10:00:00Z,PM25,6.46,UG/M3
840090010010,2025-05-07T11:00:00Z,PM2.5,8.8,UG/M3
840090011123,2025-05-07T11:00:00Z,PM2.5,9,UG/M3
840090090027,2025-05-07T11:00:00Z,PM2.5,6.4,UG/M3
840090110124,2025-05-07T11:00:00Z,PM2.5,5.2,UG/M3
840340030010,2025-05-07T11:00:00Z,PM2.5,5.1,UG/M3
840340070010,2025-05-07T11:00:00Z,PM2.5,3,UG/M3
840340071007,2025-05-07T11:00:00Z,PM2.5,0,UG/M3
840340170008,2025-05-07T11:00:00Z,PM2.5,3.1,UG/M3
840340190001,2025-05-07T11:00:00Z,PM2.5,4.5,UG/M3
840340210005,2025-05-07T11:00:00Z,PM2.5,3.4,UG/M3
840340210008,2025-05-07T11:00:00Z,PM2.5,1.7,UG/M3
840340230011,2025-05-07T11:00:00Z,PM2.5,0.3,UG/M3
840340273001,2025-05-07T11:00:00Z,PM2.5,2,UG/M3
840340292002,2025-05-07T11:00:00Z,PM2.5,4.7,UG/M3
840340310005,2025-05-07T11:00:00Z,PM2.5,4,UG/M3
840340390004,2025-05-07T11:00:00Z,PM2.5,6.8,UG/M3
840340392003,2025-05-07T11:00:00Z,PM2.5,5.4,UG/M3
840340410007,2025-05-07T11:00:00Z,PM2.5,5.5,UG/M3
840360050080,2025-05-07T11:00:00Z,PM2.5,4.8,UG/M3
840360050110,2025-05-07T11:00:00Z,PM2.5,9.3,UG/M3
840360050112,2025-05-07T11:00:00Z,PM2.5,10.5,UG/M3
840360470052,2025-05-07T11:00:00Z,PM2.5,5.9,UG/M3
840360470118,2025-05-07T11:00:00Z,PM2.5,7.7,UG/M3
840360610115,2025-05-07T11:00:00Z,PM2.5,7.3,UG/M3
840360610135,2025-05-07T11:00:00Z,PM2.5,5.6,UG/M3
840360710002,2025-05-07T11:00:00Z,PM2.5,2.5,UG/M3
840360810120,2025-05-07T11:00:00Z,PM2.5,5.1,UG/M3
840360850055,2025-05-07T11:00:00Z,PM2.5,3.3,UG/M3
840360850111,2025-05-07T11:00:00Z,PM2.5,4.8,UG/M3
840360870005,2025-05-07T11:00:00Z,PM2.5,3.7,UG/M3
840361030009,2025-05-07T11:00:00Z,PM2.5,7.5,UG/M3
840361192004,2025-05-07T11:00:00Z,PM2.5,6.9,UG/M3
840421010048,2025-05-07T11:00:00Z,PM2.5,2.9,UG/M3
840421010055,2025-05-07T11:00:00Z,PM2.5,3.7,UG/M3
840421010057,2025-05-07T11:00:00Z,PM2.5,2.8,UG/M3
840421010075,2025-05-07T11:00:00Z,PM2.5,3.5,UG/M3
840999999911,2025-05-07T11:00:00Z,PM25,6.79,UG/M3
840999999913,2025-05-07T11:00:00Z,PM25,4.88,UG/M3
840999999914,2025-05-07T11:00:00Z,PM25,5.06,UG/M3
840999999915,2025-05-07T11:00:00Z,PM25,8.65,UG/M3
840999999916,2025-05-07T11:00:00Z,PM25,9.06,UG/M3
840999999918,2025-05-07T11:00:00Z,PM25,5.6,UG/M3
840999999991,2025-05-07T11:00:00Z,PM25,5.97,UG/M3
840999999992,2025-05-07T11:00:00Z,PM25,10.84,UG/M3
840999999994,2025-05-07T11:00:00Z,PM25,4.63,UG/M3
840999999995,2025-05-07T11:00:00Z,PM25,4.66,UG/M3
840999999996,2025-05-07T11:00:00Z,PM25,4.21,UG/M3
840999999997,2025-05-07T11:00:00Z,PM25,6.13,UG/M3
840999999998,2025-05-07T11:00:00Z,PM25,7.31,UG/M3
840999999999,2025-05-07T11:00:00Z,PM25,5.73,UG/M3
840090010010,2025-05-07T12:00:00Z,PM2.5,9,UG/M3
840090011123,2025-05-07T12:00:00Z,PM2.5,7.4,UG/M3
840090090027,2025-05-07T12:00:00Z,PM2.5,6.6,UG/M3
840090110124,2025-05-07T12:00:00Z,PM2.5,7.4,UG/M3
840340030010,2025-05-07T12:00:00Z,PM2.5,5.1,UG/M3
840340070010,2025-05-07T12:00:00Z,PM2.5,2.6,UG/M3
840340071007,2025-05-07T12:00:00Z,PM2.5,0,UG/M3
840340170008,2025-05-07T12:00:00Z,PM2.5,1.8,UG/M3
840340190001,2025-05-07T12:00:00Z,PM2.5,4.3,UG/M3
840340210005,2025-05-07T12:00:00Z,PM2.5,2,UG/M3
840340210008,2025-05-07T12:00:00Z,PM2.5,3.6,UG/M3
840340230011,2025-05-07T12:00:00Z,PM2.5,2.6,UG/M3
840340273001,2025-05-07T12:00:00Z,PM2.5,4.4,UG/M3
840340292002,2025-05-07T12:00:00Z,PM2.5,3.1,UG/M3
840340310005,2025-05-07T12:00:00Z,PM2.5,2.6,UG/M3
840340390004,2025-05-07T12:00:00Z,PM2.5,8.3,UG/M3
840340392003,2025-05-07T12:00:00Z,PM2.5,7,UG/M3
840340410007,2025-05-07T12:00:00Z,PM2.5,3.4,UG/M3
840360050080,2025-05-07T12:00:00Z,PM2.5,4.5,UG/M3
840360050110,2025-05-07T12:00:00Z,PM2.5,6.7,UG/M3
840360050112,2025-05-07T12:00:00Z,PM2.5,8.3,UG/M3
840360470052,2025-05-07T12:00:00Z,PM2.5,5.1,UG/M3
840360470118,2025-05-07T12:00:00Z,PM2.5,6.5,UG/M3
840360610115,2025-05-07T12:00:00Z,PM2.5,5.3,UG/M3
840360610135,2025-05-07T12:00:00Z,PM2.5,5.5,UG/M3
840360710002,2025-05-07T12:00:00Z,PM2.5,1.2,UG/M3
840360810120,2025-05-07T12:00:00Z,PM2.5,4.1,UG/M3
840360850055,2025-05-07T12:00:00Z,PM2.5,2.4,UG/M3
840360850111,2025-05-07T12:00:00Z,PM2.5,4.5,UG/M3
840360870005,2025-05-07T12:00:00Z,PM2.5,2.5,UG/M3
840361030009,2025-05-07T12:00:00Z,PM2.5,5.7,UG/M3
840361192004,2025-05-07T12:00:00Z,PM2.5,6.1,UG/M3
840421010048,2025-05-07T12:00:00Z,PM2.5,2.9,UG/M3
840421010055,2025-05-07T12:00:00Z,PM2.5,3.5,UG/M3
840421010057,2025-05-07T12:00:00Z,PM2.5,3.1,UG/M3
840421010075,2025-05-07T12:00:00Z,PM2.5,3.5,UG/M3
840999999911,2025-05-07T12:00:00Z,PM25,5.17,UG/M3
840999999913,2025-05-07T12:00:00Z,PM25,4.64,UG/M3
840999999914,2025-05-07T12:00:00Z,PM25,4.96,UG/M3
840999999915,2025-05-07T12:00:00Z,PM25,8.42,UG/M3
840999999916,2025-05-07T12:00:00Z,PM25,8.05,UG/M3
840999999918,2025-05-07T12:00:00Z,PM25,4.72,UG/M3
840999999991,2025-05-07T12:00:00Z,PM25,5.95,UG/M3
840999999992,2025-05-07T12:00:00Z,PM25,6.24,UG/M3
840999999994,2025-05-07T12:00:00Z,PM25,3.9,UG/M3
840999999995,2025-05-07T12:00:00Z,PM25,4.74,UG/M3
840999999996,2025-05-07T12:00:00Z,PM25,4.05,UG/M3
840999999997,2025-05-07T12:00:00Z,PM25,5.34,UG/M3
840999999998,2025-05-07T12:00:00Z,PM25,6.31,UG/M3
840999999999,2025-05-07T12:00:00Z,PM25,4.37,UG/M3
840090010010,2025-05-07T13:00:00Z,PM2.5,7.8,UG/M3
840090011123,2025-05-07T13:00:00Z,PM2.5,6.4,UG/M3
840090090027,2025-05-07T13:00:00Z,PM2.5,6.7,UG/M3
840090110124,2025-05-07T13:00:00Z,PM2.5,8.6,UG/M3
840340030010,2025-05-07T13:00:00Z,PM2.5,3.4,UG/M3
840340070010,2025-05-07T13:00:00Z,PM2.5,2.3,UG/M3
840340071007,2025-05-07T13:00:00Z,PM2.5,0.1,UG/M3
840340170008,2025-05-07T13:00:00Z,PM2.5,3.3,UG/M3
840340190001,2025-05-07T13:00:00Z,PM2.5,4.3,UG/M3
840340210005,2025-05-07T13:00:00Z,PM2.5,2,UG/M3
840340210008,2025-05-07T13:00:00Z,PM2.5,3.6,UG/M3
840340230011,2025-05-07T13:00:00Z,PM2.5,1.8,UG/M3
840340273001,2025-05-07T13:00:00Z,PM2.5,2.7,UG/M3
840340292002,2025-05-07T13:00:00Z,PM2.5,3.1,UG/M3
840340310005,2025-05-07T13:00:00Z,PM2.5,2.1,UG/M3
840340390004,2025-05-07T13:00:00Z,PM2.5,4.8,UG/M3
840340392003,2025-05-07T13:00:00Z,PM2.5,7.1,UG/M3
840340410007,2025-05-07T13:00:00Z,PM2.5,1.1,UG/M3
840360050080,2025-05-07T13:00:00Z,PM2.5,3.6,UG/M3
840360050110,2025-05-07T13:00:00Z,PM2.5,5.8,UG/M3
840360050112,2025-05-07T13:00:00Z,PM2.5,6.8,UG/M3
840360470052,2025-05-07T13:00:00Z,PM2.5,4.5,UG/M3
840360470118,2025-05-07T13:00:00Z,PM2.5,6.1,UG/M3
840360610115,2025-05-07T13:00:00Z,PM2.5,4.4,UG/M3
840360610135,2025-05-07T13:00:00Z,PM2.5,5.7,UG/M3
840360710002,2025-05-07T13:00:00Z,PM2.5,1.2,UG/M3
840360810120,2025-05-07T13:00:00Z,PM2.5,2,UG/M3
840360850055,2025-05-07T13:00:00Z,PM2.5,1.4,UG/M3
840360850111,2025-05-07T13:00:00Z,PM2.5,3.9,UG/M3
840360870005,2025-05-07T13:00:00Z,PM2.5,1.4,UG/M3
840361030009,2025-05-07T13:00:00Z,PM2.5,4.6,UG/M3
840361192004,2025-05-07T13:00:00Z,PM2.5,3.5,UG/M3
840421010048,2025-05-07T13:00:00Z,PM2.5,2.8,UG/M3
840421010055,2025-05-07T13:00:00Z,PM2.5,3.3,UG/M3
840421010057,2025-05-07T13:00:00Z,PM2.5,3.2,UG/M3
840421010075,2025-05-07T13:00:00Z,PM2.5,3.4,UG/M3
840999999911,2025-05-07T13:00:00Z,PM25,5.25,UG/M3
840999999913,2025-05-07T13:00:00Z,PM25,4.81,UG/M3
840999999914,2025-05-07T13:00:00Z,PM25,5.93,UG/M3
840999999915,2025-05-07T13:00:00Z,PM25,8.71,UG/M3
840999999916,2025-05-07T13:00:00Z,PM25,8.52,UG/M3
840999999918,2025-05-07T13:00:00Z,PM25,4.07,UG/M3
840999999991,2025-05-07T13:00:00Z,PM25,5.84,UG/M3
840999999992,2025-05-07T13:00:00Z,PM25,6.09,UG/M3
840999999994,2025-05-07T13:00:00Z,PM25,3.82,UG/M3
840999999995,2025-05-07T13:00:00Z,PM25,5.44,UG/M3
840999999996,2025-05-07T13:00:00Z,PM25,4.27,UG/M3
840999999997,2025-05-07T13:00:00Z,PM25,6.18,UG/M3
840999999998,2025-05-07T13:00:00Z,PM25,6.84,UG/M3
840999999999,2025-05-07T13:00:00Z,PM25,3.88,UG/M3
840090010010,2025-05-07T14:00:00Z,PM2.5,6.6,UG/M3
840090011123,2025-05-07T14:00:00Z,PM2.5,5.4,UG/M3
840090090027,2025-05-07T14:00:00Z,PM2.5,6.4,UG/M3
840090110124,2025-05-07T14:00:00Z,PM2.5,8.3,UG/M3
840340030010,2025-05-07T14:00:00Z,PM2.5,5.8,UG/M3
840340070010,2025-05-07T14:00:00Z,PM2.5,0.7,UG/M3
840340071007,2025-05-07T14:00:00Z,PM2.5,0.9,UG/M3
840340170008,2025-05-07T14:00:00Z,PM2.5,2.8,UG/M3
840340210005,2025-05-07T14:00:00Z,PM2.5,0,UG/M3
840340210008,2025-05-07T14:00:00Z,PM2.5,3.3,UG/M3
840340230011,2025-05-07T14:00:00Z,PM2.5,2.9,UG/M3
840340273001,2025-05-07T14:00:00Z,PM2.5,3.3,UG/M3
840340292002,2025-05-07T14:00:00Z,PM2.5,3.7,UG/M3
840340310005,2025-05-07T14:00:00Z,PM2.5,2.4,UG/M3
840340390004,2025-05-07T14:00:00Z,PM2.5,3.9,UG/M3
840340392003,2025-05-07T14:00:00Z,PM2.5,5.8,UG/M3
840340410007,2025-05-07T14:00:00Z,PM2.5,2.7,UG/M3
840360050080,2025-05-07T14:00:00Z,PM2.5,2.5,UG/M3
840360050110,2025-05-07T14:00:00Z,PM2.5,5.4,UG/M3
840360050112,2025-05-07T14:00:00Z,PM2.5,6.5,UG/M3
840360470052,2025-05-07T14:00:00Z,PM2.5,4.4,UG/M3
840360470118,2025-05-07T14:00:00Z,PM2.5,5.5,UG/M3
840360610115,2025-05-07T14:00:00Z,PM2.5,3.4,UG/M3
840360610135,2025-05-07T14:00:00Z,PM2.5,5.7,UG/M3
840360710002,2025-05-07T14:00:00Z,PM2.5,1.4,UG/M3
840360810120,2025-05-07T14:00:00Z,PM2.5,2.5,UG/M3
840360850055,2025-05-07T14:00:00Z,PM2.5,0.1,UG/M3
840360850111,2025-05-07T14:00:00Z,PM2.5,3.2,UG/M3
840360870005,2025-05-07T14:00:00Z,PM2.5,0.8,UG/M3
840361030009,2025-05-07T14:00:00Z,PM2.5,4.1,UG/M3
840361192004,2025-05-07T14:00:00Z,PM2.5,1.4,UG/M3
840421010048,2025-05-07T14:00:00Z,PM2.5,2.7,UG/M3
840421010055,2025-05-07T14:00:00Z,PM2.5,3,UG/M3
840421010057,2025-05-07T14:00:00Z,PM2.5,3.2,UG/M3
840421010075,2025-05-07T14:00:00Z,PM2.5,3.3,UG/M3
840999999911,2025-05-07T14:00:00Z,PM25,4.64,UG/M3
840999999913,2025-05-07T14:00:00Z,PM25,5.23,UG/M3
840999999914,2025-05-07T14:00:00Z,PM25,5.99,UG/M3
840999999915,2025-05-07T14:00:00Z,PM25,10.25,UG/M3
840999999916,2025-05-07T14:00:00Z,PM25,7.34,UG/M3
840999999918,2025-05-07T14:00:00Z,PM25,3.4,UG/M3
840999999991,2025-05-07T14:00:00Z,PM25,5.44,UG/M3
840999999992,2025-05-07T14:00:00Z,PM25,6.91,UG/M3
840999999994,2025-05-07T14:00:00Z,PM25,4.07,UG/M3
840999999995,2025-05-07T14:00:00Z,PM25,5.43,UG/M3
840999999996,2025-05-07T14:00:00Z,PM25,4.48,UG/M3
840999999997,2025-05-07T14:00:00Z,PM25,6.61,UG/M3
840999999998,2025-05-07T14:00:00Z,PM25,6.47,UG/M3
840999999999,2025-05-07T14:00:00Z,PM25,3.89,UG/M3
840090010010,2025-05-07T15:00:00Z,PM2.5,5.8,UG/M3
840090011123,2025-05-07T15:00:00Z,PM2.5,4.9,UG/M3
840090090027,2025-05-07T15:00:00Z,PM2.5,6.5,UG/M3
840090110124,2025-05-07T15:00:00Z,PM2.5,6.8,UG/M3
840340030010,2025-05-07T15:00:00Z,PM2.5,5.1,UG/M3
840340070010,2025-05-07T15:00:00Z,PM2.5,1.7,UG/M3
840340071007,2025-05-07T15:00:00Z,PM2.5,3.3,UG/M3
840340170008,2025-05-07T15:00:00Z,PM2.5,2.9,UG/M3
840340210005,2025-05-07T15:00:00Z,PM2.5,0,UG/M3
840340210008,2025-05-07T15:00:00Z,PM2.5,4.7,UG/M3
840340230011,2025-05-07T15:00:00Z,PM2.5,2.2,UG/M3
840340273001,2025-05-07T15:00:00Z,PM2.5,4.1,UG/M3
840340292002,2025-05-07T15:00:00Z,PM2.5,2.4,UG/M3
840340310005,2025-05-07T15:00:00Z,PM2.5,1.9,UG/M3
840340390004,2025-05-07T15:00:00Z,PM2.5,4.9,UG/M3
840340392003,2025-05-07T15:00:00Z,PM2.5,7.5,UG/M3
840340410007,2025-05-07T15:00:00Z,PM2.5,5.1,UG/M3
840360050080,2025-05-07T15:00:00Z,PM2.5,2,UG/M3
840360050110,2025-05-07T15:00:00Z,PM2.5,5.3,UG/M3
840360050112,2025-05-07T15:00:00Z,PM2.5,6.4,UG/M3
840360470052,2025-05-07T15:00:00Z,PM2.5,4,UG/M3
840360470118,2025-05-07T15:00:00Z,PM2.5,5.3,UG/M3
840360610115,2025-05-07T15:00:00Z,PM2.5,3.5,UG/M3
840360610135,2025-05-07T15:00:00Z,PM2.5,5.2,UG/M3
840360710002,2025-05-07T15:00:00Z,PM2.5,1.1,UG/M3
840360810120,2025-05-07T15:00:00Z,PM2.5,2.2,UG/M3
840360810124,2025-05-07T15:00:00Z,PM2.5,-999,UG/M3
840360850055,2025-05-07T15:00:00Z,PM2.5,0,UG/M3
840360850111,2025-05-07T15:00:00Z,PM2.5,2.8,UG/M3
840360870005,2025-05-07T15:00:00Z,PM2.5,1.8,UG/M3
840361030009,2025-05-07T15:00:00Z,PM2.5,3.6,UG/M3
840361192004,2025-05-07T15:00:00Z,PM2.5,0.9,UG/M3
840421010048,2025-05-07T15:00:00Z,PM2.5,2.7,UG/M3
840421010055,2025-05-07T15:00:00Z,PM2.5,3.1,UG/M3
840421010057,2025-05-07T15:00:00Z,PM2.5,3.2,UG/M3
840421010075,2025-05-07T15:00:00Z,PM2.5,3.3,UG/M3
840999999911,2025-05-07T15:00:00Z,PM25,4.84,UG/M3
840999999913,2025-05-07T15:00:00Z,PM25,4.12,UG/M3
840999999914,2025-05-07T15:00:00Z,PM25,5.68,UG/M3
840999999915,2025-05-07T15:00:00Z,PM25,10.34,UG/M3
840999999916,2025-05-07T15:00:00Z,PM25,8.8,UG/M3
840999999918,2025-05-07T15:00:00Z,PM25,3.42,UG/M3
840999999991,2025-05-07T15:00:00Z,PM25,5.12,UG/M3
840999999992,2025-05-07T15:00:00Z,PM25,6.82,UG/M3
840999999994,2025-05-07T15:00:00Z,PM25,4.43,UG/M3
840999999995,2025-05-07T15:00:00Z,PM25,4.51,UG/M3
840999999996,2025-05-07T15:00:00Z,PM25,4.42,UG/M3
840999999997,2025-05-07T15:00:00Z,PM25,7.51,UG/M3
840999999998,2025-05-07T15:00:00Z,PM25,7.88,UG/M3
840999999999,2025-05-07T15:00:00Z,PM25,3.89,UG/M3
840090010010,2025-05-07T16:00:00Z,PM2.5,5,UG/M3
840090011123,2025-05-07T16:00:00Z,PM2.5,4.7,UG/M3
840090090027,2025-05-07T16:00:00Z,PM2.5,5.4,UG/M3
840090110124,2025-05-07T16:00:00Z,PM2.5,5.8,UG/M3
840340030010,2025-05-07T16:00:00Z,PM2.5,6.3,UG/M3
840340070010,2025-05-07T16:00:00Z,PM2.5,3,UG/M3
840340071007,2025-05-07T16:00:00Z,PM2.5,3.4,UG/M3
840340170008,2025-05-07T16:00:00Z,PM2.5,3.7,UG/M3
840340210005,2025-05-07T16:00:00Z,PM2.5,0,UG/M3
840340210008,2025-05-07T16:00:00Z,PM2.5,4.3,UG/M3
840340230011,2025-05-07T16:00:00Z,PM2.5,0,UG/M3
840340273001,2025-05-07T16:00:00Z,PM2.5,3,UG/M3
840340292002,2025-05-07T16:00:00Z,PM2.5,3.9,UG/M3
840340310005,2025-05-07T16:00:00Z,PM2.5,4.3,UG/M3
840340390004,2025-05-07T16:00:00Z,PM2.5,4.4,UG/M3
840340392003,2025-05-07T16:00:00Z,PM2.5,8.6,UG/M3
840340410007,2025-05-07T16:00:00Z,PM2.5,1.4,UG/M3
840360050080,2025-05-07T16:00:00Z,PM2.5,1,UG/M3
840360050110,2025-05-07T16:00:00Z,PM2.5,4.7,UG/M3
840360050112,2025-05-07T16:00:00Z,PM2.5,5.7,UG/M3
840360470052,2025-05-07T16:00:00Z,PM2.5,3.5,UG/M3
840360470118,2025-05-07T16:00:00Z,PM2.5,4.6,UG/M3
840360610115,2025-05-07T16:00:00Z,PM2.5,1.9,UG/M3
840360610135,2025-05-07T16:00:00Z,PM2.5,4.4,UG/M3
840360710002,2025-05-07T16:00:00Z,PM2.5,0.7,UG/M3
840360810120,2025-05-07T16:00:00Z,PM2.5,2.8,UG/M3
840360810124,2025-05-07T16:00:00Z,PM2.5,4.7,UG/M3
840360850055,2025-05-07T16:00:00Z,PM2.5,0,UG/M3
840360850111,2025-05-07T16:00:00Z,PM2.5,2.5,UG/M3
840360870005,2025-05-07T16:00:00Z,PM2.5,0.5,UG/M3
840361030009,2025-05-07T16:00:00Z,PM2.5,2.9,UG/M3
840361192004,2025-05-07T16:00:00Z,PM2.5,0.8,UG/M3
840421010048,2025-05-07T16:00:00Z,PM2.5,2.6,UG/M3
840421010055,2025-05-07T16:00:00Z,PM2.5,3.2,UG/M3
840421010057,2025-05-07T16:00:00Z,PM2.5,2.9,UG/M3
840421010075,2025-05-07T16:00:00Z,PM2.5,3.3,UG/M3
840999999911,2025-05-07T16:00:00Z,PM25,4.35,UG/M3
840999999913,2025-05-07T16:00:00Z,PM25,4.89,UG/M3
840999999914,2025-05-07T16:00:00Z,PM25,4.38,UG/M3
840999999915,2025-05-07T16:00:00Z,PM25,8.98,UG/M3
840999999916,2025-05-07T16:00:00Z,PM25,6.04,UG/M3
840999999918,2025-05-07T16:00:00Z,PM25,3.23,UG/M3
840999999991,2025-05-07T16:00:00Z,PM25,4.3,UG/M3
840999999992,2025-05-07T16:00:00Z,PM25,5.64,UG/M3
840999999994,2025-05-07T16:00:00Z,PM25,4.11,UG/M3
840999999995,2025-05-07T16:00:00Z,PM25,5.16,UG/M3
840999999996,2025-05-07T16:00:00Z,PM25,3.5,UG/M3
840999999997,2025-05-07T16:00:00Z,PM25,4.63,UG/M3
840999999998,2025-05-07T16:00:00Z,PM25,5.47,UG/M3
840999999999,2025-05-07T16:00:00Z,PM25,4.27,UG/M3
840090010010,2025-05-07T17:00:00Z,PM2.5,4.5,UG/M3
840090011123,2025-05-07T17:00:00Z,PM2.5,4.6,UG/M3
840090090027,2025-05-07T17:00:00Z,PM2.5,4.5,UG/M3
840090110124,2025-05-07T17:00:00Z,PM2.5,5,UG/M3
840340030010,2025-05-07T17:00:00Z,PM2.5,5.1,UG/M3
840340070010,2025-05-07T17:00:00Z,PM2.5,0,UG/M3
840340071007,2025-05-07T17:00:00Z,PM2.5,2.1,UG/M3
840340170008,2025-05-07T17:00:00Z,PM2.5,4,UG/M3
840340210005,2025-05-07T17:00:00Z,PM2.5,0.1,UG/M3
840340210008,2025-05-07T17:00:00Z,PM2.5,3.6,UG/M3
840340230011,2025-05-07T17:00:00Z,PM2.5,0,UG/M3
840340273001,2025-05-07T17:00:00Z,PM2.5,1.6,UG/M3
840340292002,2025-05-07T17:00:00Z,PM2.5,1.9,UG/M3
840340310005,2025-05-07T17:00:00Z,PM2.5,4.4,UG/M3
840340390004,2025-05-07T17:00:00Z,PM2.5,5.3,UG/M3
840340392003,2025-05-07T17:00:00Z,PM2.5,8.4,UG/M3
840340410007,2025-05-07T17:00:00Z,PM2.5,1.3,UG/M3
840360050080,2025-05-07T17:00:00Z,PM2.5,0.5,UG/M3
840360050110,2025-05-07T17:00:00Z,PM2.5,4.6,UG/M3
840360050112,2025-05-07T17:00:00Z,PM2.5,5.5,UG/M3
840360470052,2025-05-07T17:00:00Z,PM2.5,3.1,UG/M3
840360470118,2025-05-07T17:00:00Z,PM2.5,4.2,UG/M3
840360610115,2025-05-07T17:00:00Z,PM2.5,1.2,UG/M3
840360610135,2025-05-07T17:00:00Z,PM2.5,4.1,UG/M3
840360710002,2025-05-07T17:00:00Z,PM2.5,0.6,UG/M3
840360810120,2025-05-07T17:00:00Z,PM2.5,1.9,UG/M3
840360810124,2025-05-07T17:00:00Z,PM2.5,4.4,UG/M3
840360850055,2025-05-07T17:00:00Z,PM2.5,0,UG/M3
840360850111,2025-05-07T17:00:00Z,PM2.5,2.5,UG/M3
840360870005,2025-05-07T17:00:00Z,PM2.5,0.2,UG/M3
840361030009,2025-05-07T17:00:00Z,PM2.5,2.2,UG/M3
840361192004,2025-05-07T17:00:00Z,PM2.5,0.8,UG/M3
840421010048,2025-05-07T17:00:00Z,PM2.5,2.6,UG/M3
840421010055,2025-05-07T17:00:00Z,PM2.5,3.1,UG/M3
840421010057,2025-05-07T17:00:00Z,PM2.5,3,UG/M3
840421010075,2025-05-07T17:00:00Z,PM2.5,3.3,UG/M3
840999999911,2025-05-07T17:00:00Z,PM25,4.14,UG/M3
840999999913,2025-05-07T17:00:00Z,PM25,5.54,UG/M3
840999999914,2025-05-07T17:00:00Z,PM25,4.09,UG/M3
840999999915,2025-05-07T17:00:00Z,PM25,8.56,UG/M3
840999999916,2025-05-07T17:00:00Z,PM25,10.08,UG/M3
840999999918,2025-05-07T17:00:00Z,PM25,2.64,UG/M3
840999999991,2025-05-07T17:00:00Z,PM25,4.22,UG/M3
840999999992,2025-05-07T17:00:00Z,PM25,5.53,UG/M3
840999999994,2025-05-07T17:00:00Z,PM25,4.11,UG/M3
840999999995,2025-05-07T17:00:00Z,PM25,4.53,UG/M3
840999999996,2025-05-07T17:00:00Z,PM25,5.05,UG/M3
840999999997,2025-05-07T17:00:00Z,PM25,4.79,UG/M3
840999999998,2025-05-07T17:00:00Z,PM25,4.2,UG/M3
840999999999,2025-05-07T17:00:00Z,PM25,3.93,UG/M3
840090010010,2025-05-07T18:00:00Z,PM2.5,4.6,UG/M3
840090011123,2025-05-07T18:00:00Z,PM2.5,4.4,UG/M3
840090090027,2025-05-07T18:00:00Z,PM2.5,4.7,UG/M3
840090110124,2025-05-07T18:00:00Z,PM2.5,4,UG/M3
840340030010,2025-05-07T18:00:00Z,PM2.5,3.8,UG/M3
840340070010,2025-05-07T18:00:00Z,PM2.5,3.2,UG/M3
840340071007,2025-05-07T18:00:00Z,PM2.5,2.1,UG/M3
840340170008,2025-05-07T18:00:00Z,PM2.5,2.7,UG/M3
840340210005,2025-05-07T18:00:00Z,PM2.5,0,UG/M3
840340210008,2025-05-07T18:00:00Z,PM2.5,4,UG/M3
840340230011,2025-05-07T18:00:00Z,PM2.5,1.5,UG/M3
840340273001,2025-05-07T18:00:00Z,PM2.5,5.1,UG/M3
840340292002,2025-05-07T18:00:00Z,PM2.5,2.8,UG/M3
840340310005,2025-05-07T18:00:00Z,PM2.5,2.3,UG/M3
840340390004,2025-05-07T18:00:00Z,PM2.5,4,UG/M3
840340392003,2025-05-07T18:00:00Z,PM2.5,5.3,UG/M3
840340410007,2025-05-07T18:00:00Z,PM2.5,3.4,UG/M3
840360050080,2025-05-07T18:00:00Z,PM2.5,0.7,UG/M3
840360050110,2025-05-07T18:00:00Z,PM2.5,4.4,UG/M3
840360050112,2025-05-07T18:00:00Z,PM2.5,5.1,UG/M3
840360470052,2025-05-07T18:00:00Z,PM2.5,2.9,UG/M3
840360470118,2025-05-07T18:00:00Z,PM2.5,3.9,UG/M3
840360610115,2025-05-07T18:00:00Z,PM2.5,1.7,UG/M3
840360610135,2025-05-07T18:00:00Z,PM2.5,4.1,UG/M3
840360710002,2025-05-07T18:00:00Z,PM2.5,0.1,UG/M3
840360810120,2025-05-07T18:00:00Z,PM2.5,1.8,UG/M3
840360810124,2025-05-07T18:00:00Z,PM2.5,4.1,UG/M3
840360850055,2025-05-07T18:00:00Z,PM2.5,0,UG/M3
840360850111,2025-05-07T18:00:00Z,PM2.5,2.7,UG/M3
840360870005,2025-05-07T18:00:00Z,PM2.5,0.5,UG/M3
840361030009,2025-05-07T18:00:00Z,PM2.5,2.4,UG/M3
840361192004,2025-05-07T18:00:00Z,PM2.5,1.2,UG/M3
840421010048,2025-05-07T18:00:00Z,PM2.5,2.7,UG/M3
840421010055,2025-05-07T18:00:00Z,PM2.5,3.3,UG/M3
840421010057,2025-05-07T18:00:00Z,PM2.5,3.1,UG/M3
840421010075,2025-05-07T18:00:00Z,PM2.5,3.3,UG/M3
840999999911,2025-05-07T18:00:00Z,PM25,4.12,UG/M3
840999999913,2025-05-07T18:00:00Z,PM25,5.7,UG/M3
840999999914,2025-05-07T18:00:00Z,PM25,4.44,UG/M3
840999999915,2025-05-07T18:00:00Z,PM25,9.09,UG/M3
840999999916,2025-05-07T18:00:00Z,PM25,7.3,UG/M3
840999999918,2025-05-07T18:00:00Z,PM25,2.54,UG/M3
840999999991,2025-05-07T18:00:00Z,PM25,5.22,UG/M3
840999999992,2025-05-07T18:00:00Z,PM25,4.97,UG/M3
840999999994,2025-05-07T18:00:00Z,PM25,3.86,UG/M3
840999999995,2025-05-07T18:00:00Z,PM25,5.06,UG/M3
840999999996,2025-05-07T18:00:00Z,PM25,4.7,UG/M3
840999999997,2025-05-07T18:00:00Z,PM25,4.17,UG/M3
840999999998,2025-05-07T18:00:00Z,PM25,4.64,UG/M3
840999999999,2025-05-07T18:00:00Z,PM25,4.2,UG/M3
840090010010,2025-05-07T19:00:00Z,PM2.5,4.8,UG/M3
840090011123,2025-05-07T19:00:00Z,PM2.5,4.3,UG/M3
840090090027,2025-05-07T19:00:00Z,PM2.5,4.5,UG/M3
840090110124,2025-05-07T19:00:00Z,PM2.5,3.8,UG/M3
840340030010,2025-05-07T19:00:00Z,PM2.5,4.9,UG/M3
840340070010,2025-05-07T19:00:00Z,PM2.5,2.2,UG/M3
840340071007,2025-05-07T19:00:00Z,PM2.5,2.6,UG/M3
840340170008,2025-05-07T19:00:00Z,PM2.5,3,UG/M3
840340210005,2025-05-07T19:00:00Z,PM2.5,0.9,UG/M3
840340210008,2025-05-07T19:00:00Z,PM2.5,5.2,UG/M3
840340230011,2025-05-07T19:00:00Z,PM2.5,2.2,UG/M3
840340273001,2025-05-07T19:00:00Z,PM2.5,2.2,UG/M3
840340292002,2025-05-07T19:00:00Z,PM2.5,3.5,UG/M3
840340310005,2025-05-07T19:00:00Z,PM2.5,4.4,UG/M3
840340390004,2025-05-07T19:00:00Z,PM2.5,3.8,UG/M3
840340392003,2025-05-07T19:00:00Z,PM2.5,3.4,UG/M3
840340410007,2025-05-07T19:00:00Z,PM2.5,1.6,UG/M3
840360050080,2025-05-07T19:00:00Z,PM2.5,0.5,UG/M3
840360050110,2025-05-07T19:00:00Z,PM2.5,4.7,UG/M3
840360050112,2025-05-07T19:00:00Z,PM2.5,4.9,UG/M3
840360470052,2025-05-07T19:00:00Z,PM2.5,3.1,UG/M3
840360470118,2025-05-07T19:00:00Z,PM2.5,3.9,UG/M3
840360610115,2025-05-07T19:00:00Z,PM2.5,2,UG/M3
840360610135,2025-05-07T19:00:00Z,PM2.5,4.2,UG/M3
840360710002,2025-05-07T19:00:00Z,PM2.5,0.7,UG/M3
840360810120,2025-05-07T19:00:00Z,PM2.5,0.6,UG/M3
840360810124,2025-05-07T19:00:00Z,PM2.5,3.9,UG/M3
840360850055,2025-05-07T19:00:00Z,PM2.5,0,UG/M3
840360850111,2025-05-07T19:00:00Z,PM2.5,2.9,UG/M3
840360870005,2025-05-07T19:00:00Z,PM2.5,0,UG/M3
840361030009,2025-05-07T19:00:00Z,PM2.5,2.9,UG/M3
840361192004,2025-05-07T19:00:00Z,PM2.5,1.1,UG/M3
840421010048,2025-05-07T19:00:00Z,PM2.5,2.8,UG/M3
840421010055,2025-05-07T19:00:00Z,PM2.5,3.6,UG/M3
840421010057,2025-05-07T19:00:00Z,PM2.5,3.5,UG/M3
840421010075,2025-05-07T19:00:00Z,PM2.5,3.5,UG/M3
840999999911,2025-05-07T19:00:00Z,PM25,4.15,UG/M3
840999999913,2025-05-07T19:00:00Z,PM25,6.53,UG/M3
840999999914,2025-05-07T19:00:00Z,PM25,5.45,UG/M3
840999999915,2025-05-07T19:00:00Z,PM25,8.32,UG/M3
840999999916,2025-05-07T19:00:00Z,PM25,9.06,UG/M3
840999999918,2025-05-07T19:00:00Z,PM25,2.55,UG/M3
840999999991,2025-05-07T19:00:00Z,PM25,4.81,UG/M3
840999999992,2025-05-07T19:00:00Z,PM25,4.59,UG/M3
840999999994,2025-05-07T19:00:00Z,PM25,3.9,UG/M3
840999999995,2025-05-07T19:00:00Z,PM25,5.04,UG/M3
840999999996,2025-05-07T19:00:00Z,PM25,3.88,UG/M3
840999999997,2025-05-07T19:00:00Z,PM25,4.19,UG/M3
840999999998,2025-05-07T19:00:00Z,PM25,4.62,UG/M3
840999999999,2025-05-07T19:00:00Z,PM25,3.99,UG/M3
840090010010,2025-05-07T20:00:00Z,PM2.5,5,UG/M3
840090011123,2025-05-07T20:00:00Z,PM2.5,4.2,UG/M3
840090090027,2025-05-07T20:00:00Z,PM2.5,4.6,UG/M3
840090110124,2025-05-07T20:00:00Z,PM2.5,3.7,UG/M3
840340030010,2025-05-07T20:00:00Z,PM2.5,5.8,UG/M3
840340070010,2025-05-07T20:00:00Z,PM2.5,3.9,UG/M3
840340071007,2025-05-07T20:00:00Z,PM2.5,2.5,UG/M3
840340170008,2025-05-07T20:00:00Z,PM2.5,3.5,UG/M3
840340210005,2025-05-07T20:00:00Z,PM2.5,1.2,UG/M3
840340210008,2025-05-07T20:00:00Z,PM2.5,5.5,UG/M3
840340230011,2025-05-07T20:00:00Z,PM2.5,2.4,UG/M3
840340273001,2025-05-07T20:00:00Z,PM2.5,5.9,UG/M3
840340292002,2025-05-07T20:00:00Z,PM2.5,4.4,UG/M3
840340310005,2025-05-07T20:00:00Z,PM2.5,4.7,UG/M3
840340390004,2025-05-07T20:00:00Z,PM2.5,6.1,UG/M3
840340392003,2025-05-07T20:00:00Z,PM2.5,3.4,UG/M3
840340410007,2025-05-07T20:00:00Z,PM2.5,5.8,UG/M3
840360050080,2025-05-07T20:00:00Z,PM2.5,1.9,UG/M3
840360050110,2025-05-07T20:00:00Z,PM2.5,4.6,UG/M3
840360050112,2025-05-07T20:00:00Z,PM2.5,5,UG/M3
840360470052,2025-05-07T20:00:00Z,PM2.5,3.3,UG/M3
840360470118,2025-05-07T20:00:00Z,PM2.5,4.1,UG/M3
840360610115,2025-05-07T20:00:00Z,PM2.5,3.5,UG/M3
840360610135,2025-05-07T20:00:00Z,PM2.5,4.3,UG/M3
840360710002,2025-05-07T20:00:00Z,PM2.5,1.9,UG/M3
840360810120,2025-05-07T20:00:00Z,PM2.5,2,UG/M3
840360810124,2025-05-07T20:00:00Z,PM2.5,3.8,UG/M3
840360850055,2025-05-07T20:00:00Z,PM2.5,1.9,UG/M3
840360850111,2025-05-07T20:00:00Z,PM2.5,3.1,UG/M3
840360870005,2025-05-07T20:00:00Z,PM2.5,1.4,UG/M3
840361030009,2025-05-07T20:00:00Z,PM2.5,3.2,UG/M3
840361192004,2025-05-07T20:00:00Z,PM2.5,1.8,UG/M3
840421010048,2025-05-07T20:00:00Z,PM2.5,3.3,UG/M3
840421010055,2025-05-07T20:00:00Z,PM2.5,3.9,UG/M3
840421010057,2025-05-07T20:00:00Z,PM2.5,4,UG/M3
840421010075,2025-05-07T20:00:00Z,PM2.5,3.7,UG/M3
840999999911,2025-05-07T20:00:00Z,PM25,3.65,UG/M3
840999999913,2025-05-07T20:00:00Z,PM25,5.02,UG/M3
840999999914,2025-05-07T20:00:00Z,PM25,4.52,UG/M3
840999999915,2025-05-07T20:00:00Z,PM25,9.73,UG/M3
840999999916,2025-05-07T20:00:00Z,PM25,8.52,UG/M3
840999999918,2025-05-07T20:00:00Z,PM25,3.53,UG/M3
840999999991,2025-05-07T20:00:00Z,PM25,5.43,UG/M3
840999999992,2025-05-07T20:00:00Z,PM25,5.03,UG/M3
840999999994,2025-05-07T20:00:00Z,PM25,3.7,UG/M3
840999999995,2025-05-07T20:00:00Z,PM25,4.73,UG/M3
840999999996,2025-05-07T20:00:00Z,PM25,3.93,UG/M3
840999999997,2025-05-07T20:00:00Z,PM25,3.96,UG/M3
840999999998,2025-05-07T20:00:00Z,PM25,5.13,UG/M3
840999999999,2025-05-07T20:00:00Z,PM25,3.62,UG/M3
840090010010,2025-05-07T21:00:00Z,PM2.5,5,UG/M3
840090011123,2025-05-07T21:00:00Z,PM2.5,4.3,UG/M3
840090090027,2025-05-07T21:00:00Z,PM2.5,4.7,UG/M3
840090110124,2025-05-07T21:00:00Z,PM2.5,3.6,UG/M3
840340030010,2025-05-07T21:00:00Z,PM2.5,6.9,UG/M3
840340070010,2025-05-07T21:00:00Z,PM2.5,6.1,UG/M3
840340071007,2025-05-07T21:00:00Z,PM2.5,3.7,UG/M3
840340170008,2025-05-07T21:00:00Z,PM2.5,2.1,UG/M3
840340210005,2025-05-07T21:00:00Z,PM2.5,1.2,UG/M3
840340210008,2025-05-07T21:00:00Z,PM2.5,3.2,UG/M3
840340230011,2025-05-07T21:00:00Z,PM2.5,1.7,UG/M3
840340273001,2025-05-07T21:00:00Z,PM2.5,5.9,UG/M3
840340292002,2025-05-07T21:00:00Z,PM2.5,5.1,UG/M3
840340310005,2025-05-07T21:00:00Z,PM2.5,3.8,UG/M3
840340390004,2025-05-07T21:00:00Z,PM2.5,6.4,UG/M3
840340392003,2025-05-07T21:00:00Z,PM2.5,0.2,UG/M3
840340410007,2025-05-07T21:00:00Z,PM2.5,5.2,UG/M3
840360050080,2025-05-07T21:00:00Z,PM2.5,4.8,UG/M3
840360050110,2025-05-07T21:00:00Z,PM2.5,4.3,UG/M3
840360050112,2025-05-07T21:00:00Z,PM2.5,5.1,UG/M3
840360470052,2025-05-07T21:00:00Z,PM2.5,3.6,UG/M3
840360470118,2025-05-07T21:00:00Z,PM2.5,4.5,UG/M3
840360610115,2025-05-07T21:00:00Z,PM2.5,6.5,UG/M3
840360610135,2025-05-07T21:00:00Z,PM2.5,4.3,UG/M3
840360710002,2025-05-07T21:00:00Z,PM2.5,2.5,UG/M3
840360810120,2025-05-07T21:00:00Z,PM2.5,4.6,UG/M3
840360810124,2025-05-07T21:00:00Z,PM2.5,3.9,UG/M3
840360850055,2025-05-07T21:00:00Z,PM2.5,2.4,UG/M3
840360850111,2025-05-07T21:00:00Z,PM2.5,3.3,UG/M3
840360870005,2025-05-07T21:00:00Z,PM2.5,1.9,UG/M3
840361030009,2025-05-07T21:00:00Z,PM2.5,3.1,UG/M3
840361192004,2025-05-07T21:00:00Z,PM2.5,3.1,UG/M3
840421010048,2025-05-07T21:00:00Z,PM2.5,3.7,UG/M3
840421010055,2025-05-07T21:00:00Z,PM2.5,4.1,UG/M3
840421010057,2025-05-07T21:00:00Z,PM2.5,4.3,UG/M3
840421010075,2025-05-07T21:00:00Z,PM2.5,4,UG/M3
840999999911,2025-05-07T21:00:00Z,PM25,4.77,UG/M3
840999999913,2025-05-07T21:00:00Z,PM25,4.06,UG/M3
840999999914,2025-05-07T21:00:00Z,PM25,4.17,UG/M3
840999999915,2025-05-07T21:00:00Z,PM25,8.96,UG/M3
840999999916,2025-05-07T21:00:00Z,PM25,8.67,UG/M3
840999999918,2025-05-07T21:00:00Z,PM25,4.89,UG/M3
840999999991,2025-05-07T21:00:00Z,PM25,6.17,UG/M3
840999999992,2025-05-07T21:00:00Z,PM25,5.59,UG/M3
840999999994,2025-05-07T21:00:00Z,PM25,4.12,UG/M3
840999999995,2025-05-07T21:00:00Z,PM25,7.26,UG/M3
840999999996,2025-05-07T21:00:00Z,PM25,4.99,UG/M3
840999999997,2025-05-07T21:00:00Z,PM25,3.52,UG/M3
840999999998,2025-05-07T21:00:00Z,PM25,5.56,UG/M3
840999999999,2025-05-07T21:00:00Z,PM25,4.12,UG/M3
840090010010,2025-05-07T22:00:00Z,PM2.5,5.1,UG/M3
840090011123,2025-05-07T22:00:00Z,PM2.5,4.2,UG/M3
840090090027,2025-05-07T22:00:00Z,PM2.5,4.7,UG/M3
840090110124,2025-05-07T22:00:00Z,PM2.5,3.6,UG/M3
840340030010,2025-05-07T22:00:00Z,PM2.5,5.2,UG/M3
840340070010,2025-05-07T22:00:00Z,PM2.5,7.4,UG/M3
840340071007,2025-05-07T22:00:00Z,PM2.5,5.6,UG/M3
840340170008,2025-05-07T22:00:00Z,PM2.5,3.3,UG/M3
840340190001,2025-05-07T22:00:00Z,PM2.5,-999,UG/M3
840340210005,2025-05-07T22:00:00Z,PM2.5,6.3,UG/M3
840340210008,2025-05-07T22:00:00Z,PM2.5,2.7,UG/M3
840340230011,2025-05-07T22:00:00Z,PM2.5,1.2,UG/M3
840340273001,2025-05-07T22:00:00Z,PM2.5,5.9,UG/M3
840340292002,2025-05-07T22:00:00Z,PM2.5,4,UG/M3
840340310005,2025-05-07T22:00:00Z,PM2.5,3.9,UG/M3
840340390004,2025-05-07T22:00:00Z,PM2.5,5.4,UG/M3
840340392003,2025-05-07T22:00:00Z,PM2.5,2.4,UG/M3
840340410007,2025-05-07T22:00:00Z,PM2.5,3,UG/M3
840360050080,2025-05-07T22:00:00Z,PM2.5,5.1,UG/M3
840360050110,2025-05-07T22:00:00Z,PM2.5,4.4,UG/M3
840360050112,2025-05-07T22:00:00Z,PM2.5,5.6,UG/M3
840360470052,2025-05-07T22:00:00Z,PM2.5,4,UG/M3
840360470118,2025-05-07T22:00:00Z,PM2.5,4.9,UG/M3
840360610115,2025-05-07T22:00:00Z,PM2.5,6.8,UG/M3
840360610135,2025-05-07T22:00:00Z,PM2.5,4.4,UG/M3
840360710002,2025-05-07T22:00:00Z,PM2.5,4.2,UG/M3
840360810120,2025-05-07T22:00:00Z,PM2.5,4.2,UG/M3
840360810124,2025-05-07T22:00:00Z,PM2.5,4.1,UG/M3
840360850055,2025-05-07T22:00:00Z,PM2.5,2.5,UG/M3
840360850111,2025-05-07T22:00:00Z,PM2.5,3.8,UG/M3
840360870005,2025-05-07T22:00:00Z,PM2.5,2.7,UG/M3
840361030009,2025-05-07T22:00:00Z,PM2.5,3.3,UG/M3
840361192004,2025-05-07T22:00:00Z,PM2.5,4.7,UG/M3
840421010048,2025-05-07T22:00:00Z,PM2.5,4,UG/M3
840421010055,2025-05-07T22:00:00Z,PM2.5,4.3,UG/M3
840421010057,2025-05-07T22:00:00Z,PM2.5,4.7,UG/M3
840421010075,2025-05-07T22:00:00Z,PM2.5,4.4,UG/M3
840999999911,2025-05-07T22:00:00Z,PM25,5,UG/M3
840999999913,2025-05-07T22:00:00Z,PM25,4.54,UG/M3
840999999914,2025-05-07T22:00:00Z,PM25,4.5,UG/M3
840999999915,2025-05-07T22:00:00Z,PM25,6.95,UG/M3
840999999916,2025-05-07T22:00:00Z,PM25,9.12,UG/M3
840999999918,2025-05-07T22:00:00Z,PM25,6,UG/M3
840999999991,2025-05-07T22:00:00Z,PM25,6.43,UG/M3
840999999992,2025-05-07T22:00:00Z,PM25,5.73,UG/M3
840999999994,2025-05-07T22:00:00Z,PM25,4.08,UG/M3
840999999995,2025-05-07T22:00:00Z,PM25,6.52,UG/M3
840999999996,2025-05-07T22:00:00Z,PM25,5.39,UG/M3
840999999997,2025-05-07T22:00:00Z,PM25,3.38,UG/M3
840999999998,2025-05-07T22:00:00Z,PM25,5.86,UG/M3
840999999999,2025-05-07T22:00:00Z,PM25,4.11,UG/M3
840090010010,2025-05-07T23:00:00Z,PM2.5,4.4,UG/M3
840090011123,2025-05-07T23:00:00Z,PM2.5,4.3,UG/M3
840090090027,2025-05-07T23:00:00Z,PM2.5,4.3,UG/M3
840090110124,2025-05-07T23:00:00Z,PM2.5,3.7,UG/M3
840340030010,2025-05-07T23:00:00Z,PM2.5,6.1,UG/M3
840340070010,2025-05-07T23:00:00Z,PM2.5,5,UG/M3
840340071007,2025-05-07T23:00:00Z,PM2.5,4.8,UG/M3
840340170008,2025-05-07T23:00:00Z,PM2.5,5.5,UG/M3
840340190001,2025-05-07T23:00:00Z,PM2.5,2.9,UG/M3
840340210005,2025-05-07T23:00:00Z,PM2.5,7.2,UG/M3
840340210008,2025-05-07T23:00:00Z,PM2.5,0.9,UG/M3
840340230011,2025-05-07T23:00:00Z,PM2.5,1.6,UG/M3
840340273001,2025-05-07T23:00:00Z,PM2.5,5.8,UG/M3
840340292002,2025-05-07T23:00:00Z,PM2.5,3.6,UG/M3
840340310005,2025-05-07T23:00:00Z,PM2.5,3.5,UG/M3
840340390004,2025-05-07T23:00:00Z,PM2.5,3.9,UG/M3
840340392003,2025-05-07T23:00:00Z,PM2.5,4.8,UG/M3
840340410007,2025-05-07T23:00:00Z,PM2.5,4,UG/M3
840360050080,2025-05-07T23:00:00Z,PM2.5,4.4,UG/M3
840360050110,2025-05-07T23:00:00Z,PM2.5,4.8,UG/M3
840360050112,2025-05-07T23:00:00Z,PM2.5,5.7,UG/M3
840360470052,2025-05-07T23:00:00Z,PM2.5,5,UG/M3
840360470118,2025-05-07T23:00:00Z,PM2.5,6.3,UG/M3
840360610115,2025-05-07T23:00:00Z,PM2.5,12.5,UG/M3
840360610135,2025-05-07T23:00:00Z,PM2.5,4.7,UG/M3
840360710002,2025-05-07T23:00:00Z,PM2.5,3.7,UG/M3
840360810120,2025-05-07T23:00:00Z,PM2.5,4.9,UG/M3
840360810124,2025-05-07T23:00:00Z,PM2.5,4.8,UG/M3
840360850055,2025-05-07T23:00:00Z,PM2.5,2.7,UG/M3
840360850111,2025-05-07T23:00:00Z,PM2.5,4,UG/M3
840360870005,2025-05-07T23:00:00Z,PM2.5,2.2,UG/M3
840361030009,2025-05-07T23:00:00Z,PM2.5,3.5,UG/M3
840361192004,2025-05-07T23:00:00Z,PM2.5,5,UG/M3
840421010048,2025-05-07T23:00:00Z,PM2.5,4.5,UG/M3
840421010055,2025-05-07T23:00:00Z,PM2.5,4.6,UG/M3
840421010057,2025-05-07T23:00:00Z,PM2.5,5.1,UG/M3
840421010075,2025-05-07T23:00:00Z,PM2.5,4.8,UG/M3
840999999911,2025-05-07T23:00:00Z,PM25,4.93,UG/M3
840999999913,2025-05-07T23:00:00Z,PM25,5.62,UG/M3
840999999914,2025-05-07T23:00:00Z,PM25,5.77,UG/M3
840999999915,2025-05-07T23:00:00Z,PM25,6.34,UG/M3
840999999916,2025-05-07T23:00:00Z,PM25,8.46,UG/M3
840999999918,2025-05-07T23:00:00Z,PM25,6.04,UG/M3
840999999991,2025-05-07T23:00:00Z,PM25,9.18,UG/M3
840999999992,2025-05-07T23:00:00Z,PM25,6.46,UG/M3
840999999994,2025-05-07T23:00:00Z,PM25,4.88,UG/M3
840999999995,2025-05-07T23:00:00Z,PM25,7.88,UG/M3
840999999996,2025-05-07T23:00:00Z,PM25,6.29,UG/M3
840999999997,2025-05-07T23:00:00Z,PM25,4.27,UG/M3
840999999998,2025-05-07T23:00:00Z,PM25,6.48,UG/M3
840999999999,2025-05-07T23:00:00Z,PM25,4.57,UG/M3
