geoid,wkt
250250001011,"MULTIPOLYGON (((-71.13605 42.36143, -71.13582 42.36196, -71.13571 42.36226, -71.13564 42.36242, -71.13539 42.36296, -71.13533 42.36317, -71.13456 42.36328, -71.13429 42.36332, -71.13381 42.36338, -71.13358 42.3634, -71.13334 42.36339, -71.13309 42.36338, -71.13264 42.36333, -71.13221 42.36325, -71.13179 42.36316, -71.13152 42.36309, -71.13142 42.36305, -71.13092 42.36289, -71.13037 42.3627, -71.13022 42.36269, -71.1303 42.36251, -71.13036 42.36235, -71.13041 42.36212, -71.13042 42.36196, -71.13036 42.36177, -71.13028 42.36161, -71.1301 42.36139, -71.12977 42.36107, -71.12999 42.36105, -71.13048 42.36078, -71.13051 42.36075, -71.13095 42.36051, -71.13148 42.36024, -71.13178 42.36006, -71.13195 42.36017, -71.1324 42.36047, -71.13281 42.36011, -71.13284 42.36013, -71.13287 42.36015, -71.13332 42.36025, -71.13453 42.36051, -71.13472 42.36055, -71.13576 42.36078, -71.13627 42.3609, -71.13605 42.36143)))"
250250001012,"MULTIPOLYGON (((-71.1366 42.36016, -71.13633 42.3608, -71.13627 42.3609, -71.13576 42.36078, -71.13472 42.36055, -71.13453 42.36051, -71.13332 42.36025, -71.13287 42.36015, -71.13284 42.36013, -71.13281 42.36011, -71.1324 42.36047, -71.13195 42.36017, -71.13178 42.36006, -71.13148 42.36024, -71.13095 42.36051, -71.13051 42.36075, -71.13048 42.36078, -71.12999 42.36105, -71.12977 42.36107, -71.12941 42.36079, -71.12929 42.36071, -71.12888 42.36037, -71.12897 42.36021, -71.12906 42.36008, -71.12926 42.35988, -71.12952 42.35971, -71.12978 42.35956, -71.13036 42.35929, -71.13054 42.35921, -71.13083 42.35902, -71.13099 42.35892, -71.13127 42.35872, -71.13149 42.3586, -71.13162 42.3588, -71.13184 42.35873, -71.13204 42.35865, -71.13217 42.3586, -71.13224 42.35858, -71.13248 42.35857, -71.13308 42.35856, -71.1333 42.35858, -71.1337 42.35867, -71.13516 42.35895, -71.13589 42.3591, -71.13616 42.35917, -71.13644 42.35923, -71.13696 42.35932, -71.1366 42.36016)))"
250250001021,"MULTIPOLYGON (((-71.14445 42.35871, -71.14439 42.35918, -71.14439 42.35925, -71.1443 42.36028, -71.14427 42.36078, -71.14366 42.36076, -71.14312 42.36073, -71.14295 42.36072, -71.14238 42.3607, -71.14181 42.36066, -71.14157 42.36064, -71.14088 42.36057, -71.14055 42.36053, -71.14019 42.36043, -71.13956 42.36022, -71.13924 42.3608, -71.13879 42.36069, -71.13783 42.36046, -71.13719 42.3603, -71.1366 42.36016, -71.13696 42.35932, -71.1371 42.35906, -71.13717 42.35896, -71.13729 42.35886, -71.13737 42.35876, -71.13747 42.35858, -71.13759 42.35833, -71.13784 42.35788, -71.13798 42.35761, -71.13803 42.35761, -71.13847 42.35768, -71.13988 42.35786, -71.14078 42.35798, -71.14174 42.35808, -71.14271 42.35821, -71.14354 42.35832, -71.14389 42.35836, -71.14449 42.35844, -71.14445 42.35871)))"
250250001022,"MULTIPOLYGON (((-71.1609 42.35863, -71.16049 42.35881, -71.16021 42.3589, -71.16003 42.35896, -71.15979 42.35903, -71.15947 42.35908, -71.15918 42.35908, -71.15893 42.35905, -71.15872 42.359, -71.15855 42.35895, -71.15835 42.35883, -71.15826 42.35877, -71.15794 42.35886, -71.15765 42.35892, -71.15732 42.35896, -71.15587 42.35908, -71.15478 42.35916, -71.15436 42.35924, -71.15399 42.35932, -71.15368 42.35941, -71.15327 42.35956, -71.1528 42.35977, -71.15245 42.35991, -71.1521 42.36002, -71.15185 42.36008, -71.15115 42.36019, -71.15031 42.3603, -71.14992 42.36034, -71.14941 42.36039, -71.14847 42.36053, -71.14793 42.36064, -71.14722 42.36089, -71.14669 42.3612, -71.1465 42.36136, -71.14639 42.36147, -71.14632 42.36154, -71.1463 42.36156, -71.14617 42.36166, -71.14611 42.36171, -71.14575 42.36206, -71.14537 42.36242, -71.14495 42.36272, -71.14474 42.36283, -71.14451 42.36293, -71.14423 42.36302, -71.14394 42.36309, -71.14342 42.36318, -71.142 42.36335, -71.14106 42.36348, -71.14036 42.36357, -71.13995 42.36363, -71.13955 42.3637, -71.13888 42.36384, -71.13765 42.36413, -71.13727 42.36423, -71.13628 42.36455, -71.13545 42.36485, -71.1354 42.36474, -71.1354 42.36456, -71.13536 42.3641, -71.13535 42.36406, -71.13532 42.3635, -71.13531 42.3633, -71.13533 42.36317, -71.13539 42.36296, -71.13564 42.36242, -71.13571 42.36226, -71.13582 42.36196, -71.13605 42.36143, -71.13627 42.3609, -71.13633 42.3608, -71.1366 42.36016, -71.13719 42.3603, -71.13783 42.36046, -71.13879 42.36069, -71.13924 42.3608, -71.13956 42.36022, -71.14019 42.36043, -71.14055 42.36053, -71.14088 42.36057, -71.14157 42.36064, -71.14181 42.36066, -71.14238 42.3607, -71.14295 42.36072, -71.14312 42.36073, -71.14366 42.36076, -71.14427 42.36078, -71.1443 42.36028, -71.14439 42.35925, -71.14439 42.35918, -71.14445 42.35871, -71.14449 42.35844, -71.14389 42.35836, -71.14354 42.35832, -71.14271 42.35821, -71.14174 42.35808, -71.14078 42.35798, -71.13988 42.35786, -71.13847 42.35768, -71.13803 42.35761, -71.13798 42.35761, -71.13808 42.35742, -71.13814 42.35728, -71.13819 42.35713, -71.1382 42.35709, -71.13831 42.35679, -71.13832 42.35675, -71.13835 42.35661, -71.13836 42.35656, -71.13842 42.35631, -71.1385 42.35605, -71.13859 42.35566, -71.13863 42.35544, -71.13862 42.35534, -71.13861 42.35526, -71.13861 42.35517, -71.13863 42.35506, -71.13882 42.35455, -71.13907 42.35379, -71.13962 42.35387, -71.13993 42.3539, -71.14052 42.35397, -71.14068 42.354, -71.14166 42.35426, -71.14237 42.35444, -71.14258 42.3545, -71.14335 42.35469, -71.1438 42.3548, -71.14418 42.35489, -71.14516 42.35515, -71.14562 42.35527, -71.1459 42.35534, -71.14612 42.35539, -71.14632 42.35544, -71.14659 42.35552, -71.14754 42.35575, -71.14799 42.35586, -71.14839 42.35597, -71.14841 42.35598, -71.14908 42.35615, -71.14953 42.35626, -71.15099 42.35664, -71.1513 42.35672, -71.1522 42.35695, -71.15295 42.35715, -71.15319 42.35723, -71.15345 42.35733, -71.15376 42.35753, -71.15386 42.35759, -71.15389 42.35761, -71.15396 42.35766, -71.15409 42.35776, -71.15432 42.3579, -71.1545 42.358, -71.15469 42.35814, -71.15491 42.35815, -71.15563 42.3582, -71.15595 42.35822, -71.15628 42.35823, -71.1566 42.35823, -71.15708 42.35823, -71.15732 42.35825, -71.15754 42.35829, -71.15803 42.35842, -71.15818 42.35846, -71.1583 42.35848, -71.1584 42.3585, -71.15895 42.35859, -71.15939 42.35859, -71.16009 42.35858, -71.16044 42.35857, -71.16055 42.35857, -71.16068 42.35858, -71.1609 42.35863)))"
250250002011,"MULTIPOLYGON (((-71.16244 42.35597, -71.16233 42.35633, -71.16227 42.35653, -71.16209 42.35733, -71.16208 42.35735, -71.16205 42.35743, -71.16203 42.35751, -71.16199 42.35767, -71.1619 42.358, -71.16177 42.35818, -71.16157 42.35826, -71.16146 42.35832, -71.16124 42.35843, -71.16103 42.35855, -71.1609 42.35863, -71.16068 42.35858, -71.16055 42.35857, -71.16044 42.35857, -71.16009 42.35858, -71.15939 42.35859, -71.15895 42.35859, -71.1584 42.3585, -71.1583 42.35848, -71.15818 42.35846, -71.15803 42.35842, -71.15754 42.35829, -71.15732 42.35825, -71.15708 42.35823, -71.1566 42.35823, -71.15628 42.35823, -71.15595 42.35822, -71.15563 42.3582, -71.15491 42.35815, -71.15469 42.35814, -71.1545 42.358, -71.15432 42.3579, -71.15409 42.35776, -71.15396 42.35766, -71.15389 42.35761, -71.15386 42.35759, -71.15376 42.35753, -71.15382 42.35732, -71.15389 42.35714, -71.15404 42.35673, -71.15427 42.35607, -71.15433 42.35568, -71.155 42.35574, -71.15525 42.35573, -71.15547 42.3557, -71.15568 42.35563, -71.15585 42.35555, -71.15614 42.35535, -71.15641 42.35507, -71.15671 42.35473, -71.15708 42.35451, -71.15747 42.35434, -71.15806 42.35407, -71.1581 42.35419, -71.15838 42.35479, -71.16024 42.35511, -71.16103 42.35526, -71.16167 42.35537, -71.16256 42.35553, -71.16244 42.35597)))"
250250002012,"MULTIPOLYGON (((-71.16311 42.35296, -71.163 42.35361, -71.16297 42.35379, -71.16278 42.35482, -71.16261 42.35538, -71.16256 42.35553, -71.16167 42.35537, -71.16103 42.35526, -71.16024 42.35511, -71.15838 42.35479, -71.1581 42.35419, -71.15806 42.35407, -71.1585 42.35387, -71.15859 42.35381, -71.15901 42.35353, -71.15973 42.35297, -71.15987 42.35286, -71.16005 42.35276, -71.16018 42.35269, -71.16057 42.35267, -71.16111 42.35263, -71.1616 42.35258, -71.16199 42.35255, -71.16237 42.35249, -71.1629 42.35244, -71.16318 42.35241, -71.16311 42.35296)))"
250250002013,"MULTIPOLYGON (((-71.16782 42.35328, -71.16775 42.35351, -71.16764 42.35379, -71.16711 42.35371, -71.16651 42.35359, -71.16587 42.35346, -71.16562 42.35343, -71.16532 42.35336, -71.1652 42.35332, -71.16509 42.35325, -71.16502 42.35319, -71.16487 42.35352, -71.1648 42.35367, -71.16466 42.35386, -71.16457 42.35413, -71.1645 42.35445, -71.1643 42.35528, -71.16422 42.35552, -71.16337 42.3551, -71.16278 42.35482, -71.16297 42.35379, -71.163 42.35361, -71.16311 42.35296, -71.16318 42.35241, -71.1629 42.35244, -71.16295 42.35068, -71.16303 42.34987, -71.16309 42.34904, -71.16333 42.34911, -71.16339 42.34913, -71.16374 42.34933, -71.16427 42.34966, -71.1645 42.34981, -71.16473 42.34996, -71.16486 42.35004, -71.16513 42.35017, -71.16539 42.35027, -71.16555 42.35031, -71.16613 42.35043, -71.16664 42.3505, -71.16739 42.35057, -71.1676 42.3506, -71.1676 42.35079, -71.16758 42.35121, -71.16769 42.35194, -71.16775 42.3526, -71.16781 42.35284, -71.16783 42.35319, -71.16782 42.35328)))"
250250002014,"MULTIPOLYGON (((-71.16303 42.34987, -71.16295 42.35068, -71.1629 42.35244, -71.16237 42.35249, -71.16199 42.35255, -71.1616 42.35258, -71.16111 42.35263, -71.16057 42.35267, -71.16051 42.35254, -71.1603 42.35214, -71.16036 42.35093, -71.16039 42.34964, -71.16044 42.34892, -71.1613 42.34896, -71.16162 42.34896, -71.16214 42.34899, -71.16242 42.349, -71.16276 42.34902, -71.16309 42.34904, -71.16303 42.34987)))"
250250002021,"MULTIPOLYGON (((-71.16039 42.34964, -71.16036 42.35093, -71.1603 42.35214, -71.16017 42.35188, -71.1598 42.35189, -71.15874 42.3519, -71.15807 42.35192, -71.15753 42.35191, -71.15662 42.35189, -71.15625 42.35185, -71.1559 42.35179, -71.1555 42.35171, -71.15494 42.3516, -71.15502 42.35142, -71.1553 42.35059, -71.15549 42.34993, -71.15575 42.34911, -71.15648 42.34911, -71.15708 42.34909, -71.15739 42.34909, -71.15781 42.34907, -71.15802 42.34905, -71.15824 42.34903, -71.15865 42.34898, -71.15883 42.34895, -71.159 42.34893, -71.15916 42.34891, -71.15933 42.3489, -71.15961 42.34889, -71.1599 42.34889, -71.16044 42.34892, -71.16039 42.34964)))"
250250002022,"MULTIPOLYGON (((-71.16057 42.35267, -71.16018 42.35269, -71.16005 42.35276, -71.15987 42.35286, -71.15973 42.35297, -71.15901 42.35353, -71.15859 42.35381, -71.1585 42.35387, -71.15806 42.35407, -71.15747 42.35434, -71.15708 42.35451, -71.15671 42.35473, -71.15641 42.35507, -71.15614 42.35535, -71.15575 42.35497, -71.15486 42.35411, -71.15425 42.35353, -71.15413 42.35332, -71.15411 42.35315, -71.15414 42.35293, -71.15423 42.35271, -71.15443 42.3524, -71.15479 42.35187, -71.15494 42.3516, -71.1555 42.35171, -71.1559 42.35179, -71.15625 42.35185, -71.15662 42.35189, -71.15753 42.35191, -71.15807 42.35192, -71.15874 42.3519, -71.1598 42.35189, -71.16017 42.35188, -71.1603 42.35214, -71.16051 42.35254, -71.16057 42.35267)))"
250250002023,"MULTIPOLYGON (((-71.15585 42.35555, -71.15568 42.35563, -71.15547 42.3557, -71.15525 42.35573, -71.155 42.35574, -71.15433 42.35568, -71.15427 42.35607, -71.15404 42.35673, -71.15389 42.35714, -71.15382 42.35732, -71.15376 42.35753, -71.15345 42.35733, -71.15319 42.35723, -71.15295 42.35715, -71.1522 42.35695, -71.1513 42.35672, -71.15099 42.35664, -71.14953 42.35626, -71.14908 42.35615, -71.14954 42.35546, -71.14981 42.35503, -71.14996 42.3548, -71.15009 42.35461, -71.15036 42.35419, -71.15053 42.35389, -71.15071 42.3536, -71.15088 42.35335, -71.15039 42.35324, -71.14928 42.35294, -71.14864 42.35278, -71.1481 42.35264, -71.14726 42.35243, -71.14674 42.35229, -71.14714 42.35157, -71.14728 42.35136, -71.14736 42.35119, -71.14786 42.35034, -71.14802 42.35039, -71.14907 42.35074, -71.15027 42.35112, -71.15095 42.35132, -71.15192 42.35164, -71.1521 42.35134, -71.15238 42.3509, -71.15282 42.35024, -71.15296 42.35004, -71.15307 42.34989, -71.15333 42.34958, -71.15342 42.34946, -71.15345 42.34915, -71.15402 42.34914, -71.15444 42.34914, -71.15471 42.34913, -71.15522 42.34913, -71.15575 42.34911, -71.15549 42.34993, -71.1553 42.35059, -71.15502 42.35142, -71.15494 42.3516, -71.15479 42.35187, -71.15443 42.3524, -71.15423 42.35271, -71.15414 42.35293, -71.15411 42.35315, -71.15413 42.35332, -71.15425 42.35353, -71.15486 42.35411, -71.15575 42.35497, -71.15614 42.35535, -71.15585 42.35555)))"
250250003011,"MULTIPOLYGON (((-71.17117 42.35632, -71.171 42.3565, -71.17066 42.35685, -71.1704 42.35712, -71.17006 42.35747, -71.1699 42.35763, -71.16989 42.35764, -71.16947 42.35805, -71.1677 42.35798, -71.16635 42.35796, -71.16578 42.35795, -71.16337 42.35794, -71.16289 42.35795, -71.16256 42.35799, -71.16213 42.35806, -71.16187 42.35814, -71.16177 42.35818, -71.1619 42.358, -71.16199 42.35767, -71.16203 42.35751, -71.16205 42.35743, -71.16208 42.35735, -71.16209 42.35733, -71.16227 42.35653, -71.16233 42.35633, -71.16244 42.35597, -71.16256 42.35553, -71.16261 42.35538, -71.16278 42.35482, -71.16337 42.3551, -71.16422 42.35552, -71.1643 42.35528, -71.1645 42.35445, -71.16457 42.35413, -71.16466 42.35386, -71.1648 42.35367, -71.16487 42.35352, -71.16502 42.35319, -71.16509 42.35325, -71.1652 42.35332, -71.16532 42.35336, -71.16562 42.35343, -71.16587 42.35346, -71.16651 42.35359, -71.16711 42.35371, -71.16764 42.35379, -71.16757 42.35393, -71.1674 42.35449, -71.16722 42.35496, -71.16716 42.35515, -71.16695 42.35575, -71.16682 42.35607, -71.16677 42.35628, -71.1666 42.35683, -71.16679 42.35681, -71.16697 42.35675, -71.16718 42.35664, -71.16747 42.35642, -71.16775 42.35626, -71.16805 42.35611, -71.1683 42.356, -71.16854 42.35593, -71.16881 42.35589, -71.16922 42.35588, -71.16945 42.3559, -71.16954 42.35594, -71.16969 42.35609, -71.17019 42.35608, -71.17097 42.35609, -71.17139 42.35609, -71.17117 42.35632)))"
250250003012,"MULTIPOLYGON (((-71.17392 42.35346, -71.17353 42.35386, -71.17289 42.35453, -71.17277 42.35465, -71.17269 42.35473, -71.17258 42.35485, -71.17231 42.35513, -71.17155 42.35592, -71.17139 42.35609, -71.17097 42.35609, -71.17019 42.35608, -71.16969 42.35609, -71.16954 42.35594, -71.16945 42.3559, -71.16922 42.35588, -71.16881 42.35589, -71.16854 42.35593, -71.1683 42.356, -71.16805 42.35611, -71.16775 42.35626, -71.16747 42.35642, -71.16718 42.35664, -71.16697 42.35675, -71.16679 42.35681, -71.1666 42.35683, -71.16677 42.35628, -71.16682 42.35607, -71.16695 42.35575, -71.16716 42.35515, -71.16722 42.35496, -71.1674 42.35449, -71.16757 42.35393, -71.16764 42.35379, -71.16775 42.35351, -71.16782 42.35328, -71.16783 42.35319, -71.16781 42.35284, -71.16816 42.35288, -71.16887 42.35301, -71.16941 42.35311, -71.1696 42.35315, -71.17029 42.35245, -71.17064 42.35269, -71.17101 42.35305, -71.17166 42.35368, -71.17203 42.35404, -71.17239 42.35436, -71.17278 42.35398, -71.17352 42.35318, -71.17387 42.35336, -71.17391 42.35338, -71.17394 42.3534, -71.17392 42.35346)))"
250250003013,"MULTIPOLYGON (((-71.17278 42.35398, -71.17239 42.35436, -71.17203 42.35404, -71.17166 42.35368, -71.17101 42.35305, -71.17064 42.35269, -71.17029 42.35245, -71.1696 42.35315, -71.16941 42.35311, -71.16887 42.35301, -71.16816 42.35288, -71.16781 42.35284, -71.16775 42.3526, -71.16769 42.35194, -71.16758 42.35121, -71.1676 42.35079, -71.1676 42.3506, -71.16775 42.35062, -71.16788 42.35065, -71.16811 42.35066, -71.16825 42.35066, -71.16842 42.35066, -71.16871 42.35085, -71.16896 42.35102, -71.16908 42.35107, -71.16925 42.35114, -71.16979 42.35134, -71.16997 42.35141, -71.1703 42.35155, -71.17086 42.35183, -71.17175 42.35228, -71.17261 42.35271, -71.17352 42.35318, -71.17278 42.35398)))"
250250003014,"MULTIPOLYGON (((-71.17485 42.35034, -71.1748 42.35051, -71.17475 42.35066, -71.17471 42.35082, -71.17464 42.35103, -71.17463 42.35108, -71.17457 42.35127, -71.17446 42.35163, -71.17444 42.35172, -71.1744 42.35183, -71.17438 42.35193, -71.1743 42.35216, -71.17426 42.35231, -71.17413 42.35274, -71.17403 42.35308, -71.174 42.35319, -71.17394 42.3534, -71.17391 42.35338, -71.17387 42.35336, -71.17352 42.35318, -71.17261 42.35271, -71.17175 42.35228, -71.17086 42.35183, -71.1703 42.35155, -71.16997 42.35141, -71.16979 42.35134, -71.16925 42.35114, -71.16908 42.35107, -71.16896 42.35102, -71.16871 42.35085, -71.16842 42.35066, -71.16825 42.35066, -71.16811 42.35066, -71.16835 42.35035, -71.16864 42.34998, -71.16885 42.34974, -71.16898 42.34964, -71.16937 42.34951, -71.1697 42.34941, -71.16993 42.34938, -71.17011 42.34939, -71.1703 42.34943, -71.17056 42.3495, -71.1711 42.3497, -71.17156 42.34985, -71.17173 42.34991, -71.17191 42.34995, -71.17217 42.34998, -71.17223 42.34999, -71.17244 42.35001, -71.17283 42.35005, -71.17287 42.35005, -71.17458 42.35024, -71.1748 42.35027, -71.1748 42.35028, -71.17485 42.35034)))"
250250003021,"MULTIPOLYGON (((-71.1748 42.35027, -71.17458 42.35024, -71.17287 42.35005, -71.17283 42.35005, -71.17244 42.35001, -71.17223 42.34999, -71.17217 42.34998, -71.17191 42.34995, -71.17173 42.34991, -71.17156 42.34985, -71.1711 42.3497, -71.17056 42.3495, -71.1703 42.34943, -71.17011 42.34939, -71.16993 42.34938, -71.1697 42.34941, -71.16937 42.34951, -71.16898 42.34964, -71.16885 42.34974, -71.16864 42.34998, -71.16835 42.35035, -71.16811 42.35066, -71.16788 42.35065, -71.16775 42.35062, -71.1676 42.3506, -71.16739 42.35057, -71.16664 42.3505, -71.16613 42.35043, -71.16555 42.35031, -71.16539 42.35027, -71.16513 42.35017, -71.16486 42.35004, -71.16473 42.34996, -71.1645 42.34981, -71.16427 42.34966, -71.16374 42.34933, -71.16339 42.34913, -71.16333 42.34911, -71.16309 42.34904, -71.16276 42.34902, -71.16242 42.349, -71.16214 42.34899, -71.16162 42.34896, -71.1613 42.34896, -71.16044 42.34892, -71.16084 42.34835, -71.16131 42.34758, -71.16146 42.34735, -71.16168 42.34701, -71.16202 42.34651, -71.16212 42.34637, -71.16261 42.34639, -71.16374 42.3464, -71.16488 42.34643, -71.16665 42.34655, -71.16696 42.34658, -71.16729 42.34661, -71.16766 42.34664, -71.16773 42.34677, -71.16778 42.34682, -71.16821 42.347, -71.16841 42.34713, -71.16866 42.34733, -71.1692 42.34788, -71.16955 42.34822, -71.16966 42.34837, -71.16996 42.34854, -71.17025 42.34877, -71.17043 42.34888, -71.17056 42.34895, -71.17082 42.34905, -71.17134 42.3492, -71.17163 42.34927, -71.17219 42.34936, -71.17227 42.34937, -71.17286 42.34943, -71.17353 42.3495, -71.17427 42.34958, -71.17471 42.35016, -71.1748 42.35027)))"
250250003022,"MULTIPOLYGON (((-71.17353 42.3495, -71.17286 42.34943, -71.17227 42.34937, -71.17219 42.34936, -71.17163 42.34927, -71.17134 42.3492, -71.17082 42.34905, -71.17056 42.34895, -71.17043 42.34888, -71.17025 42.34877, -71.16996 42.34854, -71.16966 42.34837, -71.16955 42.34822, -71.1692 42.34788, -71.16866 42.34733, -71.16841 42.34713, -71.16821 42.347, -71.16778 42.34682, -71.16773 42.34677, -71.16766 42.34664, -71.16729 42.34661, -71.16696 42.34658, -71.16665 42.34655, -71.16488 42.34643, -71.16374 42.3464, -71.16261 42.34639, -71.16212 42.34637, -71.16225 42.34622, -71.16246 42.34591, -71.16273 42.34558, -71.16289 42.34542, -71.16315 42.34525, -71.16336 42.34511, -71.16349 42.34499, -71.16362 42.34486, -71.1638 42.34459, -71.16403 42.34417, -71.16421 42.34393, -71.16443 42.34368, -71.16483 42.34329, -71.16532 42.34267, -71.16584 42.34187, -71.166 42.34159, -71.16605 42.34147, -71.1661 42.34112, -71.16611 42.34081, -71.16612 42.34059, -71.16613 42.34043, -71.16613 42.34009, -71.16655 42.34004, -71.16657 42.34003, -71.1667 42.34001, -71.16669 42.34007, -71.16668 42.3401, -71.16699 42.34046, -71.16812 42.34192, -71.16832 42.34217, -71.16942 42.34353, -71.17 42.34425, -71.1719 42.34665, -71.17232 42.34717, -71.17317 42.34821, -71.17342 42.34853, -71.17427 42.34958, -71.17353 42.3495)))"
250250004011,"MULTIPOLYGON (((-71.14726 42.34271, -71.14723 42.34278, -71.14713 42.34287, -71.147 42.34292, -71.14683 42.34296, -71.14658 42.34301, -71.14639 42.34311, -71.14627 42.34317, -71.14599 42.34338, -71.14512 42.34412, -71.14489 42.34431, -71.14468 42.34448, -71.14454 42.34462, -71.14373 42.34419, -71.14311 42.34388, -71.14343 42.34345, -71.14359 42.34322, -71.14365 42.34314, -71.14382 42.34298, -71.14407 42.34274, -71.14436 42.34253, -71.14473 42.34232, -71.14512 42.34214, -71.14548 42.34201, -71.14592 42.3419, -71.14611 42.34186, -71.14646 42.34181, -71.14674 42.34179, -71.14701 42.34178, -71.14704 42.34194, -71.14713 42.34222, -71.14725 42.34253, -71.14726 42.34263, -71.14726 42.34271)))"
250250004012,"MULTIPOLYGON (((-71.15015 42.34335, -71.15008 42.34357, -71.15002 42.3437, -71.15001 42.34381, -71.14998 42.34412, -71.15002 42.34438, -71.15004 42.34455, -71.14986 42.34463, -71.14965 42.34466, -71.14951 42.34466, -71.14927 42.34465, -71.14902 42.34459, -71.14863 42.34449, -71.14806 42.34432, -71.14779 42.34426, -71.14732 42.34485, -71.14711 42.34508, -71.14693 42.34531, -71.14666 42.34564, -71.14659 42.34573, -71.14647 42.34589, -71.14624 42.34611, -71.1461 42.34599, -71.14586 42.34575, -71.14566 42.34552, -71.14556 42.34541, -71.14534 42.3452, -71.14505 42.34496, -71.14454 42.34462, -71.14468 42.34448, -71.14489 42.34431, -71.14512 42.34412, -71.14599 42.34338, -71.14627 42.34317, -71.14639 42.34311, -71.14658 42.34301, -71.14683 42.34296, -71.147 42.34292, -71.14713 42.34287, -71.14723 42.34278, -71.14726 42.34271, -71.14726 42.34263, -71.14725 42.34253, -71.14713 42.34222, -71.14704 42.34194, -71.14701 42.34178, -71.14731 42.34178, -71.14763 42.3418, -71.14807 42.34183, -71.14863 42.34181, -71.1488 42.34203, -71.14892 42.34214, -71.14904 42.3422, -71.14917 42.34224, -71.1494 42.34226, -71.14953 42.34226, -71.14936 42.34293, -71.14955 42.34293, -71.14979 42.34295, -71.14997 42.343, -71.15004 42.34305, -71.15013 42.34314, -71.15015 42.34325, -71.15015 42.34335)))"
250250004013,"MULTIPOLYGON (((-71.15304 42.34516, -71.15295 42.34541, -71.15291 42.34564, -71.15294 42.34583, -71.153 42.346, -71.15307 42.34615, -71.15281 42.34616, -71.15245 42.3461, -71.15165 42.34591, -71.15123 42.34581, -71.15101 42.3462, -71.1509 42.34639, -71.15069 42.34671, -71.15007 42.34768, -71.14975 42.34819, -71.14937 42.34775, -71.14905 42.34746, -71.14865 42.3472, -71.14834 42.34702, -71.14804 42.34686, -71.14774 42.34675, -71.14732 42.34658, -71.14651 42.34625, -71.14635 42.34617, -71.14624 42.34611, -71.14647 42.34589, -71.14659 42.34573, -71.14666 42.34564, -71.14693 42.34531, -71.14711 42.34508, -71.14732 42.34485, -71.14779 42.34426, -71.14806 42.34432, -71.14863 42.34449, -71.14902 42.34459, -71.14927 42.34465, -71.14951 42.34466, -71.14965 42.34466, -71.14986 42.34463, -71.15004 42.34455, -71.15016 42.34469, -71.15032 42.3448, -71.15059 42.34489, -71.15102 42.34499, -71.15128 42.34464, -71.15225 42.34491, -71.15307 42.34511, -71.15304 42.34516)))"
250250004014,"MULTIPOLYGON (((-71.15473 42.34121, -71.15455 42.34156, -71.15436 42.34184, -71.1542 42.34206, -71.15384 42.34259, -71.15363 42.34293, -71.15346 42.34318, -71.15342 42.34329, -71.15339 42.34348, -71.15342 42.34381, -71.15345 42.34395, -71.15346 42.34414, -71.15343 42.34432, -71.15337 42.3445, -71.15327 42.34465, -71.15307 42.34511, -71.15225 42.34491, -71.15128 42.34464, -71.15102 42.34499, -71.15059 42.34489, -71.15032 42.3448, -71.15016 42.34469, -71.15004 42.34455, -71.15002 42.34438, -71.14998 42.34412, -71.15001 42.34381, -71.15002 42.3437, -71.15008 42.34357, -71.15015 42.34335, -71.15015 42.34325, -71.15013 42.34314, -71.15004 42.34305, -71.14997 42.343, -71.14979 42.34295, -71.14955 42.34293, -71.14936 42.34293, -71.14953 42.34226, -71.1494 42.34226, -71.14917 42.34224, -71.14904 42.3422, -71.14892 42.34214, -71.1488 42.34203, -71.14863 42.34181, -71.14884 42.34178, -71.14929 42.34169, -71.14966 42.34158, -71.14997 42.34147, -71.15027 42.34132, -71.1504 42.34122, -71.15049 42.34105, -71.15092 42.34076, -71.15115 42.3406, -71.15131 42.34048, -71.15138 42.34042, -71.15165 42.34054, -71.15196 42.3406, -71.1522 42.34062, -71.15262 42.34063, -71.15311 42.3407, -71.15353 42.34079, -71.15378 42.34085, -71.15406 42.34098, -71.15446 42.3412, -71.15454 42.34123, -71.15462 42.34123, -71.15473 42.34121)))"
250250004021,"MULTIPOLYGON (((-71.15958 42.34036, -71.15928 42.34089, -71.15904 42.34134, -71.15895 42.34151, -71.15867 42.34198, -71.15854 42.34215, -71.15829 42.34257, -71.15814 42.34281, -71.15803 42.34297, -71.15798 42.34309, -71.1579 42.34325, -71.15786 42.3434, -71.15783 42.34357, -71.15782 42.34406, -71.15781 42.34413, -71.1578 42.34423, -71.15778 42.34431, -71.15772 42.34459, -71.15704 42.3445, -71.15665 42.34442, -71.1562 42.34432, -71.15603 42.34427, -71.1559 42.34423, -71.15586 42.34422, -71.15546 42.34408, -71.15507 42.34391, -71.15489 42.34376, -71.15481 42.34367, -71.15468 42.3436, -71.15384 42.34333, -71.15346 42.34318, -71.15363 42.34293, -71.15384 42.34259, -71.1542 42.34206, -71.15436 42.34184, -71.15455 42.34156, -71.15473 42.34121, -71.15491 42.34097, -71.15526 42.34043, -71.15529 42.34034, -71.15554 42.34026, -71.15568 42.34024, -71.15607 42.34016, -71.15662 42.34002, -71.15718 42.33987, -71.15753 42.33978, -71.15788 42.33973, -71.15896 42.33995, -71.15976 42.34006, -71.15958 42.34036)))"
250250004022,"MULTIPOLYGON (((-71.16613 42.34043, -71.16612 42.34059, -71.16611 42.34081, -71.1661 42.34112, -71.16605 42.34147, -71.166 42.34159, -71.16584 42.34187, -71.16532 42.34267, -71.16483 42.34329, -71.16443 42.34368, -71.16421 42.34393, -71.16403 42.34417, -71.1638 42.34459, -71.16362 42.34486, -71.16349 42.34499, -71.16336 42.34511, -71.16315 42.34525, -71.16289 42.34542, -71.16273 42.34558, -71.16246 42.34591, -71.16225 42.34622, -71.16212 42.34637, -71.16202 42.34651, -71.16168 42.34701, -71.16146 42.34735, -71.16131 42.34758, -71.16043 42.34733, -71.15964 42.34709, -71.15942 42.34696, -71.15933 42.34692, -71.15895 42.34682, -71.15823 42.34663, -71.15823 42.34652, -71.15821 42.34639, -71.1581 42.34609, -71.15789 42.34577, -71.15778 42.34555, -71.15772 42.34532, -71.15769 42.34512, -71.15768 42.3449, -71.15769 42.34481, -71.1577 42.34469, -71.15772 42.34459, -71.15778 42.34431, -71.1578 42.34423, -71.15781 42.34413, -71.15782 42.34406, -71.15783 42.34357, -71.15786 42.3434, -71.1579 42.34325, -71.15798 42.34309, -71.15803 42.34297, -71.15814 42.34281, -71.15829 42.34257, -71.15854 42.34215, -71.15867 42.34198, -71.15895 42.34151, -71.15904 42.34134, -71.15928 42.34089, -71.15958 42.34036, -71.15976 42.34006, -71.16062 42.34013, -71.16105 42.34014, -71.16109 42.34014, -71.16117 42.34015, -71.16147 42.34016, -71.16153 42.34016, -71.16159 42.34016, -71.16161 42.34016, -71.16288 42.3402, -71.16352 42.34022, -71.16413 42.34022, -71.16429 42.34022, -71.16458 42.34022, -71.1649 42.34021, -71.16556 42.34016, -71.16613 42.34009, -71.16613 42.34043)))"
250250004023,"MULTIPOLYGON (((-71.16084 42.34835, -71.16044 42.34892, -71.1599 42.34889, -71.15961 42.34889, -71.15933 42.3489, -71.15916 42.34891, -71.159 42.34893, -71.15883 42.34895, -71.15865 42.34898, -71.15824 42.34903, -71.15802 42.34905, -71.15781 42.34907, -71.15739 42.34909, -71.15708 42.34909, -71.15648 42.34911, -71.15575 42.34911, -71.15522 42.34913, -71.15471 42.34913, -71.15444 42.34914, -71.15402 42.34914, -71.15345 42.34915, -71.15348 42.34886, -71.15351 42.34878, -71.15372 42.34846, -71.15384 42.34828, -71.15395 42.34808, -71.15399 42.34793, -71.154 42.34779, -71.15395 42.34755, -71.15379 42.34726, -71.15345 42.34678, -71.15335 42.34664, -71.15307 42.34615, -71.153 42.346, -71.15294 42.34583, -71.15291 42.34564, -71.15295 42.34541, -71.15304 42.34516, -71.15307 42.34511, -71.15327 42.34465, -71.15337 42.3445, -71.15343 42.34432, -71.15346 42.34414, -71.15345 42.34395, -71.15342 42.34381, -71.15339 42.34348, -71.15342 42.34329, -71.15346 42.34318, -71.15384 42.34333, -71.15468 42.3436, -71.15481 42.34367, -71.15489 42.34376, -71.15507 42.34391, -71.15546 42.34408, -71.15586 42.34422, -71.1559 42.34423, -71.15603 42.34427, -71.1562 42.34432, -71.15665 42.34442, -71.15704 42.3445, -71.15772 42.34459, -71.1577 42.34469, -71.15769 42.34481, -71.15768 42.3449, -71.15769 42.34512, -71.15772 42.34532, -71.15778 42.34555, -71.15789 42.34577, -71.1581 42.34609, -71.15821 42.34639, -71.15823 42.34652, -71.15823 42.34663, -71.15895 42.34682, -71.15933 42.34692, -71.15942 42.34696, -71.15964 42.34709, -71.16043 42.34733, -71.16131 42.34758, -71.16084 42.34835)))"
250250005021,"MULTIPOLYGON (((-71.15734 42.33144, -71.15729 42.3315, -71.15719 42.33159, -71.15695 42.33162, -71.1567 42.33167, -71.15644 42.33177, -71.15604 42.33198, -71.15554 42.3322, -71.15529 42.33236, -71.15493 42.33262, -71.15468 42.33287, -71.15465 42.33291, -71.15449 42.33312, -71.15429 42.33348, -71.15408 42.33398, -71.15398 42.33418, -71.15377 42.33465, -71.15354 42.33514, -71.15346 42.33527, -71.15333 42.33543, -71.15313 42.33559, -71.15288 42.33574, -71.15271 42.33581, -71.15251 42.33587, -71.15213 42.33593, -71.15164 42.33598, -71.15128 42.33598, -71.15116 42.33617, -71.15126 42.33634, -71.15226 42.33718, -71.15162 42.3373, -71.15066 42.33749, -71.14984 42.33767, -71.1501 42.33719, -71.15031 42.33684, -71.15008 42.33684, -71.14948 42.33693, -71.14935 42.33699, -71.1492 42.33709, -71.14896 42.3372, -71.1487 42.33727, -71.14774 42.33745, -71.14735 42.33751, -71.14728 42.33726, -71.14727 42.3372, -71.14874 42.33687, -71.14871 42.33679, -71.14858 42.33649, -71.14856 42.33642, -71.14852 42.33633, -71.14849 42.33627, -71.14848 42.33625, -71.14847 42.33623, -71.1483 42.33581, -71.14853 42.33575, -71.1496 42.3355, -71.14965 42.33549, -71.15006 42.33539, -71.1501 42.33528, -71.15013 42.33521, -71.15046 42.33497, -71.14996 42.33469, -71.14985 42.33463, -71.15496 42.33162, -71.15626 42.33085, -71.15631 42.33091, -71.15636 42.33095, -71.15649 42.33104, -71.15659 42.33108, -71.15671 42.3311, -71.15702 42.33114, -71.15714 42.33117, -71.15719 42.33119, -71.15725 42.33122, -71.15741 42.33131, -71.15734 42.33144)))"
250250005022,"MULTIPOLYGON (((-71.16613 42.34009, -71.16556 42.34016, -71.1649 42.34021, -71.16458 42.34022, -71.16429 42.34022, -71.16413 42.34022, -71.16352 42.34022, -71.16288 42.3402, -71.16161 42.34016, -71.16159 42.34016, -71.16153 42.34016, -71.16147 42.34016, -71.16117 42.34015, -71.16109 42.34014, -71.16105 42.34014, -71.16062 42.34013, -71.15976 42.34006, -71.15896 42.33995, -71.15788 42.33973, -71.15762 42.33966, -71.15703 42.33947, -71.15666 42.33935, -71.15655 42.33931, -71.15624 42.33919, -71.15585 42.33902, -71.15541 42.3388, -71.15519 42.33869, -71.15473 42.33848, -71.15468 42.33846, -71.15426 42.33829, -71.15393 42.3382, -71.15371 42.33816, -71.1535 42.33816, -71.15336 42.33819, -71.15329 42.33812, -71.15319 42.33804, -71.15226 42.33718, -71.15126 42.33634, -71.15116 42.33617, -71.15128 42.33598, -71.15164 42.33598, -71.15213 42.33593, -71.15251 42.33587, -71.15271 42.33581, -71.15288 42.33574, -71.15313 42.33559, -71.15333 42.33543, -71.15346 42.33527, -71.15354 42.33514, -71.15377 42.33465, -71.15398 42.33418, -71.15408 42.33398, -71.15429 42.33348, -71.15449 42.33312, -71.15465 42.33291, -71.15468 42.33287, -71.15493 42.33262, -71.15529 42.33236, -71.15554 42.3322, -71.15604 42.33198, -71.15644 42.33177, -71.1567 42.33167, -71.15695 42.33162, -71.15719 42.33159, -71.15729 42.3315, -71.15734 42.33144, -71.15741 42.33131, -71.15725 42.33122, -71.15719 42.33119, -71.15714 42.33117, -71.15702 42.33114, -71.15671 42.3311, -71.15659 42.33108, -71.15649 42.33104, -71.15636 42.33095, -71.15631 42.33091, -71.15626 42.33085, -71.15704 42.33039, -71.15711 42.33047, -71.15735 42.33071, -71.15751 42.33089, -71.15767 42.33106, -71.15855 42.33198, -71.15872 42.33216, -71.15896 42.33242, -71.15932 42.33277, -71.15972 42.33304, -71.16017 42.33327, -71.16026 42.33332, -71.16035 42.33337, -71.16092 42.33364, -71.16129 42.33378, -71.16172 42.33389, -71.1621 42.33394, -71.1623 42.33396, -71.16253 42.33397, -71.16273 42.33396, -71.16263 42.33405, -71.16254 42.33412, -71.16246 42.33421, -71.16239 42.33438, -71.16247 42.33458, -71.1627 42.3349, -71.16295 42.33528, -71.16359 42.33617, -71.16388 42.33662, -71.16399 42.33687, -71.16415 42.3372, -71.16442 42.33788, -71.1646 42.33825, -71.16465 42.33833, -71.16472 42.33844, -71.16481 42.33854, -71.16509 42.33876, -71.16553 42.33899, -71.16591 42.33913, -71.16602 42.33916, -71.16603 42.3394, -71.16611 42.33984, -71.16612 42.33995, -71.16612 42.33999, -71.16613 42.34009)))"
250250005023,"MULTIPOLYGON (((-71.15788 42.33973, -71.15753 42.33978, -71.15718 42.33987, -71.15662 42.34002, -71.15607 42.34016, -71.15568 42.34024, -71.15554 42.34026, -71.15529 42.34034, -71.15526 42.34043, -71.15491 42.34097, -71.15473 42.34121, -71.15462 42.34123, -71.15454 42.34123, -71.15446 42.3412, -71.15406 42.34098, -71.15378 42.34085, -71.15353 42.34079, -71.15311 42.3407, -71.15262 42.34063, -71.1522 42.34062, -71.15196 42.3406, -71.15165 42.34054, -71.15138 42.34042, -71.15162 42.34021, -71.15182 42.34002, -71.15194 42.3399, -71.15211 42.33969, -71.15227 42.33947, -71.15241 42.33925, -71.15259 42.3389, -71.15269 42.33872, -71.15274 42.33865, -71.15282 42.33854, -71.15296 42.33842, -71.15308 42.33833, -71.15336 42.33819, -71.1535 42.33816, -71.15371 42.33816, -71.15393 42.3382, -71.15426 42.33829, -71.15468 42.33846, -71.15473 42.33848, -71.15519 42.33869, -71.15541 42.3388, -71.15585 42.33902, -71.15624 42.33919, -71.15655 42.33931, -71.15666 42.33935, -71.15703 42.33947, -71.15762 42.33966, -71.15788 42.33973)))"
250250005024,"MULTIPOLYGON (((-71.16922 42.33807, -71.16909 42.33825, -71.16894 42.33845, -71.16863 42.33863, -71.16832 42.33874, -71.16773 42.33895, -71.1677 42.33897, -71.16681 42.33929, -71.16674 42.33985, -71.1667 42.34001, -71.16657 42.34003, -71.16655 42.34004, -71.16613 42.34009, -71.16612 42.33999, -71.16612 42.33995, -71.16611 42.33984, -71.16603 42.3394, -71.16602 42.33916, -71.16591 42.33913, -71.16553 42.33899, -71.16509 42.33876, -71.16481 42.33854, -71.16472 42.33844, -71.16465 42.33833, -71.1646 42.33825, -71.16442 42.33788, -71.16415 42.3372, -71.16399 42.33687, -71.16388 42.33662, -71.16359 42.33617, -71.16295 42.33528, -71.1627 42.3349, -71.16247 42.33458, -71.16239 42.33438, -71.16246 42.33421, -71.16254 42.33412, -71.16263 42.33405, -71.16273 42.33396, -71.16297 42.33395, -71.16367 42.33387, -71.16403 42.33383, -71.16431 42.3338, -71.16478 42.33375, -71.16519 42.33369, -71.16544 42.33367, -71.16646 42.33356, -71.16677 42.33353, -71.16756 42.33344, -71.16802 42.33443, -71.16819 42.33479, -71.16841 42.33502, -71.16847 42.33508, -71.16857 42.33514, -71.16889 42.33583, -71.16886 42.3363, -71.16912 42.33738, -71.16919 42.33788, -71.16922 42.33807)))"
250250005031,"MULTIPOLYGON (((-71.15131 42.34048, -71.15115 42.3406, -71.15092 42.34076, -71.15049 42.34105, -71.1504 42.34122, -71.15027 42.34132, -71.14997 42.34147, -71.14966 42.34158, -71.14929 42.34169, -71.14884 42.34178, -71.14863 42.34181, -71.14807 42.34183, -71.14763 42.3418, -71.14731 42.34178, -71.14701 42.34178, -71.14674 42.34179, -71.14646 42.34181, -71.14611 42.34186, -71.14592 42.3419, -71.14587 42.34177, -71.14583 42.34166, -71.1458 42.34158, -71.14578 42.34152, -71.14596 42.34148, -71.14631 42.34142, -71.14686 42.34137, -71.14689 42.34132, -71.14698 42.34119, -71.14733 42.34084, -71.14757 42.34061, -71.14808 42.34017, -71.14838 42.3399, -71.1487 42.33954, -71.14885 42.33936, -71.14903 42.33934, -71.14919 42.33937, -71.14939 42.33941, -71.14961 42.33947, -71.14975 42.33955, -71.1499 42.33966, -71.15007 42.3398, -71.15023 42.33988, -71.1504 42.33995, -71.15064 42.34002, -71.15083 42.34008, -71.15115 42.34027, -71.15124 42.34032, -71.15129 42.34036, -71.15138 42.34042, -71.15131 42.34048)))"
250250005032,"MULTIPOLYGON (((-71.15336 42.33819, -71.15308 42.33833, -71.15296 42.33842, -71.15282 42.33854, -71.15274 42.33865, -71.15269 42.33872, -71.15259 42.3389, -71.15241 42.33925, -71.15227 42.33947, -71.15211 42.33969, -71.15194 42.3399, -71.15182 42.34002, -71.15162 42.34021, -71.15138 42.34042, -71.15129 42.34036, -71.15124 42.34032, -71.15115 42.34027, -71.15083 42.34008, -71.15064 42.34002, -71.1504 42.33995, -71.15023 42.33988, -71.15007 42.3398, -71.1499 42.33966, -71.14975 42.33955, -71.14961 42.33947, -71.14939 42.33941, -71.14919 42.33937, -71.14903 42.33934, -71.14885 42.33936, -71.14929 42.33863, -71.14947 42.33828, -71.14966 42.33798, -71.14984 42.33767, -71.15066 42.33749, -71.15162 42.3373, -71.15226 42.33718, -71.15319 42.33804, -71.15329 42.33812, -71.15336 42.33819)))"
250250005051,"MULTIPOLYGON (((-71.14311 42.34388, -71.14279 42.34437, -71.1427 42.34451, -71.14244 42.34488, -71.14231 42.34507, -71.14208 42.34544, -71.14173 42.34598, -71.1417 42.34602, -71.14145 42.34593, -71.14136 42.34589, -71.14124 42.34585, -71.1412 42.34584, -71.14075 42.34563, -71.14052 42.34552, -71.14017 42.34532, -71.1398 42.34509, -71.14007 42.34485, -71.14033 42.34462, -71.14059 42.34437, -71.14073 42.34425, -71.14085 42.34415, -71.14104 42.34398, -71.14192 42.34319, -71.14211 42.34329, -71.14231 42.34341, -71.14267 42.34363, -71.14274 42.34367, -71.14284 42.34372, -71.14296 42.34379, -71.14311 42.34388)))"
250250005052,"MULTIPOLYGON (((-71.14484 42.34088, -71.14447 42.34101, -71.14425 42.34107, -71.14401 42.34111, -71.14373 42.34112, -71.14342 42.34115, -71.14327 42.34119, -71.1431 42.34124, -71.14307 42.34126, -71.14294 42.34134, -71.1427 42.34155, -71.14256 42.34168, -71.1425 42.34173, -71.14237 42.34189, -71.14231 42.34197, -71.14211 42.34222, -71.14152 42.34295, -71.14101 42.34267, -71.14066 42.3425, -71.14043 42.3424, -71.13998 42.34214, -71.14007 42.34209, -71.14071 42.34155, -71.1411 42.34124, -71.1413 42.34107, -71.14133 42.34105, -71.14135 42.34101, -71.14145 42.34088, -71.14162 42.34064, -71.14175 42.3404, -71.1419 42.34044, -71.14205 42.34045, -71.1422 42.34043, -71.14243 42.34031, -71.14296 42.34041, -71.14313 42.34042, -71.14332 42.34041, -71.14373 42.34041, -71.14401 42.34042, -71.14424 42.34047, -71.14445 42.34055, -71.14462 42.34064, -71.14469 42.34071, -71.14476 42.34077, -71.14484 42.34088)))"
250250005053,"MULTIPOLYGON (((-71.14192 42.34319, -71.14104 42.34398, -71.14085 42.34415, -71.14073 42.34425, -71.14059 42.34437, -71.14033 42.34462, -71.14007 42.34485, -71.1398 42.34509, -71.13955 42.34495, -71.13904 42.34462, -71.13839 42.34422, -71.13825 42.34413, -71.13782 42.34388, -71.13797 42.34377, -71.1385 42.34334, -71.13865 42.34321, -71.13875 42.34313, -71.13881 42.34309, -71.1389 42.34301, -71.13998 42.34214, -71.14043 42.3424, -71.14066 42.3425, -71.14101 42.34267, -71.14152 42.34295, -71.14192 42.34319)))"
250250005061,"MULTIPOLYGON (((-71.14757 42.34061, -71.14733 42.34084, -71.14698 42.34119, -71.14689 42.34132, -71.14686 42.34137, -71.14631 42.34142, -71.14596 42.34148, -71.14578 42.34152, -71.1458 42.34158, -71.14583 42.34166, -71.14587 42.34177, -71.14592 42.3419, -71.14548 42.34201, -71.14512 42.34214, -71.14473 42.34232, -71.14436 42.34253, -71.14407 42.34274, -71.14382 42.34298, -71.14365 42.34314, -71.14359 42.34322, -71.14343 42.34345, -71.14311 42.34388, -71.14296 42.34379, -71.14284 42.34372, -71.14274 42.34367, -71.14267 42.34363, -71.14231 42.34341, -71.14211 42.34329, -71.14192 42.34319, -71.14152 42.34295, -71.14211 42.34222, -71.14231 42.34197, -71.14237 42.34189, -71.1425 42.34173, -71.14256 42.34168, -71.1427 42.34155, -71.14294 42.34134, -71.14307 42.34126, -71.1431 42.34124, -71.14327 42.34119, -71.14342 42.34115, -71.14373 42.34112, -71.14401 42.34111, -71.14425 42.34107, -71.14447 42.34101, -71.14484 42.34088, -71.14476 42.34077, -71.14469 42.34071, -71.14462 42.34064, -71.14445 42.34055, -71.14424 42.34047, -71.14401 42.34042, -71.14373 42.34041, -71.14332 42.34041, -71.14313 42.34042, -71.14296 42.34041, -71.14243 42.34031, -71.1422 42.34043, -71.14205 42.34045, -71.1419 42.34044, -71.14175 42.3404, -71.14194 42.34001, -71.14234 42.34005, -71.14239 42.34006, -71.14249 42.34006, -71.14251 42.34006, -71.14263 42.34006, -71.14421 42.34002, -71.14466 42.33974, -71.14469 42.33972, -71.14478 42.33966, -71.14474 42.3398, -71.14485 42.33978, -71.14506 42.33978, -71.14524 42.33976, -71.14538 42.33973, -71.14554 42.33966, -71.14571 42.33955, -71.1458 42.33947, -71.14588 42.33935, -71.14597 42.33951, -71.14607 42.33963, -71.14616 42.33972, -71.14626 42.3398, -71.14644 42.3399, -71.14658 42.34001, -71.14666 42.3401, -71.14674 42.34027, -71.14679 42.34035, -71.14689 42.34044, -71.14702 42.34053, -71.14714 42.34059, -71.14729 42.34061, -71.14738 42.34062, -71.14757 42.34061)))"
250250005062,"MULTIPOLYGON (((-71.1501 42.33719, -71.14984 42.33767, -71.14966 42.33798, -71.14947 42.33828, -71.14929 42.33863, -71.14885 42.33936, -71.1487 42.33954, -71.14838 42.3399, -71.14808 42.34017, -71.14757 42.34061, -71.14738 42.34062, -71.14729 42.34061, -71.14714 42.34059, -71.14702 42.34053, -71.14689 42.34044, -71.14679 42.34035, -71.14674 42.34027, -71.14666 42.3401, -71.14658 42.34001, -71.14644 42.3399, -71.14626 42.3398, -71.14616 42.33972, -71.14607 42.33963, -71.14597 42.33951, -71.14588 42.33935, -71.1458 42.33947, -71.14571 42.33955, -71.14554 42.33966, -71.14538 42.33973, -71.14524 42.33976, -71.14506 42.33978, -71.14485 42.33978, -71.14474 42.3398, -71.14478 42.33966, -71.14527 42.33934, -71.14556 42.33913, -71.1458 42.33895, -71.14616 42.3387, -71.14621 42.33863, -71.14624 42.33859, -71.14651 42.33855, -71.14661 42.33854, -71.14649 42.33816, -71.14642 42.3381, -71.14634 42.33804, -71.14626 42.33777, -71.14616 42.33744, -71.14645 42.33738, -71.14675 42.33731, -71.14727 42.3372, -71.14728 42.33726, -71.14735 42.33751, -71.14774 42.33745, -71.1487 42.33727, -71.14896 42.3372, -71.1492 42.33709, -71.14935 42.33699, -71.14948 42.33693, -71.15008 42.33684, -71.15031 42.33684, -71.1501 42.33719)))"
250250006011,"MULTIPOLYGON (((-71.14609 42.35136, -71.14609 42.35144, -71.14602 42.35159, -71.14584 42.35192, -71.14577 42.35204, -71.14553 42.35247, -71.14527 42.3529, -71.14506 42.35332, -71.1448 42.35375, -71.14464 42.35406, -71.14433 42.35459, -71.14418 42.35489, -71.1438 42.3548, -71.14335 42.35469, -71.14258 42.3545, -71.14237 42.35444, -71.14166 42.35426, -71.14068 42.354, -71.14052 42.35397, -71.13993 42.3539, -71.13962 42.35387, -71.13907 42.35379, -71.13809 42.35368, -71.13762 42.35361, -71.13744 42.35359, -71.13734 42.35359, -71.13749 42.35351, -71.13774 42.35347, -71.13835 42.35325, -71.139 42.35299, -71.13928 42.3529, -71.13958 42.3528, -71.14027 42.35254, -71.14102 42.35228, -71.1416 42.35207, -71.14193 42.35195, -71.14215 42.35187, -71.14243 42.35178, -71.14279 42.35167, -71.143 42.35163, -71.14315 42.3516, -71.14398 42.35143, -71.14415 42.35138, -71.14429 42.35135, -71.14455 42.35125, -71.14496 42.35107, -71.14561 42.35079, -71.14589 42.35104, -71.14603 42.35118, -71.14609 42.35127, -71.14609 42.35136)))"
250250006012,"MULTIPOLYGON (((-71.15399 42.34793, -71.15395 42.34808, -71.15384 42.34828, -71.15372 42.34846, -71.15351 42.34878, -71.15348 42.34886, -71.15345 42.34915, -71.15342 42.34946, -71.15333 42.34958, -71.15307 42.34989, -71.15296 42.35004, -71.15282 42.35024, -71.15238 42.3509, -71.1521 42.35134, -71.15192 42.35164, -71.15095 42.35132, -71.15027 42.35112, -71.14907 42.35074, -71.14802 42.35039, -71.14786 42.35034, -71.1475 42.35025, -71.14708 42.35016, -71.14739 42.35005, -71.14803 42.3498, -71.14816 42.34976, -71.14862 42.34958, -71.14898 42.34941, -71.14934 42.34924, -71.14952 42.34918, -71.14994 42.34904, -71.15015 42.34899, -71.15036 42.34897, -71.15027 42.34877, -71.14996 42.34841, -71.14975 42.34819, -71.15007 42.34768, -71.15069 42.34671, -71.1509 42.34639, -71.15101 42.3462, -71.15123 42.34581, -71.15165 42.34591, -71.15245 42.3461, -71.15281 42.34616, -71.15307 42.34615, -71.15335 42.34664, -71.15345 42.34678, -71.15379 42.34726, -71.15395 42.34755, -71.154 42.34779, -71.15399 42.34793)))"
250250006013,"MULTIPOLYGON (((-71.15071 42.3536, -71.15053 42.35389, -71.15036 42.35419, -71.14875 42.3538, -71.1485 42.35421, -71.148 42.35409, -71.14728 42.3539, -71.14602 42.35359, -71.14506 42.35332, -71.14527 42.3529, -71.14553 42.35247, -71.14577 42.35204, -71.14584 42.35192, -71.14602 42.35159, -71.14609 42.35144, -71.14609 42.35136, -71.14609 42.35127, -71.14603 42.35118, -71.14589 42.35104, -71.14561 42.35079, -71.14651 42.35042, -71.14708 42.35016, -71.1475 42.35025, -71.14786 42.35034, -71.14736 42.35119, -71.14728 42.35136, -71.14714 42.35157, -71.14674 42.35229, -71.14726 42.35243, -71.1481 42.35264, -71.14864 42.35278, -71.14928 42.35294, -71.15039 42.35324, -71.15088 42.35335, -71.15071 42.3536)))"
250250006014,"MULTIPOLYGON (((-71.15009 42.35461, -71.14996 42.3548, -71.14981 42.35503, -71.14954 42.35546, -71.14908 42.35615, -71.14841 42.35598, -71.14839 42.35597, -71.14799 42.35586, -71.14754 42.35575, -71.14659 42.35552, -71.14632 42.35544, -71.14612 42.35539, -71.1459 42.35534, -71.14562 42.35527, -71.14516 42.35515, -71.14418 42.35489, -71.14433 42.35459, -71.14464 42.35406, -71.1448 42.35375, -71.14506 42.35332, -71.14602 42.35359, -71.14728 42.3539, -71.148 42.35409, -71.1485 42.35421, -71.14875 42.3538, -71.15036 42.35419, -71.15009 42.35461)))"
250250006031,"MULTIPOLYGON (((-71.15036 42.34897, -71.15015 42.34899, -71.14994 42.34904, -71.14952 42.34918, -71.14934 42.34924, -71.14898 42.34941, -71.14862 42.34958, -71.14816 42.34976, -71.14803 42.3498, -71.14739 42.35005, -71.14708 42.35016, -71.14644 42.35006, -71.14559 42.34992, -71.14429 42.34974, -71.14405 42.3497, -71.14351 42.34961, -71.14218 42.34938, -71.14184 42.34931, -71.14165 42.34927, -71.14141 42.3492, -71.14101 42.34901, -71.14037 42.34869, -71.14046 42.34861, -71.14057 42.3485, -71.14067 42.34838, -71.14075 42.34825, -71.14081 42.34808, -71.14087 42.34788, -71.14091 42.34772, -71.14093 42.34764, -71.14098 42.34748, -71.14108 42.34718, -71.14117 42.34696, -71.1413 42.34669, -71.14152 42.34629, -71.1417 42.34602, -71.14173 42.34598, -71.14208 42.34544, -71.14231 42.34507, -71.14244 42.34488, -71.1427 42.34451, -71.14279 42.34437, -71.14311 42.34388, -71.14373 42.34419, -71.14454 42.34462, -71.14505 42.34496, -71.14534 42.3452, -71.14556 42.34541, -71.14566 42.34552, -71.14586 42.34575, -71.1461 42.34599, -71.14624 42.34611, -71.14635 42.34617, -71.14651 42.34625, -71.14732 42.34658, -71.14774 42.34675, -71.14804 42.34686, -71.14834 42.34702, -71.14865 42.3472, -71.14905 42.34746, -71.14937 42.34775, -71.14975 42.34819, -71.14996 42.34841, -71.15027 42.34877, -71.15036 42.34897)))"
250250006041,"MULTIPOLYGON (((-71.14027 42.35254, -71.13958 42.3528, -71.13928 42.3529, -71.139 42.35299, -71.13835 42.35325, -71.13774 42.35347, -71.13749 42.35351, -71.13734 42.35359, -71.13693 42.35357, -71.13683 42.35357, -71.13667 42.35356, -71.1358 42.3535, -71.1355 42.35346, -71.13539 42.35345, -71.13456 42.35335, -71.13446 42.35324, -71.13452 42.35311, -71.13511 42.35238, -71.13555 42.35183, -71.13564 42.35169, -71.13571 42.35158, -71.13574 42.35153, -71.13589 42.35125, -71.13615 42.35079, -71.13638 42.35039, -71.13654 42.35019, -71.13689 42.3497, -71.13719 42.34926, -71.13738 42.34898, -71.13758 42.34865, -71.13827 42.34889, -71.13841 42.34893, -71.13858 42.34898, -71.1389 42.34903, -71.13908 42.34905, -71.13927 42.34904, -71.13963 42.349, -71.13973 42.34898, -71.13993 42.34932, -71.13996 42.34947, -71.14007 42.35034, -71.14008 42.35148, -71.1401 42.35164, -71.14011 42.35188, -71.14013 42.35204, -71.14027 42.35254)))"
250250006042,"MULTIPOLYGON (((-71.14651 42.35042, -71.14561 42.35079, -71.14496 42.35107, -71.14455 42.35125, -71.14429 42.35135, -71.14415 42.35138, -71.14398 42.35143, -71.14315 42.3516, -71.143 42.35163, -71.14279 42.35167, -71.14243 42.35178, -71.14215 42.35187, -71.14193 42.35195, -71.1416 42.35207, -71.14102 42.35228, -71.14027 42.35254, -71.14013 42.35204, -71.14011 42.35188, -71.1401 42.35164, -71.14008 42.35148, -71.14007 42.35034, -71.13996 42.34947, -71.13993 42.34932, -71.13973 42.34898, -71.13981 42.34896, -71.13988 42.34893, -71.14004 42.34887, -71.14022 42.34877, -71.14037 42.34869, -71.14101 42.34901, -71.14141 42.3492, -71.14165 42.34927, -71.14184 42.34931, -71.14218 42.34938, -71.14351 42.34961, -71.14405 42.3497, -71.14429 42.34974, -71.14559 42.34992, -71.14644 42.35006, -71.14708 42.35016, -71.14651 42.35042)))"
250250007011,"MULTIPOLYGON (((-71.13825 42.34413, -71.13734 42.34487, -71.13717 42.345, -71.13645 42.34557, -71.13694 42.34588, -71.13712 42.34602, -71.13729 42.34613, -71.1372 42.34622, -71.13704 42.34639, -71.13692 42.34651, -71.13677 42.34666, -71.13666 42.34677, -71.13624 42.34656, -71.13584 42.34636, -71.1356 42.34623, -71.13538 42.34639, -71.13467 42.34685, -71.13455 42.34673, -71.13425 42.34658, -71.13515 42.34602, -71.13528 42.34594, -71.13546 42.3458, -71.13599 42.34537, -71.13676 42.34475, -71.13711 42.34446, -71.13736 42.34426, -71.13782 42.34388, -71.13825 42.34413)))"
250250007012,"MULTIPOLYGON (((-71.13967 42.34521, -71.13958 42.34532, -71.13948 42.34545, -71.13941 42.34556, -71.13922 42.34588, -71.13907 42.34612, -71.13893 42.34637, -71.13877 42.34663, -71.13864 42.34688, -71.13855 42.34705, -71.13823 42.34759, -71.13716 42.34702, -71.13666 42.34677, -71.13677 42.34666, -71.13692 42.34651, -71.13704 42.34639, -71.1372 42.34622, -71.13729 42.34613, -71.13712 42.34602, -71.13694 42.34588, -71.13645 42.34557, -71.13717 42.345, -71.13734 42.34487, -71.13825 42.34413, -71.13839 42.34422, -71.13904 42.34462, -71.13955 42.34495, -71.1398 42.34509, -71.13967 42.34521)))"
250250007013,"MULTIPOLYGON (((-71.14152 42.34629, -71.1413 42.34669, -71.14117 42.34696, -71.14108 42.34718, -71.14098 42.34748, -71.14093 42.34764, -71.14091 42.34772, -71.14087 42.34788, -71.14081 42.34808, -71.14075 42.34825, -71.14067 42.34838, -71.14057 42.3485, -71.14046 42.34861, -71.14037 42.34869, -71.14022 42.34877, -71.14004 42.34887, -71.13988 42.34893, -71.13981 42.34896, -71.13973 42.34898, -71.13963 42.349, -71.13927 42.34904, -71.13908 42.34905, -71.1389 42.34903, -71.13858 42.34898, -71.13841 42.34893, -71.13827 42.34889, -71.13758 42.34865, -71.1376 42.3486, -71.13761 42.34859, -71.13767 42.34851, -71.13772 42.34844, -71.13778 42.34834, -71.13801 42.34794, -71.13823 42.34759, -71.13855 42.34705, -71.13864 42.34688, -71.13877 42.34663, -71.13893 42.34637, -71.13907 42.34612, -71.13922 42.34588, -71.13941 42.34556, -71.13948 42.34545, -71.13958 42.34532, -71.13967 42.34521, -71.1398 42.34509, -71.14017 42.34532, -71.14052 42.34552, -71.14075 42.34563, -71.1412 42.34584, -71.14124 42.34585, -71.14136 42.34589, -71.14145 42.34593, -71.1417 42.34602, -71.14152 42.34629)))"
250250007014,"MULTIPOLYGON (((-71.13801 42.34794, -71.13778 42.34834, -71.13772 42.34844, -71.13767 42.34851, -71.13761 42.34859, -71.1376 42.3486, -71.13758 42.34865, -71.13738 42.34898, -71.13719 42.34926, -71.13689 42.3497, -71.13654 42.35019, -71.13638 42.35039, -71.13618 42.35021, -71.1359 42.35007, -71.13569 42.34999, -71.13573 42.34984, -71.13577 42.34972, -71.13582 42.34957, -71.13585 42.34945, -71.13585 42.34938, -71.13584 42.34927, -71.1358 42.34917, -71.13572 42.34904, -71.13551 42.34878, -71.13524 42.34849, -71.13521 42.34842, -71.13517 42.34836, -71.13513 42.34829, -71.13504 42.34817, -71.13537 42.34805, -71.13557 42.348, -71.13576 42.34797, -71.13596 42.34796, -71.13555 42.34759, -71.13467 42.34685, -71.13538 42.34639, -71.1356 42.34623, -71.13584 42.34636, -71.13624 42.34656, -71.13666 42.34677, -71.13716 42.34702, -71.13823 42.34759, -71.13801 42.34794)))"
250250007031,"MULTIPOLYGON (((-71.13107 42.3505, -71.13087 42.35059, -71.13067 42.35067, -71.13047 42.35071, -71.13021 42.35075, -71.13002 42.35077, -71.1298 42.35075, -71.12893 42.35067, -71.12842 42.35063, -71.12819 42.35063, -71.1281 42.35063, -71.12791 42.35064, -71.12763 42.35068, -71.12726 42.35077, -71.12696 42.35087, -71.12672 42.35097, -71.12639 42.35113, -71.12586 42.35144, -71.1255 42.35168, -71.12521 42.35192, -71.12508 42.3521, -71.12502 42.35224, -71.12486 42.35223, -71.12457 42.35222, -71.12441 42.35223, -71.12424 42.35224, -71.12406 42.35222, -71.1238 42.3522, -71.1232 42.35211, -71.12281 42.35206, -71.1222 42.35199, -71.12165 42.35192, -71.12126 42.35187, -71.12128 42.35178, -71.12131 42.35168, -71.12153 42.3517, -71.12218 42.35178, -71.12223 42.35179, -71.12224 42.35179, -71.12228 42.35179, -71.1224 42.35181, -71.12243 42.35181, -71.12286 42.35186, -71.12294 42.35142, -71.12352 42.35149, -71.12399 42.35154, -71.12407 42.35155, -71.12413 42.35153, -71.12445 42.35139, -71.12456 42.35134, -71.12463 42.35129, -71.1247 42.35126, -71.12475 42.35123, -71.12553 42.35079, -71.12589 42.35058, -71.12622 42.35041, -71.12685 42.35009, -71.12748 42.35, -71.12751 42.34999, -71.12767 42.34997, -71.12793 42.34993, -71.12858 42.34983, -71.12858 42.3497, -71.12878 42.34956, -71.129 42.34938, -71.12914 42.34924, -71.12928 42.34907, -71.12975 42.34885, -71.1299 42.34906, -71.13003 42.34922, -71.13007 42.34925, -71.13037 42.34953, -71.13067 42.34986, -71.13087 42.35014, -71.13094 42.35027, -71.13098 42.35034, -71.13102 42.35041, -71.13103 42.35043, -71.13107 42.3505)))"
250250007032,"MULTIPOLYGON (((-71.13211 42.35306, -71.13128 42.35295, -71.13017 42.35283, -71.12951 42.35275, -71.12938 42.35273, -71.12834 42.3526, -71.12771 42.35253, -71.12692 42.35243, -71.1269 42.35243, -71.12591 42.35232, -71.1252 42.35225, -71.12502 42.35224, -71.12508 42.3521, -71.12521 42.35192, -71.1255 42.35168, -71.12586 42.35144, -71.12639 42.35113, -71.12672 42.35097, -71.12696 42.35087, -71.12726 42.35077, -71.12763 42.35068, -71.12791 42.35064, -71.1281 42.35063, -71.12819 42.35063, -71.12842 42.35063, -71.12893 42.35067, -71.1298 42.35075, -71.13002 42.35077, -71.13021 42.35075, -71.13047 42.35071, -71.13067 42.35067, -71.13087 42.35059, -71.13107 42.3505, -71.13145 42.35115, -71.1316 42.35144, -71.13181 42.35201, -71.13193 42.35238, -71.13208 42.35294, -71.13211 42.35306)))"
250250007041,"MULTIPOLYGON (((-71.13638 42.35039, -71.13615 42.35079, -71.13589 42.35125, -71.13574 42.35153, -71.13571 42.35158, -71.13564 42.35169, -71.13555 42.35183, -71.13511 42.35238, -71.13452 42.35311, -71.13446 42.35324, -71.13456 42.35335, -71.13445 42.35334, -71.134 42.35328, -71.13364 42.35324, -71.13318 42.35318, -71.13312 42.35317, -71.13211 42.35306, -71.13208 42.35294, -71.13193 42.35238, -71.13181 42.35201, -71.1316 42.35144, -71.13145 42.35115, -71.13176 42.35102, -71.13252 42.35067, -71.13293 42.35045, -71.13325 42.35031, -71.13349 42.35019, -71.13376 42.35007, -71.1339 42.34999, -71.13411 42.34984, -71.13427 42.34974, -71.13469 42.34952, -71.13491 42.3494, -71.13521 42.34925, -71.13549 42.34913, -71.13572 42.34904, -71.1358 42.34917, -71.13584 42.34927, -71.13585 42.34938, -71.13585 42.34945, -71.13582 42.34957, -71.13577 42.34972, -71.13573 42.34984, -71.13569 42.34999, -71.1359 42.35007, -71.13618 42.35021, -71.13638 42.35039)))"
250250007042,"MULTIPOLYGON (((-71.13576 42.34797, -71.13557 42.348, -71.13537 42.34805, -71.13504 42.34817, -71.13489 42.34823, -71.13455 42.3484, -71.13408 42.34862, -71.13387 42.34838, -71.13374 42.34824, -71.13325 42.34767, -71.13293 42.34781, -71.13225 42.34815, -71.13184 42.34835, -71.13158 42.34847, -71.13117 42.34867, -71.13082 42.34884, -71.13003 42.34922, -71.1299 42.34906, -71.12975 42.34885, -71.13014 42.34866, -71.13053 42.34848, -71.13075 42.34837, -71.13107 42.34822, -71.13128 42.34812, -71.13201 42.34777, -71.13338 42.34712, -71.13425 42.34658, -71.13455 42.34673, -71.13467 42.34685, -71.13555 42.34759, -71.13596 42.34796, -71.13576 42.34797)))"
250250007043,"MULTIPOLYGON (((-71.13408 42.34862, -71.133 42.34913, -71.1324 42.34941, -71.13202 42.34961, -71.13087 42.35014, -71.13067 42.34986, -71.13037 42.34953, -71.13007 42.34925, -71.13003 42.34922, -71.13082 42.34884, -71.13117 42.34867, -71.13158 42.34847, -71.13184 42.34835, -71.13225 42.34815, -71.13293 42.34781, -71.13325 42.34767, -71.13374 42.34824, -71.13387 42.34838, -71.13408 42.34862)))"
250250007044,"MULTIPOLYGON (((-71.13572 42.34904, -71.13549 42.34913, -71.13521 42.34925, -71.13491 42.3494, -71.13469 42.34952, -71.13427 42.34974, -71.13411 42.34984, -71.1339 42.34999, -71.13376 42.35007, -71.13349 42.35019, -71.13325 42.35031, -71.13293 42.35045, -71.13252 42.35067, -71.13176 42.35102, -71.13145 42.35115, -71.13107 42.3505, -71.13103 42.35043, -71.13102 42.35041, -71.13098 42.35034, -71.13094 42.35027, -71.13087 42.35014, -71.13202 42.34961, -71.1324 42.34941, -71.133 42.34913, -71.13408 42.34862, -71.13455 42.3484, -71.13489 42.34823, -71.13504 42.34817, -71.13513 42.34829, -71.13517 42.34836, -71.13521 42.34842, -71.13524 42.34849, -71.13551 42.34878, -71.13572 42.34904)))"
250250008041,"MULTIPOLYGON (((-71.13882 42.35455, -71.13863 42.35506, -71.13861 42.35517, -71.13861 42.35526, -71.13862 42.35534, -71.13863 42.35544, -71.13859 42.35566, -71.1385 42.35605, -71.13842 42.35631, -71.13836 42.35656, -71.13835 42.35661, -71.13832 42.35675, -71.13831 42.35679, -71.1382 42.35709, -71.13819 42.35713, -71.13814 42.35728, -71.13808 42.35742, -71.13798 42.35761, -71.13784 42.35788, -71.13759 42.35833, -71.13747 42.35858, -71.13737 42.35876, -71.13729 42.35886, -71.13717 42.35896, -71.1371 42.35906, -71.13696 42.35932, -71.13644 42.35923, -71.13616 42.35917, -71.13589 42.3591, -71.13516 42.35895, -71.1337 42.35867, -71.1333 42.35858, -71.13308 42.35856, -71.13248 42.35857, -71.13224 42.35858, -71.13217 42.3586, -71.13204 42.35865, -71.13184 42.35873, -71.13162 42.3588, -71.13149 42.3586, -71.13123 42.3582, -71.13057 42.35721, -71.13034 42.35685, -71.12968 42.35708, -71.12944 42.35717, -71.12929 42.35728, -71.12917 42.3574, -71.12904 42.35751, -71.1289 42.3576, -71.12876 42.35766, -71.12865 42.35769, -71.12855 42.35771, -71.12842 42.3577, -71.12835 42.35766, -71.12822 42.35751, -71.12812 42.35737, -71.12803 42.35726, -71.12952 42.35672, -71.12972 42.35665, -71.13023 42.35648, -71.13074 42.35636, -71.1308 42.35634, -71.13128 42.35616, -71.1314 42.3561, -71.13222 42.35578, -71.1324 42.35571, -71.13277 42.35554, -71.13327 42.35532, -71.13359 42.35517, -71.13401 42.355, -71.13439 42.35484, -71.1345 42.35479, -71.13508 42.35454, -71.13572 42.35427, -71.13602 42.35414, -71.13628 42.35404, -71.13668 42.35387, -71.13675 42.35384, -71.13707 42.35371, -71.13734 42.35359, -71.13744 42.35359, -71.13762 42.35361, -71.13809 42.35368, -71.13907 42.35379, -71.13882 42.35455)))"
250250008042,"MULTIPOLYGON (((-71.13127 42.35872, -71.13099 42.35892, -71.13083 42.35902, -71.13054 42.35921, -71.13036 42.35929, -71.12978 42.35956, -71.12952 42.35971, -71.12926 42.35988, -71.12906 42.36008, -71.12897 42.36021, -71.12888 42.36037, -71.12929 42.36071, -71.12941 42.36079, -71.12977 42.36107, -71.1301 42.36139, -71.13028 42.36161, -71.13036 42.36177, -71.13042 42.36196, -71.13041 42.36212, -71.13036 42.36235, -71.1303 42.36251, -71.13022 42.36269, -71.13009 42.36287, -71.12995 42.36303, -71.12976 42.3632, -71.12877 42.36328, -71.12802 42.36334, -71.12656 42.36345, -71.12615 42.36349, -71.12545 42.36355, -71.12502 42.36359, -71.12474 42.36361, -71.12332 42.36374, -71.12304 42.36375, -71.12299 42.3636, -71.12296 42.36347, -71.12296 42.36345, -71.12293 42.36326, -71.12288 42.36306, -71.12301 42.36307, -71.12315 42.3631, -71.12341 42.36312, -71.12361 42.36311, -71.12385 42.36307, -71.12407 42.36301, -71.12423 42.36294, -71.12441 42.36283, -71.12456 42.36267, -71.12463 42.36256, -71.12467 42.36247, -71.12475 42.36223, -71.12483 42.36192, -71.1249 42.3616, -71.12493 42.36143, -71.12491 42.36133, -71.12483 42.36118, -71.12458 42.36088, -71.12447 42.36075, -71.12382 42.35992, -71.12371 42.35974, -71.12346 42.35943, -71.12336 42.35927, -71.12324 42.35909, -71.12318 42.359, -71.12332 42.35893, -71.12376 42.35876, -71.12386 42.35872, -71.12487 42.35836, -71.12578 42.35806, -71.12642 42.35786, -71.12653 42.35782, -71.12706 42.35762, -71.12803 42.35726, -71.12812 42.35737, -71.12822 42.35751, -71.12835 42.35766, -71.12842 42.3577, -71.12855 42.35771, -71.12865 42.35769, -71.12876 42.35766, -71.1289 42.3576, -71.12904 42.35751, -71.12917 42.3574, -71.12929 42.35728, -71.12944 42.35717, -71.12968 42.35708, -71.13034 42.35685, -71.13057 42.35721, -71.13123 42.3582, -71.13149 42.3586, -71.13127 42.35872)))"
250250008051,"MULTIPOLYGON (((-71.13119 42.3561, -71.13027 42.35596, -71.1299 42.35592, -71.12841 42.35571, -71.12727 42.35555, -71.12616 42.35539, -71.12509 42.35524, -71.12515 42.35494, -71.12501 42.35493, -71.12517 42.35436, -71.12474 42.3543, -71.1248 42.35401, -71.12495 42.35335, -71.12575 42.35345, -71.12756 42.35368, -71.1278 42.35371, -71.12803 42.35372, -71.12834 42.3526, -71.12938 42.35273, -71.12951 42.35275, -71.13017 42.35283, -71.13013 42.35313, -71.13013 42.35332, -71.13016 42.35358, -71.13018 42.35373, -71.13022 42.35413, -71.1304 42.35454, -71.13052 42.35477, -71.1307 42.35507, -71.13086 42.35533, -71.1314 42.3561, -71.13119 42.3561)))"
250250008052,"MULTIPOLYGON (((-71.13707 42.35371, -71.13675 42.35384, -71.13668 42.35387, -71.13628 42.35404, -71.13602 42.35414, -71.13572 42.35427, -71.13508 42.35454, -71.1345 42.35479, -71.13439 42.35484, -71.13401 42.355, -71.13359 42.35517, -71.13327 42.35532, -71.13277 42.35554, -71.1324 42.35571, -71.13222 42.35578, -71.1314 42.3561, -71.13086 42.35533, -71.1307 42.35507, -71.13052 42.35477, -71.1304 42.35454, -71.13022 42.35413, -71.13018 42.35373, -71.13016 42.35358, -71.13013 42.35332, -71.13013 42.35313, -71.13017 42.35283, -71.13128 42.35295, -71.13211 42.35306, -71.13312 42.35317, -71.13318 42.35318, -71.13364 42.35324, -71.134 42.35328, -71.13445 42.35334, -71.13456 42.35335, -71.13539 42.35345, -71.1355 42.35346, -71.1358 42.3535, -71.13667 42.35356, -71.13683 42.35357, -71.13693 42.35357, -71.13734 42.35359, -71.13707 42.35371)))"
250250008053,"MULTIPOLYGON (((-71.12803 42.35372, -71.1278 42.35371, -71.12756 42.35368, -71.12575 42.35345, -71.12495 42.35335, -71.1248 42.35401, -71.12474 42.3543, -71.12517 42.35436, -71.12501 42.35493, -71.12515 42.35494, -71.12509 42.35524, -71.12478 42.35519, -71.1241 42.3551, -71.12285 42.35492, -71.12164 42.35475, -71.12073 42.35462, -71.12069 42.35448, -71.12083 42.35382, -71.12099 42.3531, -71.12104 42.35289, -71.12111 42.35253, -71.12126 42.35187, -71.12165 42.35192, -71.1222 42.35199, -71.12281 42.35206, -71.1232 42.35211, -71.1238 42.3522, -71.12406 42.35222, -71.12424 42.35224, -71.12441 42.35223, -71.12457 42.35222, -71.12486 42.35223, -71.12502 42.35224, -71.1252 42.35225, -71.12591 42.35232, -71.1269 42.35243, -71.12692 42.35243, -71.12771 42.35253, -71.12834 42.3526, -71.12803 42.35372)))"
250250008061,"MULTIPOLYGON (((-71.12493 42.36143, -71.1249 42.3616, -71.12483 42.36192, -71.12475 42.36223, -71.12467 42.36247, -71.12463 42.36256, -71.12456 42.36267, -71.12441 42.36283, -71.12423 42.36294, -71.12407 42.36301, -71.12385 42.36307, -71.12361 42.36311, -71.12341 42.36312, -71.12315 42.3631, -71.12301 42.36307, -71.12288 42.36306, -71.12293 42.36326, -71.12296 42.36345, -71.12296 42.36347, -71.12299 42.3636, -71.12304 42.36375, -71.1222 42.36382, -71.12161 42.36387, -71.12066 42.36394, -71.12021 42.36398, -71.12 42.364, -71.11993 42.36348, -71.1199 42.36325, -71.11973 42.36196, -71.11963 42.36171, -71.11965 42.36161, -71.11935 42.3607, -71.11937 42.36062, -71.11934 42.36053, -71.1195 42.3605, -71.11992 42.36043, -71.12046 42.36031, -71.12048 42.3603, -71.12062 42.36026, -71.12077 42.36021, -71.12096 42.36015, -71.12102 42.36012, -71.12112 42.36008, -71.12126 42.36002, -71.12165 42.35984, -71.12279 42.35919, -71.12307 42.35905, -71.12318 42.359, -71.12324 42.35909, -71.12336 42.35927, -71.12346 42.35943, -71.12371 42.35974, -71.12382 42.35992, -71.12447 42.36075, -71.12458 42.36088, -71.12483 42.36118, -71.12491 42.36133, -71.12493 42.36143)))"
250250008062,"MULTIPOLYGON (((-71.13545 42.36485, -71.13523 42.36493, -71.13482 42.36509, -71.13417 42.36539, -71.13397 42.36548, -71.13353 42.36571, -71.13316 42.36591, -71.1328 42.36613, -71.13252 42.36632, -71.13216 42.36659, -71.1318 42.36691, -71.13154 42.36719, -71.13134 42.36742, -71.13115 42.36767, -71.13097 42.36795, -71.1308 42.36823, -71.13065 42.36854, -71.13058 42.36872, -71.13053 42.36885, -71.13041 42.36925, -71.13037 42.36951, -71.13033 42.3698, -71.13032 42.37003, -71.1303 42.37073, -71.1303 42.37113, -71.13029 42.37198, -71.13027 42.37211, -71.13026 42.37221, -71.13019 42.37242, -71.13007 42.3726, -71.12995 42.37268, -71.12955 42.37271, -71.12934 42.37273, -71.12881 42.37274, -71.12855 42.37273, -71.12829 42.3727, -71.12809 42.37265, -71.1279 42.3726, -71.12775 42.37252, -71.12756 42.37238, -71.12735 42.37219, -71.12722 42.37201, -71.12718 42.37194, -71.12712 42.37182, -71.12709 42.3717, -71.12704 42.37154, -71.12682 42.37027, -71.12677 42.37007, -71.12666 42.36983, -71.12655 42.36968, -71.12643 42.36954, -71.12627 42.36938, -71.12606 42.36923, -71.12586 42.3691, -71.12557 42.36897, -71.12531 42.36886, -71.12492 42.36873, -71.12442 42.36854, -71.12373 42.36832, -71.1236 42.36827, -71.12299 42.36805, -71.12266 42.36796, -71.12235 42.36788, -71.12196 42.36781, -71.12175 42.36779, -71.12123 42.36775, -71.12069 42.36772, -71.12023 42.36773, -71.12001 42.36771, -71.11979 42.36767, -71.11953 42.36762, -71.11921 42.36754, -71.11907 42.36748, -71.11885 42.36736, -71.11858 42.36716, -71.11835 42.36691, -71.1182 42.36668, -71.11811 42.36647, -71.11806 42.36623, -71.11805 42.36602, -71.11808 42.36571, -71.11805 42.36519, -71.11804 42.36457, -71.11804 42.36418, -71.11804 42.36406, -71.11803 42.36344, -71.11801 42.36326, -71.11768 42.36107, -71.11765 42.36099, -71.11765 42.36091, -71.11778 42.36088, -71.11804 42.36083, -71.11903 42.36058, -71.11934 42.36053, -71.11937 42.36062, -71.11935 42.3607, -71.11965 42.36161, -71.11963 42.36171, -71.11973 42.36196, -71.1199 42.36325, -71.11993 42.36348, -71.12 42.364, -71.12021 42.36398, -71.12066 42.36394, -71.12161 42.36387, -71.1222 42.36382, -71.12304 42.36375, -71.12332 42.36374, -71.12474 42.36361, -71.12502 42.36359, -71.12545 42.36355, -71.12615 42.36349, -71.12656 42.36345, -71.12802 42.36334, -71.12877 42.36328, -71.12976 42.3632, -71.12995 42.36303, -71.13009 42.36287, -71.13022 42.36269, -71.13037 42.3627, -71.13092 42.36289, -71.13142 42.36305, -71.13152 42.36309, -71.13179 42.36316, -71.13221 42.36325, -71.13264 42.36333, -71.13309 42.36338, -71.13334 42.36339, -71.13358 42.3634, -71.13381 42.36338, -71.13429 42.36332, -71.13456 42.36328, -71.13533 42.36317, -71.13531 42.3633, -71.13532 42.3635, -71.13535 42.36406, -71.13536 42.3641, -71.1354 42.36456, -71.1354 42.36474, -71.13545 42.36485)))"
250250008063,"MULTIPOLYGON (((-71.13128 42.35616, -71.1308 42.35634, -71.13074 42.35636, -71.13023 42.35648, -71.12972 42.35665, -71.12952 42.35672, -71.12803 42.35726, -71.12706 42.35762, -71.12653 42.35782, -71.12642 42.35786, -71.12578 42.35806, -71.12487 42.35836, -71.12386 42.35872, -71.12376 42.35876, -71.12332 42.35893, -71.12318 42.359, -71.12307 42.35905, -71.12279 42.35919, -71.12165 42.35984, -71.12126 42.36002, -71.12112 42.36008, -71.12102 42.36012, -71.12096 42.36015, -71.12077 42.36021, -71.12062 42.36026, -71.12048 42.3603, -71.12046 42.36031, -71.11992 42.36043, -71.1195 42.3605, -71.11934 42.36053, -71.11903 42.36058, -71.11804 42.36083, -71.11778 42.36088, -71.11765 42.36091, -71.11763 42.36073, -71.11752 42.36003, -71.1175 42.35987, -71.1175 42.35972, -71.11753 42.35941, -71.11757 42.35921, -71.1177 42.35883, -71.11811 42.35764, -71.11831 42.3571, -71.11836 42.35693, -71.11838 42.35679, -71.1184 42.3567, -71.11842 42.35654, -71.11842 42.35635, -71.11841 42.35611, -71.1184 42.356, -71.11836 42.35578, -71.11829 42.35551, -71.11821 42.35527, -71.11813 42.35509, -71.11824 42.35507, -71.1183 42.35505, -71.11834 42.35505, -71.1185 42.35501, -71.11856 42.355, -71.11909 42.35489, -71.11949 42.35475, -71.12002 42.35472, -71.12073 42.35462, -71.12164 42.35475, -71.12285 42.35492, -71.1241 42.3551, -71.12478 42.35519, -71.12509 42.35524, -71.12616 42.35539, -71.12727 42.35555, -71.12841 42.35571, -71.1299 42.35592, -71.13027 42.35596, -71.13119 42.3561, -71.1314 42.3561, -71.13128 42.35616)))"
250250008071,"MULTIPOLYGON (((-71.12128 42.35178, -71.12126 42.35187, -71.12111 42.35253, -71.12104 42.35289, -71.12099 42.3531, -71.12083 42.35382, -71.12069 42.35448, -71.12073 42.35462, -71.12002 42.35472, -71.11949 42.35475, -71.11909 42.35489, -71.11856 42.355, -71.1185 42.35501, -71.11834 42.35505, -71.1183 42.35505, -71.11824 42.35507, -71.11813 42.35509, -71.11809 42.35502, -71.11796 42.35481, -71.11793 42.35476, -71.11783 42.35463, -71.11763 42.35442, -71.11747 42.35427, -71.11724 42.35411, -71.11719 42.35407, -71.11705 42.35398, -71.11619 42.35352, -71.11542 42.35308, -71.11503 42.35287, -71.11446 42.35255, -71.11412 42.35239, -71.1138 42.35226, -71.11345 42.35214, -71.11317 42.35207, -71.11288 42.35201, -71.11249 42.35195, -71.11223 42.35193, -71.11157 42.35189, -71.11147 42.35188, -71.11073 42.35182, -71.11083 42.35108, -71.1109 42.35066, -71.1109 42.35064, -71.11092 42.35054, -71.11093 42.3505, -71.11093 42.35047, -71.11094 42.35045, -71.11111 42.35047, -71.11128 42.35049, -71.11151 42.35051, -71.11321 42.35072, -71.11364 42.35077, -71.11378 42.35078, -71.11401 42.35081, -71.11409 42.35082, -71.1147 42.35089, -71.11493 42.35091, -71.11511 42.35093, -71.11563 42.351, -71.11581 42.35102, -71.11609 42.35106, -71.11695 42.35117, -71.11724 42.35121, -71.11745 42.35123, -71.11807 42.3513, -71.11828 42.35133, -71.11831 42.35133, -71.11834 42.35133, -71.11841 42.35134, -71.11844 42.35134, -71.11881 42.35139, -71.11972 42.35149, -71.11992 42.35151, -71.12029 42.35156, -71.12049 42.35158, -71.12054 42.35159, -71.12111 42.35165, -71.12131 42.35168, -71.12128 42.35178)))"
250250101031,"MULTIPOLYGON (((-71.10685 42.34876, -71.10683 42.34889, -71.10679 42.34905, -71.1067 42.34943, -71.10569 42.34932, -71.1051 42.34926, -71.10499 42.34973, -71.10498 42.34981, -71.10496 42.34991, -71.10362 42.34973, -71.10284 42.34964, -71.10055 42.34936, -71.09948 42.34922, -71.09858 42.34913, -71.09802 42.34907, -71.09797 42.34907, -71.09796 42.34907, -71.09738 42.349, -71.09717 42.34898, -71.09734 42.3488, -71.09762 42.34874, -71.09793 42.34866, -71.09826 42.34857, -71.09884 42.3484, -71.09922 42.3483, -71.09949 42.34823, -71.10056 42.34792, -71.10098 42.3478, -71.10114 42.34776, -71.10159 42.34782, -71.10331 42.34809, -71.10468 42.34834, -71.1052 42.34844, -71.10683 42.34875, -71.10685 42.34876)))"
250250101032,"MULTIPOLYGON (((-71.10041 42.34997, -71.10033 42.35032, -71.10026 42.35079, -71.10024 42.35087, -71.09947 42.35082, -71.09818 42.35074, -71.09778 42.3506, -71.09781 42.35041, -71.09781 42.35034, -71.09777 42.35028, -71.09762 42.35012, -71.09763 42.34998, -71.09761 42.3499, -71.09746 42.34959, -71.09717 42.34898, -71.09738 42.349, -71.09796 42.34907, -71.09797 42.34907, -71.09802 42.34907, -71.09858 42.34913, -71.09948 42.34922, -71.10055 42.34936, -71.10041 42.34997)))"
250250101033,"MULTIPOLYGON (((-71.11093 42.35047, -71.11093 42.3505, -71.11092 42.35054, -71.1109 42.35064, -71.1109 42.35066, -71.11083 42.35108, -71.11073 42.35182, -71.11071 42.35182, -71.11058 42.35181, -71.10949 42.35171, -71.10869 42.35162, -71.10813 42.35157, -71.10649 42.35138, -71.10546 42.35128, -71.10432 42.35115, -71.10336 42.35108, -71.10327 42.35108, -71.10208 42.351, -71.1007 42.3509, -71.10024 42.35087, -71.10026 42.35079, -71.10033 42.35032, -71.10041 42.34997, -71.10055 42.34936, -71.10284 42.34964, -71.10362 42.34973, -71.10496 42.34991, -71.10498 42.34981, -71.10499 42.34973, -71.1051 42.34926, -71.10569 42.34932, -71.1067 42.34943, -71.10657 42.34991, -71.10664 42.34992, -71.10683 42.34994, -71.10691 42.34995, -71.1073 42.35, -71.10849 42.35015, -71.10888 42.3502, -71.10899 42.35021, -71.10931 42.35025, -71.10942 42.35026, -71.1095 42.35027, -71.10957 42.35028, -71.10975 42.35029, -71.10983 42.3503, -71.10995 42.35032, -71.1103 42.35036, -71.11042 42.35038, -71.1105 42.35039, -71.11075 42.35043, -71.11083 42.35044, -71.11088 42.35044, -71.11089 42.35044, -71.11092 42.35044, -71.11094 42.35045, -71.11093 42.35047)))"
250250101041,"MULTIPOLYGON (((-71.09288 42.34916, -71.09241 42.34916, -71.0923 42.34917, -71.09193 42.34918, -71.09184 42.34918, -71.09174 42.34919, -71.09162 42.34919, -71.09163 42.34969, -71.09163 42.35028, -71.09079 42.3505, -71.09073 42.35051, -71.09057 42.35056, -71.0905 42.35057, -71.09047 42.35058, -71.09038 42.35061, -71.09002 42.35071, -71.0895 42.35085, -71.0893 42.35046, -71.08912 42.35005, -71.08894 42.3497, -71.08871 42.34925, -71.08865 42.34913, -71.08862 42.34908, -71.08853 42.34888, -71.08832 42.34848, -71.08815 42.34814, -71.08803 42.34769, -71.08797 42.34756, -71.08792 42.34746, -71.08805 42.34746, -71.0883 42.34747, -71.08872 42.34752, -71.0891 42.34759, -71.08939 42.34763, -71.08964 42.34764, -71.09005 42.34765, -71.09155 42.34763, -71.09194 42.34763, -71.09212 42.34763, -71.09227 42.34763, -71.0924 42.34763, -71.09287 42.34764, -71.09287 42.34776, -71.09287 42.34791, -71.09286 42.34804, -71.09287 42.34884, -71.09288 42.34916)))"
250250101042,"MULTIPOLYGON (((-71.09818 42.35074, -71.09583 42.35058, -71.09545 42.35056, -71.09531 42.35056, -71.09499 42.35057, -71.09468 42.35061, -71.09444 42.35066, -71.09432 42.35069, -71.09358 42.3509, -71.09319 42.35098, -71.09307 42.35101, -71.09295 42.35103, -71.0929 42.35104, -71.09258 42.3511, -71.0923 42.35113, -71.09218 42.35115, -71.09211 42.35116, -71.09207 42.35116, -71.09162 42.3512, -71.09147 42.35122, -71.09126 42.35124, -71.09096 42.35131, -71.09067 42.35137, -71.09041 42.35143, -71.08986 42.35158, -71.08982 42.35149, -71.08976 42.35136, -71.0895 42.35085, -71.09002 42.35071, -71.09038 42.35061, -71.09047 42.35058, -71.0905 42.35057, -71.09057 42.35056, -71.09073 42.35051, -71.09079 42.3505, -71.09163 42.35028, -71.09202 42.35019, -71.09222 42.35014, -71.09232 42.35012, -71.09235 42.35011, -71.09242 42.3501, -71.0925 42.35007, -71.09252 42.35007, -71.09268 42.35003, -71.09289 42.34996, -71.09318 42.34987, -71.09363 42.34976, -71.09371 42.34974, -71.09387 42.34969, -71.09414 42.34961, -71.09425 42.34958, -71.09489 42.34939, -71.09496 42.34937, -71.09529 42.34928, -71.09604 42.34907, -71.09669 42.34899, -71.0969 42.34897, -71.09717 42.34898, -71.09746 42.34959, -71.09761 42.3499, -71.09763 42.34998, -71.09762 42.35012, -71.09777 42.35028, -71.09781 42.35034, -71.09781 42.35041, -71.09778 42.3506, -71.09818 42.35074)))"
250250101043,"MULTIPOLYGON (((-71.10098 42.3478, -71.10056 42.34792, -71.09949 42.34823, -71.09922 42.3483, -71.09884 42.3484, -71.09826 42.34857, -71.09793 42.34866, -71.09762 42.34874, -71.09734 42.3488, -71.09717 42.34898, -71.0969 42.34897, -71.09669 42.34899, -71.09604 42.34907, -71.09529 42.34928, -71.09496 42.34937, -71.09489 42.34939, -71.09425 42.34958, -71.09414 42.34961, -71.09387 42.34969, -71.09371 42.34974, -71.09363 42.34976, -71.09318 42.34987, -71.09289 42.34996, -71.09268 42.35003, -71.09252 42.35007, -71.0925 42.35007, -71.09242 42.3501, -71.09235 42.35011, -71.09232 42.35012, -71.09222 42.35014, -71.09202 42.35019, -71.09163 42.35028, -71.09163 42.34969, -71.09162 42.34919, -71.09174 42.34919, -71.09184 42.34918, -71.09193 42.34918, -71.0923 42.34917, -71.09241 42.34916, -71.09288 42.34916, -71.09287 42.34884, -71.09286 42.34804, -71.09287 42.34791, -71.09287 42.34776, -71.09287 42.34764, -71.09485 42.34764, -71.09812 42.34764, -71.0998 42.34765, -71.10015 42.34766, -71.10062 42.34769, -71.10087 42.34772, -71.10114 42.34776, -71.10098 42.3478)))"
250250102041,"MULTIPOLYGON (((-71.10685 42.34876, -71.10683 42.34875, -71.1052 42.34844, -71.10468 42.34834, -71.10331 42.34809, -71.10159 42.34782, -71.10114 42.34776, -71.10121 42.34774, -71.10135 42.34771, -71.10194 42.34755, -71.10251 42.34739, -71.10258 42.34737, -71.10308 42.34723, -71.10335 42.34716, -71.10377 42.34704, -71.10384 42.34703, -71.10398 42.34699, -71.10434 42.34689, -71.10442 42.34687, -71.10449 42.34685, -71.10457 42.34683, -71.10507 42.3467, -71.1051 42.34676, -71.10515 42.34688, -71.10524 42.34695, -71.10534 42.34715, -71.10553 42.34754, -71.10573 42.3479, -71.1058 42.34804, -71.10592 42.34828, -71.106 42.3484, -71.10621 42.34845, -71.10639 42.3485, -71.10673 42.34856, -71.10689 42.34859, -71.10685 42.34876)))"
250250102042,"MULTIPOLYGON (((-71.10721 42.34705, -71.10712 42.34747, -71.10711 42.34754, -71.10706 42.34777, -71.10705 42.34784, -71.10703 42.34792, -71.10698 42.34814, -71.10696 42.34822, -71.10689 42.34859, -71.10673 42.34856, -71.10639 42.3485, -71.10621 42.34845, -71.106 42.3484, -71.10592 42.34828, -71.1058 42.34804, -71.10573 42.3479, -71.10553 42.34754, -71.10534 42.34715, -71.10524 42.34695, -71.10515 42.34688, -71.1051 42.34676, -71.10507 42.3467, -71.10503 42.3466, -71.10498 42.34651, -71.10494 42.3464, -71.10491 42.34626, -71.10488 42.34621, -71.10471 42.34586, -71.10462 42.34569, -71.1045 42.3454, -71.10445 42.34529, -71.10443 42.34525, -71.10439 42.34515, -71.10421 42.34473, -71.10416 42.34457, -71.1042 42.34444, -71.10425 42.34431, -71.10434 42.34417, -71.10462 42.34439, -71.10492 42.34419, -71.10506 42.34413, -71.10518 42.34407, -71.10524 42.34403, -71.10529 42.344, -71.10537 42.34396, -71.10552 42.34381, -71.10556 42.3439, -71.10558 42.34394, -71.10567 42.34412, -71.10578 42.34432, -71.1058 42.3444, -71.10583 42.34445, -71.10591 42.34457, -71.10625 42.34507, -71.10633 42.34522, -71.10635 42.34525, -71.10638 42.34533, -71.10648 42.34555, -71.10651 42.34562, -71.10653 42.34565, -71.10657 42.34573, -71.10659 42.34575, -71.10662 42.34581, -71.10671 42.34598, -71.10674 42.34604, -71.10676 42.34608, -71.10678 42.34614, -71.1068 42.34621, -71.10682 42.34625, -71.10686 42.34634, -71.10699 42.34658, -71.10703 42.34666, -71.10704 42.34668, -71.10707 42.34673, -71.10708 42.34675, -71.10719 42.34698, -71.10721 42.34705)))"
250250102043,"MULTIPOLYGON (((-71.10507 42.3467, -71.10457 42.34683, -71.10449 42.34685, -71.10442 42.34687, -71.10434 42.34689, -71.10398 42.34699, -71.10384 42.34703, -71.10377 42.34704, -71.10335 42.34716, -71.10308 42.34723, -71.10258 42.34737, -71.10251 42.34739, -71.10194 42.34755, -71.10135 42.34771, -71.10121 42.34774, -71.10114 42.34776, -71.10087 42.34772, -71.10062 42.34769, -71.10015 42.34766, -71.0998 42.34765, -71.09812 42.34764, -71.09817 42.3476, -71.09857 42.34717, -71.09896 42.34681, -71.09935 42.34644, -71.0995 42.34627, -71.0997 42.34607, -71.10032 42.34547, -71.10059 42.34522, -71.1008 42.34504, -71.10098 42.34488, -71.10167 42.34422, -71.1017 42.34419, -71.10182 42.34408, -71.1019 42.34401, -71.10242 42.34352, -71.10252 42.34338, -71.10282 42.34352, -71.1031 42.34371, -71.1034 42.34396, -71.10361 42.34406, -71.10374 42.34409, -71.10389 42.34411, -71.10405 42.34412, -71.10421 42.34411, -71.10431 42.34408, -71.10439 42.34412, -71.10434 42.34417, -71.10425 42.34431, -71.1042 42.34444, -71.10416 42.34457, -71.10421 42.34473, -71.10439 42.34515, -71.10443 42.34525, -71.10445 42.34529, -71.1045 42.3454, -71.10462 42.34569, -71.10471 42.34586, -71.10488 42.34621, -71.10491 42.34626, -71.10494 42.3464, -71.10498 42.34651, -71.10503 42.3466, -71.10507 42.3467)))"
250250102051,"MULTIPOLYGON (((-71.09955 42.34311, -71.09887 42.34329, -71.09741 42.34369, -71.09722 42.34328, -71.09713 42.34308, -71.09701 42.34286, -71.0968 42.34243, -71.0966 42.34205, -71.09649 42.34184, -71.09716 42.34167, -71.09735 42.34159, -71.09752 42.34146, -71.09789 42.34115, -71.09819 42.34092, -71.09836 42.34081, -71.09841 42.34079, -71.09854 42.34091, -71.09879 42.34143, -71.09899 42.34183, -71.09919 42.34226, -71.09937 42.34268, -71.09952 42.34304, -71.09955 42.34311)))"
250250102052,"MULTIPOLYGON (((-71.1012 42.34267, -71.10061 42.34282, -71.09955 42.34311, -71.09952 42.34304, -71.09937 42.34268, -71.09919 42.34226, -71.09899 42.34183, -71.09879 42.34143, -71.09854 42.34091, -71.09841 42.34079, -71.09863 42.3407, -71.09888 42.34063, -71.09906 42.34061, -71.09926 42.34063, -71.09954 42.3407, -71.0998 42.3408, -71.09999 42.34088, -71.10018 42.34097, -71.10031 42.34105, -71.10041 42.34113, -71.10045 42.34116, -71.10077 42.34144, -71.10082 42.34149, -71.10107 42.34174, -71.10182 42.3425, -71.1012 42.34267)))"
250250102053,"MULTIPOLYGON (((-71.10252 42.34338, -71.10242 42.34352, -71.1019 42.34401, -71.10182 42.34408, -71.1017 42.34419, -71.10167 42.34422, -71.10098 42.34488, -71.10076 42.34477, -71.10047 42.3447, -71.10033 42.34457, -71.10006 42.34409, -71.09998 42.34397, -71.09977 42.34354, -71.09961 42.34321, -71.09955 42.34311, -71.10061 42.34282, -71.1012 42.34267, -71.10182 42.3425, -71.10207 42.34275, -71.10235 42.34306, -71.10247 42.34319, -71.10252 42.34338)))"
250250102054,"MULTIPOLYGON (((-71.1008 42.34504, -71.10059 42.34522, -71.10032 42.34547, -71.0997 42.34607, -71.0995 42.34627, -71.09935 42.34644, -71.09896 42.34681, -71.09874 42.34634, -71.09828 42.3454, -71.09823 42.34529, -71.09787 42.34456, -71.09771 42.34425, -71.09762 42.3441, -71.09741 42.34369, -71.09887 42.34329, -71.09955 42.34311, -71.09961 42.34321, -71.09977 42.34354, -71.09998 42.34397, -71.10006 42.34409, -71.10033 42.34457, -71.10047 42.3447, -71.10076 42.34477, -71.10098 42.34488, -71.1008 42.34504)))"
250250102061,"MULTIPOLYGON (((-71.09896 42.34681, -71.09857 42.34717, -71.09817 42.3476, -71.09812 42.34764, -71.09485 42.34764, -71.09287 42.34764, -71.09288 42.3475, -71.09361 42.3475, -71.09384 42.34749, -71.09395 42.34748, -71.09405 42.34744, -71.09417 42.34735, -71.0944 42.34715, -71.09494 42.34666, -71.09527 42.34635, -71.09551 42.34618, -71.09569 42.3461, -71.09568 42.34593, -71.09561 42.34572, -71.09533 42.34523, -71.09526 42.34525, -71.09475 42.34539, -71.09455 42.34534, -71.09449 42.34531, -71.09445 42.34519, -71.09457 42.34485, -71.09461 42.34469, -71.09464 42.34455, -71.09477 42.34444, -71.09484 42.34441, -71.09493 42.34438, -71.09574 42.34415, -71.09651 42.34394, -71.09741 42.34369, -71.09762 42.3441, -71.09771 42.34425, -71.09787 42.34456, -71.09823 42.34529, -71.09828 42.3454, -71.09874 42.34634, -71.09896 42.34681)))"
250250102062,"MULTIPOLYGON (((-71.09569 42.3461, -71.09551 42.34618, -71.09527 42.34635, -71.09494 42.34666, -71.0944 42.34715, -71.09417 42.34735, -71.09405 42.34744, -71.09395 42.34748, -71.09384 42.34749, -71.09361 42.3475, -71.09288 42.3475, -71.09287 42.34764, -71.0924 42.34763, -71.09227 42.34763, -71.09212 42.34763, -71.09194 42.34763, -71.09155 42.34763, -71.09005 42.34765, -71.08964 42.34764, -71.08939 42.34763, -71.0891 42.34759, -71.08872 42.34752, -71.0883 42.34747, -71.08805 42.34746, -71.08792 42.34746, -71.08776 42.3473, -71.08926 42.34689, -71.08941 42.34685, -71.09001 42.34668, -71.09009 42.34666, -71.0904 42.34658, -71.09055 42.34655, -71.0907 42.34654, -71.0909 42.34654, -71.09109 42.34657, -71.09137 42.34662, -71.0916 42.34668, -71.09185 42.34676, -71.09201 42.34683, -71.09204 42.34685, -71.09208 42.34687, -71.09212 42.3469, -71.09216 42.34693, -71.09223 42.34699, -71.09227 42.34711, -71.09229 42.34704, -71.09239 42.34696, -71.09249 42.34691, -71.0927 42.34684, -71.0929 42.34676, -71.0931 42.34667, -71.09329 42.34651, -71.09418 42.3457, -71.0943 42.34558, -71.0944 42.34533, -71.09445 42.34519, -71.09449 42.34531, -71.09455 42.34534, -71.09475 42.34539, -71.09526 42.34525, -71.09533 42.34523, -71.09561 42.34572, -71.09568 42.34593, -71.09569 42.3461)))"
250250103001,"MULTIPOLYGON (((-71.10066 42.33651, -71.10037 42.33696, -71.09999 42.33752, -71.09987 42.33772, -71.09978 42.33788, -71.09955 42.33818, -71.0993 42.33862, -71.09899 42.3391, -71.09867 42.33894, -71.09838 42.33882, -71.09824 42.33877, -71.09793 42.33872, -71.09774 42.3387, -71.09754 42.33871, -71.09729 42.33878, -71.09708 42.33889, -71.09689 42.33903, -71.09668 42.33926, -71.09634 42.33971, -71.09621 42.33983, -71.09602 42.33994, -71.09572 42.3401, -71.09497 42.3404, -71.09455 42.34056, -71.09404 42.3407, -71.09375 42.34077, -71.09322 42.34089, -71.09328 42.34081, -71.0933 42.34074, -71.0933 42.34067, -71.09328 42.3406, -71.09318 42.3404, -71.0929 42.34001, -71.09254 42.33951, -71.09219 42.33914, -71.09227 42.33911, -71.09246 42.33903, -71.09272 42.33893, -71.09327 42.33872, -71.09475 42.33812, -71.09482 42.33809, -71.09574 42.33773, -71.09683 42.33731, -71.09695 42.33726, -71.09725 42.33713, -71.09761 42.33699, -71.09813 42.33678, -71.09888 42.33649, -71.09956 42.33626, -71.10031 42.33594, -71.10094 42.33617, -71.10066 42.33651)))"
250250103002,"MULTIPOLYGON (((-71.11 42.34032, -71.10963 42.34072, -71.10947 42.34084, -71.10929 42.34094, -71.10908 42.34101, -71.10832 42.34117, -71.10822 42.3412, -71.1078 42.34133, -71.10756 42.34142, -71.10726 42.34156, -71.10708 42.34165, -71.10691 42.34177, -71.10677 42.34189, -71.10656 42.34211, -71.10633 42.3424, -71.10616 42.34264, -71.10605 42.34278, -71.10592 42.34293, -71.10575 42.34307, -71.10553 42.34324, -71.10546 42.34326, -71.10536 42.34329, -71.10513 42.34332, -71.10493 42.34335, -71.10472 42.34337, -71.10455 42.34337, -71.1045 42.34337, -71.10436 42.34336, -71.10417 42.34332, -71.10379 42.34314, -71.10327 42.34274, -71.10295 42.34243, -71.1017 42.34116, -71.10156 42.34104, -71.10105 42.34057, -71.10082 42.34038, -71.1006 42.3402, -71.10023 42.3399, -71.0998 42.33958, -71.09954 42.3394, -71.09899 42.3391, -71.0993 42.33862, -71.09955 42.33818, -71.09978 42.33788, -71.09987 42.33772, -71.09999 42.33752, -71.10037 42.33696, -71.10066 42.33651, -71.10094 42.33617, -71.10163 42.33643, -71.10199 42.33655, -71.10203 42.33657, -71.1031 42.33698, -71.1034 42.33711, -71.10391 42.33731, -71.10427 42.33744, -71.10442 42.33749, -71.10447 42.33751, -71.10514 42.33777, -71.10539 42.33786, -71.10559 42.33796, -71.10607 42.33823, -71.10729 42.33893, -71.10828 42.3395, -71.10849 42.33962, -71.10899 42.33992, -71.10904 42.33995, -71.10925 42.34006, -71.10936 42.34012, -71.10947 42.34019, -71.10962 42.34024, -71.10989 42.3403, -71.11 42.34032)))"
250250104031,"MULTIPOLYGON (((-71.08985 42.34434, -71.08976 42.34466, -71.08955 42.34541, -71.08937 42.34538, -71.08875 42.34528, -71.08803 42.34517, -71.08792 42.34516, -71.0878 42.34517, -71.08773 42.3452, -71.08767 42.34529, -71.08736 42.34468, -71.08716 42.34428, -71.08694 42.34378, -71.0868 42.34344, -71.08768 42.34357, -71.08948 42.34385, -71.08997 42.34392, -71.08985 42.34434)))"
250250104032,"MULTIPOLYGON (((-71.0894 42.34592, -71.0893 42.34631, -71.08926 42.34646, -71.08922 42.34663, -71.08923 42.34672, -71.08926 42.34689, -71.08776 42.3473, -71.08759 42.34692, -71.08746 42.34663, -71.08793 42.3465, -71.08826 42.3464, -71.08798 42.34586, -71.08767 42.34529, -71.08773 42.3452, -71.0878 42.34517, -71.08792 42.34516, -71.08803 42.34517, -71.08875 42.34528, -71.08937 42.34538, -71.08955 42.34541, -71.0894 42.34592)))"
250250104033,"MULTIPOLYGON (((-71.08826 42.3464, -71.08793 42.3465, -71.08746 42.34663, -71.08737 42.34648, -71.08722 42.3462, -71.08708 42.34592, -71.08683 42.34542, -71.08677 42.34527, -71.0866 42.34495, -71.08655 42.34486, -71.08636 42.34445, -71.08591 42.34349, -71.08585 42.34339, -71.0858 42.34333, -71.08598 42.34332, -71.08632 42.34336, -71.0868 42.34344, -71.08694 42.34378, -71.08716 42.34428, -71.08736 42.34468, -71.08767 42.34529, -71.08798 42.34586, -71.08826 42.3464)))"
250250104041,"MULTIPOLYGON (((-71.09181 42.33987, -71.09173 42.33999, -71.09121 42.34092, -71.09119 42.34095, -71.091 42.34044, -71.09026 42.34071, -71.08985 42.34088, -71.08951 42.34102, -71.08936 42.34107, -71.08925 42.34111, -71.08898 42.34121, -71.08855 42.34138, -71.08848 42.3414, -71.08809 42.34155, -71.08807 42.34156, -71.08784 42.34165, -71.08771 42.34171, -71.08762 42.34175, -71.08758 42.34178, -71.08739 42.3419, -71.08731 42.34199, -71.08716 42.34186, -71.08661 42.34147, -71.08698 42.34123, -71.08715 42.34116, -71.08772 42.34093, -71.08795 42.34084, -71.08828 42.34072, -71.08852 42.34062, -71.08897 42.34045, -71.0898 42.34012, -71.09066 42.33977, -71.09103 42.33961, -71.09175 42.33983, -71.09181 42.33987)))"
250250104042,"MULTIPOLYGON (((-71.0911 42.3411, -71.09103 42.34121, -71.09089 42.34144, -71.0907 42.34174, -71.09062 42.34187, -71.09053 42.34202, -71.09049 42.34208, -71.09048 42.34211, -71.09046 42.34216, -71.09041 42.34229, -71.09033 42.3426, -71.08983 42.34253, -71.08806 42.34226, -71.08782 42.34222, -71.08771 42.34219, -71.08763 42.34217, -71.08757 42.34215, -71.08741 42.34206, -71.08731 42.34199, -71.08739 42.3419, -71.08758 42.34178, -71.08762 42.34175, -71.08771 42.34171, -71.08784 42.34165, -71.08807 42.34156, -71.08809 42.34155, -71.08848 42.3414, -71.08855 42.34138, -71.08898 42.34121, -71.08925 42.34111, -71.08936 42.34107, -71.08951 42.34102, -71.08985 42.34088, -71.09026 42.34071, -71.091 42.34044, -71.09119 42.34095, -71.0911 42.3411)))"
250250104043,"MULTIPOLYGON (((-71.09008 42.34357, -71.09001 42.34377, -71.08997 42.34392, -71.08948 42.34385, -71.08768 42.34357, -71.0868 42.34344, -71.08632 42.34336, -71.08598 42.34332, -71.0858 42.34333, -71.08598 42.34314, -71.0863 42.34287, -71.0866 42.34261, -71.08679 42.34269, -71.08696 42.34272, -71.08965 42.34313, -71.0902 42.34319, -71.09008 42.34357)))"
250250104044,"MULTIPOLYGON (((-71.09029 42.34278, -71.0902 42.34319, -71.08965 42.34313, -71.08696 42.34272, -71.08679 42.34269, -71.0866 42.34261, -71.0863 42.34287, -71.08598 42.34314, -71.0858 42.34333, -71.08505 42.34282, -71.08496 42.34277, -71.08531 42.3425, -71.08567 42.34219, -71.08642 42.34159, -71.08661 42.34147, -71.08716 42.34186, -71.08731 42.34199, -71.08741 42.34206, -71.08757 42.34215, -71.08763 42.34217, -71.08771 42.34219, -71.08782 42.34222, -71.08806 42.34226, -71.08983 42.34253, -71.09033 42.3426, -71.09029 42.34278)))"
250250104051,"MULTIPOLYGON (((-71.09574 42.33773, -71.09482 42.33809, -71.09475 42.33812, -71.09327 42.33872, -71.09272 42.33893, -71.09246 42.33903, -71.09227 42.33911, -71.09219 42.33914, -71.09138 42.33946, -71.09103 42.33961, -71.09066 42.33977, -71.0898 42.34012, -71.08897 42.34045, -71.08852 42.34062, -71.08828 42.34072, -71.08795 42.34084, -71.08772 42.34093, -71.08715 42.34116, -71.08698 42.34123, -71.08661 42.34147, -71.08647 42.34137, -71.0862 42.34119, -71.08569 42.34087, -71.08514 42.34055, -71.08484 42.34037, -71.08468 42.34029, -71.08503 42.34, -71.08673 42.33868, -71.08812 42.33765, -71.08824 42.33755, -71.08934 42.33661, -71.09011 42.33599, -71.09038 42.33577, -71.09052 42.33566, -71.09058 42.33571, -71.09065 42.33574, -71.09081 42.33584, -71.09105 42.33593, -71.09123 42.33602, -71.09203 42.33633, -71.09252 42.33652, -71.09299 42.33671, -71.09306 42.33673, -71.09367 42.33696, -71.09426 42.3372, -71.09501 42.33746, -71.09524 42.33753, -71.09549 42.33762, -71.0956 42.33767, -71.09566 42.33769, -71.09574 42.33773)))"
250250104052,"MULTIPOLYGON (((-71.0933 42.34074, -71.09328 42.34081, -71.09322 42.34089, -71.09299 42.34096, -71.09279 42.34102, -71.09267 42.34107, -71.09245 42.34118, -71.09221 42.34134, -71.09215 42.34139, -71.09203 42.3415, -71.09199 42.34154, -71.09172 42.34187, -71.09167 42.34197, -71.09159 42.34211, -71.09153 42.34232, -71.09152 42.34254, -71.09152 42.34266, -71.09152 42.34277, -71.09151 42.34296, -71.0915 42.34305, -71.09145 42.34318, -71.09135 42.34335, -71.09122 42.34349, -71.09102 42.34372, -71.09092 42.34388, -71.09088 42.344, -71.09084 42.34408, -71.0908 42.34436, -71.09078 42.34449, -71.0908 42.34464, -71.09076 42.34486, -71.09064 42.34526, -71.09063 42.34544, -71.09064 42.34562, -71.09067 42.34578, -71.09079 42.34631, -71.09082 42.34643, -71.09085 42.34649, -71.0909 42.34654, -71.0907 42.34654, -71.09055 42.34655, -71.0904 42.34658, -71.09009 42.34666, -71.09001 42.34668, -71.08941 42.34685, -71.08926 42.34689, -71.08923 42.34672, -71.08922 42.34663, -71.08926 42.34646, -71.0893 42.34631, -71.0894 42.34592, -71.08955 42.34541, -71.08976 42.34466, -71.08985 42.34434, -71.08997 42.34392, -71.09001 42.34377, -71.09008 42.34357, -71.0902 42.34319, -71.09029 42.34278, -71.09033 42.3426, -71.09041 42.34229, -71.09046 42.34216, -71.09048 42.34211, -71.09049 42.34208, -71.09053 42.34202, -71.09062 42.34187, -71.0907 42.34174, -71.09089 42.34144, -71.09103 42.34121, -71.0911 42.3411, -71.09119 42.34095, -71.09121 42.34092, -71.09173 42.33999, -71.09181 42.33987, -71.09175 42.33983, -71.09103 42.33961, -71.09138 42.33946, -71.09219 42.33914, -71.09254 42.33951, -71.0929 42.34001, -71.09318 42.3404, -71.09328 42.3406, -71.0933 42.34067, -71.0933 42.34074)))"
250250104053,"MULTIPOLYGON (((-71.08661 42.34147, -71.08642 42.34159, -71.08567 42.34219, -71.08531 42.3425, -71.08496 42.34277, -71.0849 42.34273, -71.08486 42.3427, -71.0841 42.34219, -71.08392 42.34213, -71.08315 42.34162, -71.08323 42.34155, -71.0835 42.34126, -71.08431 42.34061, -71.08468 42.34029, -71.08484 42.34037, -71.08514 42.34055, -71.08569 42.34087, -71.0862 42.34119, -71.08647 42.34137, -71.08661 42.34147)))"
250250104081,"MULTIPOLYGON (((-71.09741 42.34369, -71.09651 42.34394, -71.09574 42.34415, -71.09493 42.34438, -71.09484 42.34441, -71.09477 42.34444, -71.09464 42.34455, -71.0947 42.34425, -71.0947 42.34404, -71.09468 42.3438, -71.09461 42.34351, -71.09459 42.34327, -71.09458 42.34313, -71.09458 42.34309, -71.09461 42.34294, -71.09469 42.34276, -71.09484 42.34256, -71.09507 42.34235, -71.09531 42.34222, -71.09549 42.34213, -71.09562 42.34208, -71.0959 42.34201, -71.09649 42.34184, -71.0966 42.34205, -71.0968 42.34243, -71.09701 42.34286, -71.09713 42.34308, -71.09722 42.34328, -71.09741 42.34369)))"
250250105001,"MULTIPOLYGON (((-71.08776 42.3473, -71.08735 42.34741, -71.08723 42.34745, -71.08708 42.34749, -71.08685 42.34755, -71.08673 42.34759, -71.08638 42.34768, -71.0856 42.34788, -71.08553 42.3477, -71.08548 42.34757, -71.08543 42.34749, -71.08527 42.34718, -71.08503 42.34674, -71.08491 42.34648, -71.0848 42.3463, -71.08479 42.34627, -71.08474 42.3462, -71.08463 42.34609, -71.08441 42.34604, -71.08383 42.34595, -71.08341 42.34589, -71.08298 42.34585, -71.08276 42.34586, -71.08238 42.3458, -71.08209 42.34567, -71.08188 42.34552, -71.08182 42.34541, -71.08319 42.34431, -71.08496 42.34277, -71.08505 42.34282, -71.0858 42.34333, -71.08585 42.34339, -71.08591 42.34349, -71.08636 42.34445, -71.08655 42.34486, -71.0866 42.34495, -71.08677 42.34527, -71.08683 42.34542, -71.08708 42.34592, -71.08722 42.3462, -71.08737 42.34648, -71.08746 42.34663, -71.08759 42.34692, -71.08776 42.3473)))"
250250105002,"MULTIPOLYGON (((-71.08496 42.34277, -71.08319 42.34431, -71.08182 42.34541, -71.08171 42.34534, -71.0813 42.34505, -71.08091 42.34479, -71.08157 42.34426, -71.08172 42.34415, -71.08222 42.34374, -71.08287 42.3432, -71.08307 42.34304, -71.08352 42.34267, -71.08371 42.3425, -71.0841 42.34219, -71.08486 42.3427, -71.0849 42.34273, -71.08496 42.34277)))"
250250105003,"MULTIPOLYGON (((-71.0841 42.34219, -71.08371 42.3425, -71.08352 42.34267, -71.08307 42.34304, -71.08287 42.3432, -71.08222 42.34374, -71.08172 42.34415, -71.08157 42.34426, -71.08091 42.34479, -71.08086 42.34475, -71.08034 42.3444, -71.08022 42.34432, -71.08015 42.34426, -71.08008 42.34422, -71.08037 42.34403, -71.08045 42.34396, -71.08078 42.34374, -71.08142 42.34319, -71.08205 42.34268, -71.08265 42.34207, -71.08266 42.34205, -71.08303 42.34172, -71.08315 42.34162, -71.08392 42.34213, -71.0841 42.34219)))"
250250106001,"MULTIPOLYGON (((-71.08182 42.34541, -71.08101 42.34604, -71.08061 42.3463, -71.08041 42.34645, -71.07968 42.34702, -71.07958 42.34712, -71.07939 42.3473, -71.07913 42.34753, -71.07892 42.34769, -71.07872 42.34783, -71.07841 42.34784, -71.07781 42.34786, -71.07772 42.34786, -71.07757 42.34787, -71.07631 42.3479, -71.07626 42.3479, -71.0762 42.34791, -71.07612 42.34776, -71.07603 42.34758, -71.07593 42.34736, -71.07603 42.34731, -71.07664 42.34686, -71.07705 42.34656, -71.07777 42.34604, -71.07809 42.34582, -71.07838 42.34558, -71.07875 42.34528, -71.07939 42.34476, -71.07947 42.34471, -71.08008 42.34422, -71.08015 42.34426, -71.08022 42.34432, -71.08034 42.3444, -71.08086 42.34475, -71.08091 42.34479, -71.0813 42.34505, -71.08171 42.34534, -71.08182 42.34541)))"
250250106002,"MULTIPOLYGON (((-71.0856 42.34788, -71.08531 42.34796, -71.08375 42.34838, -71.0821 42.34882, -71.08181 42.34891, -71.08142 42.34902, -71.08078 42.3492, -71.07951 42.34951, -71.07914 42.34869, -71.07879 42.34802, -71.07879 42.348, -71.07875 42.34791, -71.07872 42.34783, -71.07892 42.34769, -71.07913 42.34753, -71.07939 42.3473, -71.07958 42.34712, -71.07968 42.34702, -71.08041 42.34645, -71.08061 42.3463, -71.08101 42.34604, -71.08182 42.34541, -71.08188 42.34552, -71.08209 42.34567, -71.08238 42.3458, -71.08276 42.34586, -71.08298 42.34585, -71.08341 42.34589, -71.08383 42.34595, -71.08441 42.34604, -71.08463 42.34609, -71.08474 42.3462, -71.08479 42.34627, -71.0848 42.3463, -71.08491 42.34648, -71.08503 42.34674, -71.08527 42.34718, -71.08543 42.34749, -71.08548 42.34757, -71.08553 42.3477, -71.0856 42.34788)))"
250250106003,"MULTIPOLYGON (((-71.07951 42.34951, -71.07737 42.35007, -71.07693 42.34928, -71.07682 42.34934, -71.07668 42.3494, -71.07657 42.34943, -71.07641 42.34948, -71.07587 42.34961, -71.07479 42.34986, -71.07266 42.35041, -71.07224 42.34953, -71.07208 42.34918, -71.07206 42.34914, -71.072 42.34902, -71.07227 42.34895, -71.07282 42.34879, -71.07358 42.34858, -71.07411 42.34844, -71.0751 42.34816, -71.07513 42.34815, -71.07516 42.34816, -71.07521 42.3482, -71.07539 42.34857, -71.07638 42.34831, -71.0762 42.34791, -71.07626 42.3479, -71.07631 42.3479, -71.07757 42.34787, -71.07772 42.34786, -71.07781 42.34786, -71.07841 42.34784, -71.07872 42.34783, -71.07875 42.34791, -71.07879 42.348, -71.07879 42.34802, -71.07914 42.34869, -71.07951 42.34951)))"
250250107011,"MULTIPOLYGON (((-71.08513 42.35114, -71.08317 42.35165, -71.08297 42.35126, -71.08275 42.35083, -71.08259 42.3505, -71.08239 42.35009, -71.08219 42.34968, -71.07986 42.3503, -71.07968 42.34991, -71.07951 42.34951, -71.08078 42.3492, -71.08142 42.34902, -71.08181 42.34891, -71.0821 42.34882, -71.08375 42.34838, -71.08393 42.34877, -71.08414 42.34918, -71.08434 42.34957, -71.08454 42.34998, -71.0847 42.3503, -71.08493 42.35076, -71.08513 42.35114)))"
250250107012,"MULTIPOLYGON (((-71.08317 42.35165, -71.08086 42.35227, -71.08065 42.35185, -71.08046 42.35146, -71.0803 42.35112, -71.08008 42.35071, -71.07986 42.3503, -71.08219 42.34968, -71.08239 42.35009, -71.08259 42.3505, -71.08275 42.35083, -71.08297 42.35126, -71.08317 42.35165)))"
250250107013,"MULTIPOLYGON (((-71.08871 42.34925, -71.08716 42.34966, -71.08624 42.34991, -71.0847 42.3503, -71.08454 42.34998, -71.08434 42.34957, -71.08414 42.34918, -71.08393 42.34877, -71.08375 42.34838, -71.08531 42.34796, -71.0856 42.34788, -71.08638 42.34768, -71.08673 42.34759, -71.08685 42.34755, -71.08708 42.34749, -71.08723 42.34745, -71.08735 42.34741, -71.08776 42.3473, -71.08792 42.34746, -71.08797 42.34756, -71.08803 42.34769, -71.08815 42.34814, -71.08832 42.34848, -71.08853 42.34888, -71.08862 42.34908, -71.08865 42.34913, -71.08871 42.34925)))"
250250107021,"MULTIPOLYGON (((-71.0803 42.35112, -71.07815 42.35169, -71.07753 42.35186, -71.07745 42.35188, -71.07598 42.35226, -71.0758 42.35187, -71.07561 42.35146, -71.07346 42.35205, -71.07108 42.35267, -71.07089 42.35231, -71.0707 42.35194, -71.07066 42.35185, -71.07045 42.35142, -71.07282 42.35075, -71.07266 42.35041, -71.07479 42.34986, -71.07587 42.34961, -71.07641 42.34948, -71.07657 42.34943, -71.07668 42.3494, -71.07682 42.34934, -71.07693 42.34928, -71.07737 42.35007, -71.07951 42.34951, -71.07968 42.34991, -71.07986 42.3503, -71.08008 42.35071, -71.0803 42.35112)))"
250250107022,"MULTIPOLYGON (((-71.08086 42.35227, -71.0789 42.35279, -71.07872 42.35284, -71.07759 42.35316, -71.07658 42.35343, -71.07638 42.35305, -71.07616 42.35264, -71.07598 42.35226, -71.07745 42.35188, -71.07753 42.35186, -71.07815 42.35169, -71.0803 42.35112, -71.08046 42.35146, -71.08065 42.35185, -71.08086 42.35227)))"
250250107023,"MULTIPOLYGON (((-71.07658 42.35343, -71.0744 42.35402, -71.07427 42.35407, -71.07285 42.35445, -71.07206 42.35466, -71.07184 42.35423, -71.07164 42.35383, -71.07148 42.3535, -71.07127 42.35308, -71.07108 42.35267, -71.07346 42.35205, -71.07561 42.35146, -71.0758 42.35187, -71.07598 42.35226, -71.07616 42.35264, -71.07638 42.35305, -71.07658 42.35343)))"
250250108011,"MULTIPOLYGON (((-71.07519 42.35552, -71.07439 42.35575, -71.07394 42.35587, -71.07378 42.35594, -71.07349 42.3561, -71.07346 42.35612, -71.07344 42.35608, -71.0734 42.35596, -71.0733 42.35581, -71.07315 42.35554, -71.07302 42.35531, -71.07281 42.35538, -71.07256 42.35544, -71.07236 42.35528, -71.07223 42.35503, -71.07206 42.35466, -71.07285 42.35445, -71.07427 42.35407, -71.0744 42.35402, -71.07459 42.35438, -71.07482 42.35482, -71.075 42.35521, -71.07505 42.35533, -71.07522 42.35551, -71.07519 42.35552)))"
250250108012,"MULTIPOLYGON (((-71.07931 42.35417, -71.07723 42.35475, -71.07736 42.35494, -71.07582 42.35534, -71.07552 42.35542, -71.07522 42.35551, -71.07505 42.35533, -71.075 42.35521, -71.07482 42.35482, -71.07459 42.35438, -71.0744 42.35402, -71.07658 42.35343, -71.07675 42.3538, -71.07694 42.35424, -71.07726 42.35416, -71.07806 42.35395, -71.07912 42.35366, -71.07931 42.35417)))"
250250108013,"MULTIPOLYGON (((-71.08159 42.3537, -71.08046 42.354, -71.07998 42.35412, -71.07946 42.35428, -71.07939 42.3543, -71.07912 42.3544, -71.07891 42.35449, -71.07757 42.35488, -71.07736 42.35494, -71.07723 42.35475, -71.07931 42.35417, -71.07912 42.35366, -71.07806 42.35395, -71.07726 42.35416, -71.07694 42.35424, -71.07675 42.3538, -71.07658 42.35343, -71.07759 42.35316, -71.07872 42.35284, -71.0789 42.35279, -71.08086 42.35227, -71.08106 42.35264, -71.08126 42.35305, -71.08153 42.35358, -71.08159 42.3537)))"
250250108021,"MULTIPOLYGON (((-71.08725 42.35205, -71.08656 42.35223, -71.08645 42.35226, -71.08573 42.35245, -71.0838 42.35298, -71.08355 42.35246, -71.08336 42.35204, -71.08317 42.35165, -71.08513 42.35114, -71.08493 42.35076, -71.0847 42.3503, -71.08624 42.34991, -71.08628 42.34999, -71.08644 42.35035, -71.08662 42.35073, -71.08682 42.35112, -71.08702 42.35152, -71.08725 42.35205)))"
250250108022,"MULTIPOLYGON (((-71.08986 42.35158, -71.08927 42.35172, -71.089 42.35178, -71.08853 42.35186, -71.08798 42.35198, -71.08741 42.35213, -71.08733 42.35215, -71.08656 42.35237, -71.08591 42.35253, -71.08573 42.35245, -71.08645 42.35226, -71.08656 42.35223, -71.08725 42.35205, -71.08702 42.35152, -71.08682 42.35112, -71.08662 42.35073, -71.08644 42.35035, -71.08628 42.34999, -71.08624 42.34991, -71.08716 42.34966, -71.08871 42.34925, -71.08894 42.3497, -71.08912 42.35005, -71.0893 42.35046, -71.0895 42.35085, -71.08976 42.35136, -71.08982 42.35149, -71.08986 42.35158)))"
250250108023,"MULTIPOLYGON (((-71.08578 42.35256, -71.08454 42.35292, -71.08395 42.35306, -71.08385 42.35309, -71.08294 42.35334, -71.08222 42.35353, -71.08171 42.35367, -71.08159 42.3537, -71.08153 42.35358, -71.08126 42.35305, -71.08106 42.35264, -71.08086 42.35227, -71.08317 42.35165, -71.08336 42.35204, -71.08355 42.35246, -71.0838 42.35298, -71.08573 42.35245, -71.08591 42.35253, -71.08578 42.35256)))"
250250201011,"MULTIPOLYGON (((-71.072 42.35742, -71.07191 42.35744, -71.07137 42.35757, -71.0707 42.3577, -71.07029 42.3578, -71.06984 42.35703, -71.06946 42.35712, -71.06913 42.3572, -71.06845 42.35735, -71.06827 42.35737, -71.06794 42.35745, -71.06783 42.35713, -71.06778 42.35697, -71.06764 42.3566, -71.06873 42.35636, -71.06892 42.35632, -71.06941 42.35622, -71.06983 42.35612, -71.07019 42.35603, -71.0713 42.35577, -71.07146 42.35612, -71.07153 42.35627, -71.07168 42.35663, -71.07186 42.35707, -71.07192 42.35722, -71.072 42.35742)))"
250250201012,"MULTIPOLYGON (((-71.07344 42.35614, -71.07327 42.35629, -71.07317 42.35646, -71.07313 42.35656, -71.07293 42.35699, -71.07279 42.35728, -71.07272 42.35747, -71.07267 42.35759, -71.07253 42.35794, -71.0724 42.35845, -71.07231 42.3588, -71.07212 42.35947, -71.07079 42.35947, -71.07073 42.35882, -71.0707 42.35852, -71.07066 42.35843, -71.07029 42.3578, -71.0707 42.3577, -71.07137 42.35757, -71.07191 42.35744, -71.072 42.35742, -71.07192 42.35722, -71.07186 42.35707, -71.07168 42.35663, -71.07153 42.35627, -71.07146 42.35612, -71.0713 42.35577, -71.07138 42.35575, -71.07204 42.35558, -71.07216 42.35555, -71.07256 42.35544, -71.07281 42.35538, -71.07302 42.35531, -71.07315 42.35554, -71.0733 42.35581, -71.0734 42.35596, -71.07344 42.35608, -71.07346 42.35612, -71.07344 42.35614)))"
250250201013,"MULTIPOLYGON (((-71.07006 42.35784, -71.06991 42.35787, -71.06986 42.35788, -71.06948 42.35793, -71.06883 42.358, -71.0686 42.35802, -71.0685 42.35803, -71.06871 42.35885, -71.06857 42.35885, -71.0677 42.35887, -71.06705 42.35887, -71.06684 42.35887, -71.06634 42.35887, -71.06541 42.35887, -71.06507 42.35886, -71.06507 42.35863, -71.06508 42.35838, -71.06509 42.35804, -71.06511 42.35784, -71.06511 42.35768, -71.0651 42.35765, -71.06509 42.35752, -71.06504 42.35733, -71.06499 42.35719, -71.06517 42.35715, -71.06579 42.357, -71.06672 42.35681, -71.067 42.35675, -71.06764 42.3566, -71.06778 42.35697, -71.06783 42.35713, -71.06794 42.35745, -71.06827 42.35737, -71.06845 42.35735, -71.06913 42.3572, -71.06946 42.35712, -71.06984 42.35703, -71.07029 42.3578, -71.07006 42.35784)))"
250250201014,"MULTIPOLYGON (((-71.07079 42.35947, -71.07013 42.35949, -71.06969 42.35953, -71.06937 42.35954, -71.06933 42.35954, -71.06905 42.35955, -71.06863 42.35957, -71.06864 42.35929, -71.06769 42.35931, -71.06733 42.35934, -71.06682 42.35935, -71.06631 42.35936, -71.06593 42.35936, -71.06505 42.35937, -71.06507 42.35886, -71.06541 42.35887, -71.06634 42.35887, -71.06684 42.35887, -71.06705 42.35887, -71.0677 42.35887, -71.06857 42.35885, -71.06871 42.35885, -71.0685 42.35803, -71.0686 42.35802, -71.06883 42.358, -71.06948 42.35793, -71.06986 42.35788, -71.06991 42.35787, -71.07006 42.35784, -71.07029 42.3578, -71.07066 42.35843, -71.0707 42.35852, -71.07073 42.35882, -71.07079 42.35947)))"
250250202001,"MULTIPOLYGON (((-71.06691 42.36114, -71.06638 42.36116, -71.06599 42.36119, -71.06516 42.3612, -71.06513 42.3608, -71.06508 42.36007, -71.06507 42.35994, -71.06505 42.35937, -71.06593 42.35936, -71.06631 42.35936, -71.06682 42.35935, -71.06684 42.35962, -71.06687 42.35995, -71.06688 42.36037, -71.06689 42.36065, -71.06691 42.36107, -71.06691 42.36114)))"
250250202002,"MULTIPOLYGON (((-71.06875 42.36108, -71.06824 42.3611, -71.06784 42.36111, -71.06691 42.36114, -71.06691 42.36107, -71.06689 42.36065, -71.06688 42.36037, -71.06687 42.35995, -71.06684 42.35962, -71.06682 42.35935, -71.06733 42.35934, -71.06769 42.35931, -71.06864 42.35929, -71.06863 42.35957, -71.06866 42.35988, -71.06866 42.35993, -71.06868 42.36029, -71.06871 42.36062, -71.06875 42.36108)))"
250250202003,"MULTIPOLYGON (((-71.07237 42.36114, -71.07236 42.36121, -71.07209 42.36118, -71.07198 42.36117, -71.07158 42.36112, -71.07141 42.36109, -71.07127 42.36105, -71.07112 42.361, -71.07096 42.36095, -71.07081 42.3609, -71.07063 42.36088, -71.07045 42.36087, -71.07026 42.36092, -71.07007 42.36099, -71.07005 42.361, -71.07004 42.36101, -71.06996 42.36104, -71.06942 42.36107, -71.06875 42.36108, -71.06871 42.36062, -71.06868 42.36029, -71.06866 42.35993, -71.06866 42.35988, -71.06863 42.35957, -71.06905 42.35955, -71.06933 42.35954, -71.06937 42.35954, -71.06969 42.35953, -71.07013 42.35949, -71.07079 42.35947, -71.07212 42.35947, -71.07207 42.35972, -71.07201 42.35994, -71.07201 42.36001, -71.07202 42.36012, -71.07206 42.36023, -71.07214 42.3604, -71.07225 42.36059, -71.07232 42.36075, -71.07235 42.36087, -71.07237 42.361, -71.07237 42.36114)))"
250250203011,"MULTIPOLYGON (((-71.07235 42.36134, -71.07235 42.36137, -71.07231 42.36163, -71.07226 42.36176, -71.07219 42.36188, -71.0721 42.36197, -71.072 42.36205, -71.07185 42.36213, -71.07178 42.36215, -71.0718 42.36227, -71.0718 42.36236, -71.0718 42.36247, -71.07175 42.36258, -71.07166 42.3627, -71.07156 42.36279, -71.07133 42.36295, -71.0708 42.36327, -71.07063 42.36341, -71.07048 42.36356, -71.07038 42.36369, -71.07016 42.36417, -71.07011 42.36428, -71.07005 42.36441, -71.06985 42.36482, -71.06977 42.365, -71.06957 42.36542, -71.06946 42.36563, -71.06934 42.36577, -71.06863 42.3664, -71.0685 42.36651, -71.06845 42.3666, -71.06845 42.36664, -71.06847 42.3667, -71.06851 42.36678, -71.06907 42.36708, -71.06918 42.36713, -71.06928 42.36719, -71.06933 42.36714, -71.07019 42.36619, -71.07022 42.36615, -71.07086 42.36648, -71.07062 42.36675, -71.07139 42.36717, -71.07154 42.36711, -71.07145 42.3672, -71.07142 42.36722, -71.07139 42.36725, -71.07134 42.3673, -71.07083 42.36778, -71.07064 42.36795, -71.07058 42.36801, -71.0691 42.36738, -71.069 42.36732, -71.06889 42.36727, -71.06843 42.36704, -71.06816 42.3669, -71.06808 42.36686, -71.06774 42.36667, -71.06763 42.36663, -71.06739 42.36651, -71.06734 42.36648, -71.06761 42.36643, -71.06809 42.36632, -71.06822 42.36625, -71.06828 42.36621, -71.06839 42.36615, -71.06877 42.36579, -71.06888 42.36568, -71.06895 42.36562, -71.0687 42.36549, -71.06847 42.36543, -71.06823 42.36537, -71.06812 42.36535, -71.06798 42.36531, -71.06788 42.36525, -71.06778 42.36516, -71.06773 42.3651, -71.06767 42.36507, -71.0676 42.36504, -71.06746 42.36502, -71.06734 42.36505, -71.06722 42.36506, -71.06603 42.36494, -71.0657 42.36496, -71.0655 42.3649, -71.06537 42.36483, -71.06531 42.36476, -71.06524 42.36469, -71.06522 42.36456, -71.06535 42.36409, -71.06536 42.36389, -71.06523 42.36343, -71.06514 42.36324, -71.0651 42.36321, -71.06509 42.36315, -71.06509 42.36306, -71.06511 42.36287, -71.06513 42.36268, -71.06513 42.3624, -71.065 42.36239, -71.06473 42.36236, -71.0644 42.3623, -71.06411 42.36224, -71.06372 42.3622, -71.06372 42.36124, -71.06376 42.36124, -71.06412 42.36123, -71.06445 42.36123, -71.0645 42.36123, -71.06516 42.3612, -71.06599 42.36119, -71.06638 42.36116, -71.06691 42.36114, -71.06784 42.36111, -71.06824 42.3611, -71.06875 42.36108, -71.06942 42.36107, -71.06996 42.36104, -71.07004 42.36101, -71.07005 42.361, -71.07007 42.36099, -71.07026 42.36092, -71.07045 42.36087, -71.07063 42.36088, -71.07081 42.3609, -71.07096 42.36095, -71.07112 42.361, -71.07127 42.36105, -71.07141 42.36109, -71.07158 42.36112, -71.07198 42.36117, -71.07209 42.36118, -71.07236 42.36121, -71.07235 42.36134)))"
250250203021,"MULTIPOLYGON (((-71.06516 42.3612, -71.0645 42.36123, -71.06445 42.36123, -71.06412 42.36123, -71.06376 42.36124, -71.06372 42.36124, -71.06322 42.36124, -71.06291 42.36123, -71.06286 42.36009, -71.06287 42.35999, -71.06288 42.35948, -71.06286 42.3592, -71.06285 42.35889, -71.06282 42.35871, -71.06282 42.35867, -71.06273 42.35831, -71.06264 42.35798, -71.06317 42.35775, -71.06365 42.35757, -71.06405 42.35746, -71.06451 42.35732, -71.06461 42.35729, -71.06499 42.35719, -71.06504 42.35733, -71.06509 42.35752, -71.0651 42.35765, -71.06511 42.35768, -71.06511 42.35784, -71.06509 42.35804, -71.06508 42.35838, -71.06507 42.35863, -71.06507 42.35886, -71.06505 42.35937, -71.06507 42.35994, -71.06508 42.36007, -71.06513 42.3608, -71.06516 42.3612)))"
250250203041,"MULTIPOLYGON (((-71.06057 42.36583, -71.06033 42.36594, -71.06009 42.36606, -71.05997 42.36613, -71.05992 42.36615, -71.05989 42.36617, -71.05987 42.36617, -71.05981 42.3662, -71.05979 42.36621, -71.05975 42.36624, -71.0594 42.36642, -71.05931 42.36647, -71.05881 42.36676, -71.05853 42.36695, -71.05848 42.36674, -71.05846 42.36615, -71.05844 42.36594, -71.0584 42.36556, -71.05838 42.36527, -71.05843 42.36469, -71.05843 42.36464, -71.05844 42.36462, -71.05844 42.36454, -71.05845 42.36442, -71.05844 42.36406, -71.05841 42.36385, -71.05839 42.36369, -71.05896 42.36339, -71.05903 42.36356, -71.05982 42.3643, -71.05986 42.36434, -71.05942 42.36463, -71.06067 42.36578, -71.06057 42.36583)))"
250250203042,"MULTIPOLYGON (((-71.06372 42.36328, -71.06368 42.36342, -71.06351 42.36381, -71.06348 42.36391, -71.06347 42.36397, -71.06345 42.36401, -71.06339 42.36419, -71.06329 42.36431, -71.06312 42.36447, -71.06305 42.3645, -71.06294 42.36455, -71.06238 42.36485, -71.06182 42.36515, -71.06118 42.3655, -71.06067 42.36578, -71.05942 42.36463, -71.05986 42.36434, -71.05982 42.3643, -71.05903 42.36356, -71.05896 42.36339, -71.05918 42.36327, -71.05949 42.3631, -71.05963 42.36305, -71.05994 42.36299, -71.06004 42.36297, -71.06088 42.36273, -71.06122 42.36263, -71.06167 42.36249, -71.06186 42.36243, -71.0622 42.36226, -71.06227 42.36221, -71.06235 42.36214, -71.0625 42.362, -71.06263 42.36184, -71.06276 42.36164, -71.06291 42.36123, -71.06322 42.36124, -71.06372 42.36124, -71.06372 42.3622, -71.06373 42.36302, -71.06372 42.36328)))"
250250203051,"MULTIPOLYGON (((-71.07056 42.36803, -71.07055 42.36804, -71.0705 42.36809, -71.07044 42.36815, -71.07003 42.36853, -71.06984 42.36871, -71.06951 42.36902, -71.06948 42.36905, -71.06833 42.36902, -71.06807 42.36902, -71.06789 42.36901, -71.06773 42.36901, -71.06694 42.36899, -71.06638 42.36898, -71.06618 42.36898, -71.06599 42.36897, -71.06584 42.36897, -71.06574 42.36897, -71.06564 42.36897, -71.06559 42.36897, -71.06543 42.36896, -71.06528 42.36896, -71.06521 42.36896, -71.06511 42.36895, -71.06509 42.36895, -71.06506 42.36895, -71.06503 42.36895, -71.06499 42.36895, -71.06471 42.36895, -71.06448 42.36894, -71.06428 42.36894, -71.06398 42.36893, -71.06406 42.369, -71.06392 42.36902, -71.06356 42.36889, -71.06299 42.36839, -71.06275 42.36845, -71.06249 42.36849, -71.06218 42.36854, -71.0621 42.36856, -71.06199 42.36856, -71.06193 42.36857, -71.06083 42.36867, -71.05988 42.36876, -71.05979 42.36877, -71.05956 42.36843, -71.05911 42.36786, -71.05905 42.36778, -71.05886 42.36752, -71.05869 42.36729, -71.05858 42.36712, -71.05854 42.36702, -71.05853 42.36695, -71.05881 42.36676, -71.05931 42.36647, -71.0594 42.36642, -71.05975 42.36624, -71.05979 42.36621, -71.05981 42.3662, -71.05987 42.36617, -71.05989 42.36617, -71.05992 42.36615, -71.05997 42.36613, -71.06009 42.36606, -71.06033 42.36594, -71.06057 42.36583, -71.06067 42.36578, -71.06118 42.3655, -71.06182 42.36515, -71.06238 42.36485, -71.06294 42.36455, -71.06305 42.3645, -71.06312 42.36447, -71.06329 42.36431, -71.06339 42.36419, -71.06422 42.36507, -71.06431 42.36516, -71.06468 42.36552, -71.06481 42.3656, -71.06525 42.36575, -71.06617 42.366, -71.06675 42.36612, -71.06685 42.36614, -71.06711 42.3662, -71.06733 42.36625, -71.06749 42.36631, -71.06755 42.36635, -71.06761 42.36643, -71.06734 42.36648, -71.06739 42.36651, -71.06763 42.36663, -71.06774 42.36667, -71.06808 42.36686, -71.06816 42.3669, -71.06843 42.36704, -71.06889 42.36727, -71.069 42.36732, -71.0691 42.36738, -71.07058 42.36801, -71.07056 42.36803)))"
250250203052,"MULTIPOLYGON (((-71.06888 42.36568, -71.06877 42.36579, -71.06839 42.36615, -71.06828 42.36621, -71.06822 42.36625, -71.06809 42.36632, -71.06761 42.36643, -71.06755 42.36635, -71.06749 42.36631, -71.06733 42.36625, -71.06711 42.3662, -71.06685 42.36614, -71.06675 42.36612, -71.06617 42.366, -71.06525 42.36575, -71.06481 42.3656, -71.06468 42.36552, -71.06431 42.36516, -71.06422 42.36507, -71.06339 42.36419, -71.06345 42.36401, -71.06347 42.36397, -71.06348 42.36391, -71.06351 42.36381, -71.06368 42.36342, -71.06372 42.36328, -71.06373 42.36302, -71.06372 42.3622, -71.06411 42.36224, -71.0644 42.3623, -71.06473 42.36236, -71.065 42.36239, -71.06513 42.3624, -71.06513 42.36268, -71.06511 42.36287, -71.06509 42.36306, -71.06509 42.36315, -71.0651 42.36321, -71.06514 42.36324, -71.06523 42.36343, -71.06536 42.36389, -71.06535 42.36409, -71.06522 42.36456, -71.06524 42.36469, -71.06531 42.36476, -71.06537 42.36483, -71.0655 42.3649, -71.0657 42.36496, -71.06603 42.36494, -71.06722 42.36506, -71.06734 42.36505, -71.06746 42.36502, -71.0676 42.36504, -71.06767 42.36507, -71.06773 42.3651, -71.06778 42.36516, -71.06788 42.36525, -71.06798 42.36531, -71.06812 42.36535, -71.06823 42.36537, -71.06847 42.36543, -71.0687 42.36549, -71.06895 42.36562, -71.06888 42.36568)))"
250250301001,"MULTIPOLYGON (((-71.05732 42.3678, -71.05688 42.36807, -71.05669 42.36818, -71.05663 42.36822, -71.05661 42.36823, -71.05651 42.36827, -71.05637 42.36829, -71.05619 42.36829, -71.05608 42.36828, -71.05578 42.3682, -71.05495 42.36799, -71.05476 42.36794, -71.05443 42.36787, -71.05404 42.36773, -71.05397 42.3677, -71.05379 42.36764, -71.05347 42.36754, -71.0534 42.36753, -71.05397 42.36691, -71.05429 42.36704, -71.05462 42.36656, -71.05473 42.3664, -71.05481 42.36626, -71.05488 42.36615, -71.055 42.36596, -71.05549 42.36619, -71.05652 42.36663, -71.05651 42.3668, -71.05649 42.36708, -71.0566 42.3671, -71.05683 42.36725, -71.057 42.3674, -71.05731 42.3677, -71.05737 42.36777, -71.05732 42.3678)))"
250250301002,"MULTIPOLYGON (((-71.05853 42.36695, -71.05807 42.36726, -71.05757 42.36765, -71.05737 42.36777, -71.05731 42.3677, -71.057 42.3674, -71.05683 42.36725, -71.0566 42.3671, -71.05649 42.36708, -71.05651 42.3668, -71.05652 42.36663, -71.05549 42.36619, -71.05563 42.36595, -71.05595 42.36551, -71.05635 42.36572, -71.05651 42.36558, -71.05675 42.3654, -71.05684 42.36536, -71.0574 42.36531, -71.05743 42.36578, -71.05746 42.36584, -71.05749 42.36587, -71.05753 42.36594, -71.05778 42.36621, -71.05796 42.36642, -71.05835 42.3668, -71.05853 42.36695)))"
250250302001,"MULTIPOLYGON (((-71.05675 42.3654, -71.05651 42.36558, -71.05635 42.36572, -71.05595 42.36551, -71.05581 42.36542, -71.05544 42.36518, -71.05546 42.36511, -71.05548 42.36503, -71.0555 42.36473, -71.05551 42.36458, -71.05553 42.36442, -71.05553 42.36437, -71.05555 42.36413, -71.05557 42.3641, -71.05562 42.364, -71.05568 42.36387, -71.05569 42.36386, -71.05572 42.3638, -71.05577 42.36371, -71.05584 42.36361, -71.05653 42.36384, -71.05661 42.36387, -71.05665 42.36387, -71.05668 42.36413, -71.05673 42.36448, -71.05669 42.36459, -71.05675 42.3654)))"
250250302002,"MULTIPOLYGON (((-71.05853 42.36695, -71.05835 42.3668, -71.05796 42.36642, -71.05778 42.36621, -71.05753 42.36594, -71.05749 42.36587, -71.05746 42.36584, -71.05743 42.36578, -71.0574 42.36531, -71.05684 42.36536, -71.05675 42.3654, -71.05669 42.36459, -71.05673 42.36448, -71.05668 42.36413, -71.05665 42.36387, -71.05661 42.36387, -71.05653 42.36384, -71.05584 42.36361, -71.0559 42.36352, -71.05609 42.36326, -71.05629 42.36299, -71.05638 42.36288, -71.05697 42.36321, -71.05707 42.36329, -71.05721 42.3634, -71.05729 42.36347, -71.05751 42.36366, -71.05766 42.36381, -71.0578 42.36395, -71.05789 42.36404, -71.05823 42.36439, -71.0583 42.36447, -71.05843 42.36464, -71.05843 42.36469, -71.05838 42.36527, -71.0584 42.36556, -71.05844 42.36594, -71.05846 42.36615, -71.05848 42.36674, -71.05853 42.36695)))"
250250303011,"MULTIPOLYGON (((-71.05182 42.35961, -71.05091 42.35976, -71.05091 42.35967, -71.05065 42.35964, -71.04976 42.35979, -71.04976 42.35983, -71.04861 42.36004, -71.0486 42.35994, -71.04766 42.36004, -71.04768 42.36022, -71.04763 42.36022, -71.0455 42.35983, -71.04557 42.35973, -71.04907 42.35494, -71.04933 42.35459, -71.0494 42.3545, -71.04959 42.3545, -71.05043 42.35485, -71.05047 42.3549, -71.05089 42.35506, -71.05106 42.35513, -71.05092 42.35557, -71.05088 42.35577, -71.05085 42.35597, -71.05079 42.35638, -71.05077 42.35667, -71.05078 42.35703, -71.05081 42.35715, -71.0509 42.35733, -71.05093 42.35739, -71.05099 42.35747, -71.05112 42.35758, -71.05121 42.35768, -71.05127 42.35775, -71.05134 42.35788, -71.05145 42.35827, -71.05158 42.35876, -71.05166 42.35904, -71.05168 42.35913, -71.05172 42.35929, -71.05182 42.35961)))"
250250303012,"MULTIPOLYGON (((-71.05281 42.36091, -71.05249 42.36126, -71.05232 42.36144, -71.05216 42.36155, -71.05196 42.36167, -71.05138 42.36194, -71.0512 42.36207, -71.0511 42.36217, -71.05106 42.36225, -71.05102 42.36233, -71.051 42.36258, -71.05105 42.36333, -71.05106 42.36365, -71.05107 42.3637, -71.05108 42.364, -71.05109 42.36418, -71.0496 42.36404, -71.04941 42.36404, -71.04639 42.36393, -71.04599 42.36229, -71.04592 42.36116, -71.0455 42.35983, -71.04763 42.36022, -71.04768 42.36022, -71.04766 42.36004, -71.0486 42.35994, -71.04861 42.36004, -71.04976 42.35983, -71.04976 42.35979, -71.05065 42.35964, -71.05091 42.35967, -71.05091 42.35976, -71.05182 42.35961, -71.0519 42.35982, -71.052 42.36003, -71.05215 42.36027, -71.05226 42.36041, -71.05243 42.3606, -71.05266 42.36079, -71.05281 42.36091)))"
250250303021,"MULTIPOLYGON (((-71.06291 42.36123, -71.06276 42.36164, -71.06263 42.36184, -71.0625 42.362, -71.06235 42.36214, -71.06227 42.36221, -71.0622 42.36226, -71.06186 42.36243, -71.06167 42.36249, -71.06122 42.36263, -71.06088 42.36273, -71.06004 42.36297, -71.05994 42.36299, -71.05963 42.36305, -71.05949 42.3631, -71.05918 42.36327, -71.05896 42.36339, -71.05839 42.36369, -71.05841 42.36385, -71.05844 42.36406, -71.05845 42.36442, -71.05844 42.36454, -71.05844 42.36462, -71.05843 42.36464, -71.0583 42.36447, -71.05823 42.36439, -71.05789 42.36404, -71.0578 42.36395, -71.05766 42.36381, -71.05751 42.36366, -71.05729 42.36347, -71.05721 42.3634, -71.05707 42.36329, -71.05697 42.36321, -71.05638 42.36288, -71.05581 42.36254, -71.05568 42.36247, -71.05543 42.36233, -71.05492 42.36205, -71.05486 42.36201, -71.05471 42.36194, -71.05456 42.36187, -71.05394 42.36156, -71.05361 42.36139, -71.0533 42.36122, -71.05297 42.36103, -71.05281 42.36091, -71.05266 42.36079, -71.05243 42.3606, -71.05226 42.36041, -71.05215 42.36027, -71.052 42.36003, -71.0519 42.35982, -71.05182 42.35961, -71.05172 42.35929, -71.05168 42.35913, -71.05166 42.35904, -71.05158 42.35876, -71.05165 42.35875, -71.05178 42.35873, -71.05199 42.35869, -71.05216 42.35867, -71.0522 42.35866, -71.05229 42.35865, -71.05275 42.35858, -71.05319 42.3585, -71.05325 42.35848, -71.05332 42.35845, -71.05352 42.35836, -71.05376 42.35818, -71.05396 42.35801, -71.05427 42.35774, -71.05437 42.35766, -71.05452 42.35755, -71.05485 42.35735, -71.05502 42.35724, -71.05519 42.35714, -71.05554 42.35697, -71.05576 42.35691, -71.05629 42.35687, -71.05659 42.35685, -71.05719 42.35682, -71.05771 42.35678, -71.05799 42.35679, -71.05814 42.35681, -71.05823 42.35683, -71.05874 42.35699, -71.05856 42.35716, -71.05849 42.35722, -71.05829 42.35741, -71.05876 42.35758, -71.0593 42.35777, -71.05961 42.35786, -71.06035 42.35809, -71.06126 42.35828, -71.06151 42.35834, -71.06171 42.35832, -71.06198 42.35825, -71.06238 42.35809, -71.06264 42.35798, -71.06273 42.35831, -71.06282 42.35867, -71.06282 42.35871, -71.06285 42.35889, -71.06286 42.3592, -71.06288 42.35948, -71.06287 42.35999, -71.06286 42.36009, -71.06291 42.36123)))"
250250304001,"MULTIPOLYGON (((-71.05346 42.36478, -71.05318 42.36467, -71.05299 42.3646, -71.05239 42.36438, -71.05237 42.36438, -71.05177 42.3642, -71.05163 42.36415, -71.05137 42.36407, -71.05123 42.36402, -71.05108 42.364, -71.05107 42.3637, -71.0512 42.36371, -71.05125 42.3637, -71.05131 42.36367, -71.05136 42.36362, -71.0514 42.3635, -71.05145 42.36341, -71.05165 42.36311, -71.05166 42.36319, -71.0519 42.3635, -71.05211 42.36368, -71.05231 42.36357, -71.05257 42.36351, -71.05273 42.36349, -71.05303 42.36344, -71.05319 42.36343, -71.05353 42.36339, -71.05357 42.36338, -71.0537 42.36335, -71.05383 42.3633, -71.05374 42.36343, -71.05371 42.36348, -71.05366 42.36356, -71.05361 42.36364, -71.05345 42.36405, -71.05393 42.3643, -71.05346 42.36478)))"
250250304002,"MULTIPOLYGON (((-71.05595 42.36551, -71.05563 42.36595, -71.05549 42.36619, -71.055 42.36596, -71.05488 42.36615, -71.05481 42.36626, -71.05473 42.3664, -71.05462 42.36656, -71.05429 42.36704, -71.05397 42.36691, -71.0538 42.36682, -71.05368 42.36673, -71.05355 42.36657, -71.05349 42.3665, -71.05328 42.36625, -71.05326 42.36624, -71.05288 42.36577, -71.05291 42.36565, -71.05293 42.36558, -71.05297 42.36546, -71.05299 42.36539, -71.05305 42.36527, -71.0532 42.36507, -71.05346 42.36478, -71.05393 42.3643, -71.05544 42.36518, -71.05581 42.36542, -71.05595 42.36551)))"
250250304003,"MULTIPOLYGON (((-71.05629 42.36299, -71.05609 42.36326, -71.0559 42.36352, -71.05584 42.36361, -71.05577 42.36371, -71.05572 42.3638, -71.05569 42.36386, -71.05568 42.36387, -71.05562 42.364, -71.05557 42.3641, -71.05555 42.36413, -71.05553 42.36437, -71.05553 42.36442, -71.05551 42.36458, -71.0555 42.36473, -71.05548 42.36503, -71.05546 42.36511, -71.05544 42.36518, -71.05393 42.3643, -71.05345 42.36405, -71.05361 42.36364, -71.05366 42.36356, -71.05371 42.36348, -71.05374 42.36343, -71.05383 42.3633, -71.05407 42.3631, -71.05419 42.36297, -71.05433 42.36275, -71.05452 42.36243, -71.05475 42.36224, -71.05483 42.36218, -71.05492 42.36205, -71.05543 42.36233, -71.05568 42.36247, -71.05581 42.36254, -71.05638 42.36288, -71.05629 42.36299)))"
250250304004,"MULTIPOLYGON (((-71.05492 42.36205, -71.05483 42.36218, -71.05475 42.36224, -71.05452 42.36243, -71.05433 42.36275, -71.05419 42.36297, -71.05407 42.3631, -71.05383 42.3633, -71.0537 42.36335, -71.05357 42.36338, -71.05353 42.36339, -71.05319 42.36343, -71.05303 42.36344, -71.05273 42.36349, -71.05257 42.36351, -71.05231 42.36357, -71.05211 42.36368, -71.0519 42.3635, -71.05166 42.36319, -71.05165 42.36311, -71.05145 42.36341, -71.0514 42.3635, -71.05136 42.36362, -71.05131 42.36367, -71.05125 42.3637, -71.0512 42.36371, -71.05107 42.3637, -71.05106 42.36365, -71.05105 42.36333, -71.051 42.36258, -71.05102 42.36233, -71.05106 42.36225, -71.0511 42.36217, -71.0512 42.36207, -71.05138 42.36194, -71.05196 42.36167, -71.05216 42.36155, -71.05232 42.36144, -71.05249 42.36126, -71.05281 42.36091, -71.05297 42.36103, -71.0533 42.36122, -71.05361 42.36139, -71.05394 42.36156, -71.05456 42.36187, -71.05471 42.36194, -71.05486 42.36201, -71.05492 42.36205)))"
250250305001,"MULTIPOLYGON (((-71.05979 42.36877, -71.05883 42.36921, -71.05714 42.36998, -71.05628 42.37027, -71.055 42.3707, -71.0517 42.3707, -71.05089 42.3707, -71.05071 42.37075, -71.04909 42.3712, -71.04884 42.3709, -71.04958 42.37019, -71.04809 42.3688, -71.04703 42.36781, -71.04667 42.3675, -71.04671 42.36625, -71.04664 42.3646, -71.04639 42.36393, -71.04941 42.36404, -71.0496 42.36404, -71.05109 42.36418, -71.05107 42.36452, -71.05107 42.36483, -71.0511 42.3652, -71.0511 42.36525, -71.05111 42.36539, -71.05114 42.36567, -71.05116 42.36584, -71.05121 42.36602, -71.05125 42.36612, -71.05127 42.36619, -71.05135 42.36641, -71.05141 42.3665, -71.05156 42.36662, -71.0517 42.36673, -71.05178 42.36679, -71.05188 42.36686, -71.05209 42.36701, -71.05232 42.36714, -71.05247 42.36721, -71.05291 42.36736, -71.0534 42.36753, -71.05347 42.36754, -71.05379 42.36764, -71.05397 42.3677, -71.05404 42.36773, -71.05443 42.36787, -71.05476 42.36794, -71.05495 42.36799, -71.05578 42.3682, -71.05608 42.36828, -71.05619 42.36829, -71.05637 42.36829, -71.05651 42.36827, -71.05661 42.36823, -71.05663 42.36822, -71.05669 42.36818, -71.05688 42.36807, -71.05732 42.3678, -71.05737 42.36777, -71.05757 42.36765, -71.05807 42.36726, -71.05853 42.36695, -71.05854 42.36702, -71.05858 42.36712, -71.05869 42.36729, -71.05886 42.36752, -71.05905 42.36778, -71.05911 42.36786, -71.05956 42.36843, -71.05979 42.36877)))"
250250305002,"MULTIPOLYGON (((-71.0532 42.36507, -71.05305 42.36527, -71.05299 42.36539, -71.05297 42.36546, -71.05293 42.36558, -71.05291 42.36565, -71.05288 42.36577, -71.0528 42.36605, -71.05264 42.36607, -71.05256 42.36607, -71.05189 42.36613, -71.05136 42.36618, -71.05127 42.36619, -71.05125 42.36612, -71.05121 42.36602, -71.05116 42.36584, -71.05114 42.36567, -71.05111 42.36539, -71.0511 42.36525, -71.0511 42.3652, -71.05107 42.36483, -71.05107 42.36452, -71.05109 42.36418, -71.05108 42.364, -71.05123 42.36402, -71.05137 42.36407, -71.05163 42.36415, -71.05177 42.3642, -71.05237 42.36438, -71.05239 42.36438, -71.05299 42.3646, -71.05318 42.36467, -71.05346 42.36478, -71.0532 42.36507)))"
250250305003,"MULTIPOLYGON (((-71.05397 42.36691, -71.0534 42.36753, -71.05291 42.36736, -71.05247 42.36721, -71.05232 42.36714, -71.05209 42.36701, -71.05188 42.36686, -71.05178 42.36679, -71.0517 42.36673, -71.05156 42.36662, -71.05141 42.3665, -71.05135 42.36641, -71.05127 42.36619, -71.05136 42.36618, -71.05189 42.36613, -71.05256 42.36607, -71.05264 42.36607, -71.0528 42.36605, -71.05288 42.36577, -71.05326 42.36624, -71.05328 42.36625, -71.05349 42.3665, -71.05355 42.36657, -71.05368 42.36673, -71.0538 42.36682, -71.05397 42.36691)))"
250250401001,"MULTIPOLYGON (((-71.06189 42.37111, -71.06148 42.37139, -71.06111 42.37164, -71.06043 42.37213, -71.06048 42.37222, -71.06051 42.37227, -71.06057 42.37237, -71.06066 42.37252, -71.06078 42.3727, -71.06092 42.37292, -71.06097 42.373, -71.06106 42.37315, -71.0613 42.37338, -71.06164 42.37366, -71.06126 42.37393, -71.06079 42.3743, -71.06045 42.3746, -71.06024 42.37479, -71.06022 42.37495, -71.06025 42.3751, -71.06033 42.37522, -71.06044 42.37539, -71.06032 42.37548, -71.06025 42.37566, -71.06001 42.37607, -71.05952 42.3759, -71.05933 42.37583, -71.05874 42.37593, -71.0587 42.37577, -71.05855 42.37544, -71.05803 42.37441, -71.05793 42.37433, -71.05789 42.3743, -71.05784 42.37425, -71.0578 42.3742, -71.05801 42.37401, -71.05806 42.37396, -71.05835 42.37371, -71.05813 42.37358, -71.05801 42.37336, -71.058 42.37332, -71.05794 42.37317, -71.05793 42.37296, -71.058 42.37278, -71.05812 42.37269, -71.05825 42.37259, -71.05867 42.37238, -71.05861 42.37232, -71.05844 42.37212, -71.05791 42.37236, -71.05773 42.37221, -71.05766 42.37223, -71.05755 42.37217, -71.05621 42.37149, -71.05611 42.37151, -71.055 42.3707, -71.05628 42.37027, -71.05714 42.36998, -71.05883 42.36921, -71.05979 42.36877, -71.06064 42.37002, -71.06066 42.37006, -71.0609 42.37038, -71.06108 42.37058, -71.06129 42.37075, -71.06184 42.37109, -71.06189 42.37111)))"
250250401002,"MULTIPOLYGON (((-71.06423 42.37312, -71.0642 42.37326, -71.06418 42.37337, -71.06415 42.37341, -71.064 42.37358, -71.06375 42.3737, -71.06339 42.37384, -71.0632 42.37394, -71.06279 42.37449, -71.0625 42.37481, -71.06222 42.37519, -71.06204 42.37559, -71.06187 42.37595, -71.06153 42.37662, -71.06123 42.37715, -71.06049 42.37692, -71.05972 42.37665, -71.06001 42.37607, -71.06025 42.37566, -71.06032 42.37548, -71.06044 42.37539, -71.06033 42.37522, -71.06025 42.3751, -71.06022 42.37495, -71.06024 42.37479, -71.06045 42.3746, -71.06079 42.3743, -71.06126 42.37393, -71.06164 42.37366, -71.0613 42.37338, -71.06106 42.37315, -71.06097 42.373, -71.06092 42.37292, -71.06078 42.3727, -71.06066 42.37252, -71.06057 42.37237, -71.06051 42.37227, -71.06048 42.37222, -71.06043 42.37213, -71.06111 42.37164, -71.06148 42.37139, -71.06189 42.37111, -71.06192 42.37112, -71.06196 42.37113, -71.06202 42.37115, -71.06205 42.37116, -71.06224 42.37124, -71.06238 42.37129, -71.06263 42.37139, -71.06266 42.3714, -71.06271 42.37142, -71.06304 42.37155, -71.06319 42.37161, -71.06361 42.37179, -71.06384 42.37192, -71.06396 42.37221, -71.064 42.3723, -71.06406 42.3724, -71.06415 42.37268, -71.06421 42.37283, -71.06423 42.37312)))"
250250402001,"MULTIPOLYGON (((-71.0563 42.37708, -71.05629 42.37741, -71.05618 42.37783, -71.05604 42.3784, -71.05591 42.37911, -71.05549 42.37911, -71.05488 42.37909, -71.05454 42.37907, -71.05441 42.37906, -71.05428 42.37905, -71.05415 42.37904, -71.0535 42.37869, -71.05324 42.37857, -71.05321 42.37856, -71.05294 42.37843, -71.05313 42.37823, -71.05321 42.37815, -71.05364 42.37772, -71.05376 42.37761, -71.05457 42.37684, -71.05523 42.37622, -71.0554 42.37634, -71.05544 42.37636, -71.05547 42.37638, -71.05571 42.37651, -71.05584 42.37658, -71.05595 42.37664, -71.05597 42.37665, -71.05603 42.37667, -71.05616 42.37674, -71.05619 42.37676, -71.05646 42.37692, -71.0563 42.37708)))"
250250402002,"MULTIPOLYGON (((-71.06033 42.37723, -71.06006 42.37771, -71.05989 42.37806, -71.05987 42.37805, -71.05961 42.37797, -71.05958 42.37796, -71.05908 42.37779, -71.05874 42.37767, -71.05841 42.37754, -71.05741 42.37721, -71.05722 42.37713, -71.05712 42.37709, -71.05705 42.37707, -71.05646 42.37692, -71.05619 42.37676, -71.05616 42.37674, -71.05603 42.37667, -71.05597 42.37665, -71.05595 42.37664, -71.05584 42.37658, -71.05571 42.37651, -71.05547 42.37638, -71.05544 42.37636, -71.0554 42.37634, -71.05523 42.37622, -71.05552 42.37594, -71.05579 42.37567, -71.05584 42.37563, -71.05586 42.37561, -71.05624 42.37531, -71.05665 42.37508, -71.05696 42.37487, -71.05729 42.3746, -71.05735 42.37455, -71.05775 42.37424, -71.0578 42.3742, -71.05784 42.37425, -71.05789 42.3743, -71.05793 42.37433, -71.05803 42.37441, -71.05855 42.37544, -71.0587 42.37577, -71.05874 42.37593, -71.05933 42.37583, -71.05952 42.3759, -71.06001 42.37607, -71.05972 42.37665, -71.06049 42.37692, -71.06033 42.37723)))"
250250403001,"MULTIPOLYGON (((-71.06204 42.3798, -71.06172 42.38025, -71.06139 42.3807, -71.06117 42.38061, -71.06035 42.38027, -71.0597 42.37998, -71.05961 42.37994, -71.05896 42.37967, -71.05935 42.37897, -71.05971 42.37833, -71.05989 42.37806, -71.06024 42.37817, -71.06029 42.37819, -71.06032 42.3782, -71.06064 42.3783, -71.06098 42.37842, -71.06123 42.37851, -71.06136 42.37856, -71.06158 42.37864, -71.06178 42.3787, -71.06264 42.37899, -71.06204 42.3798)))"
250250403002,"MULTIPOLYGON (((-71.06446 42.37555, -71.06407 42.37591, -71.064 42.37597, -71.06369 42.37628, -71.0635 42.37653, -71.06378 42.37663, -71.06393 42.37669, -71.06426 42.37684, -71.064 42.37718, -71.06388 42.37732, -71.06369 42.37756, -71.06354 42.37776, -71.06337 42.37798, -71.06307 42.37839, -71.06289 42.37863, -71.06264 42.37899, -71.06178 42.3787, -71.06158 42.37864, -71.06136 42.37856, -71.06123 42.37851, -71.06098 42.37842, -71.06064 42.3783, -71.06032 42.3782, -71.06029 42.37819, -71.06024 42.37817, -71.05989 42.37806, -71.06006 42.37771, -71.06033 42.37723, -71.06049 42.37692, -71.06123 42.37715, -71.06153 42.37662, -71.06187 42.37595, -71.06239 42.37612, -71.06244 42.37608, -71.0625 42.37599, -71.06262 42.37578, -71.0628 42.37537, -71.06309 42.37469, -71.06332 42.37487, -71.06367 42.37509, -71.06397 42.37528, -71.06416 42.37538, -71.06432 42.37546, -71.06446 42.37555)))"
250250403003,"MULTIPOLYGON (((-71.0655 42.37779, -71.06518 42.37797, -71.06503 42.37802, -71.06491 42.37806, -71.06472 42.37826, -71.06448 42.37852, -71.06408 42.37899, -71.0639 42.37918, -71.06364 42.37944, -71.06336 42.37977, -71.06313 42.38007, -71.063 42.38025, -71.06287 42.38044, -71.06283 42.38049, -71.06236 42.3811, -71.06214 42.38101, -71.06181 42.38087, -71.0616 42.38079, -71.06139 42.3807, -71.06172 42.38025, -71.06204 42.3798, -71.06264 42.37899, -71.06289 42.37863, -71.06307 42.37839, -71.06337 42.37798, -71.06354 42.37776, -71.06369 42.37756, -71.06388 42.37732, -71.064 42.37718, -71.06426 42.37684, -71.06497 42.3773, -71.0653 42.37759, -71.0655 42.37779)))"
250250403004,"MULTIPOLYGON (((-71.06503 42.38073, -71.06493 42.38088, -71.06465 42.38126, -71.06435 42.38167, -71.06419 42.38187, -71.06367 42.38165, -71.06329 42.38149, -71.06285 42.38131, -71.06236 42.3811, -71.06283 42.38049, -71.06287 42.38044, -71.063 42.38025, -71.06313 42.38007, -71.06336 42.37977, -71.06364 42.37944, -71.0639 42.37918, -71.06408 42.37899, -71.06443 42.37913, -71.06494 42.37932, -71.0647 42.37963, -71.0645 42.37987, -71.06534 42.3803, -71.06503 42.38073)))"
250250403005,"MULTIPOLYGON (((-71.06911 42.37941, -71.06869 42.37978, -71.06843 42.38002, -71.06837 42.38008, -71.06793 42.3805, -71.06762 42.38033, -71.06723 42.38009, -71.06702 42.38002, -71.06672 42.37988, -71.06669 42.37987, -71.06635 42.37973, -71.06578 42.37955, -71.06494 42.37932, -71.06443 42.37913, -71.06408 42.37899, -71.06448 42.37852, -71.06472 42.37826, -71.06491 42.37806, -71.06503 42.37802, -71.06518 42.37797, -71.0655 42.37779, -71.06566 42.3779, -71.06592 42.3781, -71.06622 42.37832, -71.06639 42.37847, -71.06659 42.37863, -71.06666 42.37867, -71.06704 42.37892, -71.06783 42.37821, -71.06813 42.37847, -71.06847 42.37879, -71.06875 42.37906, -71.06911 42.37941)))"
250250404011,"MULTIPOLYGON (((-71.07078 42.37993, -71.07051 42.38005, -71.06999 42.38031, -71.06969 42.38001, -71.06952 42.37983, -71.06911 42.37941, -71.06875 42.37906, -71.06847 42.37879, -71.06813 42.37847, -71.06783 42.37821, -71.06704 42.37892, -71.06666 42.37867, -71.06659 42.37863, -71.06639 42.37847, -71.06622 42.37832, -71.06592 42.3781, -71.06566 42.3779, -71.0655 42.37779, -71.0653 42.37759, -71.06497 42.3773, -71.06524 42.37707, -71.06551 42.37682, -71.06583 42.37655, -71.06611 42.37625, -71.06641 42.37601, -71.06681 42.37566, -71.06718 42.3754, -71.06749 42.37526, -71.06805 42.3751, -71.06822 42.37512, -71.06832 42.3753, -71.06868 42.37591, -71.06877 42.37608, -71.06906 42.37663, -71.06935 42.37718, -71.0696 42.37757, -71.06994 42.3782, -71.07043 42.37907, -71.07069 42.37953, -71.0709 42.37987, -71.07078 42.37993)))"
250250404012,"MULTIPOLYGON (((-71.07054 42.37236, -71.07045 42.37247, -71.0704 42.37252, -71.07032 42.37261, -71.07019 42.37276, -71.07 42.37302, -71.06988 42.37317, -71.06974 42.37334, -71.06971 42.37338, -71.0697 42.37339, -71.06967 42.37342, -71.06964 42.37345, -71.06962 42.37347, -71.06959 42.37351, -71.06955 42.37354, -71.06952 42.37356, -71.06949 42.37359, -71.06942 42.37365, -71.06938 42.37367, -71.06936 42.37368, -71.0692 42.37378, -71.06914 42.37381, -71.06887 42.37391, -71.06851 42.37406, -71.0684 42.37409, -71.06837 42.37412, -71.06826 42.37424, -71.06822 42.37431, -71.06821 42.37437, -71.06818 42.37444, -71.06804 42.37454, -71.06791 42.37463, -71.06822 42.37512, -71.06805 42.3751, -71.06749 42.37526, -71.06718 42.3754, -71.06681 42.37566, -71.06641 42.37601, -71.06611 42.37625, -71.06583 42.37655, -71.06551 42.37682, -71.06524 42.37707, -71.06497 42.3773, -71.06426 42.37684, -71.06393 42.37669, -71.06378 42.37663, -71.0635 42.37653, -71.06369 42.37628, -71.064 42.37597, -71.06407 42.37591, -71.06446 42.37555, -71.06432 42.37546, -71.06416 42.37538, -71.06397 42.37528, -71.06367 42.37509, -71.06332 42.37487, -71.06309 42.37469, -71.0628 42.37537, -71.06262 42.37578, -71.0625 42.37599, -71.06244 42.37608, -71.06239 42.37612, -71.06187 42.37595, -71.06204 42.37559, -71.06222 42.37519, -71.0625 42.37481, -71.06279 42.37449, -71.0632 42.37394, -71.06339 42.37384, -71.06375 42.3737, -71.064 42.37358, -71.06415 42.37341, -71.06418 42.37337, -71.0642 42.37326, -71.06423 42.37312, -71.06421 42.37283, -71.06415 42.37268, -71.06406 42.3724, -71.064 42.3723, -71.06396 42.37221, -71.06384 42.37192, -71.06361 42.37179, -71.06319 42.37161, -71.06304 42.37155, -71.06271 42.37142, -71.06266 42.3714, -71.06263 42.37139, -71.06238 42.37129, -71.06224 42.37124, -71.06205 42.37116, -71.06202 42.37115, -71.06196 42.37113, -71.06192 42.37112, -71.06189 42.37111, -71.06184 42.37109, -71.06129 42.37075, -71.06108 42.37058, -71.0609 42.37038, -71.06066 42.37006, -71.06064 42.37002, -71.05979 42.36877, -71.05988 42.36876, -71.06083 42.36867, -71.06193 42.36857, -71.06199 42.36856, -71.0621 42.36856, -71.06218 42.36854, -71.06249 42.36849, -71.06275 42.36845, -71.06299 42.36839, -71.06356 42.36889, -71.06392 42.36902, -71.06406 42.369, -71.06413 42.36906, -71.06421 42.36914, -71.06435 42.36927, -71.06453 42.36944, -71.06464 42.36954, -71.06471 42.3696, -71.06478 42.36966, -71.06493 42.3698, -71.06497 42.36984, -71.06508 42.36995, -71.06521 42.37006, -71.06534 42.37018, -71.06541 42.37024, -71.06562 42.37044, -71.06571 42.37052, -71.06599 42.37078, -71.06624 42.37101, -71.06637 42.37113, -71.06643 42.37119, -71.06651 42.37126, -71.06658 42.37132, -71.0667 42.37143, -71.06698 42.37169, -71.06712 42.37182, -71.06716 42.37182, -71.06739 42.37186, -71.06745 42.37187, -71.06761 42.37189, -71.06767 42.3719, -71.06777 42.37192, -71.06791 42.37194, -71.068 42.37195, -71.06815 42.37198, -71.06822 42.37199, -71.0683 42.372, -71.06844 42.37203, -71.0687 42.37206, -71.06895 42.3721, -71.069 42.37211, -71.06906 42.37212, -71.06911 42.37213, -71.06932 42.37216, -71.06945 42.37218, -71.06966 42.37222, -71.06969 42.37222, -71.06974 42.37223, -71.06991 42.37226, -71.07006 42.37228, -71.07012 42.37229, -71.07022 42.3723, -71.07033 42.37232, -71.07042 42.37234, -71.07045 42.37234, -71.0705 42.37235, -71.07054 42.37236)))"
250250406001,"MULTIPOLYGON (((-71.08097 42.38232, -71.08095 42.38238, -71.08081 42.38244, -71.08071 42.38249, -71.08045 42.3826, -71.08008 42.38277, -71.08001 42.38281, -71.07979 42.38293, -71.07973 42.38301, -71.07956 42.38326, -71.0795 42.38335, -71.07934 42.38354, -71.07894 42.38401, -71.07873 42.38431, -71.07846 42.38467, -71.07804 42.38527, -71.07776 42.38567, -71.07765 42.38582, -71.07764 42.38584, -71.07756 42.38595, -71.07754 42.38597, -71.0774 42.38617, -71.07715 42.38652, -71.07701 42.38672, -71.0768 42.38701, -71.07663 42.38725, -71.0766 42.38729, -71.07654 42.38738, -71.07644 42.38752, -71.07635 42.38764, -71.07626 42.38777, -71.07613 42.38795, -71.07601 42.38812, -71.07595 42.38822, -71.07567 42.3886, -71.0756 42.38871, -71.07462 42.39009, -71.07427 42.39059, -71.07423 42.39064, -71.0742 42.3907, -71.07412 42.39082, -71.07408 42.39088, -71.07397 42.39106, -71.07379 42.39134, -71.07361 42.39161, -71.0735 42.3918, -71.07315 42.39136, -71.0727 42.3908, -71.07201 42.39146, -71.07161 42.39185, -71.07131 42.39214, -71.07086 42.39258, -71.07041 42.39301, -71.07011 42.3933, -71.06932 42.39402, -71.06925 42.39398, -71.06918 42.39395, -71.06913 42.39392, -71.06904 42.39388, -71.06896 42.39395, -71.06886 42.39404, -71.06801 42.39475, -71.06759 42.39511, -71.06737 42.3953, -71.06686 42.39498, -71.06694 42.39476, -71.06703 42.39453, -71.06697 42.39425, -71.06695 42.39407, -71.067 42.39401, -71.06741 42.39348, -71.06816 42.39273, -71.06912 42.39178, -71.06906 42.39176, -71.07013 42.39029, -71.0703 42.39004, -71.07048 42.38985, -71.07049 42.38984, -71.07052 42.38978, -71.07058 42.38969, -71.07067 42.38964, -71.07068 42.38962, -71.0707 42.3896, -71.07073 42.38949, -71.0709 42.389, -71.06889 42.38807, -71.06702 42.38721, -71.0657 42.3866, -71.06345 42.38679, -71.0607 42.38702, -71.05787 42.38726, -71.05778 42.38726, -71.05749 42.38729, -71.05739 42.3873, -71.05702 42.38726, -71.0559 42.38715, -71.05552 42.38712, -71.0574 42.3848, -71.05759 42.38462, -71.05816 42.38467, -71.05827 42.38466, -71.05838 42.38461, -71.0585 42.3845, -71.05905 42.38373, -71.0593 42.38335, -71.06 42.3824, -71.06021 42.38216, -71.06033 42.38207, -71.06082 42.38187, -71.06096 42.38163, -71.06107 42.38146, -71.06125 42.38123, -71.06148 42.38096, -71.0616 42.38079, -71.06181 42.38087, -71.06214 42.38101, -71.06236 42.3811, -71.06285 42.38131, -71.06329 42.38149, -71.06367 42.38165, -71.06419 42.38187, -71.06452 42.38201, -71.06475 42.3821, -71.06541 42.38238, -71.06597 42.38262, -71.06637 42.3828, -71.06756 42.38329, -71.06798 42.38347, -71.06829 42.3836, -71.06856 42.3837, -71.06857 42.38371, -71.06879 42.38376, -71.06906 42.38379, -71.06943 42.38322, -71.06987 42.38254, -71.07016 42.3822, -71.0702 42.38216, -71.0705 42.38183, -71.07074 42.38154, -71.07097 42.38131, -71.07154 42.38094, -71.07124 42.38045, -71.0709 42.37987, -71.07069 42.37953, -71.07043 42.37907, -71.06994 42.3782, -71.0696 42.37757, -71.06935 42.37718, -71.06906 42.37663, -71.06877 42.37608, -71.06868 42.37591, -71.06832 42.3753, -71.06822 42.37512, -71.06791 42.37463, -71.06804 42.37454, -71.06818 42.37444, -71.06821 42.37437, -71.06822 42.37431, -71.06826 42.37424, -71.06837 42.37412, -71.0684 42.37409, -71.06851 42.37406, -71.06887 42.37391, -71.06914 42.37381, -71.0692 42.37378, -71.06936 42.37368, -71.06938 42.37367, -71.06942 42.37365, -71.06949 42.37359, -71.06952 42.37356, -71.06955 42.37354, -71.06959 42.37351, -71.06962 42.37347, -71.06964 42.37345, -71.06967 42.37342, -71.0697 42.37339, -71.06971 42.37338, -71.06974 42.37334, -71.06988 42.37317, -71.07 42.37302, -71.07019 42.37276, -71.07032 42.37261, -71.0704 42.37252, -71.07045 42.37247, -71.07054 42.37236, -71.07077 42.37239, -71.071 42.37243, -71.07139 42.37249, -71.07181 42.37255, -71.07247 42.37266, -71.07251 42.37277, -71.0726 42.373, -71.07269 42.37322, -71.07273 42.37332, -71.07274 42.37336, -71.07275 42.37339, -71.07277 42.37344, -71.07287 42.37369, -71.07293 42.37384, -71.07309 42.37419, -71.07326 42.37458, -71.07342 42.37498, -71.07356 42.37531, -71.07363 42.37548, -71.07367 42.37557, -71.0737 42.37563, -71.07371 42.37566, -71.07373 42.3757, -71.07375 42.37575, -71.07378 42.37581, -71.07382 42.37591, -71.07389 42.37607, -71.07393 42.37616, -71.0743 42.37704, -71.0744 42.37725, -71.07443 42.37732, -71.0745 42.37749, -71.07463 42.37779, -71.07471 42.37798, -71.07487 42.37835, -71.07502 42.37871, -71.07513 42.37897, -71.07523 42.3792, -71.07532 42.3794, -71.07557 42.38, -71.07566 42.3802, -71.07585 42.38023, -71.07598 42.38025, -71.07619 42.38029, -71.07646 42.38033, -71.0765 42.38034, -71.07657 42.38035, -71.07669 42.38037, -71.07673 42.38038, -71.0768 42.38039, -71.07687 42.3804, -71.07694 42.38041, -71.07702 42.38042, -71.07708 42.38043, -71.07717 42.38045, -71.07722 42.38046, -71.07724 42.38046, -71.07732 42.38047, -71.07739 42.38049, -71.07744 42.38049, -71.07746 42.3805, -71.07758 42.38052, -71.07761 42.38052, -71.07764 42.38053, -71.07777 42.38055, -71.07802 42.38059, -71.07806 42.3806, -71.07821 42.38062, -71.07851 42.38067, -71.07867 42.3807, -71.07884 42.38073, -71.07936 42.38082, -71.07978 42.38088, -71.08016 42.38095, -71.0806 42.38102, -71.0807 42.38104, -71.08093 42.38213, -71.08095 42.38224, -71.08097 42.38232)))"
250250406002,"MULTIPOLYGON (((-71.07154 42.38094, -71.07097 42.38131, -71.07074 42.38154, -71.0705 42.38183, -71.0702 42.38216, -71.07016 42.3822, -71.06987 42.38254, -71.06943 42.38322, -71.06906 42.38379, -71.06879 42.38376, -71.06857 42.38371, -71.06856 42.3837, -71.06829 42.3836, -71.06798 42.38347, -71.06756 42.38329, -71.06637 42.3828, -71.06597 42.38262, -71.06541 42.38238, -71.06475 42.3821, -71.06452 42.38201, -71.06419 42.38187, -71.06435 42.38167, -71.06465 42.38126, -71.06493 42.38088, -71.06503 42.38073, -71.06534 42.3803, -71.0645 42.37987, -71.0647 42.37963, -71.06494 42.37932, -71.06578 42.37955, -71.06635 42.37973, -71.06669 42.37987, -71.06672 42.37988, -71.06702 42.38002, -71.06723 42.38009, -71.06762 42.38033, -71.06793 42.3805, -71.06837 42.38008, -71.06843 42.38002, -71.06869 42.37978, -71.06911 42.37941, -71.06952 42.37983, -71.06969 42.38001, -71.06999 42.38031, -71.07051 42.38005, -71.07078 42.37993, -71.0709 42.37987, -71.07124 42.38045, -71.07154 42.38094)))"
250250408011,"MULTIPOLYGON (((-71.05989 42.37806, -71.05971 42.37833, -71.05935 42.37897, -71.05896 42.37967, -71.05863 42.37954, -71.05829 42.37939, -71.05818 42.37935, -71.05804 42.37929, -71.05781 42.37922, -71.05762 42.37918, -71.05758 42.37917, -71.0574 42.37916, -71.05702 42.37915, -71.05672 42.37913, -71.05623 42.37914, -71.05591 42.37911, -71.05604 42.3784, -71.05618 42.37783, -71.05629 42.37741, -71.0563 42.37708, -71.05646 42.37692, -71.05705 42.37707, -71.05712 42.37709, -71.05722 42.37713, -71.05741 42.37721, -71.05841 42.37754, -71.05874 42.37767, -71.05908 42.37779, -71.05958 42.37796, -71.05961 42.37797, -71.05987 42.37805, -71.05989 42.37806)))"
250250408012,"MULTIPOLYGON (((-71.06148 42.38096, -71.06125 42.38123, -71.06107 42.38146, -71.06096 42.38163, -71.06082 42.38187, -71.06033 42.38207, -71.06021 42.38216, -71.06 42.3824, -71.0593 42.38335, -71.05905 42.38373, -71.0585 42.3845, -71.05838 42.38461, -71.05827 42.38466, -71.05816 42.38467, -71.05759 42.38462, -71.0574 42.3848, -71.05552 42.38712, -71.05548 42.38711, -71.05534 42.3871, -71.0553 42.3871, -71.04819 42.38569, -71.04733 42.3853, -71.04728 42.38528, -71.04708 42.3851, -71.0443 42.38321, -71.04465 42.38078, -71.04498 42.37854, -71.05131 42.38028, -71.05192 42.37981, -71.05196 42.37971, -71.05197 42.37966, -71.05207 42.37945, -71.05217 42.37927, -71.0524 42.37894, -71.05259 42.37878, -71.05267 42.37872, -71.05294 42.37843, -71.05321 42.37856, -71.05324 42.37857, -71.0535 42.37869, -71.05415 42.37904, -71.05428 42.37905, -71.05441 42.37906, -71.05454 42.37907, -71.05488 42.37909, -71.05549 42.37911, -71.05591 42.37911, -71.05623 42.37914, -71.05672 42.37913, -71.05702 42.37915, -71.0574 42.37916, -71.05758 42.37917, -71.05762 42.37918, -71.05781 42.37922, -71.05804 42.37929, -71.05818 42.37935, -71.05829 42.37939, -71.05863 42.37954, -71.05896 42.37967, -71.05961 42.37994, -71.0597 42.37998, -71.06035 42.38027, -71.06117 42.38061, -71.06139 42.3807, -71.0616 42.38079, -71.06148 42.38096)))"
250250408013,"MULTIPOLYGON (((-71.05867 42.37238, -71.05825 42.37259, -71.05812 42.37269, -71.058 42.37278, -71.05793 42.37296, -71.05794 42.37317, -71.058 42.37332, -71.05801 42.37336, -71.05813 42.37358, -71.05835 42.37371, -71.05806 42.37396, -71.05801 42.37401, -71.0578 42.3742, -71.05775 42.37424, -71.05735 42.37455, -71.05729 42.3746, -71.05696 42.37487, -71.05665 42.37508, -71.05624 42.37531, -71.05586 42.37561, -71.05584 42.37563, -71.05579 42.37567, -71.05552 42.37594, -71.05523 42.37622, -71.05457 42.37684, -71.05376 42.37761, -71.05364 42.37772, -71.05321 42.37815, -71.05313 42.37823, -71.05294 42.37843, -71.05267 42.37872, -71.05259 42.37878, -71.0524 42.37894, -71.05217 42.37927, -71.05207 42.37945, -71.05197 42.37966, -71.05196 42.37971, -71.05192 42.37981, -71.05131 42.38028, -71.04498 42.37854, -71.0452 42.3771, -71.04556 42.37618, -71.04611 42.3748, -71.04629 42.37436, -71.04699 42.3726, -71.04909 42.3712, -71.05071 42.37075, -71.05089 42.3707, -71.0517 42.3707, -71.055 42.3707, -71.05611 42.37151, -71.05621 42.37149, -71.05755 42.37217, -71.05766 42.37223, -71.05773 42.37221, -71.05791 42.37236, -71.05844 42.37212, -71.05861 42.37232, -71.05867 42.37238)))"
250250501011,"MULTIPOLYGON (((-71.03932 42.38261, -71.03611 42.38259, -71.03339 42.38261, -71.03341 42.38195, -71.03341 42.38136, -71.03342 42.38052, -71.03422 42.38053, -71.0361 42.38055, -71.03751 42.38056, -71.03782 42.38056, -71.03897 42.38055, -71.03925 42.38054, -71.03927 42.38096, -71.03928 42.38135, -71.0393 42.38197, -71.03932 42.38261)))"
250250501012,"MULTIPOLYGON (((-71.04465 42.38078, -71.0443 42.38321, -71.04326 42.38359, -71.03951 42.38685, -71.03947 42.38686, -71.03943 42.38686, -71.03938 42.38685, -71.03935 42.38685, -71.03932 42.38685, -71.03926 42.38683, -71.03929 42.38674, -71.03931 42.38662, -71.0393 42.38652, -71.03931 42.3862, -71.03932 42.3854, -71.03931 42.38405, -71.03931 42.38395, -71.03931 42.3832, -71.03932 42.38261, -71.0393 42.38197, -71.03928 42.38135, -71.03927 42.38096, -71.03925 42.38054, -71.03923 42.37936, -71.03922 42.37907, -71.03921 42.37863, -71.04003 42.37865, -71.04005 42.37893, -71.04324 42.37862, -71.04498 42.37854, -71.04465 42.38078)))"
250250501013,"MULTIPOLYGON (((-71.03925 42.38054, -71.03897 42.38055, -71.03782 42.38056, -71.03751 42.38056, -71.0361 42.38055, -71.03422 42.38053, -71.03342 42.38052, -71.03342 42.38045, -71.03319 42.3801, -71.03278 42.37949, -71.03492 42.37868, -71.03534 42.37931, -71.03576 42.37994, -71.03683 42.37952, -71.03794 42.37909, -71.03921 42.37863, -71.03922 42.37907, -71.03923 42.37936, -71.03925 42.38054)))"
250250502001,"MULTIPOLYGON (((-71.04003 42.37865, -71.03921 42.37863, -71.03794 42.37909, -71.03683 42.37952, -71.03576 42.37994, -71.03534 42.37931, -71.03492 42.37868, -71.03451 42.37807, -71.03666 42.37725, -71.03739 42.37698, -71.03823 42.37668, -71.03874 42.3765, -71.03915 42.37635, -71.03917 42.37711, -71.0399 42.37712, -71.04003 42.37865)))"
250250502002,"MULTIPOLYGON (((-71.03991 42.37479, -71.03974 42.3753, -71.03978 42.37575, -71.0399 42.37712, -71.03917 42.37711, -71.03915 42.37635, -71.03874 42.3765, -71.03823 42.37668, -71.03739 42.37698, -71.03666 42.37725, -71.03451 42.37807, -71.0341 42.37745, -71.03626 42.37665, -71.03583 42.37603, -71.03871 42.37496, -71.03878 42.37493, -71.03909 42.37492, -71.03909 42.3747, -71.03908 42.37453, -71.03907 42.37417, -71.03933 42.37425, -71.03954 42.37436, -71.03977 42.37448, -71.03998 42.3746, -71.03991 42.37479)))"
250250502003,"MULTIPOLYGON (((-71.03451 42.37807, -71.03236 42.37886, -71.03085 42.37943, -71.03024 42.37966, -71.02982 42.37905, -71.03196 42.37826, -71.0341 42.37745, -71.03451 42.37807)))"
250250502004,"MULTIPOLYGON (((-71.0341 42.37745, -71.03196 42.37826, -71.02982 42.37905, -71.0294 42.37843, -71.02936 42.37837, -71.02919 42.37813, -71.03054 42.37701, -71.03104 42.37732, -71.03154 42.37763, -71.03368 42.37683, -71.0341 42.37745)))"
250250503001,"MULTIPOLYGON (((-71.04699 42.3726, -71.04629 42.37436, -71.04611 42.3748, -71.04556 42.37618, -71.0452 42.3771, -71.04498 42.37854, -71.04324 42.37862, -71.04005 42.37893, -71.04003 42.37865, -71.0399 42.37712, -71.03978 42.37575, -71.03974 42.3753, -71.03991 42.37479, -71.03998 42.3746, -71.03977 42.37448, -71.03954 42.37436, -71.03933 42.37425, -71.03907 42.37417, -71.03906 42.37334, -71.03905 42.37292, -71.03904 42.3726, -71.03903 42.37237, -71.03902 42.37211, -71.03918 42.37213, -71.04029 42.37074, -71.04095 42.37102, -71.04127 42.37116, -71.04158 42.37129, -71.04163 42.37131, -71.04231 42.3716, -71.04293 42.37187, -71.04315 42.3716, -71.04369 42.37094, -71.04389 42.3707, -71.04319 42.37039, -71.04307 42.37033, -71.04398 42.36975, -71.04573 42.36863, -71.04627 42.36932, -71.04689 42.37003, -71.04738 42.37121, -71.04699 42.3726)))"
250250503002,"MULTIPOLYGON (((-71.04369 42.37094, -71.04315 42.3716, -71.04293 42.37187, -71.04231 42.3716, -71.04163 42.37131, -71.04158 42.37129, -71.04127 42.37116, -71.04095 42.37102, -71.04029 42.37074, -71.04066 42.37029, -71.04126 42.36953, -71.04189 42.36981, -71.04211 42.36991, -71.04259 42.37012, -71.04272 42.37018, -71.04307 42.37033, -71.04319 42.37039, -71.04389 42.3707, -71.04369 42.37094)))"
250250503003,"MULTIPOLYGON (((-71.04573 42.36863, -71.04398 42.36975, -71.04307 42.37033, -71.04272 42.37018, -71.04259 42.37012, -71.04211 42.36991, -71.04189 42.36981, -71.04126 42.36953, -71.04094 42.3694, -71.04059 42.36925, -71.03987 42.36893, -71.03975 42.36888, -71.03959 42.36881, -71.03892 42.3685, -71.03953 42.36767, -71.03997 42.36712, -71.04085 42.36749, -71.04154 42.36658, -71.04173 42.36646, -71.04189 42.36635, -71.0434 42.3646, -71.04445 42.36579, -71.04512 42.36734, -71.04551 42.36829, -71.04573 42.36863)))"
250250504001,"MULTIPOLYGON (((-71.04126 42.36953, -71.04066 42.37029, -71.04029 42.37074, -71.03962 42.37043, -71.03897 42.37014, -71.03866 42.37001, -71.03859 42.36999, -71.03796 42.36972, -71.03764 42.36958, -71.03869 42.36841, -71.03892 42.3685, -71.03959 42.36881, -71.03975 42.36888, -71.03987 42.36893, -71.04059 42.36925, -71.04094 42.3694, -71.04126 42.36953)))"
250250504002,"MULTIPOLYGON (((-71.03944 42.36727, -71.03939 42.36747, -71.03924 42.36774, -71.039 42.36804, -71.03869 42.36841, -71.03764 42.36958, -71.03699 42.36929, -71.0362 42.36894, -71.03553 42.36865, -71.03475 42.36831, -71.03523 42.36773, -71.03538 42.36756, -71.03573 42.36713, -71.03621 42.36651, -71.03629 42.3664, -71.03683 42.36572, -71.03731 42.36592, -71.03911 42.36671, -71.03939 42.36684, -71.03944 42.36705, -71.03944 42.36727)))"
250250505001,"MULTIPOLYGON (((-71.03669 42.36954, -71.03606 42.37008, -71.03554 42.37052, -71.03481 42.37114, -71.03392 42.37193, -71.03373 42.37209, -71.03358 42.37216, -71.03347 42.37219, -71.03297 42.37215, -71.03249 42.372, -71.03204 42.37181, -71.03156 42.37148, -71.03124 42.3712, -71.03101 42.37102, -71.03105 42.37096, -71.03113 42.3709, -71.03085 42.37058, -71.03036 42.37017, -71.03051 42.37025, -71.03064 42.37031, -71.03075 42.37029, -71.03095 42.37023, -71.0312 42.37018, -71.03166 42.36987, -71.03193 42.36955, -71.03199 42.36942, -71.03199 42.36924, -71.03232 42.3689, -71.0326 42.36867, -71.03269 42.36859, -71.03287 42.36843, -71.03339 42.36773, -71.034 42.36799, -71.03475 42.36831, -71.03553 42.36865, -71.0362 42.36894, -71.03699 42.36929, -71.03669 42.36954)))"
250250505002,"MULTIPOLYGON (((-71.03457 42.37261, -71.03445 42.37271, -71.03431 42.37267, -71.03414 42.37264, -71.03398 42.37262, -71.03369 42.37262, -71.03356 42.37262, -71.03354 42.37262, -71.03336 42.37267, -71.03316 42.37273, -71.03306 42.37276, -71.03299 42.37279, -71.03282 42.37289, -71.03266 42.373, -71.03254 42.3731, -71.03241 42.3732, -71.03231 42.3733, -71.0321 42.37349, -71.03177 42.37376, -71.0315 42.3739, -71.03141 42.37393, -71.03125 42.37398, -71.03114 42.374, -71.03105 42.37401, -71.0309 42.37402, -71.03073 42.37402, -71.03058 42.374, -71.03041 42.37397, -71.03028 42.37394, -71.03012 42.37387, -71.0299 42.37376, -71.02995 42.37365, -71.02998 42.37353, -71.02998 42.37343, -71.02997 42.37334, -71.02994 42.37327, -71.02988 42.37318, -71.02981 42.3731, -71.02972 42.37298, -71.0296 42.37285, -71.02949 42.37273, -71.02939 42.37262, -71.02929 42.3725, -71.02919 42.3724, -71.02909 42.37231, -71.02897 42.3722, -71.02882 42.37208, -71.02861 42.37191, -71.0284 42.37175, -71.02817 42.37156, -71.02795 42.37138, -71.02778 42.37124, -71.02769 42.37116, -71.02761 42.37108, -71.02751 42.37098, -71.02744 42.3709, -71.02732 42.37076, -71.02723 42.37064, -71.02715 42.37053, -71.02709 42.37042, -71.02706 42.37033, -71.02703 42.37022, -71.02703 42.3701, -71.02706 42.37001, -71.02713 42.3699, -71.02721 42.36982, -71.02733 42.36974, -71.0274 42.36969, -71.02749 42.36963, -71.02763 42.36957, -71.02773 42.36949, -71.02785 42.36938, -71.02809 42.36912, -71.02878 42.36941, -71.02922 42.36959, -71.03036 42.37017, -71.03085 42.37058, -71.03113 42.3709, -71.03105 42.37096, -71.03101 42.37102, -71.03124 42.3712, -71.03156 42.37148, -71.03204 42.37181, -71.03249 42.372, -71.03297 42.37215, -71.03347 42.37219, -71.03358 42.37216, -71.03373 42.37209, -71.03392 42.37193, -71.03408 42.37204, -71.03474 42.37246, -71.03457 42.37261)))"
250250506001,"MULTIPOLYGON (((-71.03909 42.37492, -71.03878 42.37493, -71.03861 42.3749, -71.0379 42.37445, -71.03783 42.37434, -71.03711 42.37402, -71.03698 42.37396, -71.03625 42.3736, -71.03622 42.37358, -71.03515 42.37301, -71.03509 42.37298, -71.03472 42.37281, -71.0346 42.37276, -71.03445 42.37271, -71.03457 42.37261, -71.03474 42.37246, -71.03656 42.37091, -71.03717 42.37128, -71.03818 42.37192, -71.03867 42.37227, -71.03886 42.37237, -71.03903 42.37237, -71.03904 42.3726, -71.03905 42.37292, -71.03906 42.37334, -71.03907 42.37417, -71.03908 42.37453, -71.03909 42.3747, -71.03909 42.37492)))"
250250506002,"MULTIPOLYGON (((-71.04029 42.37074, -71.03918 42.37213, -71.03902 42.37211, -71.03903 42.37237, -71.03886 42.37237, -71.03867 42.37227, -71.03818 42.37192, -71.03717 42.37128, -71.03656 42.37091, -71.03474 42.37246, -71.03408 42.37204, -71.03392 42.37193, -71.03481 42.37114, -71.03554 42.37052, -71.03606 42.37008, -71.03669 42.36954, -71.03699 42.36929, -71.03764 42.36958, -71.03796 42.36972, -71.03859 42.36999, -71.03866 42.37001, -71.03897 42.37014, -71.03962 42.37043, -71.04029 42.37074)))"
250250507001,"MULTIPOLYGON (((-71.03871 42.37496, -71.03583 42.37603, -71.03574 42.37597, -71.03513 42.37559, -71.03494 42.37546, -71.03443 42.37513, -71.03395 42.37483, -71.03344 42.3745, -71.03282 42.37411, -71.03432 42.37282, -71.03445 42.37271, -71.0346 42.37276, -71.03472 42.37281, -71.03509 42.37298, -71.03515 42.37301, -71.03622 42.37358, -71.03625 42.3736, -71.03698 42.37396, -71.03711 42.37402, -71.03783 42.37434, -71.0379 42.37445, -71.03861 42.3749, -71.03878 42.37493, -71.03871 42.37496)))"
250250507002,"MULTIPOLYGON (((-71.03626 42.37665, -71.0341 42.37745, -71.03368 42.37683, -71.03154 42.37763, -71.03104 42.37732, -71.03249 42.37608, -71.03395 42.37483, -71.03443 42.37513, -71.03494 42.37546, -71.03513 42.37559, -71.03574 42.37597, -71.03583 42.37603, -71.03626 42.37665)))"
250250507003,"MULTIPOLYGON (((-71.03432 42.37282, -71.03282 42.37411, -71.03344 42.3745, -71.03395 42.37483, -71.03249 42.37608, -71.03104 42.37732, -71.03054 42.37701, -71.02919 42.37813, -71.02858 42.37776, -71.02799 42.37735, -71.02785 42.37727, -71.02773 42.37721, -71.02804 42.37694, -71.02861 42.37649, -71.02908 42.3761, -71.02976 42.37554, -71.03039 42.37499, -71.03114 42.37437, -71.03143 42.37411, -71.03189 42.37369, -71.0321 42.37349, -71.03231 42.3733, -71.03241 42.3732, -71.03254 42.3731, -71.03266 42.373, -71.03282 42.37289, -71.03299 42.37279, -71.03306 42.37276, -71.03316 42.37273, -71.03336 42.37267, -71.03354 42.37262, -71.03356 42.37262, -71.03369 42.37262, -71.03398 42.37262, -71.03414 42.37264, -71.03431 42.37267, -71.03445 42.37271, -71.03432 42.37282)))"
250250509011,"MULTIPOLYGON (((-71.03024 42.37966, -71.02863 42.38027, -71.02775 42.3806, -71.02639 42.38109, -71.02655 42.38132, -71.02554 42.38132, -71.0255 42.38132, -71.02465 42.38204, -71.02351 42.38302, -71.02303 42.38345, -71.02299 42.38349, -71.02266 42.38392, -71.02198 42.38364, -71.02187 42.38358, -71.02182 42.38354, -71.0217 42.38354, -71.0216 42.38354, -71.02144 42.38356, -71.02148 42.38347, -71.02156 42.38334, -71.02172 42.38313, -71.02179 42.38302, -71.02196 42.38285, -71.02247 42.38237, -71.02287 42.38199, -71.0228 42.38191, -71.02264 42.38174, -71.02262 42.3817, -71.02232 42.3812, -71.02218 42.38117, -71.02208 42.38103, -71.02177 42.38054, -71.02177 42.38051, -71.02162 42.38026, -71.02156 42.38014, -71.02213 42.37996, -71.02228 42.37991, -71.02266 42.37976, -71.02419 42.37919, -71.0242 42.37925, -71.02433 42.37926, -71.02447 42.37923, -71.02446 42.37926, -71.02451 42.37934, -71.02488 42.37959, -71.02501 42.37967, -71.02513 42.37975, -71.02522 42.37963, -71.02548 42.3793, -71.02564 42.3791, -71.0259 42.3788, -71.026 42.3787, -71.02607 42.37864, -71.02617 42.37854, -71.02633 42.3784, -71.0269 42.37793, -71.02743 42.37748, -71.02773 42.37721, -71.02785 42.37727, -71.02799 42.37735, -71.02858 42.37776, -71.02919 42.37813, -71.02936 42.37837, -71.0294 42.37843, -71.02982 42.37905, -71.03024 42.37966)))"
250250509012,"MULTIPOLYGON (((-71.03492 42.37868, -71.03278 42.37949, -71.03319 42.3801, -71.03342 42.38045, -71.03342 42.38052, -71.03212 42.3805, -71.03106 42.3809, -71.03047 42.38112, -71.03036 42.38118, -71.03031 42.38124, -71.0303 42.38134, -71.02859 42.38134, -71.02821 42.38134, -71.02655 42.38132, -71.02639 42.38109, -71.02775 42.3806, -71.02863 42.38027, -71.03024 42.37966, -71.03085 42.37943, -71.03236 42.37886, -71.03451 42.37807, -71.03492 42.37868)))"
250250509013,"MULTIPOLYGON (((-71.03931 42.3862, -71.0393 42.38652, -71.03931 42.38662, -71.03929 42.38674, -71.03926 42.38683, -71.03913 42.38681, -71.03908 42.3868, -71.03897 42.38681, -71.03892 42.38681, -71.03887 42.38681, -71.03881 42.38681, -71.03836 42.38653, -71.03607 42.38609, -71.03498 42.38588, -71.03323 42.38491, -71.03199 42.3846, -71.02771 42.38404, -71.02421 42.38559, -71.02267 42.38627, -71.02265 42.38623, -71.02254 42.38607, -71.02246 42.38594, -71.02241 42.38587, -71.02218 42.38539, -71.02216 42.38524, -71.02215 42.38519, -71.02218 42.38495, -71.02228 42.38461, -71.02241 42.38433, -71.02257 42.38403, -71.02266 42.38392, -71.02299 42.38349, -71.02303 42.38345, -71.02351 42.38302, -71.02465 42.38204, -71.0255 42.38132, -71.02554 42.38132, -71.02655 42.38132, -71.02821 42.38134, -71.02859 42.38134, -71.0303 42.38134, -71.03031 42.38124, -71.03036 42.38118, -71.03047 42.38112, -71.03106 42.3809, -71.03212 42.3805, -71.03342 42.38052, -71.03341 42.38136, -71.03341 42.38195, -71.03339 42.38261, -71.03611 42.38259, -71.03932 42.38261, -71.03931 42.3832, -71.03931 42.38395, -71.03931 42.38405, -71.03932 42.3854, -71.03931 42.3862)))"
250250510001,"MULTIPOLYGON (((-71.02264 42.38174, -71.02077 42.38242, -71.0188 42.38318, -71.01673 42.38393, -71.01663 42.38397, -71.01548 42.38441, -71.01449 42.38477, -71.01304 42.38531, -71.01293 42.38535, -71.01084 42.38613, -71.0104 42.38548, -71.01036 42.38542, -71.01015 42.3851, -71.01041 42.38501, -71.01069 42.38486, -71.01098 42.38466, -71.01124 42.38447, -71.01162 42.3842, -71.01231 42.38371, -71.01324 42.38301, -71.0134 42.3829, -71.01308 42.38222, -71.01254 42.38166, -71.01244 42.38168, -71.01238 42.38171, -71.01228 42.38176, -71.01221 42.38182, -71.01217 42.3819, -71.01216 42.38197, -71.01165 42.38125, -71.01145 42.38099, -71.01127 42.38065, -71.01138 42.38057, -71.01158 42.3805, -71.01179 42.38049, -71.01195 42.38055, -71.01207 42.38061, -71.01228 42.38077, -71.01248 42.38096, -71.01259 42.38098, -71.01288 42.38098, -71.01329 42.38096, -71.01338 42.38094, -71.01345 42.38087, -71.01352 42.38067, -71.01355 42.38047, -71.01355 42.38021, -71.0135 42.38011, -71.01332 42.37996, -71.01328 42.37983, -71.01332 42.37961, -71.01347 42.37955, -71.01377 42.37956, -71.01389 42.37956, -71.01408 42.37956, -71.01438 42.37948, -71.01459 42.37932, -71.01475 42.3793, -71.01562 42.38031, -71.01572 42.38048, -71.01591 42.38077, -71.01601 42.38092, -71.01631 42.38077, -71.01667 42.38061, -71.01708 42.38047, -71.0173 42.38041, -71.01758 42.38034, -71.01796 42.38029, -71.0185 42.38027, -71.01915 42.38027, -71.01976 42.38028, -71.01989 42.38028, -71.02055 42.38028, -71.02084 42.38026, -71.02113 42.38023, -71.02142 42.38018, -71.0215 42.38016, -71.02156 42.38014, -71.02162 42.38026, -71.02177 42.38051, -71.02177 42.38054, -71.02208 42.38103, -71.02218 42.38117, -71.02232 42.3812, -71.02262 42.3817, -71.02264 42.38174)))"
250250510002,"MULTIPOLYGON (((-71.02267 42.38627, -71.02243 42.38637, -71.02051 42.38764, -71.01933 42.38893, -71.01928 42.38898, -71.01879 42.38954, -71.01779 42.3907, -71.01724 42.39246, -71.01723 42.39247, -71.01659 42.3945, -71.01609 42.3959, -71.0134 42.3974, -71.0124 42.39702, -71.01138 42.39663, -71.01127 42.39659, -71.01193 42.39575, -71.01168 42.39572, -71.01 42.39549, -71.01038 42.39504, -71.01064 42.3947, -71.01069 42.39463, -71.0112 42.394, -71.01149 42.39363, -71.01161 42.39349, -71.01187 42.39317, -71.01222 42.39273, -71.01248 42.39241, -71.01266 42.39219, -71.01301 42.39178, -71.01305 42.39173, -71.01312 42.39163, -71.01305 42.39147, -71.01266 42.39098, -71.01245 42.3907, -71.01227 42.39051, -71.01205 42.39031, -71.01183 42.39009, -71.01144 42.38979, -71.01084 42.38932, -71.01068 42.3892, -71.00981 42.3885, -71.00805 42.38712, -71.00822 42.38708, -71.0084 42.38701, -71.00891 42.38682, -71.01084 42.38613, -71.01293 42.38535, -71.01304 42.38531, -71.01449 42.38477, -71.01463 42.385, -71.01932 42.38605, -71.01937 42.38614, -71.01949 42.38607, -71.01957 42.38609, -71.02001 42.38556, -71.02039 42.3851, -71.02059 42.38487, -71.0217 42.38354, -71.02182 42.38354, -71.02187 42.38358, -71.02198 42.38364, -71.02266 42.38392, -71.02257 42.38403, -71.02241 42.38433, -71.02228 42.38461, -71.02218 42.38495, -71.02215 42.38519, -71.02216 42.38524, -71.02218 42.38539, -71.02241 42.38587, -71.02246 42.38594, -71.02254 42.38607, -71.02265 42.38623, -71.02267 42.38627)))"
250250510003,"MULTIPOLYGON (((-71.02287 42.38199, -71.02247 42.38237, -71.02196 42.38285, -71.02179 42.38302, -71.02172 42.38313, -71.02156 42.38334, -71.02148 42.38347, -71.02144 42.38356, -71.0216 42.38354, -71.0217 42.38354, -71.02059 42.38487, -71.02039 42.3851, -71.02001 42.38556, -71.01957 42.38609, -71.01949 42.38607, -71.01937 42.38614, -71.01932 42.38605, -71.01463 42.385, -71.01449 42.38477, -71.01548 42.38441, -71.01663 42.38397, -71.01673 42.38393, -71.0188 42.38318, -71.02077 42.38242, -71.02264 42.38174, -71.0228 42.38191, -71.02287 42.38199)))"
250250511011,"MULTIPOLYGON (((-71.01084 42.38613, -71.00891 42.38682, -71.0084 42.38701, -71.00822 42.38708, -71.00805 42.38712, -71.00784 42.38718, -71.00739 42.38733, -71.00678 42.38754, -71.00667 42.38758, -71.00649 42.38816, -71.00633 42.38892, -71.0063 42.38905, -71.00737 42.38942, -71.0074 42.38943, -71.00745 42.38947, -71.00748 42.38954, -71.0075 42.38965, -71.00688 42.38956, -71.0063 42.38948, -71.0062 42.38947, -71.0063 42.38961, -71.00635 42.39026, -71.00642 42.39056, -71.00442 42.39021, -71.00419 42.3902, -71.00393 42.39017, -71.0034 42.39014, -71.00184 42.39009, -71.00137 42.39008, -70.99997 42.39001, -70.99981 42.38994, -70.99946 42.38979, -70.99938 42.38975, -70.99929 42.38971, -70.99919 42.38963, -70.99913 42.38952, -70.99912 42.3894, -70.99913 42.38927, -70.99917 42.38923, -70.99921 42.3892, -70.99943 42.38905, -71.00025 42.38862, -71.00044 42.3885, -70.99997 42.38853, -71.00002 42.3885, -71.00017 42.38845, -71.00124 42.38808, -71.0034 42.38733, -71.0046 42.38692, -71.00614 42.38644, -71.00795 42.38584, -71.01015 42.3851, -71.01036 42.38542, -71.0104 42.38548, -71.01084 42.38613)))"
250250511012,"MULTIPOLYGON (((-71.01305 42.39173, -71.01301 42.39178, -71.01266 42.39219, -71.01248 42.39241, -71.01222 42.39273, -71.01187 42.39317, -71.01161 42.39349, -71.01144 42.39348, -71.00999 42.39346, -71.00921 42.39345, -71.00883 42.39342, -71.00858 42.39339, -71.00826 42.39334, -71.00597 42.39282, -71.00467 42.39205, -71.00477 42.39206, -71.00478 42.39199, -71.0048 42.39187, -71.00482 42.39177, -71.00486 42.3917, -71.00495 42.39164, -71.00504 42.39162, -71.00526 42.39164, -71.00577 42.3917, -71.00583 42.39148, -71.00586 42.39148, -71.00628 42.39149, -71.00629 42.39098, -71.00642 42.39056, -71.00635 42.39026, -71.0063 42.38961, -71.0062 42.38947, -71.0063 42.38948, -71.00688 42.38956, -71.0075 42.38965, -71.00748 42.38954, -71.00745 42.38947, -71.0074 42.38943, -71.00737 42.38942, -71.0063 42.38905, -71.00633 42.38892, -71.00649 42.38816, -71.00667 42.38758, -71.00678 42.38754, -71.00739 42.38733, -71.00784 42.38718, -71.00805 42.38712, -71.00981 42.3885, -71.01068 42.3892, -71.01084 42.38932, -71.01144 42.38979, -71.01183 42.39009, -71.01205 42.39031, -71.01227 42.39051, -71.01245 42.3907, -71.01266 42.39098, -71.01305 42.39147, -71.01312 42.39163, -71.01305 42.39173)))"
250250511013,"MULTIPOLYGON (((-71.01324 42.38301, -71.01231 42.38371, -71.01162 42.3842, -71.01124 42.38447, -71.01098 42.38466, -71.01069 42.38486, -71.01041 42.38501, -71.01015 42.3851, -71.00795 42.38584, -71.00614 42.38644, -71.0046 42.38692, -71.0034 42.38733, -71.00124 42.38808, -71.00017 42.38845, -71.00002 42.3885, -70.99997 42.38853, -70.99988 42.38853, -70.99965 42.38854, -70.99947 42.38855, -70.99938 42.38856, -70.99938 42.3885, -70.99939 42.38833, -71.0001 42.38793, -71.00053 42.38765, -71.00074 42.3875, -71.001 42.38722, -71.00113 42.3871, -71.00114 42.38703, -71.0011 42.38696, -70.99928 42.38638, -70.99873 42.38631, -70.99675 42.38557, -70.99618 42.3854, -70.99582 42.38524, -70.99564 42.38509, -70.99562 42.38484, -70.99566 42.38466, -70.99581 42.3845, -70.99598 42.38438, -70.99622 42.38435, -70.99642 42.38435, -70.99812 42.38493, -70.99958 42.38548, -70.99973 42.38556, -70.99987 42.38562, -71.00002 42.38563, -71.00027 42.38524, -71.00076 42.38451, -70.9993 42.38396, -70.99913 42.3839, -70.99784 42.38344, -70.99688 42.3831, -70.99651 42.38298, -70.99637 42.38295, -70.9963 42.38294, -70.99608 42.38288, -70.99587 42.38285, -70.99568 42.38282, -70.99541 42.38279, -70.99473 42.38272, -70.99468 42.38271, -70.99465 42.38271, -70.99463 42.38271, -70.99464 42.38266, -70.99467 42.38237, -70.99466 42.3819, -70.99465 42.38115, -70.99617 42.37947, -70.99669 42.37874, -70.99799 42.3782, -70.99898 42.3779, -70.99931 42.37779, -70.99932 42.37777, -70.99932 42.37776, -70.99933 42.37774, -70.99939 42.37775, -70.99952 42.37773, -70.99972 42.37774, -71.00001 42.37776, -71.00008 42.37777, -71.00017 42.37774, -71.00021 42.37775, -71.00033 42.3778, -71.00097 42.37795, -71.00223 42.37832, -71.00234 42.37832, -71.00245 42.37829, -71.00258 42.37829, -71.00268 42.37835, -71.00272 42.3784, -71.00283 42.37849, -71.00291 42.37853, -71.00363 42.37878, -71.00396 42.37892, -71.00419 42.37904, -71.00442 42.37911, -71.00471 42.37916, -71.00523 42.37921, -71.00541 42.37921, -71.00551 42.37918, -71.0057 42.37904, -71.00776 42.37968, -71.00831 42.37985, -71.00886 42.38002, -71.01102 42.38069, -71.01112 42.3808, -71.01112 42.38077, -71.01117 42.38072, -71.01127 42.38065, -71.01145 42.38099, -71.01165 42.38125, -71.01216 42.38197, -71.01217 42.3819, -71.01221 42.38182, -71.01228 42.38176, -71.01238 42.38171, -71.01244 42.38168, -71.01254 42.38166, -71.01308 42.38222, -71.0134 42.3829, -71.01324 42.38301)))"
250250511014,"MULTIPOLYGON (((-71.00629 42.39098, -71.00628 42.39149, -71.00586 42.39148, -71.00583 42.39148, -71.00577 42.3917, -71.00526 42.39164, -71.00504 42.39162, -71.00495 42.39164, -71.00486 42.3917, -71.00482 42.39177, -71.0048 42.39187, -71.00478 42.39199, -71.00477 42.39206, -71.00467 42.39205, -71.00597 42.39282, -71.00594 42.39282, -71.0054 42.3928, -71.00501 42.39276, -71.00456 42.39269, -71.00438 42.39266, -71.00401 42.39259, -71.00365 42.39247, -71.00353 42.39269, -71.0023 42.39238, -71.00038 42.39157, -70.99964 42.3912, -70.99872 42.39088, -70.99864 42.39083, -70.99836 42.39044, -70.99829 42.39035, -70.99823 42.39027, -70.99509 42.39351, -70.99508 42.39353, -70.99505 42.39357, -70.99502 42.39355, -70.99494 42.3935, -70.99481 42.39345, -70.99477 42.39342, -70.99458 42.39333, -70.99445 42.39332, -70.99447 42.39328, -70.99473 42.39289, -70.99495 42.39255, -70.99566 42.39146, -70.99586 42.39117, -70.99608 42.3909, -70.99642 42.39056, -70.99673 42.39029, -70.99627 42.38998, -70.99557 42.38949, -70.99535 42.38936, -70.99567 42.38905, -70.9964 42.38841, -70.99668 42.38835, -70.9977 42.38827, -70.99908 42.38814, -70.99921 42.38817, -70.99931 42.38823, -70.99939 42.38833, -70.99938 42.3885, -70.99938 42.38856, -70.99947 42.38855, -70.99965 42.38854, -70.99988 42.38853, -70.99997 42.38853, -71.00044 42.3885, -71.00025 42.38862, -70.99943 42.38905, -70.99921 42.3892, -70.99917 42.38923, -70.99913 42.38927, -70.99912 42.3894, -70.99913 42.38952, -70.99919 42.38963, -70.99929 42.38971, -70.99938 42.38975, -70.99946 42.38979, -70.99981 42.38994, -70.99997 42.39001, -71.00137 42.39008, -71.00184 42.39009, -71.0034 42.39014, -71.00393 42.39017, -71.00419 42.3902, -71.00442 42.39021, -71.00642 42.39056, -71.00629 42.39098)))"
250250512001,"MULTIPOLYGON (((-71.0434 42.3646, -71.04189 42.36635, -71.04173 42.36646, -71.04154 42.36658, -71.04085 42.36749, -71.03997 42.36712, -71.03953 42.36767, -71.03892 42.3685, -71.03869 42.36841, -71.039 42.36804, -71.03924 42.36774, -71.03939 42.36747, -71.03944 42.36727, -71.03944 42.36705, -71.03939 42.36684, -71.03911 42.36671, -71.03731 42.36592, -71.03683 42.36572, -71.03638 42.36552, -71.03358 42.36429, -71.03341 42.36423, -71.03321 42.36417, -71.03296 42.36413, -71.03279 42.36411, -71.0323 42.36408, -71.0314 42.36402, -71.03027 42.36395, -71.02982 42.36456, -71.02935 42.36515, -71.02887 42.36575, -71.0281 42.36543, -71.02789 42.36534, -71.02763 42.365, -71.02671 42.36454, -71.02652 42.36439, -71.0264 42.36424, -71.02632 42.36405, -71.02629 42.36384, -71.02634 42.36303, -71.02637 42.36296, -71.02637 42.3626, -71.02642 42.36231, -71.0266 42.36186, -71.02751 42.35983, -71.02814 42.35838, -71.02816 42.35826, -71.0281 42.35814, -71.02792 42.358, -71.02725 42.35768, -71.02723 42.35767, -71.02643 42.35726, -71.02716 42.35607, -71.02842 42.35682, -71.02986 42.35766, -71.0303 42.35941, -71.02909 42.36091, -71.02841 42.3622, -71.02952 42.36222, -71.03073 42.36163, -71.03161 42.36122, -71.0322 42.35981, -71.0328 42.35926, -71.03425 42.35928, -71.03606 42.36019, -71.03776 42.36128, -71.03963 42.36178, -71.04013 42.36212, -71.0413 42.36291, -71.0426 42.3638, -71.0434 42.3646)))"
250250512002,"MULTIPOLYGON (((-71.03538 42.36756, -71.03523 42.36773, -71.03475 42.36831, -71.034 42.36799, -71.03339 42.36773, -71.03287 42.36843, -71.03269 42.36859, -71.0326 42.36867, -71.03252 42.36862, -71.03267 42.36845, -71.03275 42.36834, -71.03279 42.36821, -71.0328 42.36808, -71.03271 42.36798, -71.03254 42.36788, -71.03173 42.36753, -71.03146 42.36742, -71.03127 42.36732, -71.03113 42.36716, -71.03111 42.36715, -71.031 42.36703, -71.03095 42.36697, -71.03081 42.36685, -71.03074 42.3668, -71.03056 42.36667, -71.0287 42.36589, -71.028 42.36558, -71.0281 42.36543, -71.02887 42.36575, -71.02935 42.36515, -71.02982 42.36456, -71.02987 42.36458, -71.03008 42.36467, -71.03086 42.36471, -71.0317 42.36476, -71.03262 42.36481, -71.03317 42.36503, -71.03358 42.36521, -71.03298 42.36592, -71.03352 42.36615, -71.03415 42.36643, -71.0345 42.36658, -71.03486 42.36674, -71.03495 42.36678, -71.03522 42.3669, -71.03573 42.36713, -71.03538 42.36756)))"
250250512003,"MULTIPOLYGON (((-71.03683 42.36572, -71.03629 42.3664, -71.03621 42.36651, -71.03573 42.36713, -71.03522 42.3669, -71.03495 42.36678, -71.03486 42.36674, -71.0345 42.36658, -71.03415 42.36643, -71.03352 42.36615, -71.03298 42.36592, -71.03358 42.36521, -71.03317 42.36503, -71.03262 42.36481, -71.0317 42.36476, -71.03086 42.36471, -71.03008 42.36467, -71.02987 42.36458, -71.02982 42.36456, -71.03027 42.36395, -71.0314 42.36402, -71.0323 42.36408, -71.03279 42.36411, -71.03296 42.36413, -71.03321 42.36417, -71.03341 42.36423, -71.03358 42.36429, -71.03638 42.36552, -71.03683 42.36572)))"
250250601011,"MULTIPOLYGON (((-71.02932 42.33824, -71.0288 42.33825, -71.02725 42.33827, -71.02679 42.33829, -71.02622 42.3383, -71.02593 42.33831, -71.02523 42.33833, -71.02513 42.33831, -71.02511 42.33749, -71.02509 42.33666, -71.02507 42.3358, -71.02719 42.33576, -71.02923 42.33573, -71.02926 42.33659, -71.0293 42.33742, -71.02932 42.33824)))"
250250601012,"MULTIPOLYGON (((-71.03125 42.334, -71.02919 42.33404, -71.02714 42.33407, -71.02599 42.33409, -71.02503 42.33409, -71.02501 42.33328, -71.02587 42.33327, -71.02598 42.33327, -71.02711 42.33325, -71.02823 42.33322, -71.02917 42.33321, -71.0297 42.33321, -71.03123 42.33319, -71.03124 42.33362, -71.03125 42.334)))"
250250601013,"MULTIPOLYGON (((-71.03128 42.33483, -71.02921 42.33486, -71.02923 42.33573, -71.02719 42.33576, -71.02507 42.3358, -71.02505 42.33493, -71.02503 42.33409, -71.02599 42.33409, -71.02714 42.33407, -71.02919 42.33404, -71.03125 42.334, -71.03128 42.33483)))"
250250601014,"MULTIPOLYGON (((-71.03123 42.33319, -71.0297 42.33321, -71.02917 42.33321, -71.02823 42.33322, -71.02711 42.33325, -71.02598 42.33327, -71.02587 42.33327, -71.02501 42.33328, -71.025 42.33302, -71.02515 42.33292, -71.02639 42.33262, -71.02708 42.33241, -71.02807 42.33206, -71.02865 42.33182, -71.0291 42.33163, -71.02953 42.33143, -71.03066 42.33088, -71.03114 42.33065, -71.03116 42.33083, -71.03118 42.33154, -71.03119 42.33195, -71.03119 42.33236, -71.03123 42.33319)))"
250250602001,"MULTIPOLYGON (((-71.03335 42.33566, -71.03129 42.3357, -71.02923 42.33573, -71.02921 42.33486, -71.03128 42.33483, -71.03125 42.334, -71.03124 42.33362, -71.03123 42.33319, -71.03119 42.33236, -71.03189 42.33235, -71.0319 42.33317, -71.03236 42.33316, -71.03259 42.33315, -71.03328 42.33315, -71.03329 42.33346, -71.0333 42.33398, -71.03331 42.33462, -71.03332 42.3348, -71.03335 42.33566)))"
250250602002,"MULTIPOLYGON (((-71.0353 42.33229, -71.03453 42.33231, -71.03432 42.33231, -71.03326 42.33233, -71.03328 42.33315, -71.03259 42.33315, -71.03236 42.33316, -71.0319 42.33317, -71.03189 42.33235, -71.03119 42.33236, -71.03119 42.33195, -71.03118 42.33154, -71.03116 42.33083, -71.03114 42.33065, -71.03166 42.33042, -71.03234 42.33015, -71.03285 42.32995, -71.03318 42.32984, -71.03377 42.32965, -71.03431 42.32949, -71.03485 42.32939, -71.03521 42.32935, -71.03521 42.32952, -71.03525 42.33064, -71.03527 42.33147, -71.0353 42.33229)))"
250250603011,"MULTIPOLYGON (((-71.04151 42.33383, -71.03995 42.33386, -71.03888 42.33387, -71.03736 42.3339, -71.03534 42.33394, -71.03509 42.33394, -71.03428 42.33396, -71.0333 42.33398, -71.03329 42.33346, -71.03328 42.33315, -71.03326 42.33233, -71.03432 42.33231, -71.03453 42.33231, -71.0353 42.33229, -71.03586 42.33228, -71.03731 42.33226, -71.03734 42.33308, -71.03863 42.33308, -71.03909 42.33306, -71.03993 42.33303, -71.04075 42.33302, -71.04095 42.33302, -71.04148 42.33302, -71.04149 42.33342, -71.04151 42.33383)))"
250250603012,"MULTIPOLYGON (((-71.03731 42.33226, -71.03586 42.33228, -71.0353 42.33229, -71.03527 42.33147, -71.03525 42.33064, -71.03521 42.32952, -71.03521 42.32935, -71.03559 42.32933, -71.03604 42.32935, -71.03646 42.32939, -71.03708 42.32949, -71.03725 42.32952, -71.03724 42.32971, -71.03726 42.33019, -71.03727 42.33061, -71.03729 42.33143, -71.03731 42.33226)))"
250250603013,"MULTIPOLYGON (((-71.04155 42.33552, -71.04073 42.33553, -71.03996 42.33555, -71.03743 42.33559, -71.03638 42.33561, -71.03542 42.33563, -71.03335 42.33566, -71.03332 42.3348, -71.03331 42.33462, -71.0333 42.33398, -71.03428 42.33396, -71.03509 42.33394, -71.03534 42.33394, -71.03736 42.3339, -71.03888 42.33387, -71.03995 42.33386, -71.04151 42.33383, -71.04153 42.33466, -71.04155 42.33552)))"
250250604001,"MULTIPOLYGON (((-71.04427 42.33547, -71.04155 42.33552, -71.04153 42.33466, -71.04151 42.33383, -71.04149 42.33342, -71.04148 42.33302, -71.04146 42.33261, -71.04145 42.33241, -71.04145 42.33219, -71.04202 42.33217, -71.04261 42.33217, -71.04296 42.33215, -71.04414 42.33213, -71.04417 42.33272, -71.04417 42.33279, -71.04416 42.33294, -71.04418 42.33313, -71.0442 42.33336, -71.0442 42.33377, -71.04424 42.33459, -71.04425 42.335, -71.04427 42.33547)))"
250250604002,"MULTIPOLYGON (((-71.04148 42.33302, -71.04095 42.33302, -71.04075 42.33302, -71.03993 42.33303, -71.03909 42.33306, -71.03863 42.33308, -71.03734 42.33308, -71.03731 42.33226, -71.03729 42.33143, -71.03912 42.3314, -71.03984 42.33139, -71.04041 42.33138, -71.04085 42.33138, -71.04143 42.33137, -71.04145 42.33219, -71.04145 42.33241, -71.04146 42.33261, -71.04148 42.33302)))"
250250604003,"MULTIPOLYGON (((-71.04409 42.33049, -71.04274 42.3305, -71.04278 42.33132, -71.04257 42.33133, -71.04261 42.33217, -71.04202 42.33217, -71.04145 42.33219, -71.04143 42.33137, -71.04085 42.33138, -71.04041 42.33138, -71.03984 42.33139, -71.03912 42.3314, -71.03729 42.33143, -71.03727 42.33061, -71.03726 42.33019, -71.03724 42.32971, -71.03725 42.32952, -71.03775 42.32964, -71.03904 42.32996, -71.03954 42.33005, -71.03979 42.33009, -71.04012 42.33013, -71.0409 42.33021, -71.04153 42.33023, -71.04203 42.33024, -71.04279 42.33022, -71.04405 42.33019, -71.04409 42.33049)))"
250250604004,"MULTIPOLYGON (((-71.04746 42.33297, -71.04728 42.33297, -71.04728 42.33285, -71.04725 42.3327, -71.04715 42.33255, -71.04702 42.33242, -71.04679 42.33229, -71.0465 42.33219, -71.04616 42.33212, -71.0457 42.33211, -71.04528 42.33214, -71.04522 42.33215, -71.04488 42.33224, -71.04456 42.33237, -71.04426 42.33264, -71.04423 42.33273, -71.04416 42.33294, -71.04417 42.33279, -71.04417 42.33272, -71.04414 42.33213, -71.04296 42.33215, -71.04261 42.33217, -71.04257 42.33133, -71.04278 42.33132, -71.04274 42.3305, -71.04409 42.33049, -71.04405 42.33019, -71.0449 42.33018, -71.04533 42.33018, -71.04617 42.33016, -71.04739 42.33014, -71.04738 42.33042, -71.04742 42.33125, -71.0474 42.33174, -71.04745 42.33231, -71.04746 42.33297)))"
250250604005,"MULTIPOLYGON (((-71.04751 42.3346, -71.04724 42.33472, -71.04676 42.33496, -71.04628 42.33522, -71.04596 42.33536, -71.04569 42.33545, -71.04544 42.33545, -71.04427 42.33547, -71.04425 42.335, -71.04424 42.33459, -71.0442 42.33377, -71.0442 42.33336, -71.04418 42.33313, -71.04416 42.33294, -71.04423 42.33273, -71.04426 42.33264, -71.04456 42.33237, -71.04488 42.33224, -71.04522 42.33215, -71.04528 42.33214, -71.0457 42.33211, -71.04616 42.33212, -71.0465 42.33219, -71.04679 42.33229, -71.04702 42.33242, -71.04715 42.33255, -71.04725 42.3327, -71.04728 42.33285, -71.04728 42.33297, -71.04746 42.33297, -71.04745 42.33365, -71.04748 42.33424, -71.04751 42.3346)))"
250250605011,"MULTIPOLYGON (((-71.03752 42.3381, -71.03644 42.33812, -71.03549 42.33814, -71.03547 42.33732, -71.03461 42.33732, -71.03339 42.33734, -71.03337 42.33653, -71.03335 42.33566, -71.03542 42.33563, -71.03638 42.33561, -71.03743 42.33559, -71.03744 42.33613, -71.03745 42.33646, -71.03748 42.33728, -71.03752 42.3381)))"
250250605012,"MULTIPOLYGON (((-71.0416 42.33721, -71.04049 42.33723, -71.03997 42.33723, -71.03926 42.33725, -71.03872 42.33726, -71.03748 42.33728, -71.03745 42.33646, -71.03744 42.33613, -71.03743 42.33559, -71.03996 42.33555, -71.04073 42.33553, -71.04155 42.33552, -71.04156 42.33579, -71.04157 42.3361, -71.04158 42.3364, -71.04159 42.33657, -71.0416 42.33721)))"
250250605013,"MULTIPOLYGON (((-71.04507 42.33581, -71.04461 42.33617, -71.04441 42.33633, -71.04427 42.33644, -71.04395 42.33671, -71.04361 42.33699, -71.0433 42.33727, -71.04247 42.33801, -71.04161 42.33803, -71.04052 42.33805, -71.03999 42.33805, -71.03877 42.33808, -71.03779 42.33809, -71.03752 42.3381, -71.03748 42.33728, -71.03872 42.33726, -71.03926 42.33725, -71.03997 42.33723, -71.04049 42.33723, -71.0416 42.33721, -71.04159 42.33657, -71.04158 42.3364, -71.04157 42.3361, -71.04156 42.33579, -71.04155 42.33552, -71.04427 42.33547, -71.04544 42.33545, -71.04507 42.33581)))"
250250605014,"MULTIPOLYGON (((-71.03549 42.33814, -71.03423 42.33815, -71.03341 42.33817, -71.03261 42.33818, -71.0319 42.3382, -71.03106 42.33822, -71.02999 42.33823, -71.02932 42.33824, -71.0293 42.33742, -71.02926 42.33659, -71.02923 42.33573, -71.03129 42.3357, -71.03335 42.33566, -71.03337 42.33653, -71.03339 42.33734, -71.03461 42.33732, -71.03547 42.33732, -71.03549 42.33814)))"
250250605015,"MULTIPOLYGON (((-71.04727 42.33723, -71.04685 42.33759, -71.04652 42.33788, -71.0462 42.33815, -71.04587 42.33845, -71.04556 42.33872, -71.04529 42.33855, -71.04477 42.33821, -71.04438 42.33798, -71.04398 42.33799, -71.04247 42.33801, -71.0433 42.33727, -71.04361 42.33699, -71.04395 42.33671, -71.04427 42.33644, -71.04441 42.33633, -71.04461 42.33617, -71.04507 42.33581, -71.04544 42.33545, -71.04569 42.33545, -71.04629 42.33586, -71.04694 42.33628, -71.04776 42.33681, -71.04727 42.33723)))"
250250606011,"MULTIPOLYGON (((-71.05238 42.3398, -71.0519 42.34019, -71.05145 42.34059, -71.05114 42.34086, -71.05099 42.34097, -71.05082 42.34112, -71.05016 42.34169, -71.04942 42.34121, -71.0492 42.34107, -71.0486 42.34068, -71.04707 42.3397, -71.04666 42.33943, -71.04609 42.33905, -71.04556 42.33872, -71.04587 42.33845, -71.0462 42.33815, -71.04652 42.33788, -71.04685 42.33759, -71.04727 42.33723, -71.04776 42.33681, -71.0493 42.3378, -71.04975 42.3381, -71.05003 42.33828, -71.05013 42.33835, -71.05061 42.33865, -71.05084 42.33879, -71.05101 42.3389, -71.05131 42.33912, -71.05165 42.33934, -71.05217 42.33966, -71.05238 42.3398)))"
250250606021,"MULTIPOLYGON (((-71.05134 42.3438, -71.05097 42.34409, -71.05078 42.34425, -71.05015 42.34478, -71.049 42.34574, -71.04836 42.34628, -71.04791 42.34667, -71.04769 42.34686, -71.04709 42.34737, -71.04687 42.34755, -71.04664 42.34774, -71.04652 42.34784, -71.04652 42.34786, -71.04645 42.34796, -71.04618 42.34818, -71.04608 42.34826, -71.04596 42.3482, -71.0457 42.34808, -71.04555 42.348, -71.04548 42.34797, -71.04545 42.34795, -71.04412 42.34725, -71.04406 42.34722, -71.04389 42.34712, -71.04377 42.34707, -71.04299 42.34665, -71.04225 42.34626, -71.0422 42.34623, -71.04215 42.3462, -71.04208 42.34617, -71.04062 42.34522, -71.04042 42.34509, -71.04001 42.34483, -71.03949 42.34449, -71.03974 42.34448, -71.04108 42.34447, -71.04121 42.34448, -71.04134 42.34451, -71.04141 42.34453, -71.04291 42.34323, -71.04341 42.34279, -71.04384 42.34245, -71.0449 42.34153, -71.04628 42.34037, -71.04707 42.3397, -71.0486 42.34068, -71.0492 42.34107, -71.04942 42.34121, -71.05016 42.34169, -71.04978 42.34202, -71.04945 42.34231, -71.04939 42.34236, -71.04999 42.3428, -71.05072 42.3433, -71.05099 42.34349, -71.05112 42.3436, -71.05117 42.34364, -71.05134 42.3438)))"
250250606031,"MULTIPOLYGON (((-71.04757 42.34906, -71.04721 42.34956, -71.0461 42.351, -71.04589 42.35128, -71.04557 42.35171, -71.04523 42.35155, -71.04496 42.35142, -71.04475 42.35133, -71.04445 42.35119, -71.0444 42.35117, -71.04436 42.35115, -71.04413 42.35105, -71.04411 42.35105, -71.04391 42.35102, -71.04343 42.35077, -71.0432 42.35065, -71.04281 42.35047, -71.04253 42.35034, -71.04201 42.35011, -71.04162 42.34995, -71.04104 42.34971, -71.04076 42.3496, -71.04013 42.34934, -71.03999 42.34928, -71.03963 42.34909, -71.03898 42.34884, -71.03821 42.34853, -71.0375 42.34826, -71.03738 42.34821, -71.03726 42.34817, -71.03643 42.34785, -71.03627 42.3478, -71.03615 42.3478, -71.03602 42.34775, -71.03599 42.3477, -71.03566 42.3473, -71.03578 42.34725, -71.03571 42.34719, -71.03565 42.34712, -71.03513 42.3466, -71.03582 42.34586, -71.03646 42.34519, -71.03681 42.34481, -71.03686 42.34475, -71.03693 42.34463, -71.03707 42.34453, -71.03727 42.3443, -71.03727 42.34412, -71.03726 42.34388, -71.03729 42.34373, -71.03731 42.34344, -71.03731 42.34322, -71.03745 42.34321, -71.03773 42.34341, -71.03805 42.34363, -71.03838 42.34378, -71.03898 42.34416, -71.03934 42.34439, -71.03949 42.34449, -71.04001 42.34483, -71.04042 42.34509, -71.04062 42.34522, -71.04208 42.34617, -71.04215 42.3462, -71.0422 42.34623, -71.04225 42.34626, -71.04299 42.34665, -71.04377 42.34707, -71.04389 42.34712, -71.04406 42.34722, -71.04412 42.34725, -71.04545 42.34795, -71.04548 42.34797, -71.04555 42.348, -71.0457 42.34808, -71.04596 42.3482, -71.04608 42.34826, -71.04612 42.34827, -71.0462 42.34831, -71.04639 42.34839, -71.04658 42.34848, -71.04672 42.34855, -71.04764 42.34896, -71.04757 42.34906)))"
250250606041,"MULTIPOLYGON (((-71.04996 42.35396, -71.04968 42.35431, -71.04959 42.3545, -71.0494 42.3545, -71.04933 42.35459, -71.04907 42.35494, -71.04557 42.35973, -71.04556 42.35825, -71.04583 42.35723, -71.04291 42.35625, -71.03777 42.35477, -71.03242 42.35309, -71.03036 42.35215, -71.02979 42.35179, -71.02988 42.35169, -71.03 42.35151, -71.03022 42.35123, -71.03048 42.3509, -71.03062 42.35074, -71.03082 42.35054, -71.031 42.35034, -71.03129 42.35004, -71.03137 42.34997, -71.03212 42.3503, -71.03222 42.35028, -71.03258 42.3498, -71.03279 42.34956, -71.03315 42.34905, -71.03347 42.34862, -71.03408 42.34827, -71.03479 42.34858, -71.03321 42.35072, -71.0334 42.35086, -71.03492 42.34866, -71.03505 42.34854, -71.03536 42.34818, -71.0354 42.34822, -71.03578 42.34776, -71.03599 42.3477, -71.03602 42.34775, -71.03615 42.3478, -71.03627 42.3478, -71.03643 42.34785, -71.03726 42.34817, -71.03738 42.34821, -71.0375 42.34826, -71.03821 42.34853, -71.03898 42.34884, -71.03963 42.34909, -71.03999 42.34928, -71.04013 42.34934, -71.04076 42.3496, -71.04104 42.34971, -71.04162 42.34995, -71.04201 42.35011, -71.04253 42.35034, -71.04281 42.35047, -71.0432 42.35065, -71.04343 42.35077, -71.04391 42.35102, -71.04411 42.35105, -71.04413 42.35105, -71.04436 42.35115, -71.0444 42.35117, -71.04445 42.35119, -71.04475 42.35133, -71.04496 42.35142, -71.04523 42.35155, -71.04557 42.35171, -71.04604 42.35192, -71.04618 42.35198, -71.04671 42.35223, -71.04755 42.35262, -71.04785 42.35275, -71.04844 42.35305, -71.04912 42.35339, -71.05004 42.35386, -71.04996 42.35396)))"
250250606042,"MULTIPOLYGON (((-71.05209 42.35122, -71.05146 42.35193, -71.05146 42.35203, -71.05136 42.35213, -71.05004 42.35386, -71.04912 42.35339, -71.04844 42.35305, -71.04785 42.35275, -71.04755 42.35262, -71.04671 42.35223, -71.04618 42.35198, -71.04604 42.35192, -71.04557 42.35171, -71.04589 42.35128, -71.0461 42.351, -71.04721 42.34956, -71.04757 42.34906, -71.04764 42.34896, -71.04785 42.34912, -71.04791 42.34915, -71.04901 42.34965, -71.051 42.35057, -71.0511 42.35062, -71.05116 42.35065, -71.05219 42.35112, -71.05209 42.35122)))"
250250607001,"MULTIPOLYGON (((-71.05597 42.33909, -71.05551 42.33949, -71.05518 42.33976, -71.05477 42.34009, -71.05438 42.34043, -71.05393 42.34079, -71.05374 42.34067, -71.05354 42.34054, -71.05323 42.34034, -71.05259 42.33993, -71.05238 42.3398, -71.05217 42.33966, -71.05165 42.33934, -71.05131 42.33912, -71.05101 42.3389, -71.05084 42.33879, -71.05101 42.33866, -71.05128 42.33843, -71.05167 42.33808, -71.05204 42.33779, -71.0524 42.33749, -71.05319 42.338, -71.05393 42.33738, -71.05415 42.33752, -71.05457 42.33778, -71.05482 42.33796, -71.05538 42.33832, -71.0555 42.33841, -71.05624 42.33887, -71.05597 42.33909)))"
250250607002,"MULTIPOLYGON (((-71.05703 42.33831, -71.05698 42.33831, -71.05693 42.33831, -71.05688 42.33833, -71.05682 42.33836, -71.05677 42.33838, -71.05624 42.33887, -71.0555 42.33841, -71.05538 42.33832, -71.05482 42.33796, -71.05457 42.33778, -71.05415 42.33752, -71.05393 42.33738, -71.05319 42.338, -71.0524 42.33749, -71.05279 42.33718, -71.05314 42.33687, -71.0535 42.33655, -71.05389 42.33624, -71.05441 42.33657, -71.05464 42.33673, -71.05537 42.33722, -71.05584 42.33751, -71.05609 42.33768, -71.05648 42.33793, -71.05682 42.33814, -71.05694 42.33823, -71.05702 42.33827, -71.05711 42.33833, -71.05703 42.33831)))"
250250608001,"MULTIPOLYGON (((-71.05041 42.33455, -71.05004 42.33488, -71.04969 42.33518, -71.04932 42.3355, -71.04896 42.3358, -71.04859 42.33611, -71.04818 42.33646, -71.04776 42.33681, -71.04694 42.33628, -71.04629 42.33586, -71.04569 42.33545, -71.04596 42.33536, -71.04628 42.33522, -71.04676 42.33496, -71.04724 42.33472, -71.04751 42.3346, -71.04775 42.33448, -71.0479 42.33439, -71.04828 42.3342, -71.04831 42.33419, -71.04873 42.33399, -71.04905 42.33384, -71.04921 42.33377, -71.04923 42.33376, -71.04969 42.33355, -71.04976 42.3336, -71.05077 42.33424, -71.05041 42.33455)))"
250250608002,"MULTIPOLYGON (((-71.05309 42.33458, -71.05277 42.33485, -71.05231 42.33524, -71.05194 42.33555, -71.05154 42.33587, -71.05121 42.33617, -71.05102 42.33634, -71.05084 42.33649, -71.04932 42.3355, -71.04969 42.33518, -71.05004 42.33488, -71.05041 42.33455, -71.05077 42.33424, -71.04976 42.3336, -71.04969 42.33355, -71.05025 42.33328, -71.05052 42.33315, -71.05062 42.33309, -71.05078 42.33298, -71.05106 42.33279, -71.05112 42.33285, -71.05179 42.33341, -71.0521 42.33365, -71.05227 42.3338, -71.05239 42.3339, -71.05286 42.33425, -71.05319 42.33451, -71.05309 42.33458)))"
250250608003,"MULTIPOLYGON (((-71.0524 42.33749, -71.05204 42.33779, -71.05167 42.33808, -71.05128 42.33843, -71.05101 42.33866, -71.05084 42.33879, -71.05061 42.33865, -71.05013 42.33835, -71.05003 42.33828, -71.04975 42.3381, -71.0493 42.3378, -71.04776 42.33681, -71.04818 42.33646, -71.04859 42.33611, -71.04896 42.3358, -71.04932 42.3355, -71.05084 42.33649, -71.05102 42.3366, -71.05121 42.33673, -71.0517 42.33706, -71.05213 42.33732, -71.0524 42.33749)))"
250250608004,"MULTIPOLYGON (((-71.05711 42.33833, -71.05702 42.33827, -71.05694 42.33823, -71.05682 42.33814, -71.05648 42.33793, -71.05609 42.33768, -71.05584 42.33751, -71.05537 42.33722, -71.05464 42.33673, -71.05441 42.33657, -71.05389 42.33624, -71.0535 42.33655, -71.05314 42.33687, -71.05279 42.33718, -71.0524 42.33749, -71.05213 42.33732, -71.0517 42.33706, -71.05121 42.33673, -71.05102 42.3366, -71.05084 42.33649, -71.05102 42.33634, -71.05121 42.33617, -71.05154 42.33587, -71.05194 42.33555, -71.05231 42.33524, -71.05277 42.33485, -71.05309 42.33458, -71.05319 42.33451, -71.05286 42.33425, -71.05239 42.3339, -71.05227 42.3338, -71.0521 42.33365, -71.05179 42.33341, -71.05112 42.33285, -71.05106 42.33279, -71.05166 42.33242, -71.0523 42.33205, -71.05305 42.33159, -71.05315 42.33152, -71.05319 42.33157, -71.05341 42.33193, -71.05366 42.33232, -71.05372 42.33242, -71.05388 42.33266, -71.05396 42.3328, -71.05409 42.33302, -71.05418 42.33316, -71.05448 42.33366, -71.0546 42.33386, -71.05484 42.33426, -71.05531 42.33505, -71.05577 42.33579, -71.05596 42.3361, -71.0562 42.33651, -71.05649 42.33698, -71.05663 42.33722, -71.05673 42.33738, -71.05696 42.33771, -71.05712 42.3379, -71.05711 42.33833)))"
250250610001,"MULTIPOLYGON (((-71.05106 42.33279, -71.05078 42.33298, -71.05062 42.33309, -71.05052 42.33315, -71.05025 42.33328, -71.04969 42.33355, -71.04923 42.33376, -71.04921 42.33377, -71.04905 42.33384, -71.04873 42.33399, -71.04831 42.33419, -71.04828 42.3342, -71.0479 42.33439, -71.04775 42.33448, -71.04751 42.3346, -71.04748 42.33424, -71.04745 42.33365, -71.04746 42.33297, -71.04745 42.33231, -71.0474 42.33174, -71.04742 42.33125, -71.04819 42.33123, -71.04853 42.33122, -71.04856 42.33124, -71.04902 42.33153, -71.04951 42.33183, -71.04981 42.33203, -71.05029 42.33229, -71.05102 42.33277, -71.05106 42.33279)))"
250250610002,"MULTIPOLYGON (((-71.0523 42.33205, -71.05166 42.33242, -71.05106 42.33279, -71.05102 42.33277, -71.05029 42.33229, -71.04981 42.33203, -71.04951 42.33183, -71.04902 42.33153, -71.04856 42.33124, -71.04853 42.33122, -71.04819 42.33123, -71.04742 42.33125, -71.04738 42.33042, -71.04796 42.3304, -71.04817 42.33039, -71.04891 42.33036, -71.04935 42.33035, -71.04951 42.33034, -71.04987 42.33032, -71.05013 42.3303, -71.05042 42.33021, -71.05005 42.33061, -71.05061 42.33096, -71.05106 42.33124, -71.05128 42.3314, -71.0516 42.33159, -71.05189 42.33179, -71.0523 42.33205)))"
250250610003,"MULTIPOLYGON (((-71.05315 42.33152, -71.05305 42.33159, -71.0523 42.33205, -71.05189 42.33179, -71.0516 42.33159, -71.05128 42.3314, -71.05106 42.33124, -71.05061 42.33096, -71.05005 42.33061, -71.05042 42.33021, -71.05075 42.33011, -71.05115 42.32994, -71.05124 42.3299, -71.05142 42.3298, -71.05152 42.32971, -71.05162 42.32965, -71.05172 42.32959, -71.05182 42.32957, -71.05212 42.32962, -71.05187 42.3295, -71.05183 42.32943, -71.05181 42.32937, -71.05182 42.32931, -71.05185 42.32925, -71.05193 42.32915, -71.05202 42.32909, -71.05212 42.32906, -71.05223 42.32906, -71.05235 42.32908, -71.05247 42.32912, -71.0525 42.32914, -71.05258 42.32921, -71.05266 42.32936, -71.0527 42.33004, -71.05272 42.33021, -71.05277 42.33049, -71.0528 42.33063, -71.05284 42.33078, -71.05296 42.33113, -71.05305 42.33132, -71.05307 42.33136, -71.05315 42.33152)))"
250250611011,"MULTIPOLYGON (((-71.05693 42.32855, -71.05628 42.32857, -71.05569 42.32857, -71.05526 42.32858, -71.0547 42.32858, -71.05427 42.32859, -71.05373 42.32859, -71.05345 42.32859, -71.05262 42.3286, -71.05262 42.32843, -71.05259 42.32751, -71.05257 42.32711, -71.05272 42.32708, -71.05278 42.32705, -71.05281 42.32702, -71.05345 42.32734, -71.0539 42.32756, -71.0545 42.32786, -71.05483 42.32804, -71.05506 42.32789, -71.05522 42.32776, -71.05532 42.32764, -71.05542 42.3275, -71.05547 42.32739, -71.0555 42.32724, -71.05551 42.3271, -71.05549 42.32686, -71.05598 42.32685, -71.05637 42.32685, -71.05687 42.32687, -71.0569 42.32737, -71.05692 42.32803, -71.05693 42.32855)))"
250250611012,"MULTIPOLYGON (((-71.05687 42.32687, -71.05637 42.32685, -71.05598 42.32685, -71.05549 42.32686, -71.05551 42.3271, -71.0555 42.32724, -71.05547 42.32739, -71.05542 42.3275, -71.05532 42.32764, -71.05522 42.32776, -71.05506 42.32789, -71.05483 42.32804, -71.0545 42.32786, -71.0539 42.32756, -71.05345 42.32734, -71.05281 42.32702, -71.05278 42.32705, -71.05272 42.32708, -71.05257 42.32711, -71.05253 42.32681, -71.05249 42.32607, -71.05247 42.32531, -71.05244 42.32433, -71.05242 42.32344, -71.0524 42.32306, -71.05239 42.32298, -71.05231 42.32262, -71.05212 42.32158, -71.05209 42.32147, -71.05229 42.32147, -71.05246 42.32147, -71.05258 42.32193, -71.0527 42.32235, -71.0529 42.32287, -71.05316 42.32327, -71.05329 42.32344, -71.05379 42.32399, -71.05429 42.32442, -71.05513 42.32501, -71.05593 42.32556, -71.05685 42.32629, -71.05687 42.32687)))"
250250612011,"MULTIPOLYGON (((-71.06355 42.33079, -71.06291 42.33181, -71.0628 42.33197, -71.0627 42.33213, -71.0626 42.33227, -71.06257 42.33232, -71.06254 42.33237, -71.0625 42.33244, -71.06216 42.33296, -71.06144 42.33411, -71.06101 42.33478, -71.06058 42.33545, -71.06045 42.33569, -71.06044 42.33571, -71.06028 42.33615, -71.06018 42.33635, -71.06004 42.33656, -71.06004 42.33651, -71.0597 42.3368, -71.0597 42.33686, -71.05965 42.3369, -71.05958 42.33695, -71.05952 42.33699, -71.05928 42.33717, -71.05896 42.33742, -71.05876 42.3376, -71.05841 42.33789, -71.05813 42.33811, -71.05804 42.33818, -71.05782 42.33835, -71.05745 42.33863, -71.05723 42.3388, -71.05711 42.3389, -71.05711 42.33881, -71.05711 42.33833, -71.05712 42.3379, -71.05696 42.33771, -71.05673 42.33738, -71.05663 42.33722, -71.05649 42.33698, -71.0562 42.33651, -71.05596 42.3361, -71.05577 42.33579, -71.05531 42.33505, -71.05484 42.33426, -71.0546 42.33386, -71.05448 42.33366, -71.05418 42.33316, -71.05409 42.33302, -71.05396 42.3328, -71.05388 42.33266, -71.05372 42.33242, -71.05366 42.33232, -71.05341 42.33193, -71.05319 42.33157, -71.05315 42.33152, -71.05307 42.33136, -71.05305 42.33132, -71.05296 42.33113, -71.05284 42.33078, -71.0528 42.33063, -71.05277 42.33049, -71.05272 42.33021, -71.0527 42.33004, -71.05266 42.32936, -71.05265 42.32915, -71.05262 42.3286, -71.05345 42.32859, -71.05373 42.32859, -71.05427 42.32859, -71.0547 42.32858, -71.05526 42.32858, -71.05569 42.32857, -71.05628 42.32857, -71.05693 42.32855, -71.05692 42.32803, -71.0572 42.32803, -71.05733 42.32804, -71.05747 42.32805, -71.05762 42.32807, -71.05785 42.32814, -71.05775 42.32838, -71.05813 42.3285, -71.05822 42.32855, -71.05825 42.32858, -71.05827 42.32863, -71.05825 42.32917, -71.05824 42.32973, -71.05929 42.32997, -71.06022 42.33013, -71.06078 42.33025, -71.0608 42.33025, -71.06106 42.33031, -71.06138 42.33037, -71.06166 42.33042, -71.06297 42.33068, -71.06314 42.33071, -71.06328 42.33073, -71.06351 42.33078, -71.06355 42.33079)))"
250250612021,"MULTIPOLYGON (((-71.06553 42.33603, -71.06551 42.33632, -71.06541 42.33671, -71.06529 42.33707, -71.06514 42.33744, -71.06472 42.33826, -71.06376 42.34003, -71.06367 42.34021, -71.06363 42.34027, -71.06297 42.34149, -71.06234 42.34267, -71.06221 42.34291, -71.06215 42.34304, -71.06172 42.34396, -71.06152 42.34393, -71.06142 42.3439, -71.06129 42.34387, -71.06126 42.34386, -71.06115 42.34383, -71.0611 42.34382, -71.06099 42.3438, -71.06091 42.34378, -71.06061 42.34372, -71.06051 42.3437, -71.06015 42.34366, -71.05988 42.34363, -71.05974 42.34361, -71.05949 42.34358, -71.05954 42.34348, -71.05969 42.34321, -71.05978 42.34298, -71.05988 42.34265, -71.05995 42.34232, -71.05998 42.34207, -71.06002 42.3406, -71.06 42.34005, -71.05981 42.33813, -71.0597 42.33686, -71.0597 42.3368, -71.06004 42.33651, -71.06004 42.33656, -71.06018 42.33635, -71.06028 42.33615, -71.06044 42.33571, -71.06045 42.33569, -71.06058 42.33545, -71.06101 42.33478, -71.06144 42.33411, -71.06216 42.33296, -71.0625 42.33244, -71.06254 42.33237, -71.06257 42.33232, -71.0626 42.33227, -71.0627 42.33213, -71.0628 42.33197, -71.06319 42.33245, -71.06353 42.33284, -71.06389 42.33324, -71.0642 42.33357, -71.06437 42.33375, -71.06444 42.33382, -71.06461 42.33401, -71.06484 42.33429, -71.06507 42.33462, -71.06515 42.33475, -71.06521 42.3349, -71.06528 42.33501, -71.06534 42.33518, -71.0654 42.33535, -71.06541 42.33544, -71.06548 42.33563, -71.06552 42.33584, -71.06553 42.33603)))"
250250612031,"MULTIPOLYGON (((-71.06052 42.34389, -71.06039 42.34408, -71.06018 42.34433, -71.05982 42.34472, -71.05964 42.34486, -71.05956 42.34493, -71.05937 42.3451, -71.05927 42.3451, -71.05911 42.3452, -71.059 42.34527, -71.05893 42.34532, -71.05882 42.34544, -71.05876 42.34555, -71.05866 42.34556, -71.05843 42.3456, -71.05837 42.34562, -71.05814 42.34565, -71.05765 42.34578, -71.05683 42.34601, -71.05647 42.34611, -71.05705 42.34562, -71.05724 42.34487, -71.05725 42.34454, -71.05725 42.34418, -71.05724 42.34398, -71.05723 42.34354, -71.0569 42.34347, -71.05624 42.34332, -71.05522 42.34307, -71.05492 42.34299, -71.05429 42.34286, -71.05315 42.3426, -71.05301 42.34255, -71.0529 42.3425, -71.05287 42.34248, -71.0528 42.34243, -71.05236 42.34212, -71.05192 42.34253, -71.05178 42.34264, -71.05172 42.34268, -71.05169 42.34268, -71.05164 42.34266, -71.05139 42.34249, -71.05088 42.34215, -71.05016 42.34169, -71.05082 42.34112, -71.05099 42.34097, -71.05114 42.34086, -71.05145 42.34059, -71.0519 42.34019, -71.05238 42.3398, -71.05259 42.33993, -71.05323 42.34034, -71.05354 42.34054, -71.05374 42.34067, -71.05393 42.34079, -71.05438 42.34043, -71.05477 42.34009, -71.05518 42.33976, -71.05551 42.33949, -71.05597 42.33909, -71.05624 42.33887, -71.05677 42.33838, -71.05682 42.33836, -71.05688 42.33833, -71.05693 42.33831, -71.05698 42.33831, -71.05703 42.33831, -71.05711 42.33833, -71.05711 42.33881, -71.05711 42.3389, -71.05723 42.3388, -71.05745 42.33863, -71.05782 42.33835, -71.05804 42.33818, -71.05813 42.33811, -71.05841 42.33789, -71.05876 42.3376, -71.05896 42.33742, -71.05928 42.33717, -71.05952 42.33699, -71.05958 42.33695, -71.05965 42.3369, -71.0597 42.33686, -71.05981 42.33813, -71.06 42.34005, -71.06002 42.3406, -71.05998 42.34207, -71.05995 42.34232, -71.05988 42.34265, -71.05978 42.34298, -71.05969 42.34321, -71.05954 42.34348, -71.05949 42.34358, -71.05974 42.34361, -71.05988 42.34363, -71.06015 42.34366, -71.06051 42.3437, -71.06061 42.34372, -71.06052 42.34389)))"
250250612041,"MULTIPOLYGON (((-71.05725 42.34454, -71.05724 42.34487, -71.05705 42.34562, -71.05647 42.34611, -71.05617 42.34626, -71.05447 42.34678, -71.05479 42.34687, -71.05472 42.34704, -71.05472 42.34708, -71.05477 42.34725, -71.05463 42.34742, -71.05219 42.35092, -71.05219 42.35112, -71.05116 42.35065, -71.0511 42.35062, -71.051 42.35057, -71.04901 42.34965, -71.04791 42.34915, -71.04785 42.34912, -71.04764 42.34896, -71.04672 42.34855, -71.04658 42.34848, -71.04639 42.34839, -71.0462 42.34831, -71.04612 42.34827, -71.04608 42.34826, -71.04618 42.34818, -71.04645 42.34796, -71.04652 42.34786, -71.04652 42.34784, -71.04664 42.34774, -71.04687 42.34755, -71.04709 42.34737, -71.04769 42.34686, -71.04791 42.34667, -71.04836 42.34628, -71.049 42.34574, -71.05015 42.34478, -71.05078 42.34425, -71.05097 42.34409, -71.05134 42.3438, -71.05117 42.34364, -71.05112 42.3436, -71.05099 42.34349, -71.05072 42.3433, -71.04999 42.3428, -71.04939 42.34236, -71.04945 42.34231, -71.04978 42.34202, -71.05016 42.34169, -71.05088 42.34215, -71.05139 42.34249, -71.05164 42.34266, -71.05169 42.34268, -71.05172 42.34268, -71.05178 42.34264, -71.05192 42.34253, -71.05236 42.34212, -71.0528 42.34243, -71.05287 42.34248, -71.0529 42.3425, -71.05301 42.34255, -71.05315 42.3426, -71.05429 42.34286, -71.05492 42.34299, -71.05522 42.34307, -71.05624 42.34332, -71.0569 42.34347, -71.05723 42.34354, -71.05724 42.34398, -71.05725 42.34418, -71.05725 42.34454)))"
250250701021,"MULTIPOLYGON (((-71.06321 42.35533, -71.06304 42.35551, -71.06288 42.35567, -71.06251 42.35602, -71.06226 42.35627, -71.06196 42.35653, -71.06246 42.35695, -71.06279 42.3573, -71.06294 42.35746, -71.06299 42.35751, -71.06317 42.35775, -71.06264 42.35798, -71.06238 42.35809, -71.06198 42.35825, -71.06171 42.35832, -71.06151 42.35834, -71.06126 42.35828, -71.06035 42.35809, -71.05961 42.35786, -71.0593 42.35777, -71.05876 42.35758, -71.05829 42.35741, -71.05849 42.35722, -71.05856 42.35716, -71.05874 42.35699, -71.05892 42.35684, -71.05916 42.35663, -71.05942 42.3564, -71.0595 42.35632, -71.05963 42.35623, -71.06048 42.3555, -71.06121 42.35482, -71.0617 42.35436, -71.06225 42.35467, -71.06235 42.35472, -71.06261 42.35486, -71.06331 42.35521, -71.06321 42.35533)))"
250250701022,"MULTIPOLYGON (((-71.06413 42.35364, -71.06399 42.35397, -71.06359 42.35476, -71.06352 42.35488, -71.06342 42.35506, -71.06331 42.35521, -71.06261 42.35486, -71.06235 42.35472, -71.06225 42.35467, -71.0617 42.35436, -71.06189 42.35417, -71.06215 42.35391, -71.06223 42.35382, -71.06239 42.35359, -71.06246 42.35345, -71.06252 42.35328, -71.06314 42.35328, -71.06333 42.35328, -71.06337 42.35328, -71.0636 42.35329, -71.06379 42.35332, -71.06423 42.35339, -71.06413 42.35364)))"
250250701023,"MULTIPOLYGON (((-71.06447 42.3527, -71.06445 42.35276, -71.06437 42.35306, -71.06423 42.35339, -71.06379 42.35332, -71.0636 42.35329, -71.06337 42.35328, -71.06333 42.35328, -71.06314 42.35328, -71.06252 42.35328, -71.06254 42.3531, -71.06256 42.3528, -71.06256 42.35278, -71.06257 42.3524, -71.06304 42.35234, -71.06327 42.35232, -71.06351 42.35232, -71.06355 42.35231, -71.06385 42.35232, -71.06397 42.35233, -71.06406 42.35234, -71.06456 42.35238, -71.06447 42.3527)))"
250250701031,"MULTIPOLYGON (((-71.06304 42.34685, -71.06301 42.34693, -71.06296 42.34706, -71.06277 42.34701, -71.06264 42.34699, -71.06245 42.34698, -71.06238 42.34699, -71.06227 42.34701, -71.06209 42.34705, -71.06192 42.34712, -71.06175 42.34722, -71.06137 42.34764, -71.06126 42.34781, -71.06119 42.34793, -71.06109 42.34811, -71.06104 42.34824, -71.06064 42.34925, -71.06023 42.35026, -71.05988 42.35123, -71.05955 42.35116, -71.05951 42.35115, -71.05954 42.35104, -71.05981 42.35014, -71.05973 42.35011, -71.05968 42.3501, -71.05962 42.35008, -71.05951 42.35006, -71.05895 42.34994, -71.05908 42.34963, -71.05921 42.34929, -71.05929 42.34915, -71.0594 42.34889, -71.0594 42.34877, -71.05944 42.34869, -71.05939 42.34868, -71.0592 42.34874, -71.0591 42.34877, -71.059 42.34878, -71.05879 42.3488, -71.05848 42.34875, -71.05828 42.34869, -71.0582 42.34865, -71.05815 42.34863, -71.05799 42.3485, -71.05787 42.3484, -71.05782 42.34835, -71.05779 42.34831, -71.05772 42.34818, -71.05766 42.34808, -71.05761 42.34796, -71.05748 42.34766, -71.05757 42.34737, -71.0576 42.34727, -71.05766 42.34716, -71.05772 42.34707, -71.05781 42.34695, -71.05788 42.34687, -71.05795 42.3468, -71.05801 42.34675, -71.05809 42.3467, -71.05819 42.34664, -71.05832 42.34659, -71.05857 42.34648, -71.05879 42.34616, -71.05911 42.34615, -71.05934 42.34615, -71.05977 42.34617, -71.05981 42.34617, -71.06002 42.34618, -71.06012 42.34619, -71.06021 42.3462, -71.06048 42.34623, -71.06059 42.34624, -71.0607 42.34625, -71.06084 42.34628, -71.0611 42.34631, -71.06112 42.34631, -71.06256 42.34662, -71.06259 42.34663, -71.06285 42.34669, -71.06308 42.34675, -71.06304 42.34685)))"
250250701041,"MULTIPOLYGON (((-71.06172 42.34396, -71.06129 42.34481, -71.06093 42.34565, -71.06091 42.34571, -71.06076 42.34608, -71.0607 42.34625, -71.06059 42.34624, -71.06048 42.34623, -71.06021 42.3462, -71.06012 42.34619, -71.06002 42.34618, -71.05981 42.34617, -71.05977 42.34617, -71.05934 42.34615, -71.05911 42.34615, -71.05879 42.34616, -71.05857 42.34648, -71.05832 42.34659, -71.05819 42.34664, -71.05809 42.3467, -71.05801 42.34675, -71.05795 42.3468, -71.05788 42.34687, -71.05781 42.34695, -71.05772 42.34707, -71.05766 42.34716, -71.0576 42.34727, -71.05757 42.34737, -71.05748 42.34766, -71.05761 42.34796, -71.05766 42.34808, -71.05772 42.34818, -71.05779 42.34831, -71.05782 42.34835, -71.05787 42.3484, -71.05799 42.3485, -71.05815 42.34863, -71.0582 42.34865, -71.05828 42.34869, -71.05848 42.34875, -71.05879 42.3488, -71.059 42.34878, -71.0591 42.34877, -71.0592 42.34874, -71.05939 42.34868, -71.05944 42.34869, -71.0594 42.34877, -71.0594 42.34889, -71.05929 42.34915, -71.05921 42.34929, -71.05908 42.34963, -71.05895 42.34994, -71.05951 42.35006, -71.05962 42.35008, -71.05968 42.3501, -71.05973 42.35011, -71.05981 42.35014, -71.05954 42.35104, -71.05951 42.35115, -71.05938 42.35112, -71.05933 42.35111, -71.05926 42.35128, -71.05914 42.35148, -71.05897 42.3517, -71.05879 42.35188, -71.0586 42.35203, -71.05841 42.35215, -71.05817 42.35229, -71.05801 42.35235, -71.05785 42.35242, -71.05759 42.3525, -71.05719 42.35261, -71.05703 42.35265, -71.05647 42.3528, -71.05634 42.35285, -71.05625 42.3529, -71.05565 42.35309, -71.05531 42.35321, -71.055 42.35335, -71.05468 42.35352, -71.05409 42.35384, -71.05391 42.35394, -71.05385 42.35388, -71.05376 42.3538, -71.05364 42.35368, -71.05361 42.35366, -71.05338 42.35377, -71.05285 42.35403, -71.05153 42.35467, -71.05141 42.35476, -71.05117 42.35499, -71.05106 42.35513, -71.05089 42.35506, -71.05047 42.3549, -71.05043 42.35485, -71.04959 42.3545, -71.04968 42.35431, -71.04996 42.35396, -71.05004 42.35386, -71.05136 42.35213, -71.05146 42.35203, -71.05146 42.35193, -71.05209 42.35122, -71.05219 42.35112, -71.05219 42.35092, -71.05463 42.34742, -71.05477 42.34725, -71.05472 42.34708, -71.05472 42.34704, -71.05479 42.34687, -71.05447 42.34678, -71.05617 42.34626, -71.05647 42.34611, -71.05683 42.34601, -71.05765 42.34578, -71.05814 42.34565, -71.05837 42.34562, -71.05843 42.3456, -71.05866 42.34556, -71.05876 42.34555, -71.05882 42.34544, -71.05893 42.34532, -71.059 42.34527, -71.05911 42.3452, -71.05927 42.3451, -71.05937 42.3451, -71.05956 42.34493, -71.05964 42.34486, -71.05982 42.34472, -71.06018 42.34433, -71.06039 42.34408, -71.06052 42.34389, -71.06061 42.34372, -71.06091 42.34378, -71.06099 42.3438, -71.0611 42.34382, -71.06115 42.34383, -71.06126 42.34386, -71.06129 42.34387, -71.06142 42.3439, -71.06152 42.34393, -71.06172 42.34396)))"
250250701042,"MULTIPOLYGON (((-71.06097 42.35277, -71.06091 42.35289, -71.06078 42.35304, -71.06061 42.35319, -71.06053 42.35327, -71.06025 42.35356, -71.05994 42.35385, -71.05966 42.35413, -71.05942 42.35435, -71.059 42.3545, -71.05857 42.35489, -71.0584 42.35507, -71.05814 42.35534, -71.05802 42.35549, -71.0579 42.3557, -71.05787 42.35579, -71.05785 42.35585, -71.05781 42.35602, -71.05777 42.35629, -71.05771 42.35678, -71.05719 42.35682, -71.05659 42.35685, -71.05629 42.35687, -71.05576 42.35691, -71.05554 42.35697, -71.05519 42.35714, -71.05502 42.35724, -71.05485 42.35735, -71.05452 42.35755, -71.05437 42.35766, -71.05427 42.35774, -71.05396 42.35801, -71.05376 42.35818, -71.05352 42.35836, -71.05332 42.35845, -71.05325 42.35848, -71.05319 42.3585, -71.05275 42.35858, -71.05229 42.35865, -71.0522 42.35866, -71.05216 42.35867, -71.05199 42.35869, -71.05178 42.35873, -71.05165 42.35875, -71.05158 42.35876, -71.05145 42.35827, -71.05134 42.35788, -71.05127 42.35775, -71.05121 42.35768, -71.05112 42.35758, -71.05099 42.35747, -71.05093 42.35739, -71.0509 42.35733, -71.05081 42.35715, -71.05078 42.35703, -71.05077 42.35667, -71.05079 42.35638, -71.05085 42.35597, -71.05088 42.35577, -71.05092 42.35557, -71.05106 42.35513, -71.05117 42.35499, -71.05141 42.35476, -71.05153 42.35467, -71.05285 42.35403, -71.05338 42.35377, -71.05361 42.35366, -71.05364 42.35368, -71.05376 42.3538, -71.05385 42.35388, -71.05391 42.35394, -71.05409 42.35384, -71.05468 42.35352, -71.055 42.35335, -71.05531 42.35321, -71.05565 42.35309, -71.05625 42.3529, -71.05634 42.35285, -71.05647 42.3528, -71.05703 42.35265, -71.05719 42.35261, -71.05759 42.3525, -71.05785 42.35242, -71.05801 42.35235, -71.05809 42.35236, -71.0582 42.35237, -71.05826 42.35238, -71.0584 42.3524, -71.05864 42.35245, -71.05935 42.35251, -71.05983 42.35255, -71.06012 42.35256, -71.06057 42.35255, -71.06067 42.35255, -71.06105 42.35252, -71.06097 42.35277)))"
250250701043,"MULTIPOLYGON (((-71.06256 42.35278, -71.06256 42.3528, -71.06254 42.3531, -71.06252 42.35328, -71.06246 42.35345, -71.06239 42.35359, -71.06223 42.35382, -71.06215 42.35391, -71.06189 42.35417, -71.0617 42.35436, -71.06121 42.35482, -71.06048 42.3555, -71.05963 42.35623, -71.0595 42.35632, -71.05942 42.3564, -71.05916 42.35663, -71.05892 42.35684, -71.05874 42.35699, -71.05823 42.35683, -71.05814 42.35681, -71.05799 42.35679, -71.05771 42.35678, -71.05777 42.35629, -71.05781 42.35602, -71.05785 42.35585, -71.05787 42.35579, -71.0579 42.3557, -71.05802 42.35549, -71.05814 42.35534, -71.0584 42.35507, -71.05857 42.35489, -71.059 42.3545, -71.05942 42.35435, -71.05966 42.35413, -71.05994 42.35385, -71.06025 42.35356, -71.06053 42.35327, -71.06061 42.35319, -71.06078 42.35304, -71.06091 42.35289, -71.06097 42.35277, -71.06105 42.35252, -71.06133 42.35249, -71.06191 42.35245, -71.06241 42.35241, -71.06257 42.3524, -71.06256 42.35278)))"
250250702011,"MULTIPOLYGON (((-71.06803 42.34798, -71.06754 42.34829, -71.06733 42.34838, -71.06661 42.34876, -71.06619 42.3487, -71.06556 42.34861, -71.06415 42.3484, -71.0643 42.34782, -71.06439 42.34744, -71.06441 42.34734, -71.06443 42.34719, -71.06456 42.34721, -71.06575 42.34751, -71.06584 42.34753, -71.06616 42.34759, -71.06678 42.34768, -71.06739 42.34776, -71.06799 42.34783, -71.06819 42.34787, -71.06803 42.34798)))"
250250702012,"MULTIPOLYGON (((-71.06753 42.35251, -71.06691 42.35248, -71.06622 42.35246, -71.06592 42.35245, -71.06456 42.35238, -71.06472 42.35171, -71.06422 42.35166, -71.06328 42.35155, -71.06276 42.35151, -71.06288 42.35112, -71.06297 42.35092, -71.06303 42.35079, -71.06315 42.35062, -71.06321 42.35052, -71.06334 42.35034, -71.06336 42.35032, -71.06343 42.35021, -71.06357 42.35001, -71.06368 42.34982, -71.06377 42.34963, -71.06384 42.34949, -71.06396 42.34908, -71.06415 42.3484, -71.06556 42.34861, -71.06619 42.3487, -71.06661 42.34876, -71.06655 42.34881, -71.06651 42.34888, -71.06649 42.34899, -71.06649 42.34905, -71.06653 42.34941, -71.06659 42.34972, -71.06669 42.35024, -71.06681 42.35075, -71.06687 42.35096, -71.06701 42.3513, -71.06725 42.35182, -71.06753 42.35251)))"
250250702021,"MULTIPOLYGON (((-71.06456 42.35238, -71.06406 42.35234, -71.06397 42.35233, -71.06385 42.35232, -71.06355 42.35231, -71.06351 42.35232, -71.06327 42.35232, -71.06304 42.35234, -71.06257 42.3524, -71.06241 42.35241, -71.06191 42.35245, -71.06133 42.35249, -71.06105 42.35252, -71.06067 42.35255, -71.06057 42.35255, -71.06012 42.35256, -71.05983 42.35255, -71.05935 42.35251, -71.05864 42.35245, -71.0584 42.3524, -71.05826 42.35238, -71.0582 42.35237, -71.05809 42.35236, -71.05801 42.35235, -71.05817 42.35229, -71.05841 42.35215, -71.0586 42.35203, -71.05879 42.35188, -71.05897 42.3517, -71.05914 42.35148, -71.05926 42.35128, -71.05933 42.35111, -71.05938 42.35112, -71.05951 42.35115, -71.05955 42.35116, -71.05988 42.35123, -71.06023 42.35026, -71.06064 42.34925, -71.06104 42.34824, -71.06109 42.34811, -71.06119 42.34793, -71.06181 42.34802, -71.06189 42.34805, -71.06251 42.34819, -71.06271 42.34823, -71.06327 42.3483, -71.0636 42.34834, -71.06415 42.3484, -71.06396 42.34908, -71.06384 42.34949, -71.06377 42.34963, -71.06368 42.34982, -71.06357 42.35001, -71.06343 42.35021, -71.06336 42.35032, -71.06334 42.35034, -71.06321 42.35052, -71.06315 42.35062, -71.06303 42.35079, -71.06297 42.35092, -71.06288 42.35112, -71.06276 42.35151, -71.06328 42.35155, -71.06422 42.35166, -71.06472 42.35171, -71.06456 42.35238)))"
250250702022,"MULTIPOLYGON (((-71.06441 42.34734, -71.06439 42.34744, -71.0643 42.34782, -71.06415 42.3484, -71.0636 42.34834, -71.06327 42.3483, -71.06271 42.34823, -71.06251 42.34819, -71.06189 42.34805, -71.06181 42.34802, -71.06119 42.34793, -71.06126 42.34781, -71.06137 42.34764, -71.06175 42.34722, -71.06192 42.34712, -71.06209 42.34705, -71.06227 42.34701, -71.06238 42.34699, -71.06245 42.34698, -71.06264 42.34699, -71.06277 42.34701, -71.06296 42.34706, -71.06301 42.34693, -71.06304 42.34685, -71.06315 42.34688, -71.06433 42.34716, -71.06443 42.34719, -71.06441 42.34734)))"
250250703011,"MULTIPOLYGON (((-71.07525 42.34588, -71.07353 42.34726, -71.07328 42.34746, -71.07304 42.34765, -71.07282 42.34783, -71.07269 42.34793, -71.0726 42.34793, -71.0725 42.34793, -71.07186 42.34795, -71.07146 42.34795, -71.06992 42.34796, -71.06925 42.34794, -71.06911 42.34795, -71.06896 42.34794, -71.06864 42.34792, -71.06819 42.34787, -71.06834 42.34776, -71.06844 42.34768, -71.0685 42.3476, -71.06885 42.34764, -71.06919 42.3474, -71.0696 42.34734, -71.07046 42.3471, -71.07048 42.3471, -71.07096 42.34696, -71.07183 42.34673, -71.07241 42.34657, -71.07311 42.34638, -71.07297 42.34611, -71.07275 42.34566, -71.07487 42.3451, -71.07509 42.34557, -71.07521 42.3458, -71.07522 42.34582, -71.07525 42.34588)))"
250250703012,"MULTIPOLYGON (((-71.07311 42.34638, -71.07241 42.34657, -71.07183 42.34673, -71.07096 42.34696, -71.07048 42.3471, -71.07046 42.3471, -71.0696 42.34734, -71.06919 42.3474, -71.06885 42.34764, -71.0685 42.3476, -71.06861 42.34748, -71.06868 42.34738, -71.06884 42.3471, -71.0691 42.34661, -71.06944 42.346, -71.06986 42.34527, -71.07002 42.34508, -71.07021 42.34486, -71.07039 42.34469, -71.07054 42.34456, -71.07063 42.3445, -71.07068 42.34446, -71.07107 42.34425, -71.07158 42.34398, -71.07186 42.34383, -71.072 42.34412, -71.07237 42.34487, -71.07256 42.34528, -71.07275 42.34566, -71.07297 42.34611, -71.07311 42.34638)))"
250250703021,"MULTIPOLYGON (((-71.06972 42.34966, -71.0685 42.34988, -71.0686 42.35021, -71.06868 42.35049, -71.06814 42.35064, -71.06754 42.3508, -71.06687 42.35096, -71.06681 42.35075, -71.06669 42.35024, -71.06659 42.34972, -71.06653 42.34941, -71.06649 42.34905, -71.06649 42.34899, -71.06651 42.34888, -71.06655 42.34881, -71.06661 42.34876, -71.06733 42.34838, -71.06754 42.34829, -71.06803 42.34798, -71.06819 42.34787, -71.06864 42.34792, -71.06896 42.34794, -71.06911 42.34795, -71.06919 42.34807, -71.06923 42.34814, -71.06933 42.34843, -71.06939 42.3486, -71.06945 42.34875, -71.06962 42.34935, -71.06972 42.34966)))"
250250703022,"MULTIPOLYGON (((-71.07051 42.35188, -71.06918 42.35217, -71.0684 42.35236, -71.06753 42.35251, -71.06725 42.35182, -71.06701 42.3513, -71.06687 42.35096, -71.06754 42.3508, -71.06814 42.35064, -71.06868 42.35049, -71.06941 42.35028, -71.0699 42.35015, -71.07029 42.35106, -71.07045 42.35142, -71.07066 42.35185, -71.07051 42.35188)))"
250250703023,"MULTIPOLYGON (((-71.07282 42.35075, -71.07045 42.35142, -71.07029 42.35106, -71.0699 42.35015, -71.06941 42.35028, -71.06868 42.35049, -71.0686 42.35021, -71.0685 42.34988, -71.06972 42.34966, -71.06962 42.34935, -71.06945 42.34875, -71.06939 42.3486, -71.06933 42.34843, -71.06923 42.34814, -71.06919 42.34807, -71.06911 42.34795, -71.06925 42.34794, -71.06992 42.34796, -71.07146 42.34795, -71.07186 42.34795, -71.0725 42.34793, -71.0726 42.34793, -71.07269 42.34793, -71.07266 42.34796, -71.07262 42.34799, -71.07182 42.34868, -71.072 42.34902, -71.07206 42.34914, -71.07208 42.34918, -71.07224 42.34953, -71.07266 42.35041, -71.07282 42.35075)))"
250250704021,"MULTIPOLYGON (((-71.06545 42.34471, -71.0653 42.34495, -71.06514 42.34526, -71.06486 42.34573, -71.0648 42.34586, -71.06474 42.34605, -71.06463 42.34642, -71.06459 42.34661, -71.06456 42.34674, -71.06455 42.3468, -71.06451 42.34689, -71.0645 42.34693, -71.06447 42.34707, -71.06443 42.34719, -71.06433 42.34716, -71.06315 42.34688, -71.06304 42.34685, -71.06308 42.34675, -71.06285 42.34669, -71.06259 42.34663, -71.06256 42.34662, -71.06112 42.34631, -71.0611 42.34631, -71.06084 42.34628, -71.0607 42.34625, -71.06076 42.34608, -71.06091 42.34571, -71.06093 42.34565, -71.06129 42.34481, -71.06172 42.34396, -71.06215 42.34304, -71.06221 42.34291, -71.06239 42.34296, -71.06253 42.34301, -71.06403 42.3434, -71.06441 42.3435, -71.06483 42.34363, -71.06536 42.34378, -71.06593 42.34394, -71.06545 42.34471)))"
250250704022,"MULTIPOLYGON (((-71.06944 42.346, -71.0691 42.34661, -71.06884 42.3471, -71.06868 42.34738, -71.06861 42.34748, -71.0685 42.3476, -71.06844 42.34768, -71.06834 42.34776, -71.06819 42.34787, -71.06799 42.34783, -71.06739 42.34776, -71.06678 42.34768, -71.06616 42.34759, -71.06584 42.34753, -71.06575 42.34751, -71.06456 42.34721, -71.06443 42.34719, -71.06447 42.34707, -71.0645 42.34693, -71.06451 42.34689, -71.06455 42.3468, -71.06456 42.34674, -71.06459 42.34661, -71.06463 42.34642, -71.06474 42.34605, -71.0648 42.34586, -71.06486 42.34573, -71.06514 42.34526, -71.0653 42.34495, -71.06545 42.34471, -71.06593 42.34394, -71.06646 42.34412, -71.06707 42.34431, -71.06808 42.34465, -71.06878 42.3449, -71.069 42.34498, -71.0694 42.34511, -71.06986 42.34527, -71.06944 42.346)))"
250250705011,"MULTIPOLYGON (((-71.07107 42.34425, -71.07068 42.34446, -71.07063 42.3445, -71.07054 42.34456, -71.07039 42.34469, -71.07021 42.34486, -71.07002 42.34508, -71.06986 42.34527, -71.0694 42.34511, -71.069 42.34498, -71.06878 42.3449, -71.06808 42.34465, -71.06707 42.34431, -71.06715 42.34421, -71.06723 42.34413, -71.06727 42.34411, -71.06769 42.34385, -71.06804 42.34363, -71.06843 42.3434, -71.06921 42.34297, -71.0699 42.34255, -71.07032 42.3429, -71.07095 42.34342, -71.07158 42.34398, -71.07107 42.34425)))"
250250705012,"MULTIPOLYGON (((-71.07207 42.34129, -71.07161 42.34155, -71.07141 42.34166, -71.07108 42.34184, -71.07059 42.34212, -71.0699 42.34255, -71.06921 42.34297, -71.06843 42.3434, -71.06804 42.34363, -71.06769 42.34385, -71.06727 42.34411, -71.06723 42.34413, -71.06715 42.34421, -71.06707 42.34431, -71.06646 42.34412, -71.06593 42.34394, -71.06606 42.34373, -71.06635 42.34341, -71.06682 42.34302, -71.06705 42.34283, -71.0672 42.34271, -71.06748 42.34248, -71.06758 42.3424, -71.06774 42.34227, -71.06793 42.34213, -71.06808 42.34201, -71.06829 42.34188, -71.06833 42.34186, -71.06851 42.34177, -71.06878 42.34166, -71.06967 42.34134, -71.06983 42.34128, -71.07006 42.34116, -71.07071 42.34079, -71.07109 42.34054, -71.07131 42.34066, -71.0718 42.34108, -71.07185 42.3411, -71.07197 42.34119, -71.07207 42.34129)))"
250250705021,"MULTIPOLYGON (((-71.07376 42.34283, -71.07316 42.34316, -71.07282 42.34334, -71.07231 42.34361, -71.07186 42.34383, -71.07158 42.34398, -71.07095 42.34342, -71.07032 42.3429, -71.0699 42.34255, -71.07059 42.34212, -71.07108 42.34184, -71.07141 42.34166, -71.07161 42.34155, -71.07207 42.34129, -71.07227 42.34145, -71.07236 42.34154, -71.07252 42.34167, -71.07292 42.34201, -71.07316 42.3422, -71.07339 42.34238, -71.07345 42.34243, -71.07355 42.34251, -71.07362 42.34256, -71.0737 42.34267, -71.07376 42.34283)))"
250250705022,"MULTIPOLYGON (((-71.07737 42.34093, -71.07659 42.34134, -71.07598 42.34166, -71.07535 42.34199, -71.07459 42.34241, -71.07382 42.3428, -71.07376 42.34283, -71.0737 42.34267, -71.07362 42.34256, -71.07355 42.34251, -71.07345 42.34243, -71.07339 42.34238, -71.07316 42.3422, -71.07292 42.34201, -71.07252 42.34167, -71.07236 42.34154, -71.07227 42.34145, -71.07207 42.34129, -71.07275 42.34084, -71.07253 42.34054, -71.07243 42.34048, -71.07183 42.34006, -71.0725 42.33962, -71.07264 42.33951, -71.07363 42.33887, -71.07379 42.33876, -71.07429 42.33842, -71.075 42.33793, -71.07538 42.33826, -71.07557 42.33841, -71.07596 42.33872, -71.07559 42.33899, -71.07527 42.33921, -71.07559 42.33949, -71.07588 42.33976, -71.07696 42.3406, -71.07726 42.34084, -71.07737 42.34093)))"
250250706001,"MULTIPOLYGON (((-71.07594 42.34392, -71.07569 42.34398, -71.07497 42.34417, -71.07449 42.3443, -71.07463 42.34461, -71.07474 42.34483, -71.07487 42.3451, -71.07275 42.34566, -71.07256 42.34528, -71.07237 42.34487, -71.072 42.34412, -71.07186 42.34383, -71.07231 42.34361, -71.07282 42.34334, -71.07316 42.34316, -71.07376 42.34283, -71.07382 42.3428, -71.07459 42.34241, -71.07498 42.34277, -71.0754 42.34318, -71.07572 42.34347, -71.07594 42.34392)))"
250250706002,"MULTIPOLYGON (((-71.07921 42.3427, -71.07856 42.34321, -71.07828 42.34334, -71.0782 42.34327, -71.07805 42.34329, -71.07767 42.34337, -71.07752 42.34347, -71.07739 42.34354, -71.07712 42.3436, -71.0768 42.34368, -71.07594 42.34392, -71.07572 42.34347, -71.0754 42.34318, -71.07498 42.34277, -71.07459 42.34241, -71.07535 42.34199, -71.07598 42.34166, -71.07659 42.34134, -71.07737 42.34093, -71.07759 42.34113, -71.07836 42.34184, -71.07875 42.34228, -71.07883 42.34237, -71.07901 42.34255, -71.07912 42.34264, -71.07921 42.3427)))"
250250707001,"MULTIPOLYGON (((-71.07809 42.34582, -71.07777 42.34604, -71.07705 42.34656, -71.07664 42.34686, -71.07603 42.34731, -71.07593 42.34736, -71.07603 42.34758, -71.07612 42.34776, -71.0762 42.34791, -71.07638 42.34831, -71.07539 42.34857, -71.07521 42.3482, -71.07516 42.34816, -71.07513 42.34815, -71.0751 42.34816, -71.07411 42.34844, -71.07358 42.34858, -71.07282 42.34879, -71.07227 42.34895, -71.072 42.34902, -71.07182 42.34868, -71.07262 42.34799, -71.07266 42.34796, -71.07269 42.34793, -71.07282 42.34783, -71.07304 42.34765, -71.07328 42.34746, -71.07353 42.34726, -71.07525 42.34588, -71.07587 42.34539, -71.07635 42.345, -71.07654 42.34485, -71.07688 42.34508, -71.07755 42.34551, -71.07796 42.34579, -71.07809 42.34582)))"
250250707002,"MULTIPOLYGON (((-71.08008 42.34422, -71.07947 42.34471, -71.07939 42.34476, -71.07875 42.34528, -71.07838 42.34558, -71.07809 42.34582, -71.07796 42.34579, -71.07755 42.34551, -71.07688 42.34508, -71.07654 42.34485, -71.07635 42.345, -71.07587 42.34539, -71.07525 42.34588, -71.07522 42.34582, -71.07521 42.3458, -71.07509 42.34557, -71.07487 42.3451, -71.07474 42.34483, -71.07463 42.34461, -71.07449 42.3443, -71.07497 42.34417, -71.07569 42.34398, -71.07594 42.34392, -71.0768 42.34368, -71.07712 42.3436, -71.07739 42.34354, -71.07752 42.34347, -71.07767 42.34337, -71.07805 42.34329, -71.0782 42.34327, -71.07828 42.34334, -71.07856 42.34321, -71.07898 42.34347, -71.07909 42.34354, -71.07962 42.3439, -71.07997 42.34415, -71.08008 42.34422)))"
250250708011,"MULTIPOLYGON (((-71.08468 42.34029, -71.08431 42.34061, -71.0835 42.34126, -71.08323 42.34155, -71.08315 42.34162, -71.08314 42.34161, -71.08289 42.34144, -71.08174 42.34067, -71.08167 42.34061, -71.08165 42.3406, -71.08148 42.34045, -71.0813 42.3403, -71.08094 42.33994, -71.08061 42.33961, -71.08036 42.33937, -71.08035 42.33936, -71.08047 42.33929, -71.08116 42.33892, -71.08181 42.33856, -71.08197 42.33842, -71.08261 42.33885, -71.08331 42.33931, -71.08366 42.33954, -71.08368 42.33955, -71.0842 42.33991, -71.08446 42.34007, -71.08468 42.34029)))"
250250708021,"MULTIPOLYGON (((-71.08174 42.34067, -71.08139 42.34094, -71.08116 42.34112, -71.081 42.34125, -71.0805 42.34163, -71.08033 42.34176, -71.08013 42.34193, -71.07985 42.34216, -71.0797 42.3423, -71.07921 42.3427, -71.07912 42.34264, -71.07901 42.34255, -71.07883 42.34237, -71.07875 42.34228, -71.07836 42.34184, -71.07759 42.34113, -71.07737 42.34093, -71.07797 42.34057, -71.07809 42.34051, -71.07871 42.34018, -71.07883 42.34011, -71.07906 42.34003, -71.07964 42.33975, -71.08035 42.33936, -71.08036 42.33937, -71.08061 42.33961, -71.08094 42.33994, -71.0813 42.3403, -71.08148 42.34045, -71.08165 42.3406, -71.08167 42.34061, -71.08174 42.34067)))"
250250708022,"MULTIPOLYGON (((-71.08315 42.34162, -71.08303 42.34172, -71.08266 42.34205, -71.08265 42.34207, -71.08205 42.34268, -71.08142 42.34319, -71.08078 42.34374, -71.08045 42.34396, -71.08037 42.34403, -71.08008 42.34422, -71.07997 42.34415, -71.07962 42.3439, -71.07909 42.34354, -71.07898 42.34347, -71.07856 42.34321, -71.07921 42.3427, -71.0797 42.3423, -71.07985 42.34216, -71.08013 42.34193, -71.08033 42.34176, -71.0805 42.34163, -71.081 42.34125, -71.08116 42.34112, -71.08139 42.34094, -71.08174 42.34067, -71.08289 42.34144, -71.08314 42.34161, -71.08315 42.34162)))"
250250709011,"MULTIPOLYGON (((-71.08181 42.33856, -71.08116 42.33892, -71.08047 42.33929, -71.08035 42.33936, -71.08026 42.33928, -71.08016 42.33918, -71.07971 42.33881, -71.07949 42.33862, -71.07884 42.33808, -71.07859 42.33787, -71.078 42.33739, -71.07694 42.33653, -71.07702 42.33647, -71.07762 42.336, -71.07811 42.33639, -71.07872 42.33688, -71.07927 42.33654, -71.0802 42.33717, -71.08094 42.33766, -71.08156 42.3381, -71.08197 42.33842, -71.08181 42.33856)))"
250250709021,"MULTIPOLYGON (((-71.08035 42.33936, -71.07964 42.33975, -71.07906 42.34003, -71.07883 42.34011, -71.07843 42.33978, -71.07797 42.3394, -71.07738 42.33888, -71.07699 42.33854, -71.07667 42.33827, -71.07608 42.3378, -71.07567 42.33747, -71.07638 42.33695, -71.07694 42.33653, -71.078 42.33739, -71.07859 42.33787, -71.07884 42.33808, -71.07949 42.33862, -71.07971 42.33881, -71.08016 42.33918, -71.08026 42.33928, -71.08035 42.33936)))"
250250709022,"MULTIPOLYGON (((-71.07871 42.34018, -71.07809 42.34051, -71.07797 42.34057, -71.07737 42.34093, -71.07726 42.34084, -71.07696 42.3406, -71.07588 42.33976, -71.07559 42.33949, -71.07527 42.33921, -71.07559 42.33899, -71.07596 42.33872, -71.07557 42.33841, -71.07538 42.33826, -71.075 42.33793, -71.07567 42.33747, -71.07608 42.3378, -71.07667 42.33827, -71.07699 42.33854, -71.07738 42.33888, -71.07797 42.3394, -71.07843 42.33978, -71.07883 42.34011, -71.07871 42.34018)))"
250250711011,"MULTIPOLYGON (((-71.07694 42.33653, -71.07638 42.33695, -71.07567 42.33747, -71.075 42.33793, -71.07407 42.33713, -71.07322 42.33645, -71.07276 42.33608, -71.07204 42.33545, -71.07147 42.33496, -71.07078 42.33544, -71.07028 42.3358, -71.07009 42.33592, -71.06941 42.33641, -71.06848 42.33572, -71.06806 42.33554, -71.06783 42.33545, -71.06747 42.33537, -71.06713 42.33529, -71.06761 42.33524, -71.06792 42.33519, -71.0681 42.33515, -71.06839 42.33507, -71.06876 42.33492, -71.06923 42.33473, -71.06942 42.33463, -71.07025 42.33417, -71.07083 42.33379, -71.07127 42.33344, -71.07215 42.33273, -71.07266 42.33303, -71.07337 42.33361, -71.07506 42.335, -71.07652 42.33618, -71.07655 42.33621, -71.07694 42.33653)))"
250250711012,"MULTIPOLYGON (((-71.07762 42.336, -71.07702 42.33647, -71.07694 42.33653, -71.07655 42.33621, -71.07652 42.33618, -71.07506 42.335, -71.07337 42.33361, -71.0735 42.33352, -71.07352 42.33351, -71.07391 42.33322, -71.07436 42.33285, -71.07458 42.33297, -71.07471 42.33309, -71.07485 42.33323, -71.07504 42.33349, -71.07612 42.33281, -71.07704 42.33361, -71.07671 42.33385, -71.07605 42.33429, -71.07578 42.33449, -71.07622 42.33483, -71.07638 42.33496, -71.07713 42.33557, -71.07762 42.336)))"
250250711013,"MULTIPOLYGON (((-71.07429 42.33842, -71.07379 42.33876, -71.07363 42.33887, -71.07264 42.33951, -71.0725 42.33962, -71.07238 42.33949, -71.07194 42.33913, -71.07177 42.33898, -71.07158 42.33882, -71.07126 42.33856, -71.07115 42.33846, -71.07095 42.33831, -71.07147 42.33789, -71.07197 42.3375, -71.07267 42.33691, -71.07286 42.33677, -71.07322 42.33645, -71.07407 42.33713, -71.075 42.33793, -71.07429 42.33842)))"
250250711014,"MULTIPOLYGON (((-71.07286 42.33677, -71.07267 42.33691, -71.07197 42.3375, -71.07147 42.33789, -71.07095 42.33831, -71.07084 42.33839, -71.07036 42.33878, -71.06997 42.3385, -71.06977 42.33833, -71.06919 42.33786, -71.06865 42.33742, -71.06835 42.33717, -71.06902 42.33669, -71.06916 42.3366, -71.06928 42.33651, -71.06941 42.33641, -71.07009 42.33592, -71.07028 42.3358, -71.07078 42.33544, -71.07147 42.33496, -71.07204 42.33545, -71.07276 42.33608, -71.07322 42.33645, -71.07286 42.33677)))"
250250712011,"MULTIPOLYGON (((-71.07006 42.34116, -71.06983 42.34128, -71.06967 42.34134, -71.06878 42.34166, -71.06851 42.34177, -71.06833 42.34186, -71.06829 42.34188, -71.06808 42.34201, -71.06793 42.34213, -71.06774 42.34227, -71.06758 42.3424, -71.06748 42.34248, -71.0672 42.34271, -71.06705 42.34283, -71.06682 42.34302, -71.06635 42.34341, -71.06606 42.34373, -71.06593 42.34394, -71.06536 42.34378, -71.06483 42.34363, -71.06441 42.3435, -71.06449 42.34341, -71.0647 42.34323, -71.06481 42.34314, -71.06508 42.34292, -71.06536 42.34271, -71.06582 42.34232, -71.06605 42.34213, -71.06635 42.3419, -71.06674 42.34163, -71.0674 42.3411, -71.06779 42.34081, -71.06802 42.34064, -71.06865 42.34014, -71.06937 42.34034, -71.06962 42.34041, -71.07003 42.34054, -71.07071 42.34079, -71.07006 42.34116)))"
250250712012,"MULTIPOLYGON (((-71.06928 42.33651, -71.06916 42.3366, -71.06902 42.33669, -71.06835 42.33717, -71.06768 42.33764, -71.0671 42.33808, -71.06651 42.33848, -71.06554 42.33915, -71.06591 42.33929, -71.06668 42.33954, -71.06835 42.34005, -71.06865 42.34014, -71.06802 42.34064, -71.06779 42.34081, -71.0674 42.3411, -71.06674 42.34163, -71.06635 42.3419, -71.06605 42.34213, -71.06582 42.34232, -71.06536 42.34271, -71.06508 42.34292, -71.06481 42.34314, -71.0647 42.34323, -71.06449 42.34341, -71.06441 42.3435, -71.06403 42.3434, -71.06253 42.34301, -71.06239 42.34296, -71.06221 42.34291, -71.06234 42.34267, -71.06297 42.34149, -71.06363 42.34027, -71.06367 42.34021, -71.06376 42.34003, -71.06472 42.33826, -71.06514 42.33744, -71.06529 42.33707, -71.06541 42.33671, -71.06551 42.33632, -71.06553 42.33603, -71.06552 42.33584, -71.06548 42.33563, -71.06541 42.33544, -71.06562 42.33542, -71.06581 42.33541, -71.06625 42.33536, -71.06663 42.33534, -71.06713 42.33529, -71.06747 42.33537, -71.06783 42.33545, -71.06806 42.33554, -71.06848 42.33572, -71.06941 42.33641, -71.06928 42.33651)))"
250250712013,"MULTIPOLYGON (((-71.07 42.33908, -71.06969 42.33933, -71.06913 42.33977, -71.06873 42.34008, -71.06865 42.34014, -71.06835 42.34005, -71.06668 42.33954, -71.06591 42.33929, -71.06554 42.33915, -71.06651 42.33848, -71.0671 42.33808, -71.06768 42.33764, -71.06835 42.33717, -71.06865 42.33742, -71.06919 42.33786, -71.06977 42.33833, -71.06997 42.3385, -71.07036 42.33878, -71.07 42.33908)))"
250250712014,"MULTIPOLYGON (((-71.07275 42.34084, -71.07207 42.34129, -71.07197 42.34119, -71.07185 42.3411, -71.0718 42.34108, -71.07131 42.34066, -71.07109 42.34054, -71.07071 42.34079, -71.07003 42.34054, -71.06962 42.34041, -71.06937 42.34034, -71.06865 42.34014, -71.06873 42.34008, -71.06913 42.33977, -71.06969 42.33933, -71.07 42.33908, -71.07036 42.33878, -71.07084 42.33839, -71.07095 42.33831, -71.07115 42.33846, -71.07126 42.33856, -71.07158 42.33882, -71.07177 42.33898, -71.07194 42.33913, -71.07238 42.33949, -71.0725 42.33962, -71.07183 42.34006, -71.07243 42.34048, -71.07253 42.34054, -71.07275 42.34084)))"
250250801001,"MULTIPOLYGON (((-71.07747 42.3309, -71.07699 42.3312, -71.07688 42.33125, -71.07617 42.3317, -71.07565 42.33199, -71.07514 42.3323, -71.07477 42.33253, -71.07454 42.33271, -71.07436 42.33285, -71.07391 42.33322, -71.07352 42.33351, -71.0735 42.33352, -71.07337 42.33361, -71.07266 42.33303, -71.07215 42.33273, -71.07127 42.33344, -71.07083 42.33379, -71.07025 42.33417, -71.06942 42.33463, -71.06923 42.33473, -71.06876 42.33492, -71.06839 42.33507, -71.0681 42.33515, -71.06792 42.33519, -71.06761 42.33524, -71.06713 42.33529, -71.06663 42.33534, -71.06625 42.33536, -71.06581 42.33541, -71.06562 42.33542, -71.06541 42.33544, -71.0654 42.33535, -71.06534 42.33518, -71.06528 42.33501, -71.06521 42.3349, -71.06515 42.33475, -71.06507 42.33462, -71.06484 42.33429, -71.06461 42.33401, -71.06444 42.33382, -71.06437 42.33375, -71.0642 42.33357, -71.06389 42.33324, -71.06353 42.33284, -71.06319 42.33245, -71.0628 42.33197, -71.06291 42.33181, -71.06355 42.33079, -71.06432 42.32957, -71.06549 42.32773, -71.06639 42.32632, -71.06643 42.32626, -71.06665 42.32585, -71.06693 42.32515, -71.06708 42.32478, -71.06717 42.32446, -71.06734 42.32391, -71.06751 42.3233, -71.06754 42.32334, -71.06767 42.32347, -71.06803 42.32387, -71.0682 42.32407, -71.0685 42.32437, -71.06871 42.32461, -71.06914 42.32505, -71.06937 42.32523, -71.06962 42.32543, -71.07002 42.32572, -71.07086 42.32627, -71.07148 42.32669, -71.0717 42.32658, -71.07215 42.32635, -71.07266 42.32602, -71.07256 42.32592, -71.07227 42.32552, -71.07204 42.32522, -71.07195 42.32507, -71.07164 42.32465, -71.07242 42.32435, -71.07392 42.32376, -71.07428 42.32355, -71.07446 42.32341, -71.07464 42.32324, -71.07494 42.32348, -71.07515 42.32367, -71.07545 42.32388, -71.07563 42.32399, -71.07575 42.32408, -71.07581 42.32415, -71.07554 42.32452, -71.07525 42.32497, -71.07509 42.32523, -71.07508 42.3253, -71.07505 42.32543, -71.07507 42.32556, -71.07518 42.32581, -71.07525 42.32596, -71.07529 42.32612, -71.07527 42.3265, -71.07521 42.32703, -71.07519 42.32727, -71.07514 42.32772, -71.07507 42.32832, -71.07502 42.32868, -71.075 42.32889, -71.07499 42.32908, -71.07515 42.32906, -71.0753 42.32908, -71.07543 42.32913, -71.07561 42.32922, -71.07625 42.32978, -71.0768 42.33026, -71.07687 42.33031, -71.07722 42.33066, -71.07747 42.3309)))"
250250801002,"MULTIPOLYGON (((-71.07945 42.32426, -71.07865 42.32487, -71.07808 42.32533, -71.07774 42.32557, -71.07818 42.32588, -71.07793 42.32607, -71.0777 42.32625, -71.07736 42.32652, -71.07691 42.32688, -71.07662 42.32712, -71.07627 42.32683, -71.07612 42.32671, -71.07556 42.32627, -71.07533 42.32606, -71.07525 42.32596, -71.07518 42.32581, -71.07507 42.32556, -71.07505 42.32543, -71.07508 42.3253, -71.07509 42.32523, -71.07525 42.32497, -71.07554 42.32452, -71.07581 42.32415, -71.07594 42.32397, -71.07615 42.32362, -71.07644 42.3232, -71.07666 42.32289, -71.07752 42.32326, -71.07785 42.32339, -71.07833 42.3236, -71.07881 42.3238, -71.0792 42.32398, -71.07941 42.32406, -71.0796 42.32416, -71.07945 42.32426)))"
250250803001,"MULTIPOLYGON (((-71.07912 42.32895, -71.07902 42.32929, -71.07893 42.32946, -71.07891 42.32951, -71.07881 42.32973, -71.0787 42.33002, -71.07868 42.33013, -71.07832 42.33037, -71.07795 42.3306, -71.07747 42.3309, -71.07722 42.33066, -71.07687 42.33031, -71.0768 42.33026, -71.07625 42.32978, -71.07561 42.32922, -71.07543 42.32913, -71.0753 42.32908, -71.07515 42.32906, -71.07499 42.32908, -71.075 42.32889, -71.07502 42.32868, -71.07507 42.32832, -71.07514 42.32772, -71.07519 42.32727, -71.07521 42.32703, -71.07527 42.3265, -71.07529 42.32612, -71.07525 42.32596, -71.07533 42.32606, -71.07556 42.32627, -71.07612 42.32671, -71.07627 42.32683, -71.07662 42.32712, -71.07688 42.32733, -71.07716 42.32753, -71.07744 42.32775, -71.07779 42.32795, -71.07798 42.32804, -71.07818 42.32814, -71.0786 42.32832, -71.07897 42.32846, -71.07926 42.32851, -71.07912 42.32895)))"
250250803002,"MULTIPOLYGON (((-71.08345 42.32865, -71.08275 42.32861, -71.08152 42.32849, -71.08134 42.32849, -71.08131 42.32849, -71.08089 42.3285, -71.08025 42.32852, -71.08 42.32852, -71.07943 42.32852, -71.07926 42.32851, -71.07897 42.32846, -71.0786 42.32832, -71.07818 42.32814, -71.07798 42.32804, -71.07779 42.32795, -71.07744 42.32775, -71.07716 42.32753, -71.07688 42.32733, -71.07662 42.32712, -71.07691 42.32688, -71.07736 42.32652, -71.0777 42.32625, -71.07793 42.32607, -71.07818 42.32588, -71.07774 42.32557, -71.07808 42.32533, -71.07865 42.32487, -71.07945 42.32426, -71.0796 42.32416, -71.08015 42.32455, -71.08054 42.32482, -71.0812 42.32529, -71.0816 42.32555, -71.08176 42.32561, -71.08187 42.32565, -71.08219 42.32572, -71.08331 42.32596, -71.08327 42.32613, -71.08318 42.32661, -71.08309 42.32726, -71.08307 42.32745, -71.08303 42.32774, -71.08304 42.3279, -71.08306 42.32799, -71.08311 42.32812, -71.08322 42.32832, -71.08337 42.32852, -71.08345 42.32865)))"
250250804011,"MULTIPOLYGON (((-71.08346 42.32879, -71.08336 42.32941, -71.0832 42.3301, -71.08316 42.33031, -71.08311 42.33051, -71.08306 42.33066, -71.08299 42.33083, -71.08271 42.33107, -71.08256 42.33121, -71.08242 42.33134, -71.08237 42.33138, -71.08193 42.33176, -71.08174 42.33194, -71.08151 42.33221, -71.08127 42.33249, -71.08101 42.33281, -71.08094 42.33293, -71.08062 42.33337, -71.08043 42.33363, -71.0803 42.3338, -71.07991 42.33418, -71.07952 42.33451, -71.07935 42.33465, -71.07883 42.33507, -71.07874 42.33513, -71.07854 42.3353, -71.07842 42.33539, -71.07804 42.3357, -71.07762 42.336, -71.07713 42.33557, -71.07638 42.33496, -71.07622 42.33483, -71.07578 42.33449, -71.07605 42.33429, -71.07671 42.33385, -71.07704 42.33361, -71.07612 42.33281, -71.07504 42.33349, -71.07485 42.33323, -71.07471 42.33309, -71.07458 42.33297, -71.07436 42.33285, -71.07454 42.33271, -71.07477 42.33253, -71.07514 42.3323, -71.07565 42.33199, -71.07617 42.3317, -71.07688 42.33125, -71.07699 42.3312, -71.07747 42.3309, -71.07795 42.3306, -71.07832 42.33037, -71.07868 42.33013, -71.0787 42.33002, -71.07881 42.32973, -71.07891 42.32951, -71.07893 42.32946, -71.07902 42.32929, -71.07912 42.32895, -71.07926 42.32851, -71.07943 42.32852, -71.08 42.32852, -71.08025 42.32852, -71.08089 42.3285, -71.08131 42.32849, -71.08134 42.32849, -71.08152 42.32849, -71.08275 42.32861, -71.08345 42.32865, -71.08347 42.32871, -71.08346 42.32879)))"
250250804012,"MULTIPOLYGON (((-71.08746 42.33413, -71.08703 42.33459, -71.08699 42.3346, -71.08696 42.3346, -71.08688 42.33459, -71.08617 42.33429, -71.08582 42.33473, -71.08576 42.33478, -71.08569 42.3348, -71.08536 42.33496, -71.08535 42.33507, -71.08515 42.33501, -71.08461 42.33482, -71.08455 42.3348, -71.08432 42.33471, -71.08395 42.33455, -71.08337 42.33427, -71.08252 42.3338, -71.08164 42.33329, -71.08111 42.33301, -71.08094 42.33293, -71.08101 42.33281, -71.08127 42.33249, -71.08151 42.33221, -71.08174 42.33194, -71.08193 42.33176, -71.08237 42.33138, -71.08242 42.33134, -71.08256 42.33121, -71.08271 42.33107, -71.08299 42.33083, -71.0832 42.33068, -71.08334 42.3306, -71.08372 42.33047, -71.08405 42.33031, -71.08416 42.3304, -71.08463 42.33066, -71.08503 42.33083, -71.08522 42.3306, -71.08535 42.33066, -71.08575 42.33084, -71.08618 42.33102, -71.08625 42.33108, -71.08626 42.33114, -71.08616 42.33129, -71.08579 42.33171, -71.08568 42.33191, -71.08538 42.3323, -71.08535 42.33233, -71.08504 42.33272, -71.08556 42.33299, -71.08589 42.33317, -71.08671 42.33367, -71.08704 42.33385, -71.08746 42.33413)))"
250250805001,"MULTIPOLYGON (((-71.08849 42.3349, -71.08781 42.33524, -71.08751 42.33537, -71.08705 42.33562, -71.08703 42.33563, -71.08699 42.33565, -71.08698 42.33566, -71.08695 42.33568, -71.08639 42.33602, -71.08598 42.33625, -71.08538 42.33657, -71.08484 42.33686, -71.08434 42.33714, -71.08398 42.33734, -71.08377 42.33703, -71.08358 42.33677, -71.08351 42.33666, -71.08324 42.33628, -71.08309 42.33607, -71.08286 42.33571, -71.08207 42.33456, -71.08204 42.33446, -71.08203 42.33436, -71.08135 42.33391, -71.08073 42.33355, -71.08062 42.33337, -71.08094 42.33293, -71.08111 42.33301, -71.08164 42.33329, -71.08252 42.3338, -71.08337 42.33427, -71.08395 42.33455, -71.08432 42.33471, -71.08455 42.3348, -71.08461 42.33482, -71.08515 42.33501, -71.08535 42.33507, -71.08536 42.33496, -71.08569 42.3348, -71.08576 42.33478, -71.08582 42.33473, -71.08617 42.33429, -71.08688 42.33459, -71.08696 42.3346, -71.08699 42.3346, -71.08703 42.33459, -71.08746 42.33413, -71.08776 42.3343, -71.08825 42.33458, -71.08832 42.33464, -71.08841 42.33474, -71.08849 42.3349)))"
250250805002,"MULTIPOLYGON (((-71.0838 42.33745, -71.08338 42.33768, -71.08329 42.33773, -71.08323 42.33776, -71.08298 42.33789, -71.08248 42.33815, -71.08197 42.33842, -71.08156 42.3381, -71.08094 42.33766, -71.0802 42.33717, -71.07927 42.33654, -71.07872 42.33688, -71.07811 42.33639, -71.07762 42.336, -71.07804 42.3357, -71.07842 42.33539, -71.07854 42.3353, -71.07874 42.33513, -71.07883 42.33507, -71.07935 42.33465, -71.07952 42.33451, -71.07991 42.33418, -71.0803 42.3338, -71.08043 42.33363, -71.08062 42.33337, -71.08073 42.33355, -71.08135 42.33391, -71.08203 42.33436, -71.08204 42.33446, -71.08207 42.33456, -71.08286 42.33571, -71.08309 42.33607, -71.08324 42.33628, -71.08351 42.33666, -71.08358 42.33677, -71.08377 42.33703, -71.08398 42.33734, -71.0838 42.33745)))"
250250806011,"MULTIPOLYGON (((-71.09535 42.33155, -71.09445 42.33239, -71.09438 42.33243, -71.09351 42.33316, -71.09308 42.33351, -71.09276 42.33376, -71.09241 42.33403, -71.09052 42.33566, -71.09038 42.33577, -71.09011 42.33599, -71.08934 42.33661, -71.08824 42.33755, -71.08812 42.33765, -71.08673 42.33868, -71.08503 42.34, -71.08468 42.34029, -71.08446 42.34007, -71.0842 42.33991, -71.08368 42.33955, -71.08366 42.33954, -71.08331 42.33931, -71.08261 42.33885, -71.08197 42.33842, -71.08248 42.33815, -71.08298 42.33789, -71.08323 42.33776, -71.08329 42.33773, -71.08338 42.33768, -71.0838 42.33745, -71.08398 42.33734, -71.08434 42.33714, -71.08484 42.33686, -71.08538 42.33657, -71.08598 42.33625, -71.08639 42.33602, -71.08695 42.33568, -71.08698 42.33566, -71.08699 42.33565, -71.08703 42.33563, -71.08705 42.33562, -71.08751 42.33537, -71.08781 42.33524, -71.08849 42.3349, -71.08942 42.33443, -71.09049 42.33383, -71.09176 42.33314, -71.09231 42.33284, -71.09286 42.33255, -71.09325 42.33235, -71.09364 42.33209, -71.094 42.33177, -71.09408 42.3317, -71.0944 42.33141, -71.0946 42.33144, -71.0949 42.33148, -71.09535 42.33155)))"
250250806012,"MULTIPOLYGON (((-71.09408 42.3317, -71.094 42.33177, -71.09364 42.33209, -71.09325 42.33235, -71.09286 42.33255, -71.09231 42.33284, -71.09176 42.33314, -71.09049 42.33383, -71.08942 42.33443, -71.08849 42.3349, -71.08841 42.33474, -71.08832 42.33464, -71.08825 42.33458, -71.08776 42.3343, -71.08746 42.33413, -71.08704 42.33385, -71.08671 42.33367, -71.08589 42.33317, -71.08556 42.33299, -71.08504 42.33272, -71.08535 42.33233, -71.08538 42.3323, -71.08568 42.33191, -71.08579 42.33171, -71.08616 42.33129, -71.08626 42.33114, -71.08625 42.33108, -71.08618 42.33102, -71.08575 42.33084, -71.08535 42.33066, -71.08522 42.3306, -71.08541 42.33036, -71.0858 42.32986, -71.08602 42.32959, -71.08597 42.32943, -71.08638 42.32965, -71.087 42.32999, -71.08742 42.33022, -71.08776 42.33044, -71.08819 42.33061, -71.08878 42.33079, -71.08941 42.33097, -71.09013 42.33111, -71.09053 42.33117, -71.09099 42.33122, -71.09145 42.33124, -71.09162 42.33125, -71.09211 42.33127, -71.09222 42.33127, -71.0929 42.33127, -71.09348 42.3313, -71.09381 42.33133, -71.09395 42.33135, -71.0944 42.33141, -71.09408 42.3317)))"
250250806013,"MULTIPOLYGON (((-71.09144 42.33004, -71.09108 42.33012, -71.09082 42.33016, -71.09034 42.33025, -71.0896 42.33032, -71.08955 42.33032, -71.08888 42.33037, -71.08861 42.3304, -71.08847 42.33042, -71.08837 42.33048, -71.08834 42.3305, -71.08819 42.33061, -71.08776 42.33044, -71.08742 42.33022, -71.087 42.32999, -71.08638 42.32965, -71.08597 42.32943, -71.08602 42.32959, -71.0858 42.32986, -71.08541 42.33036, -71.08522 42.3306, -71.08503 42.33083, -71.08463 42.33066, -71.08416 42.3304, -71.08405 42.33031, -71.08372 42.33047, -71.08334 42.3306, -71.0832 42.33068, -71.08299 42.33083, -71.08306 42.33066, -71.08311 42.33051, -71.08316 42.33031, -71.0832 42.3301, -71.08336 42.32941, -71.08346 42.32879, -71.08347 42.32871, -71.08345 42.32865, -71.08393 42.3287, -71.0844 42.32876, -71.0849 42.32885, -71.08499 42.32887, -71.0851 42.3289, -71.08518 42.32885, -71.08572 42.32864, -71.08616 42.32846, -71.08637 42.32837, -71.08658 42.32827, -71.08674 42.32815, -71.08679 42.3281, -71.08685 42.32803, -71.08694 42.32789, -71.08696 42.32786, -71.087 42.32778, -71.08767 42.32791, -71.08806 42.32802, -71.08818 42.32807, -71.08828 42.32813, -71.08923 42.32875, -71.08955 42.32895, -71.08974 42.32908, -71.0901 42.32945, -71.09022 42.32961, -71.09033 42.32963, -71.09044 42.32966, -71.09094 42.32984, -71.09124 42.32994, -71.09144 42.33004)))"
250250808011,"MULTIPOLYGON (((-71.10031 42.33594, -71.09956 42.33626, -71.09888 42.33649, -71.09813 42.33678, -71.09761 42.33699, -71.09725 42.33713, -71.09695 42.33726, -71.09683 42.33731, -71.09574 42.33773, -71.09566 42.33769, -71.0956 42.33767, -71.09549 42.33762, -71.09524 42.33753, -71.09501 42.33746, -71.09426 42.3372, -71.09367 42.33696, -71.09306 42.33673, -71.09299 42.33671, -71.09252 42.33652, -71.09203 42.33633, -71.09123 42.33602, -71.09105 42.33593, -71.09081 42.33584, -71.09065 42.33574, -71.09058 42.33571, -71.09052 42.33566, -71.09241 42.33403, -71.09276 42.33376, -71.09308 42.33351, -71.09351 42.33316, -71.09438 42.33243, -71.09445 42.33239, -71.09472 42.3326, -71.09511 42.33277, -71.09612 42.33321, -71.09599 42.3334, -71.0956 42.33396, -71.09552 42.33408, -71.09534 42.33436, -71.09509 42.33476, -71.09593 42.33506, -71.09638 42.33522, -71.09648 42.33526, -71.09669 42.33533, -71.09683 42.33537, -71.09698 42.33541, -71.0972 42.33547, -71.09735 42.33551, -71.09793 42.33565, -71.09876 42.33586, -71.09882 42.33588, -71.09915 42.33597, -71.09928 42.336, -71.09945 42.33575, -71.09957 42.3356, -71.09965 42.33547, -71.09979 42.3354, -71.09985 42.33557, -71.09993 42.33569, -71.1001 42.33585, -71.10022 42.33591, -71.10031 42.33594)))"
250250808012,"MULTIPOLYGON (((-71.10099 42.33353, -71.10082 42.3338, -71.10052 42.33427, -71.10048 42.33433, -71.10037 42.33449, -71.10005 42.33499, -71.09983 42.33533, -71.09979 42.3354, -71.09965 42.33547, -71.09957 42.3356, -71.09945 42.33575, -71.09928 42.336, -71.09915 42.33597, -71.09882 42.33588, -71.09876 42.33586, -71.09793 42.33565, -71.09735 42.33551, -71.0972 42.33547, -71.09698 42.33541, -71.09683 42.33537, -71.09669 42.33533, -71.09648 42.33526, -71.09638 42.33522, -71.09593 42.33506, -71.09509 42.33476, -71.09534 42.33436, -71.09552 42.33408, -71.0956 42.33396, -71.09599 42.3334, -71.09612 42.33321, -71.09511 42.33277, -71.09472 42.3326, -71.09445 42.33239, -71.09535 42.33155, -71.09592 42.33161, -71.09614 42.33164, -71.09718 42.33178, -71.09755 42.33185, -71.09769 42.33187, -71.09789 42.33191, -71.09902 42.33219, -71.09932 42.33228, -71.09959 42.33236, -71.09972 42.33239, -71.10004 42.33248, -71.10062 42.3327, -71.10132 42.33296, -71.10099 42.33353)))"
250250809001,"MULTIPOLYGON (((-71.1025 42.33369, -71.10196 42.33456, -71.10185 42.33475, -71.10255 42.33493, -71.10243 42.33515, -71.10195 42.33528, -71.10143 42.33546, -71.10123 42.33554, -71.10093 42.33565, -71.10068 42.33577, -71.10031 42.33594, -71.10022 42.33591, -71.1001 42.33585, -71.09993 42.33569, -71.09985 42.33557, -71.09979 42.3354, -71.09983 42.33533, -71.10005 42.33499, -71.10037 42.33449, -71.10048 42.33433, -71.10052 42.33427, -71.10082 42.3338, -71.10099 42.33353, -71.10132 42.33296, -71.10169 42.3331, -71.10198 42.3332, -71.10264 42.33345, -71.1025 42.33369)))"
250250809002,"MULTIPOLYGON (((-71.10301 42.3307, -71.10295 42.33082, -71.1029 42.33089, -71.10275 42.33108, -71.10241 42.33143, -71.10209 42.33176, -71.10204 42.3318, -71.10183 42.33207, -71.10168 42.33229, -71.10152 42.33256, -71.10143 42.33276, -71.10132 42.33296, -71.10062 42.3327, -71.10004 42.33248, -71.09972 42.33239, -71.09959 42.33236, -71.09932 42.33228, -71.09902 42.33219, -71.09789 42.33191, -71.09769 42.33187, -71.09755 42.33185, -71.09718 42.33178, -71.09731 42.33147, -71.0975 42.33098, -71.0976 42.33077, -71.09768 42.33069, -71.09795 42.3305, -71.09804 42.33045, -71.0984 42.33016, -71.09849 42.33007, -71.09865 42.32989, -71.09874 42.32976, -71.09876 42.32971, -71.09882 42.32958, -71.0989 42.32931, -71.09891 42.32928, -71.09894 42.32913, -71.0995 42.3294, -71.10018 42.32972, -71.1005 42.32986, -71.10064 42.32992, -71.10086 42.33, -71.10105 42.33005, -71.10157 42.33017, -71.10229 42.33035, -71.10308 42.33053, -71.10301 42.3307)))"
250250809003,"MULTIPOLYGON (((-71.10526 42.33311, -71.10516 42.3333, -71.10497 42.33369, -71.1049 42.33384, -71.10486 42.33404, -71.10488 42.33411, -71.10491 42.33419, -71.10445 42.33439, -71.10377 42.33466, -71.10357 42.33473, -71.10323 42.33486, -71.10307 42.33492, -71.10243 42.33515, -71.10255 42.33493, -71.10185 42.33475, -71.10196 42.33456, -71.1025 42.33369, -71.10264 42.33345, -71.10198 42.3332, -71.10169 42.3331, -71.10132 42.33296, -71.10143 42.33276, -71.10152 42.33256, -71.10168 42.33229, -71.10183 42.33207, -71.10204 42.3318, -71.10209 42.33176, -71.10241 42.33143, -71.10275 42.33108, -71.1029 42.33089, -71.10295 42.33082, -71.10301 42.3307, -71.10308 42.33053, -71.10437 42.33083, -71.10517 42.33101, -71.10507 42.33118, -71.10498 42.3314, -71.10481 42.33181, -71.10474 42.33201, -71.10512 42.3322, -71.1056 42.33241, -71.10526 42.33311)))"
250250810011,"MULTIPOLYGON (((-71.10871 42.33111, -71.10851 42.3315, -71.10835 42.33182, -71.10833 42.33185, -71.10821 42.33182, -71.10803 42.33177, -71.1072 42.33154, -71.10672 42.33142, -71.10606 42.33123, -71.10598 42.33121, -71.10589 42.33119, -71.10553 42.3311, -71.10536 42.33105, -71.10517 42.33101, -71.10437 42.33083, -71.10308 42.33053, -71.10229 42.33035, -71.10157 42.33017, -71.10105 42.33005, -71.10086 42.33, -71.10064 42.32992, -71.1005 42.32986, -71.10018 42.32972, -71.0995 42.3294, -71.09894 42.32913, -71.09896 42.32896, -71.09905 42.32854, -71.0991 42.32843, -71.09921 42.32824, -71.09937 42.328, -71.09962 42.32806, -71.1001 42.32821, -71.10039 42.32849, -71.10078 42.32889, -71.10116 42.32926, -71.10128 42.32935, -71.10139 42.32941, -71.10153 42.32947, -71.10201 42.32959, -71.10261 42.32973, -71.10285 42.32977, -71.10351 42.32992, -71.10626 42.33062, -71.10652 42.33008, -71.10677 42.33015, -71.10695 42.3302, -71.10803 42.33047, -71.10811 42.33049, -71.1085 42.3306, -71.1089 42.33071, -71.10871 42.33111)))"
250250810012,"MULTIPOLYGON (((-71.10959 42.33144, -71.10958 42.33201, -71.10957 42.33217, -71.10957 42.33256, -71.10959 42.33307, -71.10959 42.3332, -71.10936 42.33322, -71.10903 42.33325, -71.10876 42.33326, -71.10862 42.33326, -71.10788 42.33326, -71.10706 42.33326, -71.10679 42.33327, -71.10663 42.33329, -71.10647 42.33334, -71.10633 42.3334, -71.10614 42.33349, -71.10558 42.33378, -71.10538 42.33391, -71.10512 42.33406, -71.10491 42.33419, -71.10488 42.33411, -71.10486 42.33404, -71.1049 42.33384, -71.10497 42.33369, -71.10516 42.3333, -71.10526 42.33311, -71.1056 42.33241, -71.10512 42.3322, -71.10474 42.33201, -71.10481 42.33181, -71.10498 42.3314, -71.10507 42.33118, -71.10517 42.33101, -71.10536 42.33105, -71.10553 42.3311, -71.10589 42.33119, -71.10598 42.33121, -71.10606 42.33123, -71.10672 42.33142, -71.1072 42.33154, -71.10803 42.33177, -71.10821 42.33182, -71.10833 42.33185, -71.10835 42.33182, -71.10851 42.3315, -71.10871 42.33111, -71.1089 42.33071, -71.10935 42.33083, -71.10951 42.3309, -71.10954 42.33094, -71.10956 42.33097, -71.10958 42.33107, -71.1096 42.33122, -71.10959 42.33144)))"
250250810013,"MULTIPOLYGON (((-71.10936 42.33341, -71.10936 42.33367, -71.10933 42.33392, -71.1093 42.33398, -71.10926 42.33403, -71.10919 42.33407, -71.10915 42.33408, -71.10894 42.33409, -71.1079 42.33408, -71.10703 42.33407, -71.10702 42.3341, -71.10698 42.33418, -71.10691 42.33426, -71.10668 42.33445, -71.10624 42.3342, -71.10558 42.33378, -71.10614 42.33349, -71.10633 42.3334, -71.10647 42.33334, -71.10663 42.33329, -71.10679 42.33327, -71.10706 42.33326, -71.10788 42.33326, -71.10862 42.33326, -71.10876 42.33326, -71.10903 42.33325, -71.10936 42.33322, -71.10936 42.33341)))"
250250810014,"MULTIPOLYGON (((-71.11297 42.33217, -71.1129 42.33238, -71.11284 42.33254, -71.11274 42.3327, -71.11241 42.33307, -71.11223 42.33326, -71.11209 42.33343, -71.11179 42.33373, -71.11156 42.33392, -71.11137 42.33407, -71.11107 42.33428, -71.11075 42.33451, -71.11044 42.33473, -71.11026 42.33487, -71.11009 42.33504, -71.10997 42.33523, -71.10989 42.33538, -71.10987 42.33552, -71.10987 42.3357, -71.10989 42.33584, -71.10993 42.33601, -71.11006 42.33631, -71.10999 42.33636, -71.10983 42.33653, -71.10875 42.33582, -71.10802 42.33534, -71.10732 42.33488, -71.10668 42.33445, -71.10691 42.33426, -71.10698 42.33418, -71.10702 42.3341, -71.10703 42.33407, -71.1079 42.33408, -71.10894 42.33409, -71.10915 42.33408, -71.10919 42.33407, -71.10926 42.33403, -71.1093 42.33398, -71.10933 42.33392, -71.10936 42.33367, -71.10936 42.33341, -71.10936 42.33322, -71.10959 42.3332, -71.10987 42.33316, -71.1101 42.3331, -71.11024 42.33304, -71.11042 42.33296, -71.11081 42.33276, -71.11097 42.33267, -71.11121 42.33251, -71.11152 42.33237, -71.11183 42.33218, -71.11187 42.33216, -71.11198 42.33211, -71.11212 42.33205, -71.1123 42.332, -71.11231 42.332, -71.11272 42.33195, -71.1129 42.33194, -71.11302 42.33193, -71.11297 42.33217)))"
250250810015,"MULTIPOLYGON (((-71.11076 42.33751, -71.11073 42.33765, -71.11067 42.33786, -71.1106 42.33804, -71.11053 42.33822, -71.11049 42.33838, -71.11045 42.33861, -71.11045 42.33873, -71.11044 42.3389, -71.11044 42.3392, -71.11042 42.33944, -71.11039 42.33957, -71.11035 42.33967, -71.11016 42.34007, -71.11 42.34032, -71.10989 42.3403, -71.10962 42.34024, -71.10947 42.34019, -71.10936 42.34012, -71.10925 42.34006, -71.10904 42.33995, -71.10899 42.33992, -71.10849 42.33962, -71.10828 42.3395, -71.10729 42.33893, -71.10607 42.33823, -71.10559 42.33796, -71.10539 42.33786, -71.10514 42.33777, -71.10447 42.33751, -71.10442 42.33749, -71.10427 42.33744, -71.10391 42.33731, -71.1034 42.33711, -71.1031 42.33698, -71.10203 42.33657, -71.10199 42.33655, -71.10163 42.33643, -71.10094 42.33617, -71.10031 42.33594, -71.10068 42.33577, -71.10093 42.33565, -71.10123 42.33554, -71.10143 42.33546, -71.10195 42.33528, -71.10243 42.33515, -71.10307 42.33492, -71.10323 42.33486, -71.10357 42.33473, -71.10377 42.33466, -71.10445 42.33439, -71.10491 42.33419, -71.10512 42.33406, -71.10538 42.33391, -71.10558 42.33378, -71.10624 42.3342, -71.10668 42.33445, -71.10732 42.33488, -71.10802 42.33534, -71.10875 42.33582, -71.10983 42.33653, -71.10999 42.33636, -71.11006 42.33631, -71.11029 42.33659, -71.11041 42.33673, -71.11056 42.33693, -71.11064 42.33706, -71.1107 42.33718, -71.11074 42.33734, -71.11076 42.33751)))"
250250811011,"MULTIPOLYGON (((-71.11315 42.33132, -71.11311 42.33153, -71.11306 42.33177, -71.11306 42.3318, -71.11302 42.33193, -71.1129 42.33194, -71.11272 42.33195, -71.11231 42.332, -71.1123 42.332, -71.1121 42.33194, -71.11201 42.33184, -71.11183 42.33138, -71.11159 42.33079, -71.11133 42.33014, -71.1113 42.33007, -71.11221 42.32987, -71.11228 42.32981, -71.11255 42.33016, -71.11289 42.33059, -71.11299 42.33073, -71.11306 42.33085, -71.11307 42.33091, -71.11314 42.33115, -71.11315 42.33132)))"
250250811012,"MULTIPOLYGON (((-71.11502 42.32364, -71.11491 42.32382, -71.11481 42.32406, -71.11471 42.32431, -71.11466 42.32439, -71.1145 42.32459, -71.11431 42.32473, -71.11404 42.32487, -71.1136 42.32507, -71.11335 42.32518, -71.11317 42.32529, -71.11303 42.3254, -71.11292 42.32554, -71.11286 42.32571, -71.11283 42.32588, -71.11282 42.32652, -71.11281 42.32664, -71.11275 42.32682, -71.11262 42.32706, -71.11236 42.32744, -71.11223 42.32766, -71.1122 42.32771, -71.11209 42.32793, -71.11197 42.32836, -71.11196 42.32839, -71.11193 42.32865, -71.11194 42.32878, -71.11194 42.32891, -71.11198 42.32921, -71.11203 42.32936, -71.11228 42.32981, -71.11221 42.32987, -71.1113 42.33007, -71.1111 42.32964, -71.11091 42.32924, -71.11083 42.32907, -71.11078 42.32893, -71.11075 42.3288, -71.11074 42.32876, -71.11071 42.32864, -71.11071 42.32848, -71.11075 42.32825, -71.11081 42.32798, -71.1109 42.32766, -71.11096 42.32751, -71.111 42.3274, -71.11114 42.32706, -71.11131 42.32669, -71.1114 42.32653, -71.11145 42.32644, -71.11161 42.32618, -71.1119 42.32572, -71.11201 42.32549, -71.11211 42.32521, -71.11219 42.32496, -71.11223 42.32474, -71.11226 42.32455, -71.11227 42.32432, -71.11226 42.32391, -71.11224 42.32359, -71.1122 42.32312, -71.11283 42.32319, -71.11326 42.32322, -71.11385 42.32328, -71.1141 42.32331, -71.11435 42.32336, -71.11467 42.32343, -71.11508 42.32357, -71.11502 42.32364)))"
250250811021,"MULTIPOLYGON (((-71.10887 42.32992, -71.10882 42.33007, -71.10872 42.33028, -71.10854 42.33056, -71.1085 42.3306, -71.10811 42.33049, -71.10803 42.33047, -71.10695 42.3302, -71.10677 42.33015, -71.10652 42.33008, -71.10626 42.33062, -71.10351 42.32992, -71.10285 42.32977, -71.10261 42.32973, -71.10201 42.32959, -71.10153 42.32947, -71.10139 42.32941, -71.10128 42.32935, -71.10116 42.32926, -71.10078 42.32889, -71.10039 42.32849, -71.1001 42.32821, -71.09962 42.32806, -71.09937 42.328, -71.09942 42.32783, -71.09953 42.32755, -71.09962 42.32709, -71.09968 42.32685, -71.09974 42.32672, -71.09985 42.32661, -71.10011 42.32642, -71.10079 42.32642, -71.10119 42.32643, -71.10135 42.32642, -71.10169 42.3264, -71.10179 42.32639, -71.10213 42.32637, -71.10229 42.32635, -71.1027 42.3263, -71.10291 42.32628, -71.10367 42.32618, -71.10406 42.32614, -71.10419 42.32612, -71.10436 42.3261, -71.10462 42.32609, -71.10488 42.32609, -71.10523 42.32611, -71.10545 42.32613, -71.10565 42.32616, -71.10594 42.32625, -71.10629 42.32637, -71.10654 42.32651, -71.10659 42.32654, -71.10689 42.32672, -71.10708 42.32685, -71.10718 42.3269, -71.10706 42.32712, -71.10703 42.32716, -71.107 42.32721, -71.10689 42.32741, -71.10674 42.32768, -71.10658 42.32797, -71.10646 42.32817, -71.10679 42.32825, -71.10709 42.32835, -71.10732 42.32843, -71.10775 42.32862, -71.10807 42.32879, -71.10828 42.32893, -71.10849 42.32911, -71.10866 42.32928, -71.10879 42.3295, -71.10886 42.32967, -71.10888 42.32981, -71.10887 42.32992)))"
250250811022,"MULTIPOLYGON (((-71.11212 42.33205, -71.11198 42.33211, -71.11187 42.33216, -71.11183 42.33218, -71.11152 42.33237, -71.11121 42.33251, -71.11097 42.33267, -71.11081 42.33276, -71.11042 42.33296, -71.11024 42.33304, -71.1101 42.3331, -71.10987 42.33316, -71.10959 42.3332, -71.10959 42.33307, -71.10957 42.33256, -71.10957 42.33217, -71.10958 42.33201, -71.10959 42.33144, -71.1096 42.33122, -71.10958 42.33107, -71.10956 42.33097, -71.10954 42.33094, -71.10951 42.3309, -71.10935 42.33083, -71.1089 42.33071, -71.1085 42.3306, -71.10854 42.33056, -71.10872 42.33028, -71.10882 42.33007, -71.10887 42.32992, -71.10888 42.32981, -71.10886 42.32967, -71.10879 42.3295, -71.10866 42.32928, -71.10849 42.32911, -71.10828 42.32893, -71.10807 42.32879, -71.10775 42.32862, -71.10732 42.32843, -71.10709 42.32835, -71.10679 42.32825, -71.10646 42.32817, -71.10658 42.32797, -71.10674 42.32768, -71.10689 42.32741, -71.107 42.32721, -71.10703 42.32716, -71.10706 42.32712, -71.10718 42.3269, -71.10739 42.32697, -71.10781 42.32712, -71.10822 42.32726, -71.10833 42.32732, -71.10859 42.32746, -71.10878 42.32758, -71.10925 42.32793, -71.1094 42.32804, -71.10982 42.32834, -71.10987 42.32838, -71.11002 42.32849, -71.11043 42.32876, -71.11064 42.32892, -71.11083 42.32907, -71.11091 42.32924, -71.1111 42.32964, -71.1113 42.33007, -71.11133 42.33014, -71.11159 42.33079, -71.11183 42.33138, -71.11201 42.33184, -71.1121 42.33194, -71.1123 42.332, -71.11212 42.33205)))"
250250812001,"MULTIPOLYGON (((-71.10945 42.3235, -71.10933 42.32363, -71.10914 42.32382, -71.10895 42.32401, -71.10871 42.32421, -71.10835 42.32443, -71.10827 42.32448, -71.10805 42.32461, -71.10793 42.32472, -71.10785 42.3248, -71.10782 42.3249, -71.10779 42.32496, -71.10778 42.32508, -71.10776 42.32521, -71.10772 42.32531, -71.10764 42.32541, -71.10751 42.3255, -71.10741 42.32552, -71.10734 42.32552, -71.10725 42.32551, -71.10718 42.3255, -71.10693 42.32545, -71.10633 42.32536, -71.10551 42.3252, -71.10533 42.32573, -71.10523 42.32611, -71.10488 42.32609, -71.10462 42.32609, -71.10438 42.32516, -71.10432 42.32499, -71.10417 42.32455, -71.1041 42.32434, -71.10409 42.32428, -71.10408 42.32422, -71.10406 42.32388, -71.10406 42.32351, -71.10404 42.32323, -71.10404 42.32295, -71.10402 42.32282, -71.10487 42.32272, -71.10516 42.3227, -71.10583 42.32263, -71.10657 42.32256, -71.10685 42.32253, -71.10784 42.32245, -71.10798 42.32244, -71.10845 42.32239, -71.10844 42.32248, -71.10837 42.32283, -71.10827 42.32318, -71.10848 42.32322, -71.10873 42.32326, -71.10889 42.32326, -71.10897 42.32325, -71.10955 42.32337, -71.10945 42.3235)))"
250250812002,"MULTIPOLYGON (((-71.10241 42.32311, -71.10228 42.32343, -71.10211 42.32376, -71.10193 42.32417, -71.10181 42.32448, -71.10171 42.32472, -71.10163 42.32487, -71.10145 42.32525, -71.10145 42.32527, -71.10139 42.32545, -71.10137 42.32555, -71.10133 42.32617, -71.10135 42.32642, -71.10119 42.32643, -71.10079 42.32642, -71.10011 42.32642, -71.09976 42.32639, -71.09963 42.32637, -71.09928 42.32636, -71.09937 42.32622, -71.09949 42.32594, -71.09963 42.32556, -71.09971 42.32542, -71.09963 42.32535, -71.09948 42.32519, -71.09938 42.32513, -71.09914 42.32506, -71.099 42.32503, -71.09892 42.32502, -71.09907 42.32457, -71.09932 42.32399, -71.0995 42.32361, -71.09974 42.32317, -71.10002 42.32277, -71.10036 42.32281, -71.10058 42.32281, -71.10062 42.32282, -71.10134 42.32286, -71.10174 42.32289, -71.10189 42.3229, -71.10211 42.32291, -71.10218 42.32291, -71.10246 42.32292, -71.10241 42.32311)))"
250250812003,"MULTIPOLYGON (((-71.10462 42.32609, -71.10436 42.3261, -71.10419 42.32612, -71.10406 42.32614, -71.10367 42.32618, -71.10291 42.32628, -71.1027 42.3263, -71.10229 42.32635, -71.10213 42.32637, -71.10179 42.32639, -71.10169 42.3264, -71.10135 42.32642, -71.10133 42.32617, -71.10137 42.32555, -71.10139 42.32545, -71.10145 42.32527, -71.10145 42.32525, -71.10163 42.32487, -71.10171 42.32472, -71.10181 42.32448, -71.10193 42.32417, -71.10211 42.32376, -71.10228 42.32343, -71.10241 42.32311, -71.10246 42.32292, -71.10286 42.32292, -71.10322 42.3229, -71.10351 42.32288, -71.10361 42.32287, -71.10402 42.32282, -71.10404 42.32295, -71.10404 42.32323, -71.10406 42.32351, -71.10406 42.32388, -71.10408 42.32422, -71.10409 42.32428, -71.1041 42.32434, -71.10417 42.32455, -71.10432 42.32499, -71.10438 42.32516, -71.10462 42.32609)))"
250250813011,"MULTIPOLYGON (((-71.09948 42.31461, -71.09916 42.31494, -71.09897 42.31512, -71.09864 42.31545, -71.09845 42.31564, -71.09831 42.31579, -71.09829 42.31566, -71.09819 42.31546, -71.09782 42.31521, -71.09745 42.31493, -71.09732 42.31484, -71.0968 42.31448, -71.09643 42.31421, -71.09606 42.31395, -71.09549 42.31354, -71.09515 42.31328, -71.09536 42.31313, -71.09554 42.31299, -71.09598 42.31267, -71.09625 42.31249, -71.09677 42.31283, -71.0973 42.31316, -71.09757 42.31333, -71.09797 42.31359, -71.09818 42.31371, -71.09842 42.31386, -71.09875 42.31407, -71.099 42.31423, -71.09919 42.31436, -71.09942 42.31455, -71.09948 42.31461)))"
250250813012,"MULTIPOLYGON (((-71.10294 42.3193, -71.1025 42.31983, -71.10141 42.32111, -71.10054 42.32213, -71.10002 42.32277, -71.09974 42.32317, -71.0995 42.32361, -71.09932 42.32399, -71.09907 42.32457, -71.09892 42.32502, -71.09888 42.32502, -71.09853 42.32496, -71.0984 42.32493, -71.09854 42.32452, -71.09859 42.32434, -71.09862 42.3242, -71.09863 42.32412, -71.09864 42.32396, -71.09862 42.32356, -71.09858 42.3231, -71.09853 42.3226, -71.09847 42.32178, -71.09847 42.32173, -71.09844 42.3206, -71.09843 42.32037, -71.09841 42.31957, -71.0984 42.31905, -71.09838 42.31863, -71.09838 42.3184, -71.09837 42.31812, -71.09836 42.31769, -71.09834 42.31688, -71.09833 42.31628, -71.09833 42.31611, -71.09831 42.31593, -71.09831 42.31579, -71.09845 42.31564, -71.09895 42.31608, -71.09944 42.31651, -71.09962 42.31667, -71.09969 42.31673, -71.10004 42.31711, -71.10033 42.31737, -71.10076 42.31781, -71.10119 42.31822, -71.10125 42.31825, -71.10136 42.31829, -71.10151 42.31838, -71.10258 42.31905, -71.10292 42.31928, -71.10294 42.3193)))"
250250813021,"MULTIPOLYGON (((-71.09831 42.31579, -71.09829 42.31581, -71.0982 42.31591, -71.0977 42.31642, -71.09731 42.31681, -71.09709 42.31703, -71.09695 42.31697, -71.09565 42.31631, -71.09547 42.31622, -71.09517 42.31607, -71.0948 42.31587, -71.09458 42.31576, -71.09442 42.31569, -71.09427 42.31563, -71.09413 42.3156, -71.09391 42.31556, -71.09356 42.31551, -71.09362 42.31524, -71.09368 42.31502, -71.09376 42.31479, -71.09382 42.31454, -71.09386 42.31446, -71.09394 42.31432, -71.09409 42.31414, -71.09417 42.31406, -71.0944 42.31388, -71.09479 42.31357, -71.09504 42.31338, -71.09515 42.31328, -71.09549 42.31354, -71.09606 42.31395, -71.09643 42.31421, -71.0968 42.31448, -71.09732 42.31484, -71.09745 42.31493, -71.09782 42.31521, -71.09819 42.31546, -71.09829 42.31566, -71.09831 42.31579)))"
250250813022,"MULTIPOLYGON (((-71.09863 42.32412, -71.09862 42.3242, -71.09859 42.32434, -71.09854 42.32452, -71.0984 42.32493, -71.09833 42.32514, -71.09825 42.32539, -71.09796 42.32623, -71.0979 42.32625, -71.09781 42.32628, -71.09723 42.32626, -71.09672 42.32623, -71.09652 42.3262, -71.09663 42.32601, -71.0967 42.32587, -71.0966 42.32578, -71.09666 42.32562, -71.09671 42.32547, -71.09672 42.32531, -71.0967 42.32513, -71.09668 42.32503, -71.09664 42.32494, -71.09655 42.3248, -71.09639 42.32461, -71.09628 42.32447, -71.09613 42.32434, -71.09595 42.32416, -71.09585 42.32405, -71.09565 42.32373, -71.09556 42.32357, -71.09552 42.32352, -71.0954 42.32325, -71.09536 42.32313, -71.09534 42.323, -71.09531 42.32247, -71.0953 42.32223, -71.09533 42.32211, -71.0954 42.32205, -71.09511 42.32192, -71.0943 42.32147, -71.09391 42.32125, -71.09332 42.32092, -71.09315 42.3208, -71.09359 42.32046, -71.09404 42.32007, -71.09435 42.31976, -71.09448 42.31964, -71.09504 42.31909, -71.0953 42.31882, -71.09642 42.31769, -71.0968 42.31733, -71.09695 42.31717, -71.09709 42.31703, -71.09731 42.31681, -71.0977 42.31642, -71.0982 42.31591, -71.09829 42.31581, -71.09831 42.31579, -71.09831 42.31593, -71.09833 42.31611, -71.09833 42.31628, -71.09834 42.31688, -71.09836 42.31769, -71.09837 42.31812, -71.09838 42.3184, -71.09838 42.31863, -71.0984 42.31905, -71.09841 42.31957, -71.09843 42.32037, -71.09844 42.3206, -71.09847 42.32173, -71.09847 42.32178, -71.09853 42.3226, -71.09858 42.3231, -71.09862 42.32356, -71.09864 42.32396, -71.09863 42.32412)))"
250250814001,"MULTIPOLYGON (((-71.09533 42.32826, -71.0952 42.32845, -71.09505 42.32862, -71.09498 42.32869, -71.09485 42.32882, -71.09455 42.32905, -71.09431 42.3292, -71.09405 42.32937, -71.09389 42.32945, -71.09415 42.32976, -71.09454 42.33026, -71.09456 42.3303, -71.09455 42.33034, -71.09451 42.33042, -71.09418 42.33087, -71.09392 42.33117, -71.09381 42.33133, -71.09348 42.3313, -71.0929 42.33127, -71.09222 42.33127, -71.09211 42.33127, -71.09162 42.33125, -71.09145 42.33124, -71.09099 42.33122, -71.09053 42.33117, -71.09013 42.33111, -71.08941 42.33097, -71.08878 42.33079, -71.08819 42.33061, -71.08834 42.3305, -71.08837 42.33048, -71.08847 42.33042, -71.08861 42.3304, -71.08888 42.33037, -71.08955 42.33032, -71.0896 42.33032, -71.09034 42.33025, -71.09082 42.33016, -71.09108 42.33012, -71.09144 42.33004, -71.09124 42.32994, -71.09143 42.32963, -71.09181 42.32896, -71.09198 42.32871, -71.09228 42.32827, -71.09251 42.32781, -71.09256 42.32766, -71.09273 42.32726, -71.09291 42.32688, -71.09333 42.327, -71.09364 42.32708, -71.09443 42.32729, -71.0946 42.32734, -71.0953 42.32753, -71.09567 42.32767, -71.09533 42.32826)))"
250250814002,"MULTIPOLYGON (((-71.09892 42.32502, -71.09875 42.32545, -71.09842 42.32633, -71.0981 42.32721, -71.09789 42.32775, -71.0976 42.32838, -71.09729 42.32893, -71.09712 42.32921, -71.09696 42.32947, -71.09651 42.33021, -71.09628 42.33053, -71.09592 42.33095, -71.09535 42.33155, -71.0949 42.33148, -71.0946 42.33144, -71.0944 42.33141, -71.09395 42.33135, -71.09381 42.33133, -71.09392 42.33117, -71.09418 42.33087, -71.09451 42.33042, -71.09455 42.33034, -71.09456 42.3303, -71.09454 42.33026, -71.09415 42.32976, -71.09389 42.32945, -71.09405 42.32937, -71.09431 42.3292, -71.09455 42.32905, -71.09485 42.32882, -71.09498 42.32869, -71.09505 42.32862, -71.0952 42.32845, -71.09533 42.32826, -71.09567 42.32767, -71.0953 42.32753, -71.0946 42.32734, -71.09443 42.32729, -71.09364 42.32708, -71.09333 42.327, -71.09291 42.32688, -71.09305 42.32655, -71.0931 42.3264, -71.09312 42.32631, -71.0932 42.32578, -71.09323 42.32542, -71.09325 42.32511, -71.09327 42.3248, -71.09328 42.32447, -71.09327 42.3241, -71.09326 42.32386, -71.09325 42.32371, -71.09328 42.32356, -71.09338 42.32341, -71.09347 42.32329, -71.09353 42.32324, -71.09363 42.32319, -71.09383 42.32314, -71.09422 42.32309, -71.09439 42.32308, -71.09455 42.32308, -71.09472 42.32312, -71.09479 42.32313, -71.09508 42.3232, -71.0954 42.32325, -71.09552 42.32352, -71.09556 42.32357, -71.09565 42.32373, -71.09585 42.32405, -71.09595 42.32416, -71.09613 42.32434, -71.09628 42.32447, -71.09639 42.32461, -71.09655 42.3248, -71.09664 42.32494, -71.09668 42.32503, -71.0967 42.32513, -71.09672 42.32531, -71.09671 42.32547, -71.09666 42.32562, -71.0966 42.32578, -71.0967 42.32587, -71.09663 42.32601, -71.09652 42.3262, -71.09672 42.32623, -71.09723 42.32626, -71.09781 42.32628, -71.0979 42.32625, -71.09796 42.32623, -71.09825 42.32539, -71.09833 42.32514, -71.0984 42.32493, -71.09853 42.32496, -71.09888 42.32502, -71.09892 42.32502)))"
250250814003,"MULTIPOLYGON (((-71.09273 42.32726, -71.09256 42.32766, -71.09251 42.32781, -71.09228 42.32827, -71.09198 42.32871, -71.09181 42.32896, -71.09143 42.32963, -71.09124 42.32994, -71.09094 42.32984, -71.09044 42.32966, -71.09033 42.32963, -71.09022 42.32961, -71.0901 42.32945, -71.08974 42.32908, -71.08955 42.32895, -71.08923 42.32875, -71.08828 42.32813, -71.08818 42.32807, -71.08806 42.32802, -71.08767 42.32791, -71.087 42.32778, -71.08726 42.32716, -71.08739 42.32688, -71.08769 42.32618, -71.08789 42.32571, -71.08796 42.32555, -71.08813 42.32519, -71.08821 42.32499, -71.0883 42.32482, -71.08843 42.32462, -71.08854 42.32448, -71.08869 42.32432, -71.08879 42.32422, -71.08939 42.32444, -71.09005 42.32469, -71.09084 42.32497, -71.09096 42.32502, -71.09115 42.32515, -71.09126 42.32523, -71.09134 42.32531, -71.0918 42.32598, -71.0919 42.32613, -71.09213 42.32652, -71.09226 42.32666, -71.09234 42.32671, -71.09241 42.32674, -71.09291 42.32688, -71.09273 42.32726)))"
250250814004,"MULTIPOLYGON (((-71.09985 42.32661, -71.09974 42.32672, -71.09968 42.32685, -71.09962 42.32709, -71.09953 42.32755, -71.09942 42.32783, -71.09937 42.328, -71.09921 42.32824, -71.0991 42.32843, -71.09905 42.32854, -71.09896 42.32896, -71.09894 42.32913, -71.09891 42.32928, -71.0989 42.32931, -71.09882 42.32958, -71.09876 42.32971, -71.09874 42.32976, -71.09865 42.32989, -71.09849 42.33007, -71.0984 42.33016, -71.09804 42.33045, -71.09795 42.3305, -71.09768 42.33069, -71.0976 42.33077, -71.0975 42.33098, -71.09731 42.33147, -71.09718 42.33178, -71.09614 42.33164, -71.09592 42.33161, -71.09535 42.33155, -71.09592 42.33095, -71.09628 42.33053, -71.09651 42.33021, -71.09696 42.32947, -71.09712 42.32921, -71.09729 42.32893, -71.0976 42.32838, -71.09789 42.32775, -71.0981 42.32721, -71.09842 42.32633, -71.09875 42.32545, -71.09892 42.32502, -71.099 42.32503, -71.09914 42.32506, -71.09938 42.32513, -71.09948 42.32519, -71.09963 42.32535, -71.09971 42.32542, -71.09963 42.32556, -71.09949 42.32594, -71.09937 42.32622, -71.09928 42.32636, -71.09963 42.32637, -71.09976 42.32639, -71.10011 42.32642, -71.09985 42.32661)))"
250250815001,"MULTIPOLYGON (((-71.09533 42.32211, -71.0953 42.32223, -71.09531 42.32247, -71.09534 42.323, -71.09536 42.32313, -71.0954 42.32325, -71.09508 42.3232, -71.09479 42.32313, -71.09472 42.32312, -71.09455 42.32308, -71.09439 42.32308, -71.09422 42.32309, -71.09383 42.32314, -71.09363 42.32319, -71.09353 42.32324, -71.09347 42.32329, -71.09338 42.32341, -71.09328 42.32356, -71.09325 42.32371, -71.09326 42.32386, -71.09327 42.3241, -71.09328 42.32447, -71.09327 42.3248, -71.09325 42.32511, -71.09323 42.32542, -71.0932 42.32578, -71.09312 42.32631, -71.0931 42.3264, -71.09305 42.32655, -71.09291 42.32688, -71.09241 42.32674, -71.09234 42.32671, -71.09226 42.32666, -71.09213 42.32652, -71.0919 42.32613, -71.0918 42.32598, -71.09134 42.32531, -71.09126 42.32523, -71.09115 42.32515, -71.09096 42.32502, -71.09084 42.32497, -71.09005 42.32469, -71.08939 42.32444, -71.08879 42.32422, -71.08902 42.32397, -71.08931 42.32365, -71.0896 42.32339, -71.08983 42.32323, -71.09108 42.32232, -71.0915 42.32201, -71.09194 42.32169, -71.09209 42.32158, -71.09248 42.32131, -71.09265 42.32118, -71.09315 42.3208, -71.09332 42.32092, -71.09391 42.32125, -71.0943 42.32147, -71.09511 42.32192, -71.0954 42.32205, -71.09533 42.32211)))"
250250815002,"MULTIPOLYGON (((-71.09695 42.31717, -71.0968 42.31733, -71.09642 42.31769, -71.0953 42.31882, -71.09504 42.31909, -71.09448 42.31964, -71.09435 42.31976, -71.09404 42.32007, -71.09359 42.32046, -71.09315 42.3208, -71.09265 42.32118, -71.09248 42.32131, -71.09227 42.32115, -71.09185 42.32083, -71.09179 42.32078, -71.09171 42.32073, -71.09161 42.32065, -71.09137 42.32042, -71.09087 42.31987, -71.09034 42.31928, -71.09024 42.31921, -71.09067 42.31887, -71.0908 42.31875, -71.09084 42.31867, -71.09091 42.31851, -71.091 42.31827, -71.09113 42.31795, -71.09129 42.31761, -71.09162 42.317, -71.09178 42.31696, -71.09197 42.31694, -71.09229 42.31692, -71.09247 42.3169, -71.09272 42.31684, -71.09296 42.31675, -71.09309 42.31667, -71.09318 42.31654, -71.09323 42.31644, -71.09333 42.31615, -71.09347 42.31579, -71.09356 42.31551, -71.09391 42.31556, -71.09413 42.3156, -71.09427 42.31563, -71.09442 42.31569, -71.09458 42.31576, -71.0948 42.31587, -71.09517 42.31607, -71.09547 42.31622, -71.09565 42.31631, -71.09695 42.31697, -71.09709 42.31703, -71.09695 42.31717)))"
250250817001,"MULTIPOLYGON (((-71.0846 42.32283, -71.08422 42.32338, -71.0841 42.32353, -71.08417 42.32363, -71.08421 42.32368, -71.08429 42.32374, -71.08437 42.32377, -71.08461 42.32378, -71.08475 42.32375, -71.08483 42.32373, -71.08482 42.3241, -71.08482 42.32463, -71.08481 42.32497, -71.08479 42.32512, -71.08462 42.32524, -71.08446 42.32535, -71.08418 42.32555, -71.08411 42.32559, -71.08386 42.32577, -71.08368 42.32592, -71.08345 42.32609, -71.08339 42.3261, -71.08327 42.32613, -71.08331 42.32596, -71.0833 42.32574, -71.08328 42.32561, -71.08316 42.32533, -71.08304 42.32499, -71.08293 42.32471, -71.08277 42.32421, -71.0827 42.324, -71.08258 42.32362, -71.08245 42.32326, -71.08224 42.32267, -71.08215 42.3224, -71.082 42.32199, -71.08192 42.32173, -71.0819 42.32166, -71.08172 42.32106, -71.08162 42.32073, -71.08179 42.32073, -71.08237 42.32068, -71.0828 42.32066, -71.08286 42.32106, -71.08287 42.3212, -71.08286 42.32135, -71.08281 42.32168, -71.08282 42.32178, -71.08284 42.32182, -71.08289 42.32185, -71.08299 42.32187, -71.08325 42.32191, -71.08342 42.32193, -71.08376 42.32202, -71.08397 42.3221, -71.084 42.32211, -71.08431 42.32223, -71.08485 42.32248, -71.0846 42.32283)))"
250250817002,"MULTIPOLYGON (((-71.08598 42.31952, -71.08598 42.31983, -71.08601 42.32049, -71.08601 42.32062, -71.08601 42.32073, -71.086 42.32081, -71.08595 42.32093, -71.08591 42.321, -71.08566 42.32132, -71.08542 42.32169, -71.08527 42.32191, -71.08485 42.32248, -71.08431 42.32223, -71.084 42.32211, -71.08397 42.3221, -71.08376 42.32202, -71.08342 42.32193, -71.08325 42.32191, -71.08299 42.32187, -71.08289 42.32185, -71.08284 42.32182, -71.08282 42.32178, -71.08281 42.32168, -71.08286 42.32135, -71.08287 42.3212, -71.08286 42.32106, -71.0828 42.32066, -71.08237 42.32068, -71.08179 42.32073, -71.08162 42.32073, -71.08151 42.32033, -71.08143 42.32006, -71.08138 42.3198, -71.08138 42.31967, -71.08139 42.31945, -71.08148 42.31906, -71.08155 42.3188, -71.08165 42.31856, -71.08179 42.31827, -71.08192 42.31802, -71.08207 42.31806, -71.08378 42.31852, -71.08427 42.31866, -71.08548 42.31901, -71.08602 42.31916, -71.08598 42.31952)))"
250250817003,"MULTIPOLYGON (((-71.09248 42.32131, -71.09209 42.32158, -71.09194 42.32169, -71.0915 42.32201, -71.09108 42.32232, -71.08983 42.32323, -71.0896 42.32339, -71.08951 42.32338, -71.08942 42.32333, -71.08915 42.32308, -71.08861 42.32259, -71.08834 42.32234, -71.08828 42.32231, -71.08759 42.32205, -71.08673 42.32172, -71.08623 42.32153, -71.08601 42.32144, -71.08566 42.32132, -71.08591 42.321, -71.08595 42.32093, -71.086 42.32081, -71.08601 42.32073, -71.08601 42.32062, -71.08601 42.32049, -71.08598 42.31983, -71.08598 42.31952, -71.08602 42.31916, -71.08604 42.31903, -71.08619 42.31841, -71.08622 42.31824, -71.08685 42.31838, -71.08768 42.31858, -71.08852 42.31878, -71.08912 42.31893, -71.08951 42.31902, -71.09017 42.31918, -71.09024 42.31921, -71.09034 42.31928, -71.09087 42.31987, -71.09137 42.32042, -71.09161 42.32065, -71.09171 42.32073, -71.09179 42.32078, -71.09185 42.32083, -71.09227 42.32115, -71.09248 42.32131)))"
250250817004,"MULTIPOLYGON (((-71.0896 42.32339, -71.08931 42.32365, -71.08902 42.32397, -71.08879 42.32422, -71.08869 42.32432, -71.08854 42.32448, -71.08843 42.32462, -71.0883 42.32482, -71.08821 42.32499, -71.08813 42.32519, -71.08796 42.32555, -71.08789 42.32571, -71.08755 42.32563, -71.08743 42.32558, -71.08732 42.32551, -71.08725 42.32543, -71.08717 42.32534, -71.08713 42.32524, -71.0871 42.32514, -71.08709 42.32486, -71.0871 42.32457, -71.08708 42.32445, -71.08702 42.32428, -71.08701 42.32425, -71.08695 42.3241, -71.0868 42.32381, -71.08666 42.32366, -71.08655 42.32359, -71.08641 42.32352, -71.08624 42.32349, -71.08613 42.32348, -71.08606 42.32348, -71.08588 42.3235, -71.08555 42.32358, -71.08483 42.32373, -71.08475 42.32375, -71.08461 42.32378, -71.08437 42.32377, -71.08429 42.32374, -71.08421 42.32368, -71.08417 42.32363, -71.0841 42.32353, -71.08422 42.32338, -71.0846 42.32283, -71.08485 42.32248, -71.08527 42.32191, -71.08542 42.32169, -71.08566 42.32132, -71.08601 42.32144, -71.08623 42.32153, -71.08673 42.32172, -71.08759 42.32205, -71.08828 42.32231, -71.08834 42.32234, -71.08861 42.32259, -71.08915 42.32308, -71.08942 42.32333, -71.08951 42.32338, -71.0896 42.32339)))"
250250817005,"MULTIPOLYGON (((-71.08769 42.32618, -71.08739 42.32688, -71.08726 42.32716, -71.087 42.32778, -71.08696 42.32786, -71.08694 42.32789, -71.08685 42.32803, -71.08679 42.3281, -71.08674 42.32815, -71.08658 42.32827, -71.08637 42.32837, -71.08616 42.32846, -71.08572 42.32864, -71.08518 42.32885, -71.0851 42.3289, -71.08499 42.32887, -71.0849 42.32885, -71.0844 42.32876, -71.08393 42.3287, -71.08345 42.32865, -71.08337 42.32852, -71.08322 42.32832, -71.08311 42.32812, -71.08306 42.32799, -71.08304 42.3279, -71.08303 42.32774, -71.08307 42.32745, -71.08309 42.32726, -71.08318 42.32661, -71.08327 42.32613, -71.08339 42.3261, -71.08345 42.32609, -71.08368 42.32592, -71.08386 42.32577, -71.08411 42.32559, -71.08418 42.32555, -71.08446 42.32535, -71.08462 42.32524, -71.08479 42.32512, -71.08481 42.32497, -71.08482 42.32463, -71.08482 42.3241, -71.08483 42.32373, -71.08555 42.32358, -71.08588 42.3235, -71.08606 42.32348, -71.08613 42.32348, -71.08624 42.32349, -71.08641 42.32352, -71.08655 42.32359, -71.08666 42.32366, -71.0868 42.32381, -71.08695 42.3241, -71.08701 42.32425, -71.08702 42.32428, -71.08708 42.32445, -71.0871 42.32457, -71.08709 42.32486, -71.0871 42.32514, -71.08713 42.32524, -71.08717 42.32534, -71.08725 42.32543, -71.08732 42.32551, -71.08743 42.32558, -71.08755 42.32563, -71.08789 42.32571, -71.08769 42.32618)))"
250250818001,"MULTIPOLYGON (((-71.08331 42.32596, -71.08219 42.32572, -71.08187 42.32565, -71.08176 42.32561, -71.0816 42.32555, -71.0812 42.32529, -71.08054 42.32482, -71.08015 42.32455, -71.0796 42.32416, -71.07941 42.32406, -71.0792 42.32398, -71.07881 42.3238, -71.07833 42.3236, -71.07785 42.32339, -71.07752 42.32326, -71.07782 42.32289, -71.07852 42.32233, -71.07957 42.32148, -71.08024 42.32096, -71.08132 42.32147, -71.08192 42.32173, -71.082 42.32199, -71.08215 42.3224, -71.08224 42.32267, -71.08245 42.32326, -71.08258 42.32362, -71.0827 42.324, -71.08277 42.32421, -71.08293 42.32471, -71.08304 42.32499, -71.08316 42.32533, -71.08328 42.32561, -71.0833 42.32574, -71.08331 42.32596)))"
250250818002,"MULTIPOLYGON (((-71.08192 42.32173, -71.08132 42.32147, -71.08024 42.32096, -71.07957 42.32148, -71.07852 42.32233, -71.07782 42.32289, -71.07752 42.32326, -71.07666 42.32289, -71.07693 42.32253, -71.0771 42.32228, -71.07715 42.3222, -71.07719 42.3221, -71.07722 42.32198, -71.07728 42.32181, -71.07749 42.32127, -71.07763 42.32091, -71.07765 42.32084, -71.07771 42.32063, -71.07775 42.32043, -71.07775 42.3204, -71.07776 42.32021, -71.07776 42.31987, -71.07776 42.31974, -71.07775 42.31928, -71.07775 42.31906, -71.07775 42.31884, -71.07775 42.31874, -71.07776 42.31861, -71.07781 42.3183, -71.07805 42.31834, -71.07868 42.31859, -71.07942 42.31888, -71.07969 42.319, -71.08001 42.31915, -71.08138 42.3198, -71.08143 42.32006, -71.08151 42.32033, -71.08162 42.32073, -71.08172 42.32106, -71.0819 42.32166, -71.08192 42.32173)))"
250250818003,"MULTIPOLYGON (((-71.08278 42.31652, -71.08256 42.3169, -71.08237 42.31723, -71.08217 42.31756, -71.08199 42.31788, -71.08192 42.31802, -71.08179 42.31827, -71.08165 42.31856, -71.08155 42.3188, -71.08148 42.31906, -71.08139 42.31945, -71.08138 42.31967, -71.08138 42.3198, -71.08001 42.31915, -71.07969 42.319, -71.07942 42.31888, -71.07868 42.31859, -71.07805 42.31834, -71.07781 42.3183, -71.0779 42.3178, -71.07797 42.31739, -71.07801 42.3172, -71.07805 42.3169, -71.07815 42.31623, -71.07822 42.31587, -71.07827 42.31568, -71.07833 42.31555, -71.07848 42.31523, -71.07882 42.31461, -71.07937 42.31487, -71.07949 42.31494, -71.07985 42.31512, -71.08037 42.31541, -71.081 42.31576, -71.08144 42.31592, -71.08181 42.31604, -71.08265 42.31631, -71.08285 42.31636, -71.08278 42.31652)))"
250250819001,"MULTIPOLYGON (((-71.09113 42.31795, -71.091 42.31827, -71.09091 42.31851, -71.09084 42.31867, -71.0908 42.31875, -71.09067 42.31887, -71.09024 42.31921, -71.09017 42.31918, -71.08951 42.31902, -71.08912 42.31893, -71.08852 42.31878, -71.08768 42.31858, -71.08685 42.31838, -71.08622 42.31824, -71.08619 42.31841, -71.08604 42.31903, -71.08602 42.31916, -71.08548 42.31901, -71.08427 42.31866, -71.08378 42.31852, -71.08207 42.31806, -71.08192 42.31802, -71.08199 42.31788, -71.08217 42.31756, -71.08237 42.31723, -71.08256 42.3169, -71.08278 42.31652, -71.08285 42.31636, -71.08295 42.31638, -71.08371 42.31658, -71.08428 42.31674, -71.08442 42.31677, -71.08458 42.31679, -71.08483 42.31679, -71.08517 42.31677, -71.08534 42.31674, -71.08549 42.31674, -71.08559 42.31676, -71.08573 42.3168, -71.08603 42.31689, -71.08651 42.31705, -71.0867 42.31672, -71.0869 42.31639, -71.08758 42.31657, -71.08988 42.3172, -71.09089 42.31749, -71.09129 42.31761, -71.09113 42.31795)))"
250250819002,"MULTIPOLYGON (((-71.09179 42.31577, -71.09175 42.31603, -71.09176 42.31628, -71.09177 42.31633, -71.09175 42.31653, -71.09167 42.3169, -71.09162 42.317, -71.09129 42.31761, -71.09089 42.31749, -71.08988 42.3172, -71.08758 42.31657, -71.0869 42.31639, -71.08702 42.31622, -71.08734 42.31583, -71.08791 42.31513, -71.08833 42.31461, -71.08917 42.31486, -71.08983 42.31505, -71.09018 42.31515, -71.09073 42.31531, -71.09144 42.31553, -71.09183 42.31564, -71.09179 42.31577)))"
250250819003,"MULTIPOLYGON (((-71.09376 42.31479, -71.09368 42.31502, -71.09362 42.31524, -71.09356 42.31551, -71.09347 42.31579, -71.09333 42.31615, -71.09323 42.31644, -71.09318 42.31654, -71.09309 42.31667, -71.09296 42.31675, -71.09272 42.31684, -71.09247 42.3169, -71.09229 42.31692, -71.09197 42.31694, -71.09178 42.31696, -71.09162 42.317, -71.09167 42.3169, -71.09175 42.31653, -71.09177 42.31633, -71.09176 42.31628, -71.09175 42.31603, -71.09179 42.31577, -71.09183 42.31564, -71.09144 42.31553, -71.09073 42.31531, -71.09018 42.31515, -71.08983 42.31505, -71.08917 42.31486, -71.08833 42.31461, -71.08844 42.31445, -71.08881 42.31401, -71.08916 42.31356, -71.0894 42.31326, -71.08993 42.31263, -71.09013 42.31272, -71.09092 42.31312, -71.09156 42.31342, -71.09203 42.31367, -71.0923 42.31378, -71.09342 42.31434, -71.09373 42.3145, -71.09382 42.31454, -71.09376 42.31479)))"
250250819004,"MULTIPOLYGON (((-71.09504 42.31338, -71.09479 42.31357, -71.0944 42.31388, -71.09417 42.31406, -71.09409 42.31414, -71.09394 42.31432, -71.09386 42.31446, -71.09382 42.31454, -71.09373 42.3145, -71.09342 42.31434, -71.0923 42.31378, -71.09203 42.31367, -71.09156 42.31342, -71.09092 42.31312, -71.09013 42.31272, -71.08993 42.31263, -71.09051 42.3119, -71.0911 42.31115, -71.09156 42.31054, -71.09182 42.31026, -71.09208 42.30995, -71.09217 42.30986, -71.09269 42.31027, -71.09295 42.31052, -71.09298 42.31056, -71.09313 42.31072, -71.0933 42.31099, -71.09344 42.31137, -71.09354 42.31179, -71.09355 42.31186, -71.09357 42.31206, -71.0936 42.31215, -71.09364 42.31226, -71.09375 42.31245, -71.09386 42.31259, -71.09398 42.31269, -71.09411 42.31277, -71.09427 42.31284, -71.09462 42.31297, -71.09466 42.31299, -71.09482 42.31308, -71.09515 42.31328, -71.09504 42.31338)))"
250250820001,"MULTIPOLYGON (((-71.08371 42.31421, -71.0837 42.31426, -71.08367 42.31439, -71.08354 42.31476, -71.0833 42.31535, -71.08301 42.3161, -71.08285 42.31636, -71.08265 42.31631, -71.08181 42.31604, -71.08144 42.31592, -71.081 42.31576, -71.08037 42.31541, -71.07985 42.31512, -71.07949 42.31494, -71.07937 42.31487, -71.07882 42.31461, -71.07917 42.31405, -71.0794 42.31368, -71.0795 42.31351, -71.07968 42.31322, -71.08009 42.31269, -71.08031 42.31242, -71.08074 42.31189, -71.08115 42.31136, -71.08157 42.31084, -71.08171 42.31065, -71.08201 42.31026, -71.08251 42.30966, -71.08267 42.30953, -71.08277 42.30975, -71.08289 42.30994, -71.08322 42.31048, -71.08325 42.3106, -71.08326 42.31069, -71.08325 42.31079, -71.08311 42.31117, -71.08303 42.31133, -71.083 42.31143, -71.08292 42.31163, -71.08291 42.31176, -71.08292 42.31187, -71.08292 42.31198, -71.08297 42.31217, -71.08312 42.31246, -71.08334 42.31279, -71.08345 42.31294, -71.08348 42.31301, -71.08355 42.31319, -71.08359 42.31328, -71.08362 42.31338, -71.08364 42.31354, -71.08366 42.31369, -71.08366 42.31374, -71.08371 42.31406, -71.08371 42.31421)))"
250250820002,"MULTIPOLYGON (((-71.08916 42.31356, -71.08881 42.31401, -71.08844 42.31445, -71.08833 42.31461, -71.08709 42.31424, -71.08559 42.3138, -71.08474 42.31354, -71.08417 42.31337, -71.08372 42.31324, -71.08355 42.31319, -71.08348 42.31301, -71.08345 42.31294, -71.08334 42.31279, -71.08312 42.31246, -71.08297 42.31217, -71.08292 42.31198, -71.08292 42.31187, -71.08291 42.31176, -71.08292 42.31163, -71.083 42.31143, -71.08303 42.31133, -71.08311 42.31117, -71.08325 42.31079, -71.08326 42.31069, -71.08325 42.3106, -71.08349 42.31057, -71.08377 42.31054, -71.08382 42.31054, -71.08392 42.31058, -71.08414 42.31069, -71.08495 42.31116, -71.08521 42.31132, -71.08568 42.31158, -71.08586 42.31169, -71.08622 42.31187, -71.08676 42.31214, -71.08738 42.31243, -71.08808 42.31279, -71.08832 42.31289, -71.08867 42.31303, -71.08905 42.31315, -71.0894 42.31326, -71.08916 42.31356)))"
250250820003,"MULTIPOLYGON (((-71.08791 42.31513, -71.08734 42.31583, -71.08702 42.31622, -71.0869 42.31639, -71.0867 42.31672, -71.08651 42.31705, -71.08603 42.31689, -71.08573 42.3168, -71.08559 42.31676, -71.08549 42.31674, -71.08534 42.31674, -71.08517 42.31677, -71.08483 42.31679, -71.08458 42.31679, -71.08442 42.31677, -71.08428 42.31674, -71.08371 42.31658, -71.08295 42.31638, -71.08285 42.31636, -71.08301 42.3161, -71.0833 42.31535, -71.08354 42.31476, -71.08367 42.31439, -71.0837 42.31426, -71.08371 42.31421, -71.08371 42.31406, -71.08366 42.31374, -71.08366 42.31369, -71.08364 42.31354, -71.08362 42.31338, -71.08359 42.31328, -71.08355 42.31319, -71.08372 42.31324, -71.08417 42.31337, -71.08474 42.31354, -71.08559 42.3138, -71.08709 42.31424, -71.08833 42.31461, -71.08791 42.31513)))"
250250821001,"MULTIPOLYGON (((-71.08722 42.30988, -71.08696 42.31023, -71.08649 42.31081, -71.08638 42.31096, -71.08586 42.31169, -71.08568 42.31158, -71.08521 42.31132, -71.08495 42.31116, -71.08414 42.31069, -71.08392 42.31058, -71.08382 42.31054, -71.08377 42.31054, -71.08349 42.31057, -71.08325 42.3106, -71.08322 42.31048, -71.08289 42.30994, -71.08277 42.30975, -71.08267 42.30953, -71.08274 42.30943, -71.0828 42.30933, -71.08297 42.309, -71.08308 42.30877, -71.08309 42.30874, -71.08325 42.30847, -71.08369 42.30789, -71.0839 42.30759, -71.08412 42.30768, -71.08436 42.30779, -71.08484 42.30798, -71.0852 42.30816, -71.08542 42.3083, -71.0859 42.30862, -71.08611 42.30876, -71.08681 42.3092, -71.08742 42.30961, -71.08722 42.30988)))"
250250821002,"MULTIPOLYGON (((-71.089 42.30761, -71.08863 42.30806, -71.08837 42.30842, -71.08811 42.30875, -71.08799 42.30891, -71.08781 42.30913, -71.08742 42.30961, -71.08681 42.3092, -71.08611 42.30876, -71.0859 42.30862, -71.08542 42.3083, -71.0852 42.30816, -71.08484 42.30798, -71.08436 42.30779, -71.08412 42.30768, -71.0839 42.30759, -71.08403 42.30742, -71.08419 42.30719, -71.0843 42.30701, -71.0844 42.3068, -71.08447 42.30661, -71.08455 42.30638, -71.08462 42.30612, -71.08465 42.30593, -71.08469 42.30561, -71.08472 42.30545, -71.08474 42.30528, -71.08485 42.30471, -71.08492 42.30443, -71.08491 42.3049, -71.08493 42.30499, -71.08496 42.30508, -71.08501 42.30517, -71.08509 42.30524, -71.0853 42.30541, -71.08556 42.30553, -71.08616 42.30587, -71.08657 42.30611, -71.08726 42.30654, -71.08748 42.30667, -71.08792 42.3069, -71.08822 42.30704, -71.08846 42.30716, -71.08859 42.30723, -71.08908 42.30753, -71.089 42.30761)))"
250250821003,"MULTIPOLYGON (((-71.09208 42.30995, -71.09182 42.31026, -71.09156 42.31054, -71.0911 42.31115, -71.09051 42.3119, -71.08993 42.31263, -71.0894 42.31326, -71.08905 42.31315, -71.08867 42.31303, -71.08832 42.31289, -71.08808 42.31279, -71.08738 42.31243, -71.08676 42.31214, -71.08622 42.31187, -71.08586 42.31169, -71.08638 42.31096, -71.08649 42.31081, -71.08696 42.31023, -71.08722 42.30988, -71.08742 42.30961, -71.08781 42.30913, -71.08799 42.30891, -71.08811 42.30875, -71.08837 42.30842, -71.08863 42.30806, -71.089 42.30761, -71.08908 42.30753, -71.08924 42.30764, -71.08991 42.30817, -71.09071 42.30878, -71.09109 42.30905, -71.0919 42.30967, -71.09217 42.30986, -71.09208 42.30995)))"
250250901001,"MULTIPOLYGON (((-71.08525 42.30345, -71.085 42.30418, -71.08492 42.30443, -71.08485 42.30471, -71.08474 42.30528, -71.08472 42.30545, -71.08469 42.30561, -71.08465 42.30593, -71.08462 42.30612, -71.08455 42.30638, -71.08447 42.30661, -71.0844 42.3068, -71.0843 42.30701, -71.08419 42.30719, -71.08403 42.30742, -71.0839 42.30759, -71.08369 42.30789, -71.08325 42.30847, -71.08316 42.30832, -71.08286 42.308, -71.08273 42.30778, -71.08264 42.30763, -71.08252 42.30742, -71.08234 42.30717, -71.0822 42.30697, -71.08217 42.30692, -71.08181 42.30652, -71.08163 42.30634, -71.08136 42.3061, -71.08079 42.30562, -71.08056 42.30544, -71.08071 42.30535, -71.08119 42.30504, -71.08132 42.30497, -71.0814 42.30492, -71.08185 42.30465, -71.08216 42.30443, -71.08248 42.30422, -71.0827 42.30401, -71.08291 42.30385, -71.08296 42.30381, -71.08319 42.30368, -71.08341 42.30359, -71.08358 42.30356, -71.08367 42.30354, -71.08406 42.30352, -71.08439 42.30353, -71.08456 42.30352, -71.08503 42.30348, -71.08525 42.30345)))"
250250901002,"MULTIPOLYGON (((-71.08291 42.30385, -71.0827 42.30401, -71.08248 42.30422, -71.08216 42.30443, -71.08185 42.30465, -71.0814 42.30492, -71.08132 42.30497, -71.08119 42.30504, -71.08071 42.30535, -71.08056 42.30544, -71.08045 42.30535, -71.08036 42.30527, -71.07992 42.30491, -71.07956 42.30462, -71.07941 42.30451, -71.07925 42.30432, -71.07894 42.30394, -71.07881 42.30374, -71.07853 42.30339, -71.07861 42.30329, -71.07868 42.3032, -71.07878 42.30312, -71.07903 42.30299, -71.07915 42.30294, -71.07942 42.30284, -71.08006 42.3026, -71.08079 42.30232, -71.08115 42.30256, -71.08237 42.30338, -71.08284 42.3037, -71.08291 42.30385)))"
250250901003,"MULTIPOLYGON (((-71.0859 42.30138, -71.08573 42.30195, -71.08556 42.3025, -71.08536 42.30309, -71.08525 42.30345, -71.08503 42.30348, -71.08456 42.30352, -71.08439 42.30353, -71.08406 42.30352, -71.08367 42.30354, -71.08358 42.30356, -71.08341 42.30359, -71.08319 42.30368, -71.08296 42.30381, -71.08291 42.30385, -71.08284 42.3037, -71.08237 42.30338, -71.08115 42.30256, -71.08079 42.30232, -71.08118 42.30217, -71.08156 42.30201, -71.08193 42.30185, -71.08224 42.3017, -71.08291 42.30135, -71.08336 42.30111, -71.08372 42.30092, -71.0847 42.30042, -71.08529 42.30091, -71.08573 42.30125, -71.0859 42.30138)))"
250250901004,"MULTIPOLYGON (((-71.0847 42.30042, -71.08372 42.30092, -71.08336 42.30111, -71.08291 42.30135, -71.08224 42.3017, -71.08193 42.30185, -71.08156 42.30201, -71.08118 42.30217, -71.08079 42.30232, -71.08006 42.3026, -71.07942 42.30284, -71.07915 42.30294, -71.07903 42.30299, -71.07878 42.30312, -71.07868 42.3032, -71.07861 42.30329, -71.07853 42.30339, -71.07842 42.30323, -71.07861 42.30295, -71.07887 42.30237, -71.07897 42.30204, -71.07906 42.30174, -71.07915 42.30145, -71.07922 42.30119, -71.07926 42.30081, -71.07928 42.30019, -71.07927 42.29971, -71.07923 42.29921, -71.07915 42.29869, -71.07885 42.29671, -71.07954 42.29656, -71.07951 42.29659, -71.07949 42.29663, -71.07948 42.29667, -71.07948 42.29674, -71.0795 42.29694, -71.07962 42.29773, -71.07969 42.29829, -71.07971 42.29841, -71.07981 42.29907, -71.07988 42.2996, -71.07989 42.29972, -71.07989 42.30009, -71.07987 42.30043, -71.08149 42.30012, -71.08184 42.30006, -71.08195 42.30003, -71.08207 42.29999, -71.08251 42.30023, -71.08282 42.30041, -71.0833 42.30013, -71.08391 42.29971, -71.0847 42.30042)))"
250250901005,"MULTIPOLYGON (((-71.08391 42.29971, -71.0833 42.30013, -71.08282 42.30041, -71.08251 42.30023, -71.08207 42.29999, -71.08195 42.30003, -71.08184 42.30006, -71.08149 42.30012, -71.07987 42.30043, -71.07989 42.30009, -71.07989 42.29972, -71.07988 42.2996, -71.07981 42.29907, -71.07971 42.29841, -71.07969 42.29829, -71.07962 42.29773, -71.0795 42.29694, -71.07948 42.29674, -71.07948 42.29667, -71.07949 42.29663, -71.07951 42.29659, -71.07954 42.29656, -71.08 42.29648, -71.08046 42.29639, -71.08087 42.29749, -71.08108 42.29812, -71.08133 42.29876, -71.08141 42.299, -71.0823 42.29879, -71.08291 42.29866, -71.08304 42.29893, -71.08308 42.29898, -71.08314 42.29905, -71.0833 42.29919, -71.08391 42.29971)))"
250250902001,"MULTIPOLYGON (((-71.07894 42.30394, -71.07874 42.30404, -71.07853 42.30413, -71.07839 42.30421, -71.07827 42.30431, -71.07818 42.30443, -71.07806 42.30465, -71.0785 42.3048, -71.07865 42.30487, -71.07872 42.30492, -71.07877 42.305, -71.07878 42.30511, -71.07877 42.3052, -71.0787 42.30539, -71.07863 42.30553, -71.07851 42.30574, -71.07846 42.30585, -71.07839 42.30595, -71.07826 42.30604, -71.07841 42.30615, -71.07815 42.30623, -71.07792 42.30631, -71.07763 42.30644, -71.07735 42.30658, -71.07701 42.3068, -71.07664 42.30708, -71.07628 42.30739, -71.07608 42.30757, -71.07553 42.30804, -71.07523 42.30827, -71.0751 42.3082, -71.07472 42.30803, -71.07437 42.30788, -71.07415 42.30779, -71.07391 42.30768, -71.07426 42.30735, -71.07491 42.30676, -71.07496 42.30672, -71.0764 42.30552, -71.07678 42.30519, -71.07726 42.30474, -71.07755 42.30444, -71.07776 42.3042, -71.078 42.30387, -71.07818 42.30361, -71.07842 42.30323, -71.07853 42.30339, -71.07881 42.30374, -71.07894 42.30394)))"
250250902002,"MULTIPOLYGON (((-71.08325 42.30847, -71.08309 42.30874, -71.08308 42.30877, -71.083 42.30874, -71.08294 42.30869, -71.08251 42.30857, -71.0821 42.30849, -71.08203 42.30848, -71.08172 42.30841, -71.08158 42.30837, -71.08142 42.30831, -71.08128 42.30824, -71.08105 42.30808, -71.08063 42.30777, -71.08002 42.30732, -71.0797 42.3071, -71.07913 42.30668, -71.07841 42.30615, -71.07826 42.30604, -71.07839 42.30595, -71.07846 42.30585, -71.07851 42.30574, -71.07863 42.30553, -71.0787 42.30539, -71.07877 42.3052, -71.07878 42.30511, -71.07877 42.305, -71.07872 42.30492, -71.07865 42.30487, -71.0785 42.3048, -71.07806 42.30465, -71.07818 42.30443, -71.07827 42.30431, -71.07839 42.30421, -71.07853 42.30413, -71.07874 42.30404, -71.07894 42.30394, -71.07925 42.30432, -71.07941 42.30451, -71.07956 42.30462, -71.07992 42.30491, -71.08036 42.30527, -71.08045 42.30535, -71.08056 42.30544, -71.08079 42.30562, -71.08136 42.3061, -71.08163 42.30634, -71.08181 42.30652, -71.08217 42.30692, -71.0822 42.30697, -71.08234 42.30717, -71.08252 42.30742, -71.08264 42.30763, -71.08273 42.30778, -71.08286 42.308, -71.08316 42.30832, -71.08325 42.30847)))"
250250902003,"MULTIPOLYGON (((-71.08308 42.30877, -71.08297 42.309, -71.0828 42.30933, -71.08274 42.30943, -71.08267 42.30953, -71.08251 42.30966, -71.08201 42.31026, -71.08166 42.31005, -71.0812 42.3098, -71.08089 42.30962, -71.08027 42.30926, -71.07985 42.30965, -71.07958 42.30988, -71.07902 42.3095, -71.07777 42.30869, -71.07608 42.30757, -71.07628 42.30739, -71.07664 42.30708, -71.07701 42.3068, -71.07735 42.30658, -71.07763 42.30644, -71.07792 42.30631, -71.07815 42.30623, -71.07841 42.30615, -71.07913 42.30668, -71.0797 42.3071, -71.08002 42.30732, -71.08063 42.30777, -71.08105 42.30808, -71.08128 42.30824, -71.08142 42.30831, -71.08158 42.30837, -71.08172 42.30841, -71.08203 42.30848, -71.0821 42.30849, -71.08251 42.30857, -71.08294 42.30869, -71.083 42.30874, -71.08308 42.30877)))"
250250903001,"MULTIPOLYGON (((-71.07793 42.31163, -71.07775 42.3118, -71.07749 42.31205, -71.07731 42.31222, -71.07669 42.31186, -71.07599 42.31147, -71.07582 42.31137, -71.07553 42.31164, -71.07531 42.31184, -71.0752 42.31194, -71.07512 42.31204, -71.075 42.31222, -71.07481 42.31253, -71.07473 42.31266, -71.07468 42.31275, -71.07465 42.31284, -71.07409 42.31261, -71.07362 42.3124, -71.07317 42.31222, -71.07279 42.31215, -71.0722 42.31203, -71.07193 42.31198, -71.07162 42.31188, -71.07151 42.31184, -71.0713 42.31176, -71.07093 42.31161, -71.07039 42.3114, -71.07022 42.31133, -71.0708 42.31103, -71.07082 42.31102, -71.07157 42.31067, -71.0719 42.31048, -71.07233 42.31021, -71.07256 42.31007, -71.07299 42.30979, -71.07319 42.30966, -71.07332 42.30957, -71.0736 42.30937, -71.07395 42.30915, -71.07434 42.30932, -71.07522 42.30967, -71.07583 42.3099, -71.0761 42.31002, -71.07689 42.31033, -71.07773 42.31066, -71.07853 42.31097, -71.07793 42.31163)))"
250250903002,"MULTIPOLYGON (((-71.08171 42.31065, -71.08157 42.31084, -71.08115 42.31136, -71.08074 42.31189, -71.08031 42.31242, -71.08009 42.31269, -71.07967 42.31247, -71.07945 42.31234, -71.07918 42.31219, -71.07892 42.31205, -71.07853 42.31189, -71.07793 42.31163, -71.07853 42.31097, -71.07773 42.31066, -71.07689 42.31033, -71.0761 42.31002, -71.07583 42.3099, -71.07522 42.30967, -71.07434 42.30932, -71.07395 42.30915, -71.0736 42.30937, -71.07332 42.30957, -71.07319 42.30966, -71.07299 42.30979, -71.07256 42.31007, -71.07269 42.30978, -71.07282 42.30947, -71.07335 42.30847, -71.0735 42.30821, -71.07365 42.30802, -71.07378 42.30784, -71.07391 42.30768, -71.07415 42.30779, -71.07437 42.30788, -71.07472 42.30803, -71.0751 42.3082, -71.07523 42.30827, -71.07553 42.30804, -71.07608 42.30757, -71.07777 42.30869, -71.07902 42.3095, -71.07958 42.30988, -71.07985 42.30965, -71.08027 42.30926, -71.08089 42.30962, -71.0812 42.3098, -71.08166 42.31005, -71.08201 42.31026, -71.08171 42.31065)))"
250250903003,"MULTIPOLYGON (((-71.07968 42.31322, -71.0795 42.31351, -71.0794 42.31368, -71.07917 42.31405, -71.07882 42.31461, -71.07849 42.31443, -71.07792 42.31415, -71.07773 42.31406, -71.077 42.31371, -71.07679 42.31363, -71.07618 42.31342, -71.07567 42.31323, -71.07558 42.3132, -71.07536 42.31312, -71.07497 42.31298, -71.07465 42.31284, -71.07468 42.31275, -71.07473 42.31266, -71.07481 42.31253, -71.075 42.31222, -71.07512 42.31204, -71.0752 42.31194, -71.07531 42.31184, -71.07553 42.31164, -71.07582 42.31137, -71.07599 42.31147, -71.07669 42.31186, -71.07731 42.31222, -71.07749 42.31205, -71.07775 42.3118, -71.07793 42.31163, -71.07853 42.31189, -71.07892 42.31205, -71.07918 42.31219, -71.07945 42.31234, -71.07967 42.31247, -71.08009 42.31269, -71.07968 42.31322)))"
250250904001,"MULTIPOLYGON (((-71.07685 42.31636, -71.07683 42.31651, -71.07677 42.31672, -71.07649 42.3173, -71.07629 42.31777, -71.07601 42.31842, -71.07574 42.31843, -71.07552 42.31843, -71.0754 42.31842, -71.07531 42.3184, -71.07528 42.31839, -71.07513 42.31832, -71.075 42.31824, -71.07489 42.31819, -71.07479 42.31816, -71.07465 42.31814, -71.07451 42.31815, -71.07431 42.3182, -71.07424 42.31824, -71.07412 42.31814, -71.07389 42.31801, -71.07358 42.31782, -71.07347 42.31772, -71.07337 42.31761, -71.07316 42.31725, -71.07301 42.31703, -71.07293 42.31686, -71.07285 42.31673, -71.07283 42.31666, -71.07282 42.31654, -71.07284 42.31648, -71.07295 42.316, -71.07299 42.31582, -71.07303 42.31551, -71.07308 42.31471, -71.07312 42.31441, -71.07314 42.31422, -71.0745 42.31432, -71.07522 42.31437, -71.07523 42.31451, -71.07524 42.31459, -71.07528 42.31475, -71.07537 42.31499, -71.07545 42.31526, -71.07544 42.3154, -71.07541 42.31565, -71.07574 42.31572, -71.07632 42.31584, -71.07695 42.31598, -71.07685 42.31636)))"
250250904002,"MULTIPOLYGON (((-71.07882 42.31461, -71.07848 42.31523, -71.07833 42.31555, -71.07827 42.31568, -71.07822 42.31587, -71.07815 42.31623, -71.07805 42.3169, -71.07801 42.3172, -71.07797 42.31739, -71.0779 42.3178, -71.07781 42.3183, -71.07705 42.31838, -71.07664 42.31841, -71.07601 42.31842, -71.07629 42.31777, -71.07649 42.3173, -71.07677 42.31672, -71.07683 42.31651, -71.07685 42.31636, -71.07695 42.31598, -71.07632 42.31584, -71.07574 42.31572, -71.07541 42.31565, -71.07544 42.3154, -71.07545 42.31526, -71.07537 42.31499, -71.07528 42.31475, -71.07524 42.31459, -71.07523 42.31451, -71.07522 42.31437, -71.0745 42.31432, -71.07314 42.31422, -71.07321 42.31368, -71.07298 42.31368, -71.07214 42.31366, -71.07223 42.31341, -71.07261 42.31295, -71.07305 42.31237, -71.07317 42.31222, -71.07362 42.3124, -71.07409 42.31261, -71.07465 42.31284, -71.07497 42.31298, -71.07536 42.31312, -71.07558 42.3132, -71.07567 42.31323, -71.07618 42.31342, -71.07679 42.31363, -71.077 42.31371, -71.07773 42.31406, -71.07792 42.31415, -71.07849 42.31443, -71.07882 42.31461)))"
250250904003,"MULTIPOLYGON (((-71.07776 42.31861, -71.07775 42.31874, -71.07775 42.31884, -71.07775 42.31906, -71.07775 42.31928, -71.07761 42.31929, -71.07722 42.31931, -71.07718 42.31931, -71.07688 42.31932, -71.07649 42.31934, -71.07619 42.31937, -71.07577 42.31941, -71.07547 42.31942, -71.07533 42.31941, -71.07525 42.31939, -71.07518 42.31934, -71.07513 42.31966, -71.07481 42.31964, -71.07431 42.31955, -71.07404 42.31949, -71.07387 42.31938, -71.07331 42.31903, -71.07319 42.31912, -71.07312 42.31918, -71.07301 42.31923, -71.07282 42.31926, -71.07271 42.31929, -71.07259 42.31932, -71.07236 42.31945, -71.07191 42.31977, -71.07163 42.31995, -71.07128 42.32016, -71.07087 42.31978, -71.07067 42.31956, -71.07046 42.31932, -71.07036 42.31924, -71.0702 42.31915, -71.06997 42.31905, -71.0697 42.31895, -71.06998 42.31834, -71.07017 42.31793, -71.07039 42.31744, -71.07151 42.31774, -71.07168 42.31778, -71.07174 42.31778, -71.07183 42.31778, -71.07192 42.31777, -71.072 42.31774, -71.07218 42.31763, -71.0724 42.31748, -71.07279 42.3172, -71.07301 42.31703, -71.07316 42.31725, -71.07337 42.31761, -71.07347 42.31772, -71.07358 42.31782, -71.07389 42.31801, -71.07412 42.31814, -71.07424 42.31824, -71.07431 42.3182, -71.07451 42.31815, -71.07465 42.31814, -71.07479 42.31816, -71.07489 42.31819, -71.075 42.31824, -71.07513 42.31832, -71.07528 42.31839, -71.07531 42.3184, -71.0754 42.31842, -71.07552 42.31843, -71.07574 42.31843, -71.07601 42.31842, -71.07664 42.31841, -71.07705 42.31838, -71.07781 42.3183, -71.07776 42.31861)))"
250250904004,"MULTIPOLYGON (((-71.07776 42.31987, -71.07776 42.32021, -71.07775 42.3204, -71.07775 42.32043, -71.07754 42.32043, -71.07733 42.32044, -71.07725 42.32044, -71.07712 42.32045, -71.07668 42.32048, -71.07552 42.32057, -71.07501 42.32063, -71.07486 42.32065, -71.07428 42.32072, -71.07406 42.32076, -71.07395 42.32077, -71.07371 42.32084, -71.07317 42.32103, -71.07241 42.32131, -71.07235 42.32132, -71.0722 42.32136, -71.07218 42.32116, -71.07215 42.32105, -71.07209 42.32095, -71.07203 42.32086, -71.07193 42.32075, -71.07128 42.32016, -71.07163 42.31995, -71.07191 42.31977, -71.07236 42.31945, -71.07259 42.31932, -71.07271 42.31929, -71.07282 42.31926, -71.07301 42.31923, -71.07312 42.31918, -71.07319 42.31912, -71.07331 42.31903, -71.07387 42.31938, -71.07404 42.31949, -71.07431 42.31955, -71.07481 42.31964, -71.07513 42.31966, -71.07518 42.31934, -71.07525 42.31939, -71.07533 42.31941, -71.07547 42.31942, -71.07577 42.31941, -71.07619 42.31937, -71.07649 42.31934, -71.07688 42.31932, -71.07718 42.31931, -71.07722 42.31931, -71.07761 42.31929, -71.07775 42.31928, -71.07776 42.31974, -71.07776 42.31987)))"
250250906001,"MULTIPOLYGON (((-71.07771 42.32063, -71.07765 42.32084, -71.07763 42.32091, -71.07749 42.32127, -71.07728 42.32181, -71.07722 42.32198, -71.07719 42.3221, -71.07715 42.3222, -71.0771 42.32228, -71.07693 42.32253, -71.07666 42.32289, -71.07644 42.3232, -71.07615 42.32362, -71.07594 42.32397, -71.07581 42.32415, -71.07575 42.32408, -71.07563 42.32399, -71.07545 42.32388, -71.07515 42.32367, -71.07494 42.32348, -71.07464 42.32324, -71.07446 42.32341, -71.07428 42.32355, -71.07392 42.32376, -71.07371 42.32353, -71.07332 42.32313, -71.07311 42.3229, -71.073 42.32279, -71.07284 42.3226, -71.07267 42.32237, -71.0725 42.32209, -71.07234 42.32184, -71.07226 42.32164, -71.07224 42.32157, -71.07222 42.32149, -71.0722 42.32136, -71.07235 42.32132, -71.07241 42.32131, -71.07317 42.32103, -71.07371 42.32084, -71.07395 42.32077, -71.07406 42.32076, -71.07428 42.32072, -71.07486 42.32065, -71.07501 42.32063, -71.07552 42.32057, -71.07668 42.32048, -71.07712 42.32045, -71.07725 42.32044, -71.07733 42.32044, -71.07754 42.32043, -71.07775 42.32043, -71.07771 42.32063)))"
250250906002,"MULTIPOLYGON (((-71.07392 42.32376, -71.07242 42.32435, -71.07164 42.32465, -71.07195 42.32507, -71.07204 42.32522, -71.07227 42.32552, -71.07256 42.32592, -71.07266 42.32602, -71.07215 42.32635, -71.0717 42.32658, -71.07148 42.32669, -71.07086 42.32627, -71.07002 42.32572, -71.06962 42.32543, -71.06937 42.32523, -71.06914 42.32505, -71.06871 42.32461, -71.0685 42.32437, -71.0682 42.32407, -71.06803 42.32387, -71.06767 42.32347, -71.06754 42.32334, -71.06751 42.3233, -71.06806 42.32128, -71.06811 42.32129, -71.06852 42.32133, -71.06854 42.32134, -71.06894 42.3214, -71.0692 42.32146, -71.06948 42.32152, -71.0697 42.32156, -71.06984 42.32157, -71.07011 42.32156, -71.07056 42.32153, -71.07139 42.32143, -71.07174 42.3214, -71.0722 42.32136, -71.07222 42.32149, -71.07224 42.32157, -71.07226 42.32164, -71.07234 42.32184, -71.0725 42.32209, -71.07267 42.32237, -71.07284 42.3226, -71.073 42.32279, -71.07311 42.3229, -71.07332 42.32313, -71.07371 42.32353, -71.07392 42.32376)))"
250250907001,"MULTIPOLYGON (((-71.05685 42.32623, -71.05685 42.32629, -71.05593 42.32556, -71.05513 42.32501, -71.05429 42.32442, -71.05379 42.32399, -71.05329 42.32344, -71.05316 42.32327, -71.0529 42.32287, -71.0527 42.32235, -71.05258 42.32193, -71.05246 42.32147, -71.05239 42.32126, -71.05231 42.321, -71.05225 42.32067, -71.05216 42.32006, -71.05212 42.31984, -71.05214 42.31963, -71.05214 42.31952, -71.05215 42.31934, -71.05217 42.31902, -71.05217 42.31882, -71.05222 42.31888, -71.05257 42.31936, -71.05275 42.3193, -71.05295 42.31919, -71.05306 42.31912, -71.05317 42.31907, -71.05339 42.31899, -71.05351 42.31896, -71.05365 42.31895, -71.05385 42.31894, -71.05392 42.31895, -71.05447 42.31896, -71.05486 42.31895, -71.05516 42.31893, -71.05552 42.31891, -71.05576 42.31887, -71.05595 42.31883, -71.05633 42.31876, -71.05672 42.31866, -71.05673 42.31908, -71.05676 42.31985, -71.05677 42.32072, -71.05676 42.32079, -71.05678 42.32114, -71.05678 42.32163, -71.05679 42.3225, -71.05682 42.3234, -71.05684 42.32413, -71.05684 42.32483, -71.05684 42.32553, -71.05684 42.32573, -71.05685 42.32596, -71.05685 42.32623)))"
250250907002,"MULTIPOLYGON (((-71.06085 42.32275, -71.06067 42.32299, -71.06042 42.32334, -71.0602 42.32365, -71.0598 42.32421, -71.0594 42.32476, -71.0593 42.32492, -71.05913 42.32527, -71.05906 42.32542, -71.05806 42.32514, -71.05726 42.32492, -71.05684 42.32483, -71.05684 42.32413, -71.05682 42.3234, -71.05679 42.3225, -71.05678 42.32163, -71.05697 42.32158, -71.05714 42.32146, -71.05736 42.32133, -71.05756 42.32122, -71.05769 42.32129, -71.05777 42.32132, -71.05785 42.32135, -71.05897 42.32174, -71.06028 42.32219, -71.06101 42.32243, -71.06085 42.32275)))"
250250907003,"MULTIPOLYGON (((-71.06148 42.3205, -71.06134 42.32058, -71.06131 42.32062, -71.06128 42.32074, -71.06128 42.3209, -71.06133 42.32111, -71.06135 42.32132, -71.06134 42.32142, -71.06131 42.32157, -71.06117 42.322, -71.06101 42.32243, -71.06028 42.32219, -71.05897 42.32174, -71.05785 42.32135, -71.05777 42.32132, -71.05769 42.32129, -71.05756 42.32122, -71.05736 42.32133, -71.05714 42.32146, -71.05697 42.32158, -71.05678 42.32163, -71.05678 42.32114, -71.05676 42.32079, -71.05677 42.32072, -71.05676 42.31985, -71.05673 42.31908, -71.05672 42.31866, -71.05673 42.31849, -71.0571 42.31849, -71.05736 42.31848, -71.05762 42.3185, -71.05862 42.3187, -71.05872 42.31874, -71.05879 42.31866, -71.05883 42.3186, -71.05912 42.31865, -71.05927 42.31869, -71.05945 42.31877, -71.0596 42.31887, -71.05974 42.319, -71.0601 42.31929, -71.06024 42.31942, -71.06085 42.31991, -71.06123 42.32021, -71.06138 42.32039, -71.06148 42.3205)))"
250250907004,"MULTIPOLYGON (((-71.06734 42.32391, -71.06717 42.32446, -71.06708 42.32478, -71.06693 42.32515, -71.06665 42.32585, -71.06643 42.32626, -71.06639 42.32632, -71.06549 42.32773, -71.06432 42.32957, -71.06355 42.33079, -71.06351 42.33078, -71.06328 42.33073, -71.06314 42.33071, -71.06297 42.33068, -71.06166 42.33042, -71.06138 42.33037, -71.06106 42.33031, -71.0608 42.33025, -71.06078 42.33025, -71.06022 42.33013, -71.05929 42.32997, -71.05824 42.32973, -71.05825 42.32917, -71.05827 42.32863, -71.05825 42.32858, -71.05822 42.32855, -71.05813 42.3285, -71.05775 42.32838, -71.05785 42.32814, -71.05762 42.32807, -71.05747 42.32805, -71.05733 42.32804, -71.0572 42.32803, -71.05692 42.32803, -71.0569 42.32737, -71.05687 42.32687, -71.05685 42.32629, -71.05685 42.32623, -71.05685 42.32596, -71.05684 42.32573, -71.05684 42.32553, -71.05684 42.32483, -71.05726 42.32492, -71.05806 42.32514, -71.05906 42.32542, -71.05913 42.32527, -71.0593 42.32492, -71.0594 42.32476, -71.0598 42.32421, -71.0602 42.32365, -71.06042 42.32334, -71.06067 42.32299, -71.06085 42.32275, -71.06101 42.32243, -71.06117 42.322, -71.06131 42.32157, -71.06134 42.32142, -71.06135 42.32132, -71.06133 42.32111, -71.06128 42.3209, -71.06128 42.32074, -71.06131 42.32062, -71.06134 42.32058, -71.06148 42.3205, -71.06172 42.32047, -71.06186 42.32048, -71.06213 42.32056, -71.06293 42.32091, -71.06315 42.32098, -71.06333 42.32101, -71.06359 42.32103, -71.06443 42.32111, -71.06538 42.32123, -71.06549 42.32126, -71.0656 42.32129, -71.06576 42.32137, -71.06594 42.3215, -71.06609 42.32165, -71.06648 42.32209, -71.06691 42.32259, -71.06751 42.3233, -71.06734 42.32391)))"
250250909011,"MULTIPOLYGON (((-71.05047 42.32079, -71.0504 42.32082, -71.05031 42.32089, -71.05024 42.32096, -71.05023 42.32103, -71.05021 42.32115, -71.05023 42.3212, -71.05031 42.32151, -71.05031 42.32177, -71.05028 42.32186, -71.05028 42.32188, -71.05024 42.32202, -71.05009 42.32207, -71.04983 42.32222, -71.04956 42.32243, -71.04941 42.32258, -71.04919 42.32285, -71.04905 42.32312, -71.04898 42.32336, -71.04896 42.32343, -71.04895 42.32349, -71.04784 42.32259, -71.04623 42.32328, -71.04579 42.32356, -71.04541 42.3238, -71.04472 42.32375, -71.04422 42.32362, -71.04367 42.32338, -71.04313 42.32312, -71.04274 42.32279, -71.04266 42.32259, -71.04223 42.32202, -71.04025 42.32128, -71.03896 42.32069, -71.03965 42.32, -71.03995 42.31967, -71.04091 42.31941, -71.04196 42.31912, -71.04296 42.31886, -71.04305 42.31884, -71.04397 42.31859, -71.0441 42.31847, -71.04422 42.31851, -71.0449 42.31873, -71.04665 42.3193, -71.04778 42.3197, -71.04893 42.32008, -71.04933 42.32022, -71.05003 42.32053, -71.05016 42.32058, -71.0506 42.32076, -71.05047 42.32079)))"
250250909012,"MULTIPOLYGON (((-71.05079 42.32083, -71.0506 42.32076, -71.05016 42.32058, -71.05003 42.32053, -71.04933 42.32022, -71.04893 42.32008, -71.04778 42.3197, -71.04665 42.3193, -71.0449 42.31873, -71.04422 42.31851, -71.0441 42.31847, -71.04397 42.31859, -71.04305 42.31884, -71.04296 42.31886, -71.04196 42.31912, -71.04091 42.31941, -71.03995 42.31967, -71.03965 42.32, -71.03896 42.32069, -71.03789 42.3202, -71.03569 42.31903, -71.0353 42.31874, -71.03566 42.31814, -71.03617 42.31796, -71.03533 42.31774, -71.03437 42.3174, -71.03402 42.31729, -71.03224 42.3168, -71.03157 42.31658, -71.03145 42.31503, -71.03137 42.31332, -71.03179 42.31262, -71.03234 42.31232, -71.03382 42.31123, -71.03546 42.31021, -71.03585 42.30996, -71.03585 42.30989, -71.03604 42.30968, -71.03623 42.30958, -71.03642 42.30952, -71.03671 42.30942, -71.03709 42.30931, -71.03728 42.3092, -71.03838 42.30945, -71.03926 42.30996, -71.03981 42.31026, -71.04142 42.31108, -71.04159 42.31126, -71.04197 42.3114, -71.04412 42.31219, -71.04627 42.31297, -71.04634 42.31298, -71.04642 42.31299, -71.04645 42.31299, -71.0467 42.31302, -71.04672 42.31306, -71.04701 42.31359, -71.04725 42.31394, -71.04754 42.31437, -71.04761 42.3145, -71.04776 42.31475, -71.04779 42.31482, -71.0479 42.31506, -71.04808 42.31549, -71.04821 42.31578, -71.0483 42.31594, -71.04885 42.31696, -71.0492 42.31759, -71.04963 42.31841, -71.04979 42.31873, -71.04985 42.31893, -71.05065 42.32039, -71.05093 42.32088, -71.05079 42.32083)))"
250250910011,"MULTIPOLYGON (((-71.06127 42.30907, -71.06103 42.30961, -71.061 42.30968, -71.06083 42.31006, -71.06075 42.31021, -71.06045 42.3101, -71.06022 42.31007, -71.06006 42.31008, -71.05999 42.3101, -71.05989 42.31015, -71.05981 42.31019, -71.05977 42.31024, -71.05957 42.31055, -71.05951 42.31068, -71.05943 42.31088, -71.05938 42.31104, -71.05925 42.31141, -71.05893 42.31247, -71.05888 42.31265, -71.05888 42.31277, -71.05864 42.3128, -71.0581 42.31285, -71.05803 42.31286, -71.05775 42.31289, -71.05721 42.31296, -71.05742 42.31201, -71.05746 42.31182, -71.05759 42.31135, -71.05777 42.31048, -71.0579 42.30996, -71.05799 42.30955, -71.0581 42.309, -71.05823 42.30849, -71.05831 42.30811, -71.05834 42.30795, -71.0584 42.30768, -71.05842 42.30758, -71.05872 42.30758, -71.05881 42.30758, -71.05923 42.30761, -71.05929 42.30774, -71.05942 42.30799, -71.0595 42.30806, -71.05965 42.30815, -71.05984 42.30824, -71.05997 42.30833, -71.06006 42.3084, -71.06016 42.30851, -71.06031 42.30866, -71.06042 42.30873, -71.0606 42.30879, -71.06067 42.3088, -71.0608 42.30882, -71.06094 42.30882, -71.06109 42.3088, -71.06139 42.30874, -71.06127 42.30907)))"
250250910012,"MULTIPOLYGON (((-71.05834 42.30795, -71.05831 42.30811, -71.05823 42.30849, -71.0581 42.309, -71.05799 42.30955, -71.0579 42.30996, -71.05777 42.31048, -71.05759 42.31135, -71.05746 42.31182, -71.05742 42.31201, -71.05721 42.31296, -71.05654 42.31294, -71.05621 42.31289, -71.05602 42.31286, -71.05597 42.31284, -71.05564 42.3127, -71.05539 42.31257, -71.05527 42.31249, -71.05498 42.31233, -71.05442 42.31199, -71.0541 42.31182, -71.05366 42.3116, -71.05325 42.31139, -71.05315 42.31134, -71.05311 42.31131, -71.05297 42.31122, -71.05332 42.31039, -71.0535 42.30989, -71.05361 42.3096, -71.05379 42.30905, -71.05388 42.30868, -71.05395 42.30828, -71.05401 42.30789, -71.05403 42.30759, -71.05403 42.30728, -71.054 42.30701, -71.05393 42.30659, -71.05378 42.30607, -71.05366 42.30579, -71.05351 42.30548, -71.05346 42.30539, -71.05324 42.30505, -71.05292 42.30462, -71.05259 42.30423, -71.05215 42.30381, -71.05165 42.30338, -71.05126 42.30301, -71.05066 42.30247, -71.05003 42.30188, -71.04961 42.30152, -71.04945 42.30137, -71.04927 42.3012, -71.04946 42.30082, -71.04982 42.30102, -71.05032 42.30129, -71.05078 42.30154, -71.05105 42.30175, -71.0513 42.30198, -71.05159 42.30221, -71.052 42.3025, -71.05256 42.30294, -71.05333 42.30336, -71.05384 42.30362, -71.05428 42.30384, -71.05532 42.30428, -71.05543 42.30432, -71.05551 42.30435, -71.05556 42.30436, -71.05587 42.30447, -71.05597 42.30452, -71.05623 42.30466, -71.05656 42.30486, -71.05692 42.30512, -71.05723 42.30534, -71.05739 42.30548, -71.05742 42.30551, -71.05754 42.30569, -71.05758 42.30582, -71.0576 42.30594, -71.05757 42.30628, -71.05757 42.30648, -71.05759 42.30665, -71.05761 42.30676, -71.05773 42.307, -71.05782 42.30709, -71.05822 42.30747, -71.05824 42.30752, -71.0584 42.30768, -71.05834 42.30795)))"
250250910013,"MULTIPOLYGON (((-71.05403 42.30759, -71.05401 42.30789, -71.05395 42.30828, -71.05388 42.30868, -71.05379 42.30905, -71.05361 42.3096, -71.0535 42.30989, -71.05332 42.31039, -71.05297 42.31122, -71.05283 42.31111, -71.05264 42.31097, -71.0525 42.31083, -71.05216 42.31053, -71.052 42.31043, -71.05193 42.3105, -71.05165 42.31085, -71.05151 42.31101, -71.05142 42.31112, -71.0512 42.3113, -71.05106 42.31145, -71.05073 42.31167, -71.05042 42.31174, -71.04997 42.31179, -71.04946 42.31184, -71.04903 42.31182, -71.04867 42.31175, -71.04819 42.31168, -71.04797 42.31162, -71.04774 42.31146, -71.04754 42.31128, -71.04739 42.31102, -71.04718 42.31102, -71.04704 42.31057, -71.04702 42.31053, -71.0468 42.30971, -71.04677 42.30949, -71.0468 42.30942, -71.04648 42.30921, -71.04586 42.30933, -71.04557 42.30933, -71.04555 42.30945, -71.04553 42.30989, -71.04555 42.31032, -71.04561 42.31073, -71.04576 42.31118, -71.04595 42.3116, -71.04621 42.3121, -71.04639 42.31245, -71.04656 42.31275, -71.04657 42.31278, -71.04658 42.3128, -71.0467 42.31302, -71.04645 42.31299, -71.04642 42.31299, -71.04634 42.31298, -71.04627 42.31297, -71.04412 42.31219, -71.04197 42.3114, -71.04159 42.31126, -71.04142 42.31108, -71.04015 42.30976, -71.04071 42.30929, -71.041 42.30917, -71.04119 42.30902, -71.04157 42.30875, -71.04174 42.30866, -71.04186 42.30853, -71.04335 42.30794, -71.04412 42.30672, -71.04478 42.30493, -71.04539 42.30389, -71.04345 42.30368, -71.0422 42.30328, -71.04169 42.30215, -71.04775 42.30383, -71.04751 42.30434, -71.04748 42.30442, -71.04762 42.30446, -71.04818 42.30327, -71.04824 42.30313, -71.04837 42.30286, -71.04863 42.30239, -71.04893 42.30189, -71.04914 42.30144, -71.0492 42.30134, -71.04927 42.3012, -71.04945 42.30137, -71.04961 42.30152, -71.05003 42.30188, -71.05066 42.30247, -71.05126 42.30301, -71.05165 42.30338, -71.05215 42.30381, -71.05259 42.30423, -71.05292 42.30462, -71.05324 42.30505, -71.05346 42.30539, -71.05351 42.30548, -71.05366 42.30579, -71.05378 42.30607, -71.05393 42.30659, -71.054 42.30701, -71.05403 42.30728, -71.05403 42.30759)))"
250250910014,"MULTIPOLYGON (((-71.05315 42.31134, -71.05286 42.31203, -71.05246 42.31305, -71.05217 42.31384, -71.05206 42.31434, -71.052 42.31466, -71.05198 42.31497, -71.052 42.31553, -71.05206 42.31618, -71.05212 42.31723, -71.05214 42.31788, -71.05217 42.31882, -71.05217 42.31902, -71.05215 42.31934, -71.05214 42.31952, -71.05214 42.31963, -71.05212 42.31984, -71.05216 42.32006, -71.05225 42.32067, -71.05231 42.321, -71.05239 42.32126, -71.05246 42.32147, -71.05229 42.32147, -71.05209 42.32147, -71.05204 42.32146, -71.05199 42.32146, -71.05181 42.32144, -71.05155 42.32144, -71.05137 42.32141, -71.05125 42.32131, -71.05113 42.32119, -71.05103 42.32107, -71.05093 42.32088, -71.05065 42.32039, -71.04985 42.31893, -71.04979 42.31873, -71.04963 42.31841, -71.0492 42.31759, -71.04885 42.31696, -71.0483 42.31594, -71.04821 42.31578, -71.04808 42.31549, -71.0479 42.31506, -71.04779 42.31482, -71.04776 42.31475, -71.04761 42.3145, -71.04754 42.31437, -71.04725 42.31394, -71.04701 42.31359, -71.04672 42.31306, -71.0467 42.31302, -71.04658 42.3128, -71.04657 42.31278, -71.04656 42.31275, -71.04639 42.31245, -71.04621 42.3121, -71.04595 42.3116, -71.04576 42.31118, -71.04561 42.31073, -71.04555 42.31032, -71.04553 42.30989, -71.04555 42.30945, -71.04557 42.30933, -71.04586 42.30933, -71.04648 42.30921, -71.0468 42.30942, -71.04677 42.30949, -71.0468 42.30971, -71.04702 42.31053, -71.04704 42.31057, -71.04718 42.31102, -71.04739 42.31102, -71.04754 42.31128, -71.04774 42.31146, -71.04797 42.31162, -71.04819 42.31168, -71.04867 42.31175, -71.04903 42.31182, -71.04946 42.31184, -71.04997 42.31179, -71.05042 42.31174, -71.05073 42.31167, -71.05106 42.31145, -71.0512 42.3113, -71.05142 42.31112, -71.05151 42.31101, -71.05165 42.31085, -71.05193 42.3105, -71.052 42.31043, -71.05216 42.31053, -71.0525 42.31083, -71.05264 42.31097, -71.05283 42.31111, -71.05297 42.31122, -71.05311 42.31131, -71.05315 42.31134)))"
250250911001,"MULTIPOLYGON (((-71.05673 42.31849, -71.05672 42.31866, -71.05633 42.31876, -71.05595 42.31883, -71.05576 42.31887, -71.05552 42.31891, -71.05516 42.31893, -71.05486 42.31895, -71.05447 42.31896, -71.05392 42.31895, -71.05385 42.31894, -71.05365 42.31895, -71.05351 42.31896, -71.05339 42.31899, -71.05317 42.31907, -71.05306 42.31912, -71.05295 42.31919, -71.05275 42.3193, -71.05257 42.31936, -71.05222 42.31888, -71.05217 42.31882, -71.05214 42.31788, -71.05212 42.31723, -71.05206 42.31618, -71.052 42.31553, -71.05198 42.31497, -71.05252 42.31503, -71.05252 42.31522, -71.05254 42.31558, -71.05256 42.31592, -71.05257 42.31623, -71.05309 42.31631, -71.05412 42.31646, -71.0551 42.31663, -71.05669 42.31692, -71.0567 42.31712, -71.05671 42.31755, -71.05671 42.31772, -71.05673 42.31839, -71.05673 42.31849)))"
250250911002,"MULTIPOLYGON (((-71.05529 42.31282, -71.05514 42.3133, -71.05503 42.31359, -71.0549 42.31404, -71.05479 42.31439, -71.05458 42.31505, -71.05444 42.31549, -71.0543 42.31591, -71.05412 42.31646, -71.05309 42.31631, -71.05257 42.31623, -71.05256 42.31592, -71.05254 42.31558, -71.05252 42.31522, -71.05252 42.31503, -71.05198 42.31497, -71.052 42.31466, -71.05206 42.31434, -71.05217 42.31384, -71.05246 42.31305, -71.05286 42.31203, -71.05315 42.31134, -71.05325 42.31139, -71.05366 42.3116, -71.0541 42.31182, -71.05442 42.31199, -71.05498 42.31233, -71.05527 42.31249, -71.05539 42.31257, -71.05529 42.31282)))"
250250911003,"MULTIPOLYGON (((-71.05709 42.31348, -71.05699 42.31395, -71.05687 42.31444, -71.05681 42.31464, -71.05675 42.31492, -71.0567 42.31517, -71.05666 42.31542, -71.05666 42.3157, -71.05667 42.31632, -71.05669 42.31692, -71.0551 42.31663, -71.05412 42.31646, -71.0543 42.31591, -71.05444 42.31549, -71.05458 42.31505, -71.05479 42.31439, -71.0549 42.31404, -71.05503 42.31359, -71.05514 42.3133, -71.05529 42.31282, -71.05539 42.31257, -71.05564 42.3127, -71.05597 42.31284, -71.05602 42.31286, -71.05621 42.31289, -71.05654 42.31294, -71.05721 42.31296, -71.05709 42.31348)))"
250250911004,"MULTIPOLYGON (((-71.06003 42.31466, -71.06002 42.31474, -71.05997 42.31488, -71.05985 42.31522, -71.05972 42.31566, -71.05962 42.31599, -71.0586 42.31581, -71.05765 42.31562, -71.05695 42.3155, -71.05675 42.31546, -71.05666 42.31542, -71.0567 42.31517, -71.05675 42.31492, -71.05681 42.31464, -71.05687 42.31444, -71.05699 42.31395, -71.05709 42.31348, -71.05721 42.31296, -71.05775 42.31289, -71.05803 42.31286, -71.0581 42.31285, -71.05864 42.3128, -71.05888 42.31277, -71.05889 42.31282, -71.05892 42.3129, -71.05901 42.31305, -71.05922 42.31352, -71.05933 42.31375, -71.05943 42.31385, -71.05961 42.31398, -71.05987 42.31417, -71.05996 42.31426, -71.06002 42.31442, -71.06003 42.31457, -71.06003 42.31466)))"
250250911005,"MULTIPOLYGON (((-71.05954 42.3162, -71.05946 42.31649, -71.05937 42.31672, -71.05921 42.31725, -71.05911 42.31758, -71.05905 42.3178, -71.05897 42.31812, -71.0589 42.31844, -71.05883 42.3186, -71.05879 42.31866, -71.05872 42.31874, -71.05862 42.3187, -71.05762 42.3185, -71.05736 42.31848, -71.0571 42.31849, -71.05673 42.31849, -71.05673 42.31839, -71.05671 42.31772, -71.05671 42.31755, -71.0567 42.31712, -71.05669 42.31692, -71.05667 42.31632, -71.05666 42.3157, -71.05666 42.31542, -71.05675 42.31546, -71.05695 42.3155, -71.05765 42.31562, -71.0586 42.31581, -71.05962 42.31599, -71.05954 42.3162)))"
250250912001,"MULTIPOLYGON (((-71.06357 42.31862, -71.06316 42.31919, -71.06285 42.31956, -71.06268 42.31974, -71.06252 42.31989, -71.06211 42.32019, -71.06176 42.3204, -71.06148 42.3205, -71.06138 42.32039, -71.06123 42.32021, -71.06085 42.31991, -71.06024 42.31942, -71.0601 42.31929, -71.05974 42.319, -71.0596 42.31887, -71.05945 42.31877, -71.05927 42.31869, -71.05912 42.31865, -71.05883 42.3186, -71.0589 42.31844, -71.05897 42.31812, -71.05905 42.3178, -71.05911 42.31758, -71.05921 42.31725, -71.05937 42.31672, -71.05946 42.31649, -71.05954 42.3162, -71.05982 42.31624, -71.06058 42.31637, -71.06111 42.31647, -71.06096 42.317, -71.06089 42.31718, -71.06138 42.31729, -71.06209 42.31748, -71.06191 42.31791, -71.06185 42.31804, -71.06187 42.31808, -71.06189 42.3181, -71.0622 42.31818, -71.06265 42.31829, -71.06304 42.31841, -71.06344 42.31856, -71.06357 42.31862)))"
250250912002,"MULTIPOLYGON (((-71.0646 42.31477, -71.06395 42.31466, -71.06338 42.31452, -71.06336 42.31457, -71.06321 42.31495, -71.06287 42.31573, -71.06272 42.31601, -71.06259 42.31625, -71.06253 42.31641, -71.06239 42.31674, -71.06232 42.31695, -71.06226 42.31708, -71.06217 42.31732, -71.06209 42.31748, -71.06138 42.31729, -71.06089 42.31718, -71.06096 42.317, -71.06111 42.31647, -71.06058 42.31637, -71.05982 42.31624, -71.05954 42.3162, -71.05962 42.31599, -71.05972 42.31566, -71.05985 42.31522, -71.05997 42.31488, -71.06002 42.31474, -71.06003 42.31466, -71.06003 42.31457, -71.06002 42.31442, -71.05996 42.31426, -71.05987 42.31417, -71.05961 42.31398, -71.05943 42.31385, -71.05933 42.31375, -71.05922 42.31352, -71.05901 42.31305, -71.05892 42.3129, -71.05889 42.31282, -71.05888 42.31277, -71.05896 42.31277, -71.05915 42.3128, -71.05955 42.31289, -71.06014 42.31303, -71.0604 42.3131, -71.06041 42.31301, -71.06039 42.31295, -71.06031 42.3128, -71.06027 42.31267, -71.06023 42.31251, -71.0604 42.31255, -71.06074 42.31267, -71.06147 42.31296, -71.06237 42.31333, -71.06301 42.31359, -71.06326 42.31369, -71.06377 42.31388, -71.064 42.31397, -71.06411 42.31403, -71.06421 42.3141, -71.0643 42.31418, -71.06442 42.31432, -71.06452 42.31448, -71.06457 42.31463, -71.0646 42.31477)))"
250250912003,"MULTIPOLYGON (((-71.06743 42.3146, -71.06715 42.31499, -71.06677 42.31545, -71.0666 42.31565, -71.0664 42.31588, -71.06612 42.3162, -71.06558 42.31682, -71.06547 42.31691, -71.0652 42.31707, -71.06486 42.31724, -71.06464 42.31737, -71.06431 42.31764, -71.06416 42.31779, -71.06398 42.31804, -71.06372 42.31841, -71.06357 42.31862, -71.06344 42.31856, -71.06304 42.31841, -71.06265 42.31829, -71.0622 42.31818, -71.06189 42.3181, -71.06187 42.31808, -71.06185 42.31804, -71.06191 42.31791, -71.06209 42.31748, -71.06217 42.31732, -71.06226 42.31708, -71.06232 42.31695, -71.06239 42.31674, -71.06253 42.31641, -71.06259 42.31625, -71.06272 42.31601, -71.06287 42.31573, -71.06321 42.31495, -71.06336 42.31457, -71.06338 42.31452, -71.06395 42.31466, -71.0646 42.31477, -71.06517 42.31482, -71.06564 42.31485, -71.06586 42.31483, -71.06606 42.3148, -71.06639 42.31474, -71.06674 42.31468, -71.06687 42.31466, -71.06722 42.31461, -71.06743 42.3146)))"
250250913001,"MULTIPOLYGON (((-71.06706 42.31905, -71.06676 42.3192, -71.06644 42.31935, -71.06631 42.31945, -71.06618 42.31959, -71.06613 42.31968, -71.06597 42.31987, -71.06582 42.32008, -71.06564 42.32034, -71.06555 42.32053, -71.06551 42.32065, -71.06544 42.32092, -71.06538 42.32123, -71.06443 42.32111, -71.06359 42.32103, -71.06333 42.32101, -71.06315 42.32098, -71.06293 42.32091, -71.06213 42.32056, -71.06186 42.32048, -71.06172 42.32047, -71.06148 42.3205, -71.06176 42.3204, -71.06211 42.32019, -71.06252 42.31989, -71.06268 42.31974, -71.06285 42.31956, -71.06316 42.31919, -71.06357 42.31862, -71.06372 42.31841, -71.06398 42.31804, -71.06416 42.31779, -71.06431 42.31764, -71.06464 42.31737, -71.06486 42.31724, -71.0652 42.31707, -71.06542 42.31718, -71.06622 42.31755, -71.06656 42.31769, -71.06684 42.31782, -71.06663 42.31812, -71.06634 42.31848, -71.06623 42.3186, -71.06657 42.31872, -71.06684 42.31883, -71.0669 42.31886, -71.06706 42.31905)))"
250250913002,"MULTIPOLYGON (((-71.0722 42.32136, -71.07174 42.3214, -71.07139 42.32143, -71.07056 42.32153, -71.07011 42.32156, -71.06984 42.32157, -71.0697 42.32156, -71.06948 42.32152, -71.0692 42.32146, -71.06894 42.3214, -71.06854 42.32134, -71.06852 42.32133, -71.06811 42.32129, -71.06806 42.32128, -71.06751 42.3233, -71.06691 42.32259, -71.06648 42.32209, -71.06609 42.32165, -71.06594 42.3215, -71.06576 42.32137, -71.0656 42.32129, -71.06549 42.32126, -71.06538 42.32123, -71.06544 42.32092, -71.06551 42.32065, -71.06555 42.32053, -71.06564 42.32034, -71.06582 42.32008, -71.06597 42.31987, -71.06613 42.31968, -71.06618 42.31959, -71.06631 42.31945, -71.06644 42.31935, -71.06676 42.3192, -71.06706 42.31905, -71.0669 42.31886, -71.06684 42.31883, -71.06657 42.31872, -71.06623 42.3186, -71.06634 42.31848, -71.06663 42.31812, -71.06684 42.31782, -71.06724 42.31798, -71.06743 42.31806, -71.06797 42.31829, -71.06824 42.3184, -71.06875 42.31859, -71.0691 42.31873, -71.0697 42.31895, -71.06997 42.31905, -71.0702 42.31915, -71.07036 42.31924, -71.07046 42.31932, -71.07067 42.31956, -71.07087 42.31978, -71.07128 42.32016, -71.07193 42.32075, -71.07203 42.32086, -71.07209 42.32095, -71.07215 42.32105, -71.07218 42.32116, -71.0722 42.32136)))"
250250914001,"MULTIPOLYGON (((-71.07162 42.31188, -71.07099 42.31319, -71.07094 42.31328, -71.0706 42.31403, -71.07048 42.31427, -71.06953 42.31621, -71.06928 42.3168, -71.06916 42.31707, -71.06902 42.31755, -71.06898 42.31771, -71.06875 42.31859, -71.06824 42.3184, -71.06797 42.31829, -71.06743 42.31806, -71.06724 42.31798, -71.06684 42.31782, -71.06656 42.31769, -71.06622 42.31755, -71.06542 42.31718, -71.0652 42.31707, -71.06547 42.31691, -71.06558 42.31682, -71.06612 42.3162, -71.0664 42.31588, -71.0666 42.31565, -71.06677 42.31545, -71.06715 42.31499, -71.06743 42.3146, -71.0679 42.31376, -71.06824 42.31319, -71.0685 42.31273, -71.06864 42.31257, -71.06873 42.31249, -71.0693 42.31198, -71.06972 42.31164, -71.06994 42.31149, -71.07022 42.31133, -71.07039 42.3114, -71.07093 42.31161, -71.0713 42.31176, -71.07151 42.31184, -71.07162 42.31188)))"
250250914002,"MULTIPOLYGON (((-71.07314 42.31422, -71.07312 42.31441, -71.07308 42.31471, -71.07303 42.31551, -71.07299 42.31582, -71.07295 42.316, -71.07284 42.31648, -71.07282 42.31654, -71.07283 42.31666, -71.07285 42.31673, -71.07293 42.31686, -71.07301 42.31703, -71.07279 42.3172, -71.0724 42.31748, -71.07218 42.31763, -71.072 42.31774, -71.07192 42.31777, -71.07183 42.31778, -71.07174 42.31778, -71.07168 42.31778, -71.07151 42.31774, -71.07039 42.31744, -71.07017 42.31793, -71.06998 42.31834, -71.0697 42.31895, -71.0691 42.31873, -71.06875 42.31859, -71.06898 42.31771, -71.06902 42.31755, -71.06916 42.31707, -71.06928 42.3168, -71.06953 42.31621, -71.07048 42.31427, -71.0706 42.31403, -71.07094 42.31328, -71.07099 42.31319, -71.07162 42.31188, -71.07193 42.31198, -71.0722 42.31203, -71.07279 42.31215, -71.07317 42.31222, -71.07305 42.31237, -71.07261 42.31295, -71.07223 42.31341, -71.07214 42.31366, -71.07298 42.31368, -71.07321 42.31368, -71.07314 42.31422)))"
250250915001,"MULTIPOLYGON (((-71.0685 42.31273, -71.06824 42.31319, -71.0679 42.31376, -71.06743 42.3146, -71.06722 42.31461, -71.06687 42.31466, -71.06674 42.31468, -71.06639 42.31474, -71.06606 42.3148, -71.06586 42.31483, -71.06564 42.31485, -71.06517 42.31482, -71.0646 42.31477, -71.06457 42.31463, -71.06452 42.31448, -71.06442 42.31432, -71.0643 42.31418, -71.06421 42.3141, -71.06411 42.31403, -71.064 42.31397, -71.06377 42.31388, -71.06326 42.31369, -71.06301 42.31359, -71.06237 42.31333, -71.06147 42.31296, -71.06074 42.31267, -71.0604 42.31255, -71.06023 42.31251, -71.06027 42.31267, -71.06031 42.3128, -71.06039 42.31295, -71.06041 42.31301, -71.0604 42.3131, -71.06014 42.31303, -71.05955 42.31289, -71.05915 42.3128, -71.05896 42.31277, -71.05888 42.31277, -71.05888 42.31265, -71.05893 42.31247, -71.05925 42.31141, -71.05938 42.31104, -71.05943 42.31088, -71.05951 42.31068, -71.05957 42.31055, -71.05977 42.31024, -71.05981 42.31019, -71.05989 42.31015, -71.05999 42.3101, -71.06006 42.31008, -71.06022 42.31007, -71.06045 42.3101, -71.06075 42.31021, -71.06093 42.31029, -71.06172 42.31056, -71.06207 42.31072, -71.06217 42.31078, -71.0624 42.311, -71.06251 42.3111, -71.06265 42.31123, -71.06286 42.31142, -71.06324 42.31177, -71.06342 42.31191, -71.06352 42.31198, -71.06375 42.31214, -71.06427 42.31246, -71.06441 42.31257, -71.06458 42.31269, -71.06475 42.31283, -71.06489 42.313, -71.065 42.31317, -71.06514 42.31345, -71.0652 42.31356, -71.06551 42.31341, -71.06583 42.31328, -71.06621 42.3131, -71.06651 42.31298, -71.06674 42.31293, -71.06739 42.31283, -71.06804 42.31275, -71.06836 42.31268, -71.0685 42.31273)))"
250250915002,"MULTIPOLYGON (((-71.07022 42.31133, -71.06994 42.31149, -71.06972 42.31164, -71.0693 42.31198, -71.06873 42.31249, -71.06864 42.31257, -71.0685 42.31273, -71.06836 42.31268, -71.06804 42.31275, -71.06739 42.31283, -71.06674 42.31293, -71.06651 42.31298, -71.06621 42.3131, -71.06583 42.31328, -71.06551 42.31341, -71.0652 42.31356, -71.06514 42.31345, -71.065 42.31317, -71.06489 42.313, -71.06475 42.31283, -71.06458 42.31269, -71.06441 42.31257, -71.06427 42.31246, -71.06375 42.31214, -71.06352 42.31198, -71.06342 42.31191, -71.06324 42.31177, -71.06286 42.31142, -71.06265 42.31123, -71.06251 42.3111, -71.0624 42.311, -71.06217 42.31078, -71.06207 42.31072, -71.06172 42.31056, -71.06195 42.31056, -71.06205 42.31056, -71.06224 42.31051, -71.06241 42.31041, -71.06248 42.31036, -71.06254 42.31033, -71.06267 42.31029, -71.06277 42.31023, -71.06297 42.31015, -71.06322 42.31003, -71.06355 42.30987, -71.06372 42.30976, -71.06385 42.30965, -71.06392 42.30955, -71.06404 42.30911, -71.0641 42.30898, -71.06421 42.30884, -71.06427 42.30879, -71.06436 42.30873, -71.06486 42.30919, -71.06508 42.30941, -71.06544 42.30976, -71.06585 42.30948, -71.0663 42.30916, -71.06642 42.30929, -71.06674 42.30959, -71.06697 42.30977, -71.06717 42.3099, -71.06743 42.31005, -71.06784 42.3103, -71.06824 42.31057, -71.06842 42.31066, -71.0687 42.31076, -71.06898 42.31084, -71.06919 42.31091, -71.06958 42.31108, -71.06969 42.31113, -71.07002 42.31128, -71.07022 42.31133)))"
250250915003,"MULTIPOLYGON (((-71.06585 42.30948, -71.06544 42.30976, -71.06508 42.30941, -71.06486 42.30919, -71.06436 42.30873, -71.06427 42.30879, -71.06421 42.30884, -71.0641 42.30898, -71.06404 42.30911, -71.06392 42.30955, -71.06385 42.30965, -71.06372 42.30976, -71.06355 42.30987, -71.06322 42.31003, -71.06297 42.31015, -71.06277 42.31023, -71.06267 42.31029, -71.06254 42.31033, -71.06248 42.31036, -71.06241 42.31041, -71.06224 42.31051, -71.06205 42.31056, -71.06195 42.31056, -71.06172 42.31056, -71.06093 42.31029, -71.06075 42.31021, -71.06083 42.31006, -71.061 42.30968, -71.06103 42.30961, -71.06127 42.30907, -71.06139 42.30874, -71.06197 42.30868, -71.06257 42.3086, -71.06325 42.30853, -71.06373 42.30846, -71.06381 42.30843, -71.06391 42.30835, -71.06403 42.30825, -71.0643 42.30817, -71.06458 42.30812, -71.06503 42.30808, -71.06515 42.30811, -71.06523 42.30816, -71.06544 42.30835, -71.0657 42.30859, -71.0663 42.30916, -71.06585 42.30948)))"
250250916001,"MULTIPOLYGON (((-71.06649 42.30671, -71.06584 42.30731, -71.06551 42.30762, -71.06503 42.30808, -71.06458 42.30812, -71.0643 42.30817, -71.06403 42.30825, -71.06391 42.30835, -71.06374 42.30813, -71.06359 42.30799, -71.06343 42.30787, -71.06319 42.30774, -71.06295 42.30764, -71.06278 42.30755, -71.0627 42.30749, -71.06218 42.30681, -71.06194 42.3064, -71.06177 42.30601, -71.0615 42.30537, -71.0623 42.30516, -71.06237 42.30518, -71.0624 42.30519, -71.06312 42.305, -71.06342 42.3057, -71.0643 42.30546, -71.06455 42.30539, -71.06413 42.30471, -71.06403 42.30453, -71.06395 42.30437, -71.06386 42.30422, -71.06458 42.30402, -71.06468 42.3042, -71.06498 42.30468, -71.06526 42.3051, -71.06539 42.30532, -71.06599 42.30625, -71.06604 42.30636, -71.06608 42.30642, -71.06613 42.30648, -71.06622 42.30654, -71.06649 42.30671)))"
250250916002,"MULTIPOLYGON (((-71.06381 42.30843, -71.06373 42.30846, -71.06325 42.30853, -71.06257 42.3086, -71.06197 42.30868, -71.06139 42.30874, -71.06109 42.3088, -71.06094 42.30882, -71.0608 42.30882, -71.06067 42.3088, -71.0606 42.30879, -71.06042 42.30873, -71.06031 42.30866, -71.06016 42.30851, -71.06006 42.3084, -71.05997 42.30833, -71.05984 42.30824, -71.05965 42.30815, -71.0595 42.30806, -71.05942 42.30799, -71.05929 42.30774, -71.05923 42.30761, -71.05881 42.30758, -71.05872 42.30758, -71.05842 42.30758, -71.05856 42.30703, -71.05864 42.30673, -71.05879 42.30601, -71.05882 42.30589, -71.05898 42.30519, -71.05907 42.30514, -71.05935 42.30504, -71.05993 42.30489, -71.06041 42.30476, -71.06116 42.30456, -71.06137 42.30506, -71.0615 42.30537, -71.06177 42.30601, -71.06194 42.3064, -71.06218 42.30681, -71.0627 42.30749, -71.06278 42.30755, -71.06295 42.30764, -71.06319 42.30774, -71.06343 42.30787, -71.06359 42.30799, -71.06374 42.30813, -71.06391 42.30835, -71.06381 42.30843)))"
250250916003,"MULTIPOLYGON (((-71.06116 42.30456, -71.06041 42.30476, -71.05993 42.30489, -71.05935 42.30504, -71.05907 42.30514, -71.05898 42.30519, -71.05882 42.30589, -71.05879 42.30601, -71.05864 42.30673, -71.05856 42.30703, -71.05842 42.30758, -71.0584 42.30768, -71.05824 42.30752, -71.05822 42.30747, -71.05782 42.30709, -71.05773 42.307, -71.05761 42.30676, -71.05759 42.30665, -71.05757 42.30648, -71.05757 42.30628, -71.0576 42.30594, -71.05758 42.30582, -71.05754 42.30569, -71.05742 42.30551, -71.05739 42.30548, -71.05723 42.30534, -71.05692 42.30512, -71.05656 42.30486, -71.05623 42.30466, -71.05597 42.30452, -71.05609 42.30444, -71.05632 42.30433, -71.05737 42.30391, -71.05806 42.30362, -71.05878 42.30333, -71.05909 42.30323, -71.0593 42.30315, -71.05943 42.30313, -71.05952 42.30276, -71.05959 42.30241, -71.05969 42.30195, -71.0598 42.30154, -71.05991 42.30174, -71.06015 42.30215, -71.06032 42.30251, -71.06058 42.30315, -71.06086 42.30386, -71.06116 42.30456)))"
250250917001,"MULTIPOLYGON (((-71.06816 42.30307, -71.06755 42.30322, -71.0653 42.30383, -71.06458 42.30402, -71.06386 42.30422, -71.06395 42.30437, -71.06403 42.30453, -71.06413 42.30471, -71.06455 42.30539, -71.0643 42.30546, -71.06342 42.3057, -71.06312 42.305, -71.0624 42.30519, -71.06237 42.30518, -71.0623 42.30516, -71.0615 42.30537, -71.06137 42.30506, -71.06116 42.30456, -71.06086 42.30386, -71.06058 42.30315, -71.06149 42.30293, -71.0618 42.30286, -71.06234 42.30273, -71.06274 42.30262, -71.06335 42.30244, -71.06368 42.30234, -71.06346 42.302, -71.06398 42.30187, -71.06428 42.30179, -71.06445 42.30174, -71.06523 42.30154, -71.06737 42.30101, -71.06748 42.30111, -71.06759 42.3013, -71.06768 42.3016, -71.06773 42.30173, -71.06787 42.30221, -71.068 42.30261, -71.06816 42.30307)))"
250250917002,"MULTIPOLYGON (((-71.0688 42.30489, -71.06871 42.30495, -71.06834 42.30521, -71.06788 42.30554, -71.06747 42.30585, -71.06736 42.30593, -71.06701 42.30624, -71.06649 42.30671, -71.06622 42.30654, -71.06613 42.30648, -71.06608 42.30642, -71.06604 42.30636, -71.06599 42.30625, -71.06539 42.30532, -71.06526 42.3051, -71.06498 42.30468, -71.06468 42.3042, -71.06458 42.30402, -71.0653 42.30383, -71.06755 42.30322, -71.06816 42.30307, -71.06826 42.30336, -71.06834 42.30365, -71.06842 42.30383, -71.06848 42.30398, -71.06873 42.30477, -71.0688 42.30489)))"
250250917003,"MULTIPOLYGON (((-71.07139 42.30348, -71.07131 42.30357, -71.07111 42.30368, -71.07074 42.30379, -71.07048 42.30387, -71.07027 42.30395, -71.07 42.30407, -71.06977 42.30421, -71.06947 42.30442, -71.0688 42.30489, -71.06873 42.30477, -71.06848 42.30398, -71.06842 42.30383, -71.06834 42.30365, -71.06826 42.30336, -71.06816 42.30307, -71.068 42.30261, -71.06787 42.30221, -71.06773 42.30173, -71.06768 42.3016, -71.06759 42.3013, -71.06748 42.30111, -71.06737 42.30101, -71.06766 42.30118, -71.06787 42.3013, -71.0684 42.30162, -71.0689 42.30191, -71.06902 42.30198, -71.06952 42.30228, -71.07017 42.30266, -71.07047 42.30284, -71.07086 42.30307, -71.0711 42.30321, -71.07117 42.30325, -71.07143 42.30341, -71.07139 42.30348)))"
250250918001,"MULTIPOLYGON (((-71.07233 42.31021, -71.0719 42.31048, -71.07157 42.31067, -71.07082 42.31102, -71.0708 42.31103, -71.07022 42.31133, -71.07002 42.31128, -71.06969 42.31113, -71.06958 42.31108, -71.06919 42.31091, -71.06898 42.31084, -71.0687 42.31076, -71.06842 42.31066, -71.06824 42.31057, -71.06784 42.3103, -71.06743 42.31005, -71.06717 42.3099, -71.06697 42.30977, -71.06674 42.30959, -71.06642 42.30929, -71.0663 42.30916, -71.0657 42.30859, -71.06544 42.30835, -71.06523 42.30816, -71.06515 42.30811, -71.06503 42.30808, -71.06551 42.30762, -71.06584 42.30731, -71.06649 42.30671, -71.06701 42.30624, -71.0674 42.30652, -71.06761 42.30668, -71.06795 42.30693, -71.06862 42.30741, -71.06891 42.30764, -71.06924 42.30788, -71.06938 42.308, -71.06992 42.30837, -71.07028 42.30864, -71.07088 42.30908, -71.07102 42.30919, -71.07164 42.30965, -71.07229 42.31005, -71.07233 42.31021)))"
250250918002,"MULTIPOLYGON (((-71.07269 42.30978, -71.07256 42.31007, -71.07233 42.31021, -71.07229 42.31005, -71.07164 42.30965, -71.07102 42.30919, -71.07088 42.30908, -71.07028 42.30864, -71.06992 42.30837, -71.06938 42.308, -71.06924 42.30788, -71.06891 42.30764, -71.06862 42.30741, -71.06795 42.30693, -71.06761 42.30668, -71.0674 42.30652, -71.06701 42.30624, -71.06736 42.30593, -71.06747 42.30585, -71.06788 42.30554, -71.06834 42.30521, -71.06851 42.30529, -71.06863 42.30532, -71.06915 42.3054, -71.06994 42.30551, -71.07016 42.30615, -71.0703 42.30646, -71.07043 42.30669, -71.07058 42.30694, -71.07068 42.30715, -71.07074 42.30725, -71.07078 42.30731, -71.07083 42.30742, -71.07088 42.3075, -71.07095 42.30759, -71.07102 42.30767, -71.07115 42.30777, -71.07133 42.30792, -71.0718 42.30828, -71.07196 42.3084, -71.07226 42.30866, -71.07239 42.30883, -71.07243 42.30889, -71.07256 42.30912, -71.07263 42.3093, -71.07264 42.30939, -71.07282 42.30947, -71.07269 42.30978)))"
250250918003,"MULTIPOLYGON (((-71.07678 42.30519, -71.0764 42.30552, -71.07496 42.30672, -71.07491 42.30676, -71.07426 42.30735, -71.07391 42.30768, -71.07378 42.30784, -71.07365 42.30802, -71.0735 42.30821, -71.07335 42.30847, -71.07282 42.30947, -71.07264 42.30939, -71.07263 42.3093, -71.07256 42.30912, -71.07243 42.30889, -71.07239 42.30883, -71.07226 42.30866, -71.07196 42.3084, -71.0718 42.30828, -71.07133 42.30792, -71.07115 42.30777, -71.07102 42.30767, -71.07095 42.30759, -71.07088 42.3075, -71.07083 42.30742, -71.07078 42.30731, -71.07074 42.30725, -71.07068 42.30715, -71.07058 42.30694, -71.07043 42.30669, -71.0703 42.30646, -71.07016 42.30615, -71.06994 42.30551, -71.06915 42.3054, -71.06863 42.30532, -71.06851 42.30529, -71.06834 42.30521, -71.06871 42.30495, -71.0688 42.30489, -71.06947 42.30442, -71.06977 42.30421, -71.07 42.30407, -71.07027 42.30395, -71.07048 42.30387, -71.07074 42.30379, -71.07111 42.30368, -71.07131 42.30357, -71.07139 42.30348, -71.07143 42.30341, -71.07156 42.30349, -71.07168 42.30357, -71.07202 42.30398, -71.07248 42.30436, -71.07269 42.3045, -71.07287 42.30459, -71.07312 42.30467, -71.07359 42.30479, -71.07416 42.30491, -71.0743 42.30493, -71.07478 42.30497, -71.07496 42.30497, -71.07598 42.30504, -71.07618 42.30505, -71.07635 42.30508, -71.07649 42.30511, -71.07678 42.30519)))"
250250919001,"MULTIPOLYGON (((-71.07842 42.30323, -71.07818 42.30361, -71.078 42.30387, -71.07776 42.3042, -71.07755 42.30444, -71.07726 42.30474, -71.07678 42.30519, -71.07649 42.30511, -71.07635 42.30508, -71.07618 42.30505, -71.07598 42.30504, -71.07496 42.30497, -71.07478 42.30497, -71.0743 42.30493, -71.07416 42.30491, -71.07359 42.30479, -71.07312 42.30467, -71.07287 42.30459, -71.07269 42.3045, -71.07248 42.30436, -71.07202 42.30398, -71.07168 42.30357, -71.07156 42.30349, -71.07143 42.30341, -71.07145 42.30331, -71.07151 42.30274, -71.07157 42.30243, -71.07173 42.30241, -71.07188 42.3024, -71.073 42.30239, -71.07319 42.30237, -71.07327 42.30235, -71.07345 42.30228, -71.07367 42.30218, -71.07407 42.30199, -71.07439 42.30187, -71.07486 42.30165, -71.07513 42.30148, -71.07552 42.30172, -71.0757 42.30186, -71.07593 42.30204, -71.07627 42.30232, -71.07664 42.30267, -71.07693 42.30298, -71.07752 42.30357, -71.07783 42.30324, -71.07801 42.3031, -71.07823 42.30297, -71.07838 42.30317, -71.07842 42.30323)))"
250250919002,"MULTIPOLYGON (((-71.07823 42.30297, -71.07801 42.3031, -71.07783 42.30324, -71.07752 42.30357, -71.07693 42.30298, -71.07664 42.30267, -71.07627 42.30232, -71.07593 42.30204, -71.0757 42.30186, -71.07552 42.30172, -71.07513 42.30148, -71.07486 42.30165, -71.07439 42.30187, -71.07407 42.30199, -71.07367 42.30218, -71.07345 42.30228, -71.07327 42.30235, -71.07319 42.30237, -71.073 42.30239, -71.07188 42.3024, -71.07173 42.30241, -71.07157 42.30243, -71.07159 42.30235, -71.0717 42.30211, -71.07186 42.30184, -71.07189 42.30178, -71.07194 42.30169, -71.07199 42.30156, -71.07201 42.30146, -71.07202 42.30126, -71.07202 42.30068, -71.07203 42.30043, -71.07207 42.30027, -71.07213 42.30013, -71.07218 42.30004, -71.0723 42.29994, -71.07243 42.29982, -71.07265 42.2997, -71.07274 42.29966, -71.07293 42.29958, -71.07364 42.29937, -71.07387 42.29958, -71.07417 42.29984, -71.07436 42.3, -71.07448 42.30009, -71.07467 42.30024, -71.07492 42.30037, -71.07536 42.30059, -71.07578 42.30078, -71.07587 42.30081, -71.07594 42.30085, -71.07615 42.30096, -71.07631 42.30107, -71.07658 42.30129, -71.07719 42.30174, -71.07737 42.30189, -71.07749 42.30201, -71.07759 42.30212, -71.07792 42.30254, -71.07803 42.30269, -71.07823 42.30297)))"
250250919003,"MULTIPOLYGON (((-71.07928 42.30019, -71.07926 42.30081, -71.07922 42.30119, -71.07915 42.30145, -71.07906 42.30174, -71.07897 42.30204, -71.07887 42.30237, -71.07861 42.30295, -71.07842 42.30323, -71.07838 42.30317, -71.07823 42.30297, -71.07803 42.30269, -71.07792 42.30254, -71.07759 42.30212, -71.07749 42.30201, -71.07737 42.30189, -71.07719 42.30174, -71.07658 42.30129, -71.07631 42.30107, -71.07615 42.30096, -71.07594 42.30085, -71.07587 42.30081, -71.07578 42.30078, -71.07536 42.30059, -71.07492 42.30037, -71.07467 42.30024, -71.07448 42.30009, -71.07436 42.3, -71.07417 42.29984, -71.07387 42.29958, -71.07364 42.29937, -71.07381 42.29932, -71.07407 42.29925, -71.07462 42.29907, -71.075 42.29897, -71.07519 42.29891, -71.07527 42.29889, -71.07543 42.29881, -71.07552 42.29874, -71.07559 42.29866, -71.07574 42.29842, -71.07603 42.29784, -71.0761 42.29763, -71.07623 42.29739, -71.07629 42.29731, -71.0764 42.29727, -71.07654 42.29721, -71.07671 42.29717, -71.07704 42.29711, -71.07728 42.29706, -71.07774 42.29695, -71.07819 42.29685, -71.07845 42.29679, -71.07885 42.29671, -71.07915 42.29869, -71.07923 42.29921, -71.07927 42.29971, -71.07928 42.30019)))"
250250919004,"MULTIPOLYGON (((-71.07629 42.29731, -71.07623 42.29739, -71.0761 42.29763, -71.07603 42.29784, -71.07574 42.29842, -71.07559 42.29866, -71.07552 42.29874, -71.07543 42.29881, -71.07527 42.29889, -71.07519 42.29891, -71.075 42.29897, -71.07462 42.29907, -71.07407 42.29925, -71.07381 42.29932, -71.07364 42.29937, -71.07339 42.29905, -71.07325 42.29883, -71.0731 42.29864, -71.07307 42.29859, -71.07301 42.29846, -71.0727 42.29781, -71.07259 42.29762, -71.07247 42.29734, -71.07238 42.29712, -71.07238 42.2971, -71.07232 42.2969, -71.07227 42.29668, -71.07279 42.29663, -71.07331 42.29659, -71.0738 42.29656, -71.07408 42.29656, -71.07429 42.29656, -71.07437 42.29656, -71.07461 42.2966, -71.07481 42.29667, -71.07512 42.29679, -71.07522 42.29683, -71.07573 42.29702, -71.07604 42.29714, -71.07617 42.2972, -71.0762 42.29723, -71.07623 42.29725, -71.07629 42.29731)))"
250250920001,"MULTIPOLYGON (((-71.06737 42.30101, -71.06523 42.30154, -71.06445 42.30174, -71.06428 42.30179, -71.06398 42.30187, -71.06346 42.302, -71.06368 42.30234, -71.06335 42.30244, -71.06274 42.30262, -71.06234 42.30273, -71.0618 42.30286, -71.06149 42.30293, -71.06058 42.30315, -71.06032 42.30251, -71.06015 42.30215, -71.05991 42.30174, -71.0598 42.30154, -71.05987 42.30131, -71.06002 42.30076, -71.06067 42.30069, -71.06162 42.30057, -71.06192 42.30052, -71.06283 42.3003, -71.06337 42.30016, -71.06377 42.30004, -71.0648 42.29976, -71.06511 42.29967, -71.06552 42.29991, -71.066 42.30021, -71.06623 42.30033, -71.06668 42.3006, -71.06698 42.30077, -71.06737 42.30101)))"
250250920002,"MULTIPOLYGON (((-71.07137 42.29895, -71.07 42.29934, -71.06915 42.29957, -71.06894 42.29963, -71.06819 42.29983, -71.06749 42.30002, -71.06685 42.30017, -71.06632 42.3003, -71.06623 42.30033, -71.066 42.30021, -71.06552 42.29991, -71.06511 42.29967, -71.0648 42.29976, -71.06377 42.30004, -71.06337 42.30016, -71.06283 42.3003, -71.06192 42.30052, -71.06162 42.30057, -71.06067 42.30069, -71.06002 42.30076, -71.06013 42.30046, -71.06016 42.3003, -71.06031 42.3003, -71.06038 42.3003, -71.06055 42.30029, -71.06091 42.30024, -71.06128 42.30015, -71.06186 42.3, -71.06254 42.29982, -71.06306 42.29969, -71.06343 42.29959, -71.06376 42.29946, -71.06432 42.29921, -71.06486 42.29886, -71.06523 42.29859, -71.06554 42.29831, -71.06585 42.29796, -71.06611 42.29758, -71.06641 42.29702, -71.06698 42.29688, -71.06764 42.2967, -71.06862 42.29643, -71.06933 42.29622, -71.06985 42.29609, -71.07025 42.296, -71.07034 42.29611, -71.07039 42.29619, -71.07042 42.29635, -71.0705 42.29689, -71.07053 42.29705, -71.0706 42.29734, -71.07074 42.29767, -71.07094 42.29812, -71.07102 42.2983, -71.0712 42.29869, -71.07137 42.29895)))"
250250920003,"MULTIPOLYGON (((-71.07364 42.29937, -71.07293 42.29958, -71.07274 42.29966, -71.07265 42.2997, -71.07243 42.29982, -71.0723 42.29994, -71.07189 42.29997, -71.07156 42.30001, -71.07126 42.30006, -71.07079 42.30014, -71.07017 42.30029, -71.06974 42.30041, -71.06927 42.30053, -71.06914 42.30056, -71.06857 42.30069, -71.06807 42.30083, -71.06787 42.30087, -71.06754 42.30096, -71.06737 42.30101, -71.06698 42.30077, -71.06668 42.3006, -71.06623 42.30033, -71.06632 42.3003, -71.06685 42.30017, -71.06749 42.30002, -71.06819 42.29983, -71.06894 42.29963, -71.06915 42.29957, -71.07 42.29934, -71.07137 42.29895, -71.0712 42.29869, -71.07102 42.2983, -71.07094 42.29812, -71.07074 42.29767, -71.0706 42.29734, -71.07053 42.29705, -71.0705 42.29689, -71.07042 42.29635, -71.07039 42.29619, -71.07034 42.29611, -71.07025 42.296, -71.07115 42.29573, -71.07133 42.29568, -71.07212 42.29551, -71.07212 42.29561, -71.07216 42.29589, -71.07225 42.29652, -71.07227 42.29668, -71.07232 42.2969, -71.07238 42.2971, -71.07238 42.29712, -71.07247 42.29734, -71.07259 42.29762, -71.0727 42.29781, -71.07301 42.29846, -71.07307 42.29859, -71.0731 42.29864, -71.07325 42.29883, -71.07339 42.29905, -71.07364 42.29937)))"
250250920004,"MULTIPOLYGON (((-71.07218 42.30004, -71.07213 42.30013, -71.07207 42.30027, -71.07203 42.30043, -71.07202 42.30068, -71.07202 42.30126, -71.07201 42.30146, -71.07199 42.30156, -71.07194 42.30169, -71.07189 42.30178, -71.07186 42.30184, -71.0717 42.30211, -71.07159 42.30235, -71.07157 42.30243, -71.07151 42.30274, -71.07145 42.30331, -71.07143 42.30341, -71.07117 42.30325, -71.0711 42.30321, -71.07086 42.30307, -71.07047 42.30284, -71.07017 42.30266, -71.06952 42.30228, -71.06902 42.30198, -71.0689 42.30191, -71.0684 42.30162, -71.06787 42.3013, -71.06766 42.30118, -71.06737 42.30101, -71.06754 42.30096, -71.06787 42.30087, -71.06807 42.30083, -71.06857 42.30069, -71.06914 42.30056, -71.06927 42.30053, -71.06974 42.30041, -71.07017 42.30029, -71.07079 42.30014, -71.07126 42.30006, -71.07156 42.30001, -71.07189 42.29997, -71.0723 42.29994, -71.07218 42.30004)))"
250250921011,"MULTIPOLYGON (((-71.05725 42.29333, -71.05702 42.29382, -71.05697 42.29388, -71.05692 42.29398, -71.05668 42.29432, -71.05646 42.29466, -71.05625 42.29503, -71.05622 42.29515, -71.05621 42.29521, -71.0562 42.29538, -71.05622 42.29555, -71.05623 42.29562, -71.05626 42.29576, -71.05539 42.29584, -71.05482 42.29589, -71.05444 42.29592, -71.05397 42.29596, -71.05357 42.29598, -71.05331 42.29599, -71.05295 42.29604, -71.05286 42.29607, -71.05272 42.29616, -71.05219 42.29662, -71.05182 42.29695, -71.05157 42.29725, -71.04949 42.29541, -71.04823 42.29428, -71.04746 42.29359, -71.04754 42.29348, -71.04773 42.29319, -71.04775 42.29314, -71.04782 42.29311, -71.04789 42.29309, -71.04799 42.29308, -71.04807 42.29308, -71.04818 42.29313, -71.04831 42.2932, -71.04842 42.29341, -71.049 42.29327, -71.04971 42.2931, -71.04996 42.29304, -71.05063 42.29278, -71.05088 42.29309, -71.05112 42.29339, -71.05133 42.2936, -71.05146 42.29374, -71.05174 42.29398, -71.05191 42.2941, -71.05243 42.29448, -71.05259 42.29441, -71.05276 42.29435, -71.05333 42.29414, -71.0538 42.29397, -71.05465 42.2937, -71.05549 42.29351, -71.05613 42.29338, -71.0573 42.29313, -71.05725 42.29333)))"
250250921012,"MULTIPOLYGON (((-71.06048 42.29915, -71.06031 42.29976, -71.06026 42.29995, -71.0602 42.30013, -71.06016 42.3003, -71.06013 42.30046, -71.06002 42.30076, -71.05987 42.30131, -71.0598 42.30154, -71.05969 42.30195, -71.05959 42.30241, -71.05952 42.30276, -71.05943 42.30313, -71.0593 42.30315, -71.05909 42.30323, -71.05878 42.30333, -71.05806 42.30362, -71.05737 42.30391, -71.05632 42.30433, -71.05609 42.30444, -71.05597 42.30452, -71.05587 42.30447, -71.05556 42.30436, -71.05551 42.30435, -71.05543 42.30432, -71.05556 42.30382, -71.05565 42.30339, -71.0557 42.30298, -71.05569 42.30263, -71.05569 42.30258, -71.05569 42.30252, -71.05569 42.3025, -71.05557 42.30187, -71.05542 42.3014, -71.05526 42.30098, -71.05512 42.30074, -71.05502 42.30059, -71.05511 42.30053, -71.05562 42.3003, -71.05619 42.30008, -71.05659 42.29992, -71.05727 42.29965, -71.05766 42.29948, -71.05811 42.2993, -71.0584 42.29922, -71.059 42.29909, -71.05906 42.29907, -71.05957 42.29894, -71.05977 42.29889, -71.06065 42.29865, -71.06048 42.29915)))"
250250921013,"MULTIPOLYGON (((-71.0557 42.30298, -71.05565 42.30339, -71.05556 42.30382, -71.05543 42.30432, -71.05532 42.30428, -71.05428 42.30384, -71.05384 42.30362, -71.05333 42.30336, -71.05256 42.30294, -71.052 42.3025, -71.05159 42.30221, -71.0513 42.30198, -71.05105 42.30175, -71.05078 42.30154, -71.05032 42.30129, -71.04982 42.30102, -71.04946 42.30082, -71.04927 42.3012, -71.0492 42.30134, -71.04914 42.30144, -71.04893 42.30189, -71.04863 42.30239, -71.04837 42.30286, -71.04824 42.30313, -71.04818 42.30327, -71.04762 42.30446, -71.04748 42.30442, -71.04751 42.30434, -71.04775 42.30383, -71.04169 42.30215, -71.04175 42.30128, -71.04194 42.30085, -71.0422 42.3005, -71.04236 42.30009, -71.04409 42.30007, -71.04447 42.29991, -71.04496 42.29975, -71.0456 42.29947, -71.04637 42.29914, -71.04707 42.29881, -71.04737 42.2987, -71.0475 42.29864, -71.04762 42.29859, -71.04776 42.29853, -71.04829 42.29832, -71.04819 42.29801, -71.04767 42.29703, -71.04758 42.29682, -71.04753 42.29653, -71.04754 42.29624, -71.04759 42.29595, -71.04766 42.29569, -71.04756 42.29545, -71.04748 42.29527, -71.04739 42.29507, -71.04731 42.29488, -71.04729 42.29482, -71.0472 42.29451, -71.04717 42.29436, -71.04716 42.29424, -71.04716 42.2942, -71.04717 42.29403, -71.04722 42.29393, -71.04728 42.29383, -71.04731 42.29378, -71.04737 42.29371, -71.04743 42.29362, -71.04746 42.29359, -71.04823 42.29428, -71.04949 42.29541, -71.05157 42.29725, -71.054 42.29939, -71.05424 42.29961, -71.05451 42.2999, -71.05475 42.3002, -71.05502 42.30059, -71.05512 42.30074, -71.05526 42.30098, -71.05542 42.3014, -71.05557 42.30187, -71.05569 42.3025, -71.05569 42.30252, -71.05569 42.30258, -71.05569 42.30263, -71.0557 42.30298)))"
250250921014,"MULTIPOLYGON (((-71.06132 42.29622, -71.06117 42.29676, -71.06104 42.2972, -71.06077 42.29819, -71.06065 42.29865, -71.05977 42.29889, -71.05957 42.29894, -71.05906 42.29907, -71.059 42.29909, -71.0584 42.29922, -71.05811 42.2993, -71.05766 42.29948, -71.05727 42.29965, -71.05659 42.29992, -71.05619 42.30008, -71.05562 42.3003, -71.05511 42.30053, -71.05502 42.30059, -71.05475 42.3002, -71.05451 42.2999, -71.05424 42.29961, -71.054 42.29939, -71.05157 42.29725, -71.05182 42.29695, -71.05219 42.29662, -71.05272 42.29616, -71.05286 42.29607, -71.05295 42.29604, -71.05331 42.29599, -71.05357 42.29598, -71.05397 42.29596, -71.05444 42.29592, -71.05484 42.29618, -71.05526 42.2965, -71.05583 42.2969, -71.05614 42.2971, -71.05634 42.29724, -71.05643 42.29733, -71.05666 42.29728, -71.05723 42.29714, -71.05755 42.29705, -71.05795 42.29694, -71.05864 42.29675, -71.05979 42.29646, -71.06005 42.29641, -71.06051 42.29633, -71.06101 42.29623, -71.0612 42.29617, -71.06137 42.29607, -71.06132 42.29622)))"
250250921015,"MULTIPOLYGON (((-71.06249 42.29221, -71.06234 42.29273, -71.06226 42.29301, -71.06214 42.29351, -71.06209 42.29366, -71.06197 42.29407, -71.06182 42.29458, -71.06167 42.29507, -71.06154 42.29547, -71.0615 42.29564, -71.06145 42.29582, -71.06137 42.29607, -71.0612 42.29617, -71.06101 42.29623, -71.06051 42.29633, -71.06005 42.29641, -71.05979 42.29646, -71.05864 42.29675, -71.05795 42.29694, -71.05755 42.29705, -71.05723 42.29714, -71.05666 42.29728, -71.05643 42.29733, -71.05634 42.29724, -71.05614 42.2971, -71.05583 42.2969, -71.05526 42.2965, -71.05484 42.29618, -71.05444 42.29592, -71.05482 42.29589, -71.05539 42.29584, -71.05626 42.29576, -71.05623 42.29562, -71.05622 42.29555, -71.0562 42.29538, -71.05621 42.29521, -71.05622 42.29515, -71.05625 42.29503, -71.05646 42.29466, -71.05668 42.29432, -71.05692 42.29398, -71.05697 42.29388, -71.05702 42.29382, -71.05725 42.29333, -71.0573 42.29313, -71.05796 42.29296, -71.05904 42.2927, -71.06012 42.29241, -71.06036 42.29235, -71.06059 42.2923, -71.06127 42.29213, -71.06185 42.29199, -71.06261 42.29181, -71.06249 42.29221)))"
250250922001,"MULTIPOLYGON (((-71.06648 42.29639, -71.06646 42.29673, -71.06641 42.29702, -71.06611 42.29758, -71.06585 42.29796, -71.06554 42.29831, -71.06523 42.29859, -71.06486 42.29886, -71.06432 42.29921, -71.06376 42.29946, -71.06343 42.29959, -71.06306 42.29969, -71.06254 42.29982, -71.06186 42.3, -71.06128 42.30015, -71.06091 42.30024, -71.06055 42.30029, -71.06038 42.3003, -71.06031 42.3003, -71.06016 42.3003, -71.0602 42.30013, -71.06026 42.29995, -71.06031 42.29976, -71.06048 42.29915, -71.06065 42.29865, -71.06077 42.29819, -71.06104 42.2972, -71.06117 42.29676, -71.06132 42.29622, -71.06137 42.29607, -71.06158 42.29602, -71.06247 42.29581, -71.0627 42.29574, -71.063 42.29565, -71.06314 42.29561, -71.06414 42.29534, -71.06564 42.29496, -71.0662 42.29482, -71.06641 42.2955, -71.06649 42.29598, -71.06648 42.29639)))"
250250922002,"MULTIPOLYGON (((-71.0662 42.29482, -71.06564 42.29496, -71.06414 42.29534, -71.06314 42.29561, -71.063 42.29565, -71.0627 42.29574, -71.06247 42.29581, -71.06158 42.29602, -71.06137 42.29607, -71.06145 42.29582, -71.0615 42.29564, -71.06154 42.29547, -71.06167 42.29507, -71.06182 42.29458, -71.06197 42.29407, -71.06209 42.29366, -71.06214 42.29351, -71.06226 42.29301, -71.06413 42.29248, -71.06459 42.29235, -71.06506 42.29221, -71.0654 42.2921, -71.06554 42.29204, -71.06571 42.29266, -71.06585 42.29326, -71.06601 42.29397, -71.0662 42.29482)))"
250250922003,"MULTIPOLYGON (((-71.07177 42.2923, -71.07149 42.29232, -71.07132 42.29234, -71.07108 42.29239, -71.07078 42.29249, -71.0703 42.29267, -71.0694 42.29296, -71.06861 42.2932, -71.06734 42.2936, -71.0675 42.29408, -71.06761 42.29445, -71.06674 42.29467, -71.06628 42.2948, -71.0662 42.29482, -71.06601 42.29397, -71.06585 42.29326, -71.06571 42.29266, -71.06554 42.29204, -71.06559 42.29202, -71.06592 42.29193, -71.06616 42.29185, -71.0667 42.2917, -71.06736 42.29151, -71.06758 42.29143, -71.06846 42.29116, -71.06865 42.2911, -71.06986 42.29071, -71.0704 42.29059, -71.07062 42.29051, -71.07068 42.29048, -71.07073 42.29042, -71.07076 42.29027, -71.07078 42.29015, -71.07109 42.29016, -71.0716 42.29022, -71.07162 42.2904, -71.07164 42.29065, -71.07166 42.291, -71.07171 42.29169, -71.07175 42.29201, -71.07177 42.2923)))"
250250922004,"MULTIPOLYGON (((-71.07212 42.29551, -71.07133 42.29568, -71.07115 42.29573, -71.07025 42.296, -71.06985 42.29609, -71.06933 42.29622, -71.06862 42.29643, -71.06764 42.2967, -71.06698 42.29688, -71.06641 42.29702, -71.06646 42.29673, -71.06648 42.29639, -71.06649 42.29598, -71.06641 42.2955, -71.0662 42.29482, -71.06628 42.2948, -71.06674 42.29467, -71.06761 42.29445, -71.0675 42.29408, -71.06734 42.2936, -71.06861 42.2932, -71.0694 42.29296, -71.0703 42.29267, -71.07078 42.29249, -71.07108 42.29239, -71.07132 42.29234, -71.07149 42.29232, -71.07177 42.2923, -71.07181 42.29286, -71.07187 42.29329, -71.07187 42.29349, -71.07191 42.29393, -71.07198 42.29442, -71.072 42.29461, -71.07204 42.29503, -71.07212 42.29551)))"
250250923001,"MULTIPOLYGON (((-71.07629 42.29731, -71.07623 42.29725, -71.0762 42.29723, -71.07617 42.2972, -71.07604 42.29714, -71.07573 42.29702, -71.07522 42.29683, -71.07512 42.29679, -71.07481 42.29667, -71.07461 42.2966, -71.07437 42.29656, -71.07429 42.29656, -71.07408 42.29656, -71.0738 42.29656, -71.07331 42.29659, -71.07279 42.29663, -71.07227 42.29668, -71.07225 42.29652, -71.07216 42.29589, -71.07212 42.29561, -71.07212 42.29551, -71.07204 42.29503, -71.072 42.29461, -71.07198 42.29442, -71.07191 42.29393, -71.07221 42.29385, -71.07318 42.29358, -71.0743 42.29326, -71.07477 42.29314, -71.07498 42.2931, -71.07514 42.2935, -71.07527 42.29386, -71.07563 42.29489, -71.0758 42.29539, -71.07588 42.2957, -71.07604 42.29624, -71.07614 42.29658, -71.07628 42.29705, -71.07629 42.29731)))"
250250923002,"MULTIPOLYGON (((-71.07477 42.29314, -71.0743 42.29326, -71.07318 42.29358, -71.07221 42.29385, -71.07191 42.29393, -71.07187 42.29349, -71.07187 42.29329, -71.07181 42.29286, -71.07177 42.2923, -71.07175 42.29201, -71.07171 42.29169, -71.07166 42.291, -71.07164 42.29065, -71.07162 42.2904, -71.0716 42.29022, -71.072 42.29022, -71.07211 42.29024, -71.07223 42.29028, -71.07255 42.29038, -71.07331 42.2906, -71.07415 42.29084, -71.07434 42.29136, -71.07445 42.29161, -71.0746 42.29201, -71.07473 42.29242, -71.07498 42.2931, -71.07477 42.29314)))"
250250923003,"MULTIPOLYGON (((-71.07836 42.29438, -71.07809 42.29444, -71.07725 42.2946, -71.07645 42.29475, -71.07563 42.29489, -71.07527 42.29386, -71.07514 42.2935, -71.07498 42.2931, -71.07473 42.29242, -71.0746 42.29201, -71.07445 42.29161, -71.07434 42.29136, -71.07415 42.29084, -71.07465 42.291, -71.07519 42.29116, -71.07541 42.29122, -71.07584 42.29134, -71.0761 42.29142, -71.07718 42.29174, -71.078 42.29198, -71.07815 42.29202, -71.07819 42.2925, -71.07848 42.29435, -71.07836 42.29438)))"
250250923004,"MULTIPOLYGON (((-71.07885 42.29671, -71.07845 42.29679, -71.07819 42.29685, -71.07774 42.29695, -71.07728 42.29706, -71.07704 42.29711, -71.07671 42.29717, -71.07654 42.29721, -71.0764 42.29727, -71.07629 42.29731, -71.07628 42.29705, -71.07614 42.29658, -71.07604 42.29624, -71.07588 42.2957, -71.0758 42.29539, -71.07563 42.29489, -71.07645 42.29475, -71.07725 42.2946, -71.07809 42.29444, -71.07836 42.29438, -71.07848 42.29435, -71.07869 42.29565, -71.07885 42.29671)))"
250250924001,"MULTIPOLYGON (((-71.0823 42.29337, -71.08219 42.29341, -71.0819 42.29346, -71.08083 42.29366, -71.08001 42.29379, -71.08011 42.29403, -71.08025 42.29444, -71.0805 42.29509, -71.08076 42.29572, -71.08077 42.29575, -71.0808 42.29586, -71.08088 42.29609, -71.08092 42.2963, -71.08046 42.29639, -71.08 42.29648, -71.07954 42.29656, -71.07885 42.29671, -71.07869 42.29565, -71.07848 42.29435, -71.07819 42.2925, -71.07815 42.29202, -71.0787 42.29219, -71.07953 42.29244, -71.07998 42.29257, -71.08061 42.29275, -71.08088 42.29282, -71.08121 42.29292, -71.08249 42.29329, -71.0823 42.29337)))"
250250924002,"MULTIPOLYGON (((-71.08748 42.29498, -71.08635 42.2953, -71.08575 42.29554, -71.08537 42.2957, -71.0853 42.29573, -71.08492 42.29581, -71.08433 42.29591, -71.08395 42.29599, -71.08361 42.29605, -71.08335 42.2961, -71.08233 42.29628, -71.08225 42.2963, -71.08205 42.29633, -71.0819 42.29634, -71.08159 42.29633, -71.08133 42.2963, -71.08105 42.29629, -71.08092 42.2963, -71.08088 42.29609, -71.0808 42.29586, -71.08077 42.29575, -71.08076 42.29572, -71.0805 42.29509, -71.08025 42.29444, -71.08011 42.29403, -71.08001 42.29379, -71.08083 42.29366, -71.0819 42.29346, -71.08219 42.29341, -71.0823 42.29337, -71.08249 42.29329, -71.08307 42.29347, -71.08358 42.29361, -71.08467 42.29395, -71.08598 42.29433, -71.08695 42.29461, -71.08718 42.29468, -71.08746 42.29478, -71.08784 42.29491, -71.08748 42.29498)))"
250250924003,"MULTIPOLYGON (((-71.08699 42.29814, -71.08694 42.29836, -71.08679 42.29877, -71.08669 42.2991, -71.08654 42.29956, -71.0864 42.3, -71.08626 42.30039, -71.08616 42.30063, -71.08592 42.30133, -71.0859 42.30138, -71.08573 42.30125, -71.08529 42.30091, -71.0847 42.30042, -71.08391 42.29971, -71.0833 42.29919, -71.08314 42.29905, -71.08308 42.29898, -71.08304 42.29893, -71.08291 42.29866, -71.0823 42.29879, -71.08141 42.299, -71.08133 42.29876, -71.08108 42.29812, -71.08087 42.29749, -71.08046 42.29639, -71.08092 42.2963, -71.08105 42.29629, -71.08133 42.2963, -71.08159 42.29633, -71.0819 42.29634, -71.08205 42.29633, -71.08225 42.2963, -71.08233 42.29628, -71.08335 42.2961, -71.08361 42.29605, -71.08395 42.29599, -71.08433 42.29591, -71.08492 42.29581, -71.0853 42.29573, -71.08537 42.2957, -71.0854 42.29573, -71.08581 42.29681, -71.08591 42.29703, -71.08598 42.29713, -71.08607 42.2972, -71.08629 42.29736, -71.08652 42.29751, -71.08668 42.2976, -71.08695 42.29771, -71.08711 42.2978, -71.08699 42.29814)))"
250250924004,"MULTIPOLYGON (((-71.09258 42.29543, -71.09233 42.29576, -71.09221 42.29588, -71.09171 42.29656, -71.09157 42.29675, -71.09144 42.29686, -71.09135 42.29692, -71.09118 42.297, -71.09092 42.29711, -71.09048 42.29726, -71.09006 42.29739, -71.08964 42.2975, -71.08861 42.29621, -71.08822 42.29574, -71.08813 42.29562, -71.08803 42.2955, -71.08786 42.29537, -71.088 42.29494, -71.08813 42.29448, -71.08814 42.29444, -71.08815 42.29442, -71.08861 42.29433, -71.08872 42.29428, -71.08885 42.29423, -71.08903 42.29412, -71.08921 42.29397, -71.08938 42.29376, -71.08942 42.29366, -71.08963 42.2932, -71.08978 42.29287, -71.09157 42.29371, -71.09168 42.29386, -71.09317 42.29461, -71.09258 42.29543)))"
250250924005,"MULTIPOLYGON (((-71.08964 42.2975, -71.0886 42.29774, -71.08742 42.29804, -71.08699 42.29814, -71.08711 42.2978, -71.08695 42.29771, -71.08668 42.2976, -71.08652 42.29751, -71.08629 42.29736, -71.08607 42.2972, -71.08598 42.29713, -71.08591 42.29703, -71.08581 42.29681, -71.0854 42.29573, -71.08537 42.2957, -71.08575 42.29554, -71.08635 42.2953, -71.08748 42.29498, -71.08784 42.29491, -71.088 42.29494, -71.08786 42.29537, -71.08803 42.2955, -71.08813 42.29562, -71.08822 42.29574, -71.08861 42.29621, -71.08964 42.2975)))"
250251001001,"MULTIPOLYGON (((-71.09576 42.29197, -71.09538 42.29224, -71.09484 42.29273, -71.09458 42.29298, -71.09454 42.29302, -71.09444 42.29312, -71.09435 42.29322, -71.09427 42.2933, -71.09323 42.29454, -71.09317 42.29461, -71.09168 42.29386, -71.09157 42.29371, -71.08978 42.29287, -71.08986 42.29268, -71.09001 42.29236, -71.09008 42.29221, -71.09017 42.29209, -71.09036 42.29184, -71.0906 42.29157, -71.09065 42.29152, -71.09094 42.29126, -71.09122 42.29104, -71.09156 42.29082, -71.09175 42.29062, -71.09189 42.29043, -71.092 42.29023, -71.0921 42.28988, -71.09212 42.28967, -71.09211 42.28945, -71.09211 42.28921, -71.09219 42.28894, -71.09222 42.28888, -71.0923 42.28875, -71.09247 42.28853, -71.09268 42.28832, -71.09289 42.28818, -71.09322 42.288, -71.09365 42.28779, -71.09389 42.28767, -71.094 42.28794, -71.09413 42.28825, -71.09449 42.28906, -71.09498 42.29016, -71.09502 42.29023, -71.09545 42.29122, -71.09573 42.2919, -71.09576 42.29197)))"
250251001002,"MULTIPOLYGON (((-71.0878 42.28853, -71.08758 42.28876, -71.08746 42.28889, -71.08716 42.28923, -71.08697 42.28943, -71.08669 42.28928, -71.08636 42.28916, -71.08617 42.28909, -71.0855 42.2889, -71.08514 42.28881, -71.08483 42.28876, -71.08458 42.28873, -71.08433 42.28872, -71.0842 42.28873, -71.08383 42.28876, -71.08369 42.28844, -71.0836 42.28824, -71.08232 42.28854, -71.08169 42.28866, -71.08155 42.28869, -71.0814 42.28826, -71.08125 42.28779, -71.0833 42.28733, -71.08427 42.2871, -71.08512 42.28692, -71.08577 42.28677, -71.08599 42.28673, -71.08636 42.28774, -71.08671 42.28783, -71.08722 42.28799, -71.08799 42.28835, -71.0878 42.28853)))"
250251001003,"MULTIPOLYGON (((-71.09092 42.28608, -71.09076 42.28661, -71.09055 42.28723, -71.09033 42.28789, -71.09031 42.28798, -71.09011 42.28853, -71.08998 42.28898, -71.0898 42.2895, -71.08971 42.28978, -71.08947 42.29043, -71.08934 42.29085, -71.08923 42.29122, -71.08903 42.29126, -71.08876 42.29111, -71.08876 42.291, -71.08871 42.29089, -71.08863 42.29076, -71.08839 42.29046, -71.08809 42.2902, -71.08767 42.28984, -71.08727 42.28959, -71.08697 42.28943, -71.08716 42.28923, -71.08746 42.28889, -71.08758 42.28876, -71.0878 42.28853, -71.08799 42.28835, -71.08722 42.28799, -71.08671 42.28783, -71.08636 42.28774, -71.08599 42.28673, -71.08655 42.28661, -71.08707 42.28649, -71.08777 42.28633, -71.08816 42.28624, -71.08876 42.28611, -71.08975 42.2859, -71.09088 42.28564, -71.09111 42.28556, -71.09092 42.28608)))"
250251001004,"MULTIPOLYGON (((-71.09322 42.288, -71.09289 42.28818, -71.09268 42.28832, -71.09247 42.28853, -71.0923 42.28875, -71.09222 42.28888, -71.09219 42.28894, -71.09211 42.28921, -71.09211 42.28945, -71.09212 42.28967, -71.0921 42.28988, -71.092 42.29023, -71.09189 42.29043, -71.09175 42.29062, -71.09156 42.29082, -71.09122 42.29104, -71.09094 42.29126, -71.09065 42.29152, -71.0906 42.29157, -71.09036 42.29184, -71.09017 42.29209, -71.09008 42.29221, -71.09001 42.29236, -71.08961 42.29228, -71.08914 42.29219, -71.08891 42.29216, -71.08923 42.29122, -71.08934 42.29085, -71.08947 42.29043, -71.08971 42.28978, -71.0898 42.2895, -71.08998 42.28898, -71.09011 42.28853, -71.09031 42.28798, -71.09033 42.28789, -71.09055 42.28723, -71.09107 42.28732, -71.09253 42.28757, -71.09365 42.28779, -71.09322 42.288)))"
250251001005,"MULTIPOLYGON (((-71.09389 42.28767, -71.09365 42.28779, -71.09253 42.28757, -71.09107 42.28732, -71.09055 42.28723, -71.09076 42.28661, -71.09092 42.28608, -71.09111 42.28556, -71.09115 42.28543, -71.09127 42.28503, -71.09142 42.28462, -71.09153 42.28433, -71.09155 42.28427, -71.09157 42.28421, -71.09187 42.28437, -71.09193 42.28445, -71.09233 42.28463, -71.09274 42.28486, -71.09286 42.28495, -71.09286 42.28513, -71.09293 42.28532, -71.0932 42.28594, -71.09341 42.28651, -71.09343 42.28656, -71.09366 42.28712, -71.09372 42.28728, -71.09389 42.28767)))"
250251001006,"MULTIPOLYGON (((-71.08986 42.29268, -71.08978 42.29287, -71.08963 42.2932, -71.08942 42.29366, -71.08938 42.29376, -71.08921 42.29397, -71.08903 42.29412, -71.08885 42.29423, -71.08872 42.29428, -71.08861 42.29433, -71.08815 42.29442, -71.08814 42.29444, -71.08813 42.29448, -71.088 42.29494, -71.08784 42.29491, -71.08746 42.29478, -71.08718 42.29468, -71.08695 42.29461, -71.08598 42.29433, -71.08467 42.29395, -71.08358 42.29361, -71.08307 42.29347, -71.08249 42.29329, -71.08121 42.29292, -71.08088 42.29282, -71.08122 42.29098, -71.08145 42.29106, -71.08157 42.29101, -71.08181 42.29096, -71.08194 42.29094, -71.0821 42.29092, -71.08405 42.29077, -71.08503 42.29074, -71.08585 42.29073, -71.08649 42.29075, -71.08645 42.29052, -71.08641 42.2904, -71.08635 42.29028, -71.08624 42.29011, -71.08607 42.28994, -71.0859 42.28981, -71.08564 42.2897, -71.08534 42.28961, -71.08507 42.28958, -71.08484 42.28958, -71.08464 42.28959, -71.08444 42.28963, -71.08431 42.28966, -71.08404 42.28975, -71.08377 42.28986, -71.08346 42.28921, -71.08327 42.28879, -71.08383 42.28876, -71.0842 42.28873, -71.08433 42.28872, -71.08458 42.28873, -71.08483 42.28876, -71.08514 42.28881, -71.0855 42.2889, -71.08617 42.28909, -71.08636 42.28916, -71.08669 42.28928, -71.08697 42.28943, -71.08727 42.28959, -71.08767 42.28984, -71.08809 42.2902, -71.08839 42.29046, -71.08863 42.29076, -71.08871 42.29089, -71.08876 42.291, -71.08876 42.29111, -71.08903 42.29126, -71.08923 42.29122, -71.08891 42.29216, -71.08914 42.29219, -71.08961 42.29228, -71.09001 42.29236, -71.08986 42.29268)))"
250251001007,"MULTIPOLYGON (((-71.08649 42.29075, -71.08585 42.29073, -71.08503 42.29074, -71.08405 42.29077, -71.0821 42.29092, -71.08194 42.29094, -71.08181 42.29096, -71.08157 42.29101, -71.08145 42.29106, -71.08122 42.29098, -71.08088 42.29282, -71.08061 42.29275, -71.07998 42.29257, -71.07953 42.29244, -71.0787 42.29219, -71.07815 42.29202, -71.07814 42.29162, -71.07814 42.29134, -71.07816 42.29109, -71.0782 42.29077, -71.07826 42.29043, -71.07831 42.29017, -71.0784 42.28981, -71.07851 42.28943, -71.07854 42.28934, -71.07871 42.28898, -71.07891 42.28858, -71.07919 42.28814, -71.07928 42.28814, -71.0795 42.28815, -71.07976 42.28811, -71.08002 42.28806, -71.08027 42.288, -71.08079 42.28789, -71.08125 42.28779, -71.0814 42.28826, -71.08155 42.28869, -71.08169 42.28866, -71.08232 42.28854, -71.0836 42.28824, -71.08369 42.28844, -71.08383 42.28876, -71.08327 42.28879, -71.08346 42.28921, -71.08377 42.28986, -71.08404 42.28975, -71.08431 42.28966, -71.08444 42.28963, -71.08464 42.28959, -71.08484 42.28958, -71.08507 42.28958, -71.08534 42.28961, -71.08564 42.2897, -71.0859 42.28981, -71.08607 42.28994, -71.08624 42.29011, -71.08635 42.29028, -71.08641 42.2904, -71.08645 42.29052, -71.08649 42.29075)))"
250251002001,"MULTIPOLYGON (((-71.08577 42.28677, -71.08512 42.28692, -71.08427 42.2871, -71.0833 42.28733, -71.08125 42.28779, -71.08079 42.28789, -71.08027 42.288, -71.08002 42.28806, -71.07976 42.28811, -71.0795 42.28815, -71.07928 42.28814, -71.07919 42.28814, -71.07951 42.28769, -71.07986 42.28726, -71.07999 42.28714, -71.08001 42.28712, -71.08037 42.28678, -71.08056 42.28662, -71.08089 42.2863, -71.08122 42.28601, -71.08205 42.28527, -71.08243 42.28492, -71.0828 42.28453, -71.08305 42.28424, -71.08328 42.28394, -71.08382 42.28324, -71.08414 42.28312, -71.08419 42.28317, -71.0842 42.28329, -71.08435 42.28372, -71.08504 42.28346, -71.08523 42.2839, -71.0854 42.28444, -71.08541 42.28451, -71.08541 42.28479, -71.08553 42.28601, -71.08554 42.28619, -71.08555 42.28624, -71.08577 42.28677)))"
250251002002,"MULTIPOLYGON (((-71.0893 42.28357, -71.0892 42.28361, -71.08903 42.28369, -71.08892 42.28374, -71.08822 42.28409, -71.08738 42.28446, -71.08729 42.28449, -71.08725 42.28449, -71.08721 42.28447, -71.08692 42.28412, -71.08677 42.28394, -71.08664 42.2835, -71.08633 42.28264, -71.0862 42.2823, -71.08602 42.28239, -71.08576 42.28249, -71.08541 42.28263, -71.08556 42.28326, -71.08548 42.28328, -71.08504 42.28346, -71.08435 42.28372, -71.0842 42.28329, -71.08419 42.28317, -71.08414 42.28312, -71.08382 42.28324, -71.08546 42.28104, -71.0855 42.28099, -71.08603 42.2811, -71.0863 42.28117, -71.08654 42.28126, -71.0867 42.28134, -71.08705 42.28157, -71.08741 42.2818, -71.08797 42.28219, -71.08821 42.28233, -71.08854 42.28255, -71.08878 42.2827, -71.08893 42.28285, -71.08901 42.28297, -71.08911 42.28313, -71.08915 42.28326, -71.08924 42.28348, -71.0893 42.28357)))"
250251002003,"MULTIPOLYGON (((-71.09155 42.28427, -71.09153 42.28433, -71.09142 42.28462, -71.09127 42.28503, -71.09115 42.28543, -71.09111 42.28556, -71.09088 42.28564, -71.08975 42.2859, -71.08876 42.28611, -71.08816 42.28624, -71.08777 42.28633, -71.08707 42.28649, -71.08655 42.28661, -71.08599 42.28673, -71.08577 42.28677, -71.08555 42.28624, -71.08554 42.28619, -71.08553 42.28601, -71.08541 42.28479, -71.08541 42.28451, -71.0854 42.28444, -71.08523 42.2839, -71.08504 42.28346, -71.08548 42.28328, -71.08556 42.28326, -71.08541 42.28263, -71.08576 42.28249, -71.08602 42.28239, -71.0862 42.2823, -71.08633 42.28264, -71.08664 42.2835, -71.08677 42.28394, -71.08692 42.28412, -71.08721 42.28447, -71.08725 42.28449, -71.08729 42.28449, -71.08738 42.28446, -71.08822 42.28409, -71.08892 42.28374, -71.08903 42.28369, -71.0892 42.28361, -71.0893 42.28357, -71.08943 42.28371, -71.08956 42.28382, -71.08967 42.28389, -71.08979 42.28394, -71.09068 42.2841, -71.09138 42.28424, -71.09157 42.28421, -71.09155 42.28427)))"
250251003001,"MULTIPOLYGON (((-71.08205 42.28527, -71.08122 42.28601, -71.08089 42.2863, -71.08056 42.28662, -71.08037 42.28678, -71.08001 42.28712, -71.07999 42.28714, -71.07986 42.28726, -71.07951 42.28769, -71.07919 42.28814, -71.07891 42.28858, -71.07871 42.28898, -71.07854 42.28934, -71.07828 42.28941, -71.07827 42.28928, -71.07822 42.28905, -71.07806 42.28855, -71.07791 42.28812, -71.07786 42.28805, -71.07781 42.28799, -71.07799 42.28789, -71.0782 42.28771, -71.07808 42.28744, -71.0778 42.28659, -71.0775 42.28566, -71.07725 42.285, -71.07708 42.28442, -71.07683 42.28404, -71.07663 42.28377, -71.0763 42.28327, -71.07626 42.28316, -71.0768 42.28306, -71.07723 42.28296, -71.07838 42.28275, -71.0789 42.28265, -71.07936 42.28258, -71.07981 42.28252, -71.08017 42.28246, -71.08041 42.28277, -71.08058 42.283, -71.08069 42.2832, -71.08076 42.28333, -71.08083 42.2835, -71.08099 42.2839, -71.08115 42.28426, -71.08105 42.28431, -71.08092 42.28441, -71.08087 42.2845, -71.08078 42.28469, -71.081 42.28472, -71.08127 42.28482, -71.08165 42.28499, -71.08205 42.28527)))"
250251003002,"MULTIPOLYGON (((-71.08017 42.28246, -71.07981 42.28252, -71.07936 42.28258, -71.0789 42.28265, -71.07838 42.28275, -71.07723 42.28296, -71.0768 42.28306, -71.07626 42.28316, -71.07625 42.28306, -71.07621 42.28291, -71.07616 42.28255, -71.0761 42.2822, -71.07606 42.28193, -71.07603 42.28181, -71.07595 42.28165, -71.07574 42.28104, -71.0756 42.28072, -71.07547 42.28033, -71.07541 42.28009, -71.0753 42.27979, -71.07525 42.27968, -71.07694 42.2793, -71.07751 42.27918, -71.07796 42.27905, -71.0782 42.27959, -71.07839 42.2801, -71.07853 42.28042, -71.07864 42.28058, -71.07911 42.28116, -71.07932 42.28144, -71.07967 42.28185, -71.07988 42.28211, -71.08017 42.28246)))"
250251003003,"MULTIPOLYGON (((-71.08293 42.28173, -71.08254 42.28185, -71.08238 42.28191, -71.08172 42.28208, -71.08159 42.28211, -71.08092 42.28228, -71.08017 42.28246, -71.07988 42.28211, -71.07967 42.28185, -71.07932 42.28144, -71.07911 42.28116, -71.07864 42.28058, -71.07853 42.28042, -71.07839 42.2801, -71.0782 42.27959, -71.07796 42.27905, -71.07817 42.27899, -71.07845 42.27887, -71.07864 42.27875, -71.07889 42.27857, -71.07937 42.27864, -71.0799 42.27873, -71.07999 42.27876, -71.08044 42.27896, -71.08048 42.27898, -71.08053 42.27902, -71.0811 42.27939, -71.08157 42.27972, -71.08214 42.28011, -71.08225 42.28018, -71.08257 42.28034, -71.08263 42.28037, -71.08252 42.28044, -71.08253 42.28046, -71.0826 42.2806, -71.08272 42.28081, -71.08319 42.28164, -71.08293 42.28173)))"
250251003004,"MULTIPOLYGON (((-71.0855 42.28099, -71.08546 42.28104, -71.08382 42.28324, -71.08328 42.28394, -71.08305 42.28424, -71.0828 42.28453, -71.08243 42.28492, -71.08205 42.28527, -71.08165 42.28499, -71.08127 42.28482, -71.081 42.28472, -71.08078 42.28469, -71.08087 42.2845, -71.08092 42.28441, -71.08105 42.28431, -71.08115 42.28426, -71.08099 42.2839, -71.08083 42.2835, -71.08076 42.28333, -71.08069 42.2832, -71.08058 42.283, -71.08041 42.28277, -71.08017 42.28246, -71.08092 42.28228, -71.08159 42.28211, -71.08172 42.28208, -71.08238 42.28191, -71.08254 42.28185, -71.08293 42.28173, -71.08319 42.28164, -71.08272 42.28081, -71.0826 42.2806, -71.08253 42.28046, -71.08252 42.28044, -71.08263 42.28037, -71.08273 42.28041, -71.08281 42.28043, -71.08328 42.28053, -71.08449 42.28078, -71.08489 42.28087, -71.08501 42.28089, -71.08547 42.28098, -71.0855 42.28099)))"
250251004001,"MULTIPOLYGON (((-71.07157 42.28419, -71.07156 42.28435, -71.07154 42.2845, -71.07152 42.28456, -71.0713 42.28507, -71.07125 42.28516, -71.07118 42.28535, -71.07002 42.28529, -71.06926 42.28525, -71.06876 42.28523, -71.0681 42.28523, -71.0667 42.28513, -71.06634 42.28515, -71.0661 42.2852, -71.0658 42.28527, -71.06549 42.28537, -71.06485 42.28556, -71.0643 42.2857, -71.06442 42.28528, -71.06456 42.28478, -71.06471 42.28428, -71.06479 42.284, -71.06522 42.28389, -71.06657 42.28348, -71.06695 42.28336, -71.06837 42.28293, -71.06907 42.28271, -71.0697 42.2825, -71.07054 42.28225, -71.07126 42.28201, -71.07135 42.28255, -71.07136 42.28279, -71.07139 42.28306, -71.07148 42.28354, -71.07155 42.2839, -71.07157 42.284, -71.07157 42.28419)))"
250251004002,"MULTIPOLYGON (((-71.07126 42.28201, -71.07054 42.28225, -71.0697 42.2825, -71.06907 42.28271, -71.06837 42.28293, -71.06695 42.28336, -71.06657 42.28348, -71.06522 42.28389, -71.06479 42.284, -71.06487 42.2837, -71.06506 42.28303, -71.06507 42.283, -71.06528 42.28224, -71.06532 42.28205, -71.06537 42.2819, -71.06544 42.28164, -71.06566 42.28088, -71.06581 42.28034, -71.06592 42.27993, -71.06639 42.2798, -71.06724 42.27956, -71.06785 42.27937, -71.06814 42.27927, -71.06858 42.27913, -71.06863 42.27911, -71.06873 42.27908, -71.0695 42.27881, -71.06956 42.2789, -71.06964 42.27903, -71.0698 42.27932, -71.07017 42.27994, -71.07035 42.28019, -71.07061 42.28066, -71.07084 42.281, -71.07096 42.28128, -71.07126 42.28201)))"
250251004003,"MULTIPOLYGON (((-71.07864 42.27875, -71.07845 42.27887, -71.07817 42.27899, -71.07796 42.27905, -71.07751 42.27918, -71.07694 42.2793, -71.07525 42.27968, -71.07459 42.27982, -71.07355 42.28005, -71.07292 42.28018, -71.07238 42.28027, -71.07212 42.28029, -71.07183 42.28031, -71.07148 42.28031, -71.07148 42.28042, -71.07149 42.28052, -71.07149 42.28067, -71.07143 42.28083, -71.0713 42.28098, -71.07117 42.2811, -71.07096 42.28128, -71.07084 42.281, -71.07061 42.28066, -71.07035 42.28019, -71.07017 42.27994, -71.0698 42.27932, -71.06964 42.27903, -71.06956 42.2789, -71.0695 42.27881, -71.06957 42.27879, -71.06979 42.27872, -71.07022 42.27857, -71.07057 42.27845, -71.07102 42.27831, -71.07168 42.27818, -71.07222 42.27811, -71.07277 42.27807, -71.07317 42.27805, -71.0737 42.27807, -71.07453 42.27811, -71.07473 42.27813, -71.07572 42.27825, -71.07578 42.27825, -71.07632 42.2783, -71.07663 42.27833, -71.078 42.27848, -71.07889 42.27857, -71.07864 42.27875)))"
250251004004,"MULTIPOLYGON (((-71.07646 42.28383, -71.07592 42.28394, -71.07291 42.28457, -71.07264 42.28462, -71.07248 42.28463, -71.07227 42.28463, -71.07201 42.28459, -71.07154 42.2845, -71.07156 42.28435, -71.07157 42.28419, -71.07157 42.284, -71.07155 42.2839, -71.07148 42.28354, -71.07139 42.28306, -71.07136 42.28279, -71.07135 42.28255, -71.07126 42.28201, -71.07096 42.28128, -71.07117 42.2811, -71.0713 42.28098, -71.07143 42.28083, -71.07149 42.28067, -71.07149 42.28052, -71.07148 42.28042, -71.07148 42.28031, -71.07183 42.28031, -71.07212 42.28029, -71.07238 42.28027, -71.07292 42.28018, -71.07355 42.28005, -71.07459 42.27982, -71.07525 42.27968, -71.0753 42.27979, -71.07541 42.28009, -71.07547 42.28033, -71.0756 42.28072, -71.07574 42.28104, -71.07595 42.28165, -71.07603 42.28181, -71.07606 42.28193, -71.0761 42.2822, -71.07616 42.28255, -71.07621 42.28291, -71.07625 42.28306, -71.07626 42.28316, -71.0763 42.28327, -71.07663 42.28377, -71.07646 42.28383)))"
250251005001,"MULTIPOLYGON (((-71.06701 42.28907, -71.06664 42.28916, -71.06648 42.28922, -71.06592 42.28936, -71.06529 42.28953, -71.06505 42.28959, -71.06554 42.29204, -71.0654 42.2921, -71.06506 42.29221, -71.06459 42.29235, -71.06413 42.29248, -71.06226 42.29301, -71.06234 42.29273, -71.06249 42.29221, -71.06261 42.29181, -71.06269 42.29152, -71.0628 42.29112, -71.06293 42.29062, -71.06311 42.28997, -71.06315 42.28989, -71.06326 42.28946, -71.06345 42.28877, -71.06351 42.28855, -71.06364 42.28811, -71.06373 42.28778, -71.0638 42.28749, -71.06396 42.28693, -71.06413 42.28634, -71.06414 42.28628, -71.06418 42.28617, -71.06425 42.28587, -71.0643 42.2857, -71.06434 42.28581, -71.06448 42.2862, -71.06475 42.28679, -71.0651 42.28745, -71.06533 42.28772, -71.06557 42.28802, -71.06608 42.28848, -71.06634 42.28867, -71.0667 42.2889, -71.06701 42.28907)))"
250251005002,"MULTIPOLYGON (((-71.07121 42.28734, -71.07121 42.28756, -71.0712 42.28773, -71.07117 42.28796, -71.07054 42.28812, -71.06952 42.2884, -71.06836 42.28871, -71.06701 42.28907, -71.0667 42.2889, -71.06634 42.28867, -71.06608 42.28848, -71.06557 42.28802, -71.06533 42.28772, -71.0651 42.28745, -71.06475 42.28679, -71.06448 42.2862, -71.06434 42.28581, -71.0643 42.2857, -71.06485 42.28556, -71.06549 42.28537, -71.0658 42.28527, -71.0661 42.2852, -71.06634 42.28515, -71.0667 42.28513, -71.0681 42.28523, -71.06876 42.28523, -71.06926 42.28525, -71.07002 42.28529, -71.07118 42.28535, -71.07116 42.28539, -71.07115 42.28556, -71.07115 42.286, -71.07117 42.28627, -71.07117 42.28644, -71.07117 42.2867, -71.07121 42.2869, -71.07121 42.28726, -71.07121 42.28734)))"
250251005003,"MULTIPOLYGON (((-71.0716 42.29022, -71.07109 42.29016, -71.07078 42.29015, -71.07076 42.29027, -71.07073 42.29042, -71.07068 42.29048, -71.07062 42.29051, -71.0704 42.29059, -71.06986 42.29071, -71.06865 42.2911, -71.06846 42.29116, -71.06758 42.29143, -71.06736 42.29151, -71.0667 42.2917, -71.06616 42.29185, -71.06592 42.29193, -71.06559 42.29202, -71.06554 42.29204, -71.06505 42.28959, -71.06529 42.28953, -71.06592 42.28936, -71.06648 42.28922, -71.06664 42.28916, -71.06701 42.28907, -71.06836 42.28871, -71.06952 42.2884, -71.07054 42.28812, -71.07117 42.28796, -71.07112 42.28834, -71.07111 42.28853, -71.07112 42.28874, -71.07119 42.28903, -71.07131 42.28936, -71.07151 42.28987, -71.0716 42.29022)))"
250251005004,"MULTIPOLYGON (((-71.07851 42.28943, -71.0784 42.28981, -71.07831 42.29017, -71.07826 42.29043, -71.0782 42.29077, -71.07816 42.29109, -71.07814 42.29134, -71.07814 42.29162, -71.07815 42.29202, -71.078 42.29198, -71.07718 42.29174, -71.0761 42.29142, -71.07602 42.29126, -71.07577 42.29069, -71.07553 42.29007, -71.07609 42.28995, -71.07596 42.2896, -71.07556 42.28863, -71.07536 42.28787, -71.07519 42.28729, -71.07508 42.28697, -71.07495 42.2865, -71.07491 42.28639, -71.07488 42.28632, -71.07366 42.28656, -71.07327 42.28662, -71.07319 42.28656, -71.07296 42.2865, -71.07253 42.28643, -71.0722 42.28643, -71.07207 42.28643, -71.0717 42.28645, -71.07117 42.28644, -71.07117 42.28627, -71.07115 42.286, -71.07115 42.28556, -71.07116 42.28539, -71.07118 42.28535, -71.07125 42.28516, -71.0713 42.28507, -71.07152 42.28456, -71.07154 42.2845, -71.07201 42.28459, -71.07227 42.28463, -71.07248 42.28463, -71.07264 42.28462, -71.07291 42.28457, -71.07592 42.28394, -71.07646 42.28383, -71.07663 42.28377, -71.07683 42.28404, -71.07708 42.28442, -71.07725 42.285, -71.0775 42.28566, -71.0778 42.28659, -71.07808 42.28744, -71.0782 42.28771, -71.07799 42.28789, -71.07781 42.28799, -71.07786 42.28805, -71.07791 42.28812, -71.07806 42.28855, -71.07822 42.28905, -71.07827 42.28928, -71.07828 42.28941, -71.07854 42.28934, -71.07851 42.28943)))"
250251005005,"MULTIPOLYGON (((-71.0761 42.29142, -71.07584 42.29134, -71.07541 42.29122, -71.07519 42.29116, -71.07465 42.291, -71.07415 42.29084, -71.07331 42.2906, -71.07255 42.29038, -71.07223 42.29028, -71.07211 42.29024, -71.072 42.29022, -71.0716 42.29022, -71.07151 42.28987, -71.07131 42.28936, -71.07119 42.28903, -71.07112 42.28874, -71.07111 42.28853, -71.07112 42.28834, -71.07117 42.28796, -71.0712 42.28773, -71.07121 42.28756, -71.07121 42.28734, -71.07121 42.28726, -71.07121 42.2869, -71.07117 42.2867, -71.07117 42.28644, -71.0717 42.28645, -71.07207 42.28643, -71.0722 42.28643, -71.07253 42.28643, -71.07296 42.2865, -71.07319 42.28656, -71.07327 42.28662, -71.07366 42.28656, -71.07488 42.28632, -71.07491 42.28639, -71.07495 42.2865, -71.07508 42.28697, -71.07519 42.28729, -71.07536 42.28787, -71.07556 42.28863, -71.07596 42.2896, -71.07609 42.28995, -71.07553 42.29007, -71.07577 42.29069, -71.07602 42.29126, -71.0761 42.29142)))"
250251006011,"MULTIPOLYGON (((-71.05465 42.2937, -71.0538 42.29397, -71.05333 42.29414, -71.05276 42.29435, -71.05259 42.29441, -71.05243 42.29448, -71.05191 42.2941, -71.05174 42.29398, -71.05146 42.29374, -71.05133 42.2936, -71.05112 42.29339, -71.05088 42.29309, -71.05063 42.29278, -71.05016 42.29219, -71.04976 42.29172, -71.04942 42.2913, -71.04871 42.29042, -71.04842 42.29006, -71.05032 42.28961, -71.05136 42.28933, -71.05147 42.28931, -71.05191 42.2892, -71.05216 42.28914, -71.05251 42.28973, -71.05284 42.2903, -71.05315 42.29087, -71.05325 42.29101, -71.05344 42.29135, -71.0536 42.29169, -71.05379 42.292, -71.05388 42.29221, -71.05408 42.29259, -71.05436 42.29313, -71.05465 42.2937)))"
250251006012,"MULTIPOLYGON (((-71.05735 42.29195, -71.05735 42.29248, -71.05733 42.29265, -71.0573 42.29313, -71.05613 42.29338, -71.05549 42.29351, -71.05465 42.2937, -71.05436 42.29313, -71.05408 42.29259, -71.05388 42.29221, -71.05379 42.292, -71.0536 42.29169, -71.05344 42.29135, -71.05325 42.29101, -71.05315 42.29087, -71.05284 42.2903, -71.05251 42.28973, -71.05216 42.28914, -71.05274 42.28899, -71.05358 42.28876, -71.05433 42.28855, -71.05489 42.2884, -71.05535 42.28824, -71.05546 42.28844, -71.05559 42.28884, -71.0557 42.28916, -71.05577 42.28935, -71.05613 42.28997, -71.05625 42.29017, -71.05647 42.29056, -71.05662 42.29074, -71.05678 42.29093, -71.05692 42.29106, -71.05708 42.29126, -71.05717 42.29138, -71.05719 42.29143, -71.05729 42.29165, -71.05735 42.29186, -71.05735 42.29195)))"
250251006013,"MULTIPOLYGON (((-71.06012 42.29241, -71.05904 42.2927, -71.05796 42.29296, -71.0573 42.29313, -71.05733 42.29265, -71.05735 42.29248, -71.05735 42.29195, -71.05735 42.29186, -71.05729 42.29165, -71.05719 42.29143, -71.05717 42.29138, -71.05708 42.29126, -71.05692 42.29106, -71.05678 42.29093, -71.05662 42.29074, -71.05647 42.29056, -71.05625 42.29017, -71.05613 42.28997, -71.05577 42.28935, -71.0557 42.28916, -71.05599 42.28909, -71.05658 42.28896, -71.05684 42.28891, -71.05736 42.28878, -71.05786 42.28863, -71.05862 42.28844, -71.05896 42.28925, -71.05906 42.28943, -71.0592 42.28976, -71.05933 42.29008, -71.05942 42.2903, -71.05947 42.29041, -71.05966 42.29082, -71.06004 42.29167, -71.06036 42.29235, -71.06012 42.29241)))"
250251006014,"MULTIPOLYGON (((-71.06373 42.28778, -71.06364 42.28811, -71.06351 42.28855, -71.06345 42.28877, -71.06326 42.28946, -71.06315 42.28989, -71.06311 42.28997, -71.06293 42.29062, -71.0628 42.29112, -71.06269 42.29152, -71.06261 42.29181, -71.06185 42.29199, -71.06127 42.29213, -71.06059 42.2923, -71.06036 42.29235, -71.06004 42.29167, -71.05966 42.29082, -71.05947 42.29041, -71.05942 42.2903, -71.05933 42.29008, -71.0592 42.28976, -71.05906 42.28943, -71.05896 42.28925, -71.05862 42.28844, -71.05907 42.28837, -71.05977 42.28829, -71.06001 42.28827, -71.06016 42.28828, -71.06028 42.28831, -71.06037 42.28831, -71.06049 42.28829, -71.06145 42.28806, -71.06212 42.28786, -71.06287 42.28769, -71.06342 42.28754, -71.06365 42.2875, -71.0638 42.28749, -71.06373 42.28778)))"
250251006031,"MULTIPOLYGON (((-71.05147 42.28931, -71.05136 42.28933, -71.05032 42.28961, -71.04842 42.29006, -71.04871 42.29042, -71.04942 42.2913, -71.04976 42.29172, -71.05016 42.29219, -71.05063 42.29278, -71.04996 42.29304, -71.04971 42.2931, -71.049 42.29327, -71.04842 42.29341, -71.04831 42.2932, -71.04818 42.29313, -71.04807 42.29308, -71.04799 42.29308, -71.04789 42.29309, -71.04782 42.29311, -71.04775 42.29314, -71.04773 42.29319, -71.04754 42.29348, -71.04746 42.29359, -71.04743 42.29362, -71.04737 42.29371, -71.04731 42.29378, -71.04728 42.29383, -71.04722 42.29393, -71.04717 42.29403, -71.04716 42.2942, -71.04716 42.29424, -71.04717 42.29436, -71.0472 42.29451, -71.04729 42.29482, -71.04731 42.29488, -71.04739 42.29507, -71.04748 42.29527, -71.04756 42.29545, -71.04766 42.29569, -71.04759 42.29595, -71.04754 42.29624, -71.04753 42.29653, -71.04758 42.29682, -71.04767 42.29703, -71.04819 42.29801, -71.04829 42.29832, -71.04776 42.29853, -71.04762 42.29859, -71.04719 42.29771, -71.04621 42.29581, -71.04562 42.29471, -71.04486 42.29322, -71.04449 42.29251, -71.04424 42.29194, -71.04405 42.29139, -71.04398 42.29116, -71.04388 42.29088, -71.04371 42.29027, -71.04366 42.29008, -71.04338 42.28913, -71.04322 42.28859, -71.0431 42.28819, -71.04308 42.28809, -71.04299 42.28772, -71.04293 42.28731, -71.0429 42.28679, -71.04296 42.28628, -71.04299 42.28615, -71.04303 42.28592, -71.04332 42.28608, -71.04386 42.28633, -71.04415 42.28645, -71.04446 42.28659, -71.04529 42.28693, -71.04746 42.28639, -71.04851 42.28614, -71.04909 42.28739, -71.04937 42.28801, -71.0507 42.2878, -71.0509 42.28818, -71.05115 42.28868, -71.05136 42.28908, -71.05147 42.28931)))"
250251006032,"MULTIPOLYGON (((-71.0475 42.29864, -71.04737 42.2987, -71.04707 42.29881, -71.04637 42.29914, -71.0456 42.29947, -71.04496 42.29975, -71.04447 42.29991, -71.04409 42.30007, -71.04236 42.30009, -71.0422 42.29936, -71.04282 42.29863, -71.04366 42.29834, -71.04295 42.29745, -71.04273 42.29663, -71.04279 42.29588, -71.04356 42.29537, -71.04351 42.29523, -71.04337 42.29482, -71.04242 42.29447, -71.04146 42.29433, -71.03974 42.29382, -71.03846 42.29347, -71.03767 42.2927, -71.03711 42.29178, -71.03695 42.29163, -71.03667 42.29138, -71.03656 42.29118, -71.03639 42.29087, -71.03623 42.29056, -71.03612 42.29035, -71.03551 42.28921, -71.03529 42.2888, -71.03718 42.28597, -71.03782 42.28501, -71.03789 42.2849, -71.03808 42.28475, -71.03836 42.28453, -71.03864 42.28431, -71.03882 42.28417, -71.03885 42.28415, -71.03889 42.28411, -71.03894 42.28408, -71.03897 42.28406, -71.03902 42.28401, -71.03908 42.28397, -71.03929 42.28411, -71.03969 42.28438, -71.04022 42.28467, -71.04039 42.28476, -71.04067 42.28491, -71.0409 42.28503, -71.041 42.28508, -71.04128 42.28523, -71.04166 42.28542, -71.042 42.28554, -71.04253 42.28572, -71.04272 42.28579, -71.04282 42.28583, -71.04294 42.28589, -71.04303 42.28592, -71.04299 42.28615, -71.04296 42.28628, -71.0429 42.28679, -71.04293 42.28731, -71.04299 42.28772, -71.04308 42.28809, -71.0431 42.28819, -71.04322 42.28859, -71.04338 42.28913, -71.04366 42.29008, -71.04371 42.29027, -71.04388 42.29088, -71.04398 42.29116, -71.04405 42.29139, -71.04424 42.29194, -71.04449 42.29251, -71.04486 42.29322, -71.04562 42.29471, -71.04621 42.29581, -71.04719 42.29771, -71.04762 42.29859, -71.0475 42.29864)))"
250251007001,"MULTIPOLYGON (((-71.05535 42.28824, -71.05489 42.2884, -71.05433 42.28855, -71.05358 42.28876, -71.05274 42.28899, -71.05216 42.28914, -71.05191 42.2892, -71.05147 42.28931, -71.05136 42.28908, -71.05115 42.28868, -71.0509 42.28818, -71.0507 42.2878, -71.04937 42.28801, -71.04909 42.28739, -71.04851 42.28614, -71.04746 42.28639, -71.04529 42.28693, -71.04446 42.28659, -71.04415 42.28645, -71.04532 42.28615, -71.04542 42.28612, -71.04552 42.2861, -71.04601 42.28597, -71.04633 42.28589, -71.04663 42.28581, -71.04699 42.28571, -71.04705 42.28569, -71.04714 42.28567, -71.04776 42.28551, -71.04858 42.28529, -71.04943 42.28506, -71.05076 42.28472, -71.0511 42.28551, -71.05181 42.2869, -71.05239 42.28687, -71.05269 42.28684, -71.05297 42.28679, -71.05353 42.28673, -71.05417 42.28667, -71.05455 42.28661, -71.05453 42.28667, -71.05451 42.2868, -71.05451 42.28686, -71.05454 42.28711, -71.05465 42.28733, -71.05473 42.28745, -71.05488 42.28767, -71.0551 42.28793, -71.05535 42.28824)))"
250251007002,"MULTIPOLYGON (((-71.05469 42.28034, -71.05399 42.28051, -71.05322 42.2807, -71.05253 42.28089, -71.05185 42.28104, -71.05142 42.28113, -71.05115 42.28119, -71.05051 42.28134, -71.05014 42.28143, -71.04947 42.2816, -71.04874 42.28179, -71.04822 42.28192, -71.04803 42.28134, -71.04801 42.2813, -71.0479 42.28113, -71.04776 42.28122, -71.04761 42.28132, -71.04753 42.28149, -71.04677 42.28386, -71.04673 42.28397, -71.04659 42.28442, -71.04654 42.28459, -71.04652 42.28465, -71.04654 42.28473, -71.04699 42.28571, -71.04663 42.28581, -71.04633 42.28589, -71.04601 42.28597, -71.04552 42.2861, -71.04542 42.28612, -71.04532 42.28615, -71.04415 42.28645, -71.04386 42.28633, -71.04332 42.28608, -71.04303 42.28592, -71.04294 42.28589, -71.04282 42.28583, -71.04272 42.28579, -71.04253 42.28572, -71.042 42.28554, -71.04166 42.28542, -71.04128 42.28523, -71.041 42.28508, -71.0409 42.28503, -71.04067 42.28491, -71.04039 42.28476, -71.04022 42.28467, -71.03969 42.28438, -71.03929 42.28411, -71.03908 42.28397, -71.03918 42.28389, -71.03929 42.2838, -71.0394 42.28362, -71.03947 42.28352, -71.03973 42.2831, -71.04049 42.2819, -71.04051 42.28183, -71.04065 42.28135, -71.0407 42.28118, -71.04078 42.28091, -71.04086 42.28064, -71.04091 42.28047, -71.041 42.28015, -71.04114 42.27968, -71.04127 42.2792, -71.04136 42.27889, -71.0415 42.27842, -71.04159 42.2781, -71.04243 42.27733, -71.04278 42.2771, -71.04304 42.27689, -71.04391 42.27653, -71.04442 42.27631, -71.04488 42.27627, -71.04712 42.27708, -71.0476 42.27737, -71.04831 42.27777, -71.04849 42.27786, -71.04858 42.27791, -71.04924 42.27806, -71.0498 42.2781, -71.05127 42.27793, -71.0526 42.27767, -71.05328 42.2775, -71.05351 42.27773, -71.05362 42.27785, -71.05371 42.27795, -71.05375 42.278, -71.05377 42.27803, -71.05387 42.2782, -71.05399 42.27849, -71.05416 42.27894, -71.05427 42.27922, -71.05469 42.28034)))"
250251007003,"MULTIPOLYGON (((-71.0532 42.28295, -71.05273 42.28304, -71.05234 42.28312, -71.05224 42.28314, -71.05201 42.28316, -71.05141 42.28321, -71.05177 42.28326, -71.05186 42.28354, -71.05204 42.28402, -71.05218 42.28436, -71.05177 42.28447, -71.05155 42.28453, -71.05139 42.28456, -71.05076 42.28472, -71.04943 42.28506, -71.04858 42.28529, -71.04776 42.28551, -71.04714 42.28567, -71.04705 42.28569, -71.04699 42.28571, -71.04654 42.28473, -71.04652 42.28465, -71.04654 42.28459, -71.04659 42.28442, -71.04673 42.28397, -71.04677 42.28386, -71.04753 42.28149, -71.04761 42.28132, -71.04776 42.28122, -71.0479 42.28113, -71.04801 42.2813, -71.04803 42.28134, -71.04822 42.28192, -71.04874 42.28179, -71.04947 42.2816, -71.05014 42.28143, -71.05051 42.28134, -71.05115 42.28119, -71.05142 42.28113, -71.05185 42.28104, -71.05253 42.28089, -71.0527 42.28129, -71.05316 42.28231, -71.05344 42.2829, -71.0532 42.28295)))"
250251007004,"MULTIPOLYGON (((-71.05654 42.28258, -71.05615 42.28281, -71.056 42.28292, -71.05587 42.2831, -71.05579 42.28321, -71.05566 42.28361, -71.05543 42.28435, -71.05521 42.28491, -71.05515 42.28507, -71.05501 42.28543, -71.05496 42.28558, -71.05478 42.28601, -71.05469 42.28627, -71.05455 42.28661, -71.05417 42.28667, -71.05353 42.28673, -71.05297 42.28679, -71.05269 42.28684, -71.05239 42.28687, -71.05181 42.2869, -71.0511 42.28551, -71.05076 42.28472, -71.05139 42.28456, -71.05155 42.28453, -71.05177 42.28447, -71.05218 42.28436, -71.05204 42.28402, -71.05186 42.28354, -71.05177 42.28326, -71.05141 42.28321, -71.05201 42.28316, -71.05224 42.28314, -71.05234 42.28312, -71.05273 42.28304, -71.0532 42.28295, -71.05344 42.2829, -71.05403 42.28281, -71.05414 42.28279, -71.0544 42.28274, -71.05494 42.28266, -71.05529 42.28264, -71.05573 42.28262, -71.05592 42.28261, -71.0562 42.2826, -71.05654 42.28258)))"
250251007005,"MULTIPOLYGON (((-71.0589 42.282, -71.0586 42.28209, -71.05846 42.28213, -71.05796 42.28226, -71.05779 42.28231, -71.05728 42.28245, -71.05697 42.28251, -71.05663 42.28258, -71.05654 42.28258, -71.0562 42.2826, -71.05592 42.28261, -71.05573 42.28262, -71.05529 42.28264, -71.05494 42.28266, -71.0544 42.28274, -71.05414 42.28279, -71.05403 42.28281, -71.05344 42.2829, -71.05316 42.28231, -71.0527 42.28129, -71.05253 42.28089, -71.05322 42.2807, -71.05399 42.28051, -71.05469 42.28034, -71.05518 42.28029, -71.05584 42.28025, -71.05656 42.2802, -71.0571 42.28016, -71.05752 42.28014, -71.05846 42.28006, -71.05853 42.28006, -71.05876 42.28064, -71.05878 42.28088, -71.05881 42.28108, -71.05883 42.28128, -71.05888 42.28167, -71.05886 42.28182, -71.05887 42.28193, -71.05893 42.28199, -71.0589 42.282)))"
250251008001,"MULTIPOLYGON (((-71.06425 42.28587, -71.06418 42.28617, -71.06414 42.28628, -71.06413 42.28634, -71.06396 42.28693, -71.0638 42.28749, -71.06365 42.2875, -71.06342 42.28754, -71.06287 42.28769, -71.06212 42.28786, -71.06145 42.28806, -71.06049 42.28829, -71.06037 42.28831, -71.06028 42.28831, -71.06016 42.28828, -71.06001 42.28827, -71.05977 42.28829, -71.05907 42.28837, -71.05862 42.28844, -71.05828 42.28767, -71.05815 42.28735, -71.05769 42.28748, -71.0575 42.28724, -71.05711 42.28679, -71.0576 42.28666, -71.05831 42.28647, -71.05905 42.28627, -71.05956 42.28613, -71.05992 42.28605, -71.06052 42.2859, -71.06076 42.28584, -71.06142 42.28567, -71.06168 42.28559, -71.06174 42.28575, -71.0623 42.28558, -71.06339 42.28524, -71.06373 42.28592, -71.06388 42.28588, -71.06409 42.28583, -71.06421 42.28575, -71.0643 42.2857, -71.06425 42.28587)))"
250251008002,"MULTIPOLYGON (((-71.06168 42.28559, -71.06142 42.28567, -71.06076 42.28584, -71.06052 42.2859, -71.05992 42.28605, -71.05956 42.28613, -71.05905 42.28627, -71.05831 42.28647, -71.0576 42.28666, -71.05711 42.28679, -71.0575 42.28724, -71.05769 42.28748, -71.05815 42.28735, -71.05828 42.28767, -71.05862 42.28844, -71.05786 42.28863, -71.05736 42.28878, -71.05684 42.28891, -71.05658 42.28896, -71.05599 42.28909, -71.0557 42.28916, -71.05559 42.28884, -71.05546 42.28844, -71.05535 42.28824, -71.0551 42.28793, -71.05488 42.28767, -71.05473 42.28745, -71.05465 42.28733, -71.05454 42.28711, -71.05451 42.28686, -71.05451 42.2868, -71.05453 42.28667, -71.05455 42.28661, -71.05469 42.28627, -71.05478 42.28601, -71.05496 42.28558, -71.05514 42.28559, -71.05523 42.2856, -71.05532 42.2856, -71.05564 42.28561, -71.05603 42.28557, -71.05701 42.28543, -71.05722 42.2854, -71.05776 42.28532, -71.05849 42.28513, -71.05938 42.2849, -71.05973 42.28481, -71.06019 42.28469, -71.06114 42.28445, -71.06128 42.28468, -71.06147 42.28501, -71.06158 42.28521, -71.06163 42.28536, -71.06168 42.28559)))"
250251008003,"MULTIPOLYGON (((-71.06114 42.28445, -71.06019 42.28469, -71.05973 42.28481, -71.05938 42.2849, -71.05849 42.28513, -71.05776 42.28532, -71.05722 42.2854, -71.05701 42.28543, -71.05603 42.28557, -71.05564 42.28561, -71.05532 42.2856, -71.05523 42.2856, -71.05514 42.28559, -71.05496 42.28558, -71.05501 42.28543, -71.05515 42.28507, -71.05521 42.28491, -71.05543 42.28435, -71.05566 42.28361, -71.05579 42.28321, -71.05587 42.2831, -71.056 42.28292, -71.05615 42.28281, -71.05654 42.28258, -71.05663 42.28258, -71.05697 42.28251, -71.05728 42.28245, -71.05779 42.28231, -71.05796 42.28226, -71.05846 42.28213, -71.0586 42.28209, -71.0589 42.282, -71.05893 42.28199, -71.05925 42.28191, -71.05989 42.28172, -71.06011 42.28219, -71.06035 42.28271, -71.06059 42.28326, -71.06064 42.28338, -71.06085 42.28381, -71.06101 42.28415, -71.06114 42.28445)))"
250251008004,"MULTIPOLYGON (((-71.06818 42.27134, -71.06809 42.27156, -71.06802 42.27177, -71.06799 42.27195, -71.06799 42.27211, -71.06802 42.27222, -71.06779 42.27223, -71.06703 42.27229, -71.06674 42.27232, -71.06639 42.2724, -71.06611 42.27249, -71.06409 42.27324, -71.06381 42.2734, -71.06351 42.2736, -71.06287 42.27411, -71.06263 42.27436, -71.06235 42.27467, -71.06217 42.27489, -71.06187 42.2752, -71.06155 42.27552, -71.06144 42.27566, -71.0613 42.27584, -71.06094 42.27647, -71.06078 42.2767, -71.06057 42.27693, -71.06045 42.27708, -71.06031 42.27722, -71.06025 42.27728, -71.06017 42.27741, -71.06003 42.27773, -71.05994 42.2779, -71.05974 42.27835, -71.0597 42.27843, -71.06021 42.27929, -71.06081 42.28019, -71.06151 42.28123, -71.06148 42.28124, -71.06132 42.28129, -71.06076 42.28146, -71.05989 42.28172, -71.05925 42.28191, -71.05893 42.28199, -71.05887 42.28193, -71.05886 42.28182, -71.05888 42.28167, -71.05883 42.28128, -71.05881 42.28108, -71.05878 42.28088, -71.05876 42.28064, -71.05853 42.28006, -71.05846 42.28006, -71.05752 42.28014, -71.0571 42.28016, -71.05656 42.2802, -71.05584 42.28025, -71.05518 42.28029, -71.05469 42.28034, -71.05427 42.27922, -71.05416 42.27894, -71.05399 42.27849, -71.05387 42.2782, -71.05377 42.27803, -71.05375 42.278, -71.05371 42.27795, -71.05362 42.27785, -71.05351 42.27773, -71.05328 42.2775, -71.05349 42.27743, -71.05391 42.27727, -71.0544 42.27702, -71.05492 42.27661, -71.05524 42.27634, -71.05547 42.27593, -71.05558 42.27571, -71.05558 42.27505, -71.05539 42.2747, -71.05535 42.27462, -71.055 42.27417, -71.0541 42.27344, -71.05407 42.2734, -71.05349 42.27246, -71.05349 42.27224, -71.05351 42.27223, -71.05361 42.27195, -71.05369 42.27182, -71.05384 42.2717, -71.05433 42.27137, -71.05504 42.27094, -71.05541 42.27072, -71.0566 42.27006, -71.05789 42.26927, -71.05868 42.26879, -71.06098 42.26745, -71.06142 42.26732, -71.06183 42.26721, -71.06219 42.26716, -71.0626 42.26721, -71.06289 42.26729, -71.0631 42.26734, -71.06351 42.26756, -71.06395 42.26798, -71.0641 42.26812, -71.0647 42.26861, -71.06494 42.26897, -71.06503 42.26929, -71.06501 42.26946, -71.06482 42.26974, -71.06478 42.26985, -71.06475 42.26996, -71.06478 42.27017, -71.0649 42.27039, -71.0651 42.27066, -71.06525 42.27081, -71.06528 42.27084, -71.06546 42.27101, -71.06577 42.2712, -71.06604 42.27127, -71.06641 42.27132, -71.06695 42.2714, -71.06728 42.27145, -71.06752 42.2715, -71.0677 42.27149, -71.06778 42.27142, -71.06781 42.2714, -71.06783 42.27137, -71.06795 42.27117, -71.06797 42.27115, -71.06814 42.271, -71.06817 42.27108, -71.06817 42.27112, -71.06819 42.27122, -71.06818 42.27134)))"
250251008005,"MULTIPOLYGON (((-71.06802 42.27228, -71.068 42.27246, -71.06788 42.27296, -71.0678 42.27326, -71.06771 42.27355, -71.06762 42.2739, -71.06744 42.27458, -71.06731 42.27505, -71.06719 42.2755, -71.06698 42.27625, -71.06682 42.27679, -71.06661 42.27753, -71.0665 42.2779, -71.06623 42.27883, -71.06605 42.27952, -71.06592 42.27993, -71.06564 42.27999, -71.06551 42.28003, -71.06478 42.28023, -71.06411 42.28043, -71.06378 42.28053, -71.06338 42.28066, -71.06221 42.28101, -71.06169 42.28117, -71.06151 42.28123, -71.06081 42.28019, -71.06021 42.27929, -71.0597 42.27843, -71.05974 42.27835, -71.05994 42.2779, -71.06003 42.27773, -71.06017 42.27741, -71.06025 42.27728, -71.06031 42.27722, -71.06045 42.27708, -71.06057 42.27693, -71.06078 42.2767, -71.06094 42.27647, -71.0613 42.27584, -71.06144 42.27566, -71.06155 42.27552, -71.06187 42.2752, -71.06217 42.27489, -71.06235 42.27467, -71.06263 42.27436, -71.06287 42.27411, -71.06351 42.2736, -71.06381 42.2734, -71.06409 42.27324, -71.06611 42.27249, -71.06639 42.2724, -71.06674 42.27232, -71.06703 42.27229, -71.06779 42.27223, -71.06802 42.27222, -71.06802 42.27228)))"
250251008006,"MULTIPOLYGON (((-71.06581 42.28034, -71.06566 42.28088, -71.06544 42.28164, -71.06537 42.2819, -71.06532 42.28205, -71.06528 42.28224, -71.06507 42.283, -71.06506 42.28303, -71.06487 42.2837, -71.06479 42.284, -71.06471 42.28428, -71.06456 42.28478, -71.06442 42.28528, -71.0643 42.2857, -71.06421 42.28575, -71.06409 42.28583, -71.06388 42.28588, -71.06373 42.28592, -71.06339 42.28524, -71.0623 42.28558, -71.06174 42.28575, -71.06168 42.28559, -71.06163 42.28536, -71.06158 42.28521, -71.06147 42.28501, -71.06128 42.28468, -71.06114 42.28445, -71.06101 42.28415, -71.06085 42.28381, -71.06064 42.28338, -71.06059 42.28326, -71.06035 42.28271, -71.06011 42.28219, -71.05989 42.28172, -71.06076 42.28146, -71.06132 42.28129, -71.06148 42.28124, -71.06151 42.28123, -71.06169 42.28117, -71.06221 42.28101, -71.06338 42.28066, -71.06378 42.28053, -71.06411 42.28043, -71.06478 42.28023, -71.06551 42.28003, -71.06564 42.27999, -71.06592 42.27993, -71.06581 42.28034)))"
250251009001,"MULTIPOLYGON (((-71.07277 42.27807, -71.07222 42.27811, -71.07168 42.27818, -71.07102 42.27831, -71.07057 42.27845, -71.07022 42.27857, -71.06979 42.27872, -71.06957 42.27879, -71.0695 42.27881, -71.06873 42.27908, -71.06863 42.27911, -71.06858 42.27913, -71.06814 42.27927, -71.06785 42.27937, -71.06724 42.27956, -71.06639 42.2798, -71.06592 42.27993, -71.06605 42.27952, -71.06623 42.27883, -71.0665 42.2779, -71.06661 42.27753, -71.06682 42.27679, -71.06698 42.27625, -71.06719 42.2755, -71.06824 42.27568, -71.06857 42.27573, -71.06889 42.27575, -71.06941 42.27573, -71.0696 42.27575, -71.07031 42.27586, -71.07064 42.2759, -71.07073 42.27591, -71.07086 42.27591, -71.07208 42.27567, -71.07204 42.27599, -71.07205 42.27608, -71.07212 42.27627, -71.07253 42.27736, -71.07267 42.27776, -71.07277 42.27807)))"
250251009002,"MULTIPOLYGON (((-71.07214 42.27531, -71.07208 42.27567, -71.07086 42.27591, -71.07073 42.27591, -71.07064 42.2759, -71.07031 42.27586, -71.0696 42.27575, -71.06941 42.27573, -71.06889 42.27575, -71.06857 42.27573, -71.06824 42.27568, -71.06719 42.2755, -71.06731 42.27505, -71.06744 42.27458, -71.06762 42.2739, -71.06771 42.27355, -71.0678 42.27326, -71.06788 42.27296, -71.068 42.27246, -71.06802 42.27228, -71.06802 42.27222, -71.06818 42.27222, -71.06839 42.27226, -71.06849 42.27228, -71.06901 42.2724, -71.06936 42.2725, -71.06966 42.27237, -71.07002 42.27225, -71.07043 42.27208, -71.07068 42.27201, -71.07081 42.27199, -71.07122 42.27193, -71.07149 42.27279, -71.07186 42.27394, -71.07201 42.27448, -71.0722 42.275, -71.07214 42.27531)))"
250251009003,"MULTIPOLYGON (((-71.07999 42.27876, -71.0799 42.27873, -71.07937 42.27864, -71.07889 42.27857, -71.078 42.27848, -71.07663 42.27833, -71.07632 42.2783, -71.07578 42.27825, -71.07572 42.27825, -71.07473 42.27813, -71.07453 42.27811, -71.0737 42.27807, -71.07317 42.27805, -71.07277 42.27807, -71.07267 42.27776, -71.07253 42.27736, -71.07212 42.27627, -71.07205 42.27608, -71.07204 42.27599, -71.07208 42.27567, -71.07214 42.27531, -71.0722 42.275, -71.07201 42.27448, -71.07186 42.27394, -71.07269 42.27381, -71.07399 42.27359, -71.07477 42.27347, -71.07532 42.27339, -71.07559 42.27334, -71.07576 42.27386, -71.07586 42.27412, -71.07674 42.27395, -71.07761 42.27378, -71.07778 42.27416, -71.07789 42.27447, -71.07792 42.27456, -71.07816 42.27516, -71.07825 42.27535, -71.07833 42.27552, -71.07845 42.27574, -71.07831 42.27588, -71.07815 42.27608, -71.0778 42.27651, -71.07725 42.27722, -71.0776 42.27738, -71.07829 42.2777, -71.07866 42.27786, -71.07961 42.27845, -71.07982 42.27858, -71.08044 42.27896, -71.07999 42.27876)))"
250251009004,"MULTIPOLYGON (((-71.08982 42.27008, -71.08975 42.27011, -71.08952 42.27016, -71.08933 42.27017, -71.08923 42.27017, -71.08892 42.27014, -71.08866 42.27011, -71.08842 42.27012, -71.08818 42.27013, -71.08788 42.27018, -71.08763 42.27024, -71.08588 42.27082, -71.0854 42.27094, -71.08518 42.27099, -71.08456 42.2711, -71.08375 42.27125, -71.08337 42.27129, -71.08292 42.27133, -71.08252 42.27133, -71.08221 42.27132, -71.08185 42.27132, -71.08142 42.27133, -71.08097 42.27135, -71.08056 42.27139, -71.08016 42.27141, -71.07971 42.27146, -71.07947 42.2715, -71.07924 42.27154, -71.07888 42.27163, -71.07861 42.27169, -71.0785 42.27171, -71.0785 42.27228, -71.07859 42.27259, -71.0787 42.27281, -71.07879 42.27295, -71.07892 42.2732, -71.079 42.27341, -71.07821 42.27366, -71.07761 42.27378, -71.07674 42.27395, -71.07586 42.27412, -71.07576 42.27386, -71.07559 42.27334, -71.07532 42.27339, -71.07477 42.27347, -71.07399 42.27359, -71.07269 42.27381, -71.07186 42.27394, -71.07149 42.27279, -71.07122 42.27193, -71.07081 42.27199, -71.07068 42.27201, -71.07043 42.27208, -71.07002 42.27225, -71.06966 42.27237, -71.06936 42.2725, -71.06901 42.2724, -71.06849 42.27228, -71.06839 42.27226, -71.06818 42.27222, -71.06802 42.27222, -71.06799 42.27211, -71.06799 42.27195, -71.06802 42.27177, -71.06809 42.27156, -71.06818 42.27134, -71.06819 42.27122, -71.06817 42.27112, -71.06817 42.27108, -71.06814 42.271, -71.06838 42.27083, -71.06841 42.27081, -71.0685 42.27078, -71.06869 42.27073, -71.06878 42.27071, -71.06884 42.2707, -71.06901 42.27066, -71.06925 42.27065, -71.0693 42.27064, -71.06946 42.27063, -71.06971 42.27061, -71.06978 42.27061, -71.07041 42.27061, -71.07061 42.27063, -71.07093 42.27071, -71.07103 42.27073, -71.07105 42.27074, -71.07121 42.2708, -71.07135 42.27084, -71.07168 42.27085, -71.07204 42.27082, -71.07243 42.27069, -71.07271 42.27053, -71.0729 42.27038, -71.07299 42.27034, -71.07304 42.27033, -71.07313 42.27032, -71.07321 42.27032, -71.07323 42.27031, -71.07326 42.27032, -71.0733 42.27031, -71.07359 42.27029, -71.07371 42.27029, -71.074 42.27029, -71.07449 42.27032, -71.07457 42.27032, -71.07478 42.27031, -71.07489 42.2703, -71.07506 42.27028, -71.07525 42.2703, -71.07563 42.27046, -71.07605 42.27052, -71.07649 42.27051, -71.07686 42.27045, -71.07711 42.27038, -71.07758 42.27015, -71.07785 42.27002, -71.07816 42.26989, -71.07828 42.2698, -71.07847 42.26965, -71.07857 42.26961, -71.07877 42.26957, -71.0792 42.26954, -71.07986 42.26947, -71.08 42.26946, -71.08032 42.26945, -71.08085 42.26932, -71.08151 42.26902, -71.08224 42.26876, -71.08249 42.26867, -71.0825 42.26866, -71.08261 42.26864, -71.08276 42.26863, -71.08338 42.26869, -71.08424 42.26883, -71.0854 42.26904, -71.08558 42.26909, -71.08572 42.26912, -71.08672 42.26933, -71.08698 42.26938, -71.08763 42.26952, -71.08775 42.26955, -71.0881 42.26963, -71.08867 42.26973, -71.08915 42.26974, -71.08917 42.26974, -71.0894 42.26969, -71.09007 42.26995, -71.08982 42.27008)))"
250251010011,"MULTIPOLYGON (((-71.1091 42.27451, -71.10877 42.27503, -71.10865 42.27526, -71.10858 42.2754, -71.10855 42.27549, -71.10846 42.27577, -71.10839 42.27597, -71.10816 42.2765, -71.10789 42.27717, -71.10784 42.27728, -71.10774 42.2775, -71.10765 42.2778, -71.10753 42.2782, -71.10753 42.2783, -71.10465 42.2768, -71.10437 42.27707, -71.10391 42.27683, -71.1037 42.27675, -71.10314 42.27728, -71.10209 42.27829, -71.1011 42.27776, -71.0995 42.27912, -71.09998 42.2793, -71.10041 42.27953, -71.10054 42.27961, -71.09977 42.28045, -71.09845 42.2817, -71.09842 42.28168, -71.09832 42.28163, -71.09807 42.28142, -71.09793 42.28126, -71.09802 42.28103, -71.09815 42.28058, -71.09823 42.28025, -71.09826 42.28007, -71.09833 42.27958, -71.09832 42.27924, -71.09832 42.27871, -71.09829 42.27844, -71.09822 42.278, -71.09812 42.27764, -71.09846 42.27739, -71.09881 42.2771, -71.09924 42.27668, -71.09977 42.27618, -71.09984 42.27604, -71.09986 42.27593, -71.09995 42.27592, -71.09999 42.2759, -71.1001 42.27582, -71.10013 42.2758, -71.10046 42.27546, -71.10141 42.27454, -71.1021 42.27496, -71.10272 42.27525, -71.1028 42.27529, -71.10283 42.27532, -71.10357 42.27566, -71.1043 42.27605, -71.10458 42.27577, -71.10474 42.27565, -71.10484 42.27562, -71.10496 42.27564, -71.10553 42.27595, -71.10579 42.27571, -71.10627 42.27518, -71.10635 42.27511, -71.10653 42.27495, -71.10675 42.27475, -71.10708 42.27444, -71.10752 42.2741, -71.10774 42.27394, -71.10796 42.27379, -71.10802 42.27375, -71.10841 42.27351, -71.10864 42.27372, -71.10919 42.27436, -71.1091 42.27451)))"
250251010012,"MULTIPOLYGON (((-71.10841 42.27351, -71.10802 42.27375, -71.10796 42.27379, -71.10774 42.27394, -71.10752 42.2741, -71.10708 42.27444, -71.10675 42.27475, -71.10653 42.27495, -71.10635 42.27511, -71.10627 42.27518, -71.10579 42.27571, -71.10553 42.27595, -71.10496 42.27564, -71.10484 42.27562, -71.10474 42.27565, -71.10458 42.27577, -71.1043 42.27605, -71.10357 42.27566, -71.10283 42.27532, -71.1028 42.27529, -71.10272 42.27525, -71.1021 42.27496, -71.10141 42.27454, -71.10067 42.27413, -71.1009 42.2739, -71.10147 42.27334, -71.10162 42.2732, -71.10216 42.27266, -71.10267 42.27215, -71.10285 42.2719, -71.10299 42.27166, -71.10336 42.271, -71.10473 42.27133, -71.10508 42.2714, -71.10588 42.27157, -71.10631 42.27168, -71.10656 42.27177, -71.1067 42.27185, -71.10689 42.27197, -71.10718 42.2722, -71.10764 42.2727, -71.10803 42.27311, -71.10841 42.27351)))"
250251010013,"MULTIPOLYGON (((-71.0994 42.26499, -71.09913 42.26513, -71.09936 42.26532, -71.09962 42.2655, -71.09918 42.26592, -71.09878 42.26632, -71.09835 42.26673, -71.0978 42.26722, -71.09744 42.26753, -71.09716 42.26779, -71.09679 42.26814, -71.09636 42.26856, -71.09603 42.26884, -71.09536 42.26837, -71.0946 42.2678, -71.09438 42.26756, -71.09426 42.26747, -71.09417 42.26751, -71.09398 42.2676, -71.09388 42.26763, -71.0939 42.2674, -71.0939 42.26729, -71.09391 42.2672, -71.09391 42.26714, -71.09394 42.26714, -71.09413 42.26713, -71.09439 42.26699, -71.09459 42.26679, -71.09463 42.26677, -71.09465 42.26668, -71.09467 42.26665, -71.09471 42.26661, -71.09478 42.26651, -71.09491 42.26629, -71.09496 42.26623, -71.09508 42.26604, -71.09526 42.26579, -71.09545 42.26557, -71.09569 42.26535, -71.09585 42.26523, -71.09616 42.26501, -71.09643 42.26474, -71.09675 42.26434, -71.09692 42.26398, -71.09722 42.26346, -71.09748 42.26309, -71.09774 42.26293, -71.0979 42.26288, -71.09791 42.26291, -71.09804 42.26317, -71.09847 42.2636, -71.09914 42.2643, -71.09968 42.26484, -71.0994 42.26499)))"
250251010014,"MULTIPOLYGON (((-71.10124 42.26683, -71.10051 42.26752, -71.09915 42.26884, -71.09835 42.26962, -71.09809 42.26985, -71.09788 42.27003, -71.09717 42.27051, -71.09635 42.27106, -71.09577 42.27146, -71.09462 42.27222, -71.09369 42.27288, -71.0937 42.2726, -71.09373 42.2717, -71.09375 42.2712, -71.09378 42.27013, -71.09384 42.26868, -71.09387 42.26815, -71.09388 42.26763, -71.09398 42.2676, -71.09417 42.26751, -71.09426 42.26747, -71.09438 42.26756, -71.0946 42.2678, -71.09536 42.26837, -71.09603 42.26884, -71.09636 42.26856, -71.09679 42.26814, -71.09716 42.26779, -71.09744 42.26753, -71.0978 42.26722, -71.09835 42.26673, -71.09878 42.26632, -71.09918 42.26592, -71.09962 42.2655, -71.10014 42.26583, -71.10028 42.26594, -71.10054 42.26615, -71.10086 42.26646, -71.10124 42.26683)))"
250251010015,"MULTIPOLYGON (((-71.10417 42.26986, -71.10402 42.27003, -71.10386 42.27024, -71.10359 42.27062, -71.10336 42.271, -71.10232 42.27078, -71.10178 42.27065, -71.10149 42.2706, -71.10084 42.27048, -71.10062 42.27046, -71.09998 42.27039, -71.09957 42.27032, -71.09908 42.27027, -71.09844 42.27023, -71.0983 42.27021, -71.09817 42.27018, -71.09803 42.27012, -71.09788 42.27003, -71.09809 42.26985, -71.09835 42.26962, -71.09915 42.26884, -71.10051 42.26752, -71.10124 42.26683, -71.10133 42.26691, -71.10142 42.26698, -71.10162 42.26713, -71.10191 42.26739, -71.1024 42.26782, -71.10254 42.26796, -71.10291 42.26826, -71.10318 42.2685, -71.10358 42.26884, -71.10376 42.269, -71.10411 42.2693, -71.10437 42.26953, -71.10417 42.26986)))"
250251010016,"MULTIPOLYGON (((-71.10299 42.27166, -71.10285 42.2719, -71.10267 42.27215, -71.10216 42.27266, -71.10162 42.2732, -71.10147 42.27334, -71.1009 42.2739, -71.10067 42.27413, -71.10141 42.27454, -71.10046 42.27546, -71.10013 42.2758, -71.1001 42.27582, -71.09999 42.2759, -71.09995 42.27592, -71.09986 42.27593, -71.09984 42.27604, -71.09977 42.27618, -71.09924 42.27668, -71.09881 42.2771, -71.09846 42.27739, -71.09812 42.27764, -71.09804 42.2774, -71.09793 42.27717, -71.0978 42.27695, -71.09757 42.27664, -71.09728 42.27633, -71.09691 42.27603, -71.09624 42.27563, -71.09603 42.27552, -71.09558 42.27529, -71.09515 42.27506, -71.09472 42.27484, -71.09397 42.27446, -71.09368 42.27435, -71.0937 42.27338, -71.0937 42.27326, -71.09369 42.27308, -71.09369 42.27288, -71.09462 42.27222, -71.09577 42.27146, -71.09635 42.27106, -71.09717 42.27051, -71.09788 42.27003, -71.09803 42.27012, -71.09817 42.27018, -71.0983 42.27021, -71.09844 42.27023, -71.09908 42.27027, -71.09957 42.27032, -71.09998 42.27039, -71.10062 42.27046, -71.10084 42.27048, -71.10149 42.2706, -71.10178 42.27065, -71.10232 42.27078, -71.10336 42.271, -71.10299 42.27166)))"
250251010021,"MULTIPOLYGON (((-71.08277 42.27604, -71.08276 42.27615, -71.08268 42.27624, -71.08239 42.27656, -71.0816 42.27748, -71.0815 42.2776, -71.08188 42.27777, -71.08221 42.27792, -71.08164 42.27859, -71.08188 42.27875, -71.0816 42.27899, -71.0811 42.27939, -71.08053 42.27902, -71.08048 42.27898, -71.08044 42.27896, -71.07982 42.27858, -71.07961 42.27845, -71.07866 42.27786, -71.07829 42.2777, -71.0776 42.27738, -71.07725 42.27722, -71.0778 42.27651, -71.07815 42.27608, -71.07831 42.27588, -71.07845 42.27574, -71.07833 42.27552, -71.07825 42.27535, -71.07816 42.27516, -71.07792 42.27456, -71.07789 42.27447, -71.07778 42.27416, -71.07761 42.27378, -71.07821 42.27366, -71.079 42.27341, -71.07892 42.2732, -71.07879 42.27295, -71.0787 42.27281, -71.07859 42.27259, -71.0785 42.27228, -71.0785 42.27171, -71.07861 42.27169, -71.07888 42.27163, -71.07934 42.27217, -71.08012 42.27303, -71.08028 42.27314, -71.08028 42.27321, -71.0803 42.2734, -71.08031 42.27364, -71.08053 42.27365, -71.08075 42.27386, -71.08132 42.27442, -71.08146 42.2746, -71.08149 42.27472, -71.08149 42.27484, -71.08146 42.27514, -71.08139 42.2756, -71.08192 42.27565, -71.0824 42.2757, -71.08256 42.27574, -71.08269 42.27583, -71.08276 42.27594, -71.08277 42.27604)))"
250251010022,"MULTIPOLYGON (((-71.09125 42.27089, -71.09073 42.27135, -71.09024 42.2718, -71.09017 42.27183, -71.08981 42.27202, -71.08959 42.27212, -71.08943 42.27224, -71.08937 42.27235, -71.08936 42.27239, -71.08938 42.27253, -71.08942 42.27264, -71.08947 42.27271, -71.08957 42.27279, -71.08988 42.27301, -71.0894 42.27357, -71.0889 42.27411, -71.08862 42.27439, -71.08851 42.27451, -71.08809 42.27497, -71.08766 42.27544, -71.0872 42.27593, -71.08622 42.27701, -71.08599 42.27727, -71.08542 42.27794, -71.08472 42.27871, -71.0843 42.27918, -71.08425 42.27923, -71.08385 42.27965, -71.08357 42.27989, -71.08342 42.27999, -71.083 42.28023, -71.08273 42.28041, -71.08263 42.28037, -71.08257 42.28034, -71.08225 42.28018, -71.08214 42.28011, -71.08157 42.27972, -71.0811 42.27939, -71.0816 42.27899, -71.08188 42.27875, -71.08164 42.27859, -71.08221 42.27792, -71.08188 42.27777, -71.0815 42.2776, -71.0816 42.27748, -71.08239 42.27656, -71.08268 42.27624, -71.08276 42.27615, -71.08277 42.27604, -71.08276 42.27594, -71.08269 42.27583, -71.08256 42.27574, -71.0824 42.2757, -71.08192 42.27565, -71.08139 42.2756, -71.08146 42.27514, -71.08149 42.27484, -71.08149 42.27472, -71.08146 42.2746, -71.08132 42.27442, -71.08075 42.27386, -71.08053 42.27365, -71.08031 42.27364, -71.0803 42.2734, -71.08028 42.27321, -71.08028 42.27314, -71.08012 42.27303, -71.07934 42.27217, -71.07888 42.27163, -71.07924 42.27154, -71.07947 42.2715, -71.07971 42.27146, -71.08016 42.27141, -71.08056 42.27139, -71.08097 42.27135, -71.08142 42.27133, -71.08185 42.27132, -71.08221 42.27132, -71.08252 42.27133, -71.08292 42.27133, -71.08337 42.27129, -71.08375 42.27125, -71.08456 42.2711, -71.08518 42.27099, -71.0854 42.27094, -71.08588 42.27082, -71.08763 42.27024, -71.08788 42.27018, -71.08818 42.27013, -71.08842 42.27012, -71.08866 42.27011, -71.08892 42.27014, -71.08923 42.27017, -71.08933 42.27017, -71.08952 42.27016, -71.08975 42.27011, -71.08982 42.27008, -71.09007 42.26995, -71.09055 42.27021, -71.09107 42.27047, -71.09145 42.27067, -71.09125 42.27089)))"
250251010023,"MULTIPOLYGON (((-71.09391 42.2672, -71.0939 42.26729, -71.0939 42.2674, -71.09388 42.26763, -71.09387 42.26815, -71.09384 42.26868, -71.09378 42.27013, -71.09375 42.2712, -71.09373 42.2717, -71.0937 42.2726, -71.09369 42.27288, -71.09352 42.27303, -71.09328 42.27324, -71.0927 42.27378, -71.09209 42.2744, -71.08988 42.27647, -71.08912 42.27719, -71.08878 42.27751, -71.08819 42.27808, -71.08754 42.27872, -71.08693 42.27934, -71.08632 42.27995, -71.08609 42.28022, -71.08584 42.28053, -71.0855 42.28099, -71.08547 42.28098, -71.08501 42.28089, -71.08489 42.28087, -71.08449 42.28078, -71.08328 42.28053, -71.08281 42.28043, -71.08273 42.28041, -71.083 42.28023, -71.08342 42.27999, -71.08357 42.27989, -71.08385 42.27965, -71.08425 42.27923, -71.0843 42.27918, -71.08472 42.27871, -71.08542 42.27794, -71.08599 42.27727, -71.08622 42.27701, -71.0872 42.27593, -71.08766 42.27544, -71.08809 42.27497, -71.08851 42.27451, -71.08862 42.27439, -71.0889 42.27411, -71.0894 42.27357, -71.08988 42.27301, -71.08957 42.27279, -71.08947 42.27271, -71.08942 42.27264, -71.08938 42.27253, -71.08936 42.27239, -71.08937 42.27235, -71.08943 42.27224, -71.08959 42.27212, -71.08981 42.27202, -71.09017 42.27183, -71.09024 42.2718, -71.09073 42.27135, -71.09125 42.27089, -71.09145 42.27067, -71.09107 42.27047, -71.09055 42.27021, -71.09007 42.26995, -71.0894 42.26969, -71.0895 42.26967, -71.08982 42.26954, -71.09004 42.26932, -71.09019 42.26908, -71.09021 42.26899, -71.09015 42.26883, -71.08997 42.26842, -71.08991 42.26824, -71.08986 42.26805, -71.08986 42.26796, -71.08986 42.26795, -71.08986 42.26778, -71.08987 42.26774, -71.08999 42.26747, -71.09004 42.26716, -71.09016 42.26684, -71.09024 42.26667, -71.09026 42.26664, -71.0905 42.26655, -71.09082 42.26648, -71.09102 42.26651, -71.09132 42.2666, -71.0918 42.26668, -71.0923 42.26673, -71.09263 42.26673, -71.09294 42.26685, -71.09313 42.267, -71.09341 42.26708, -71.0935 42.26709, -71.09374 42.26714, -71.09391 42.26714, -71.09391 42.2672)))"
250251011011,"MULTIPOLYGON (((-71.09656 42.28274, -71.09654 42.28291, -71.09652 42.28312, -71.09642 42.28335, -71.09627 42.28363, -71.09607 42.28385, -71.09602 42.2839, -71.09582 42.28408, -71.09569 42.28418, -71.09537 42.28437, -71.09509 42.28451, -71.09467 42.28466, -71.09432 42.28478, -71.09208 42.28365, -71.09181 42.28352, -71.09211 42.2826, -71.09244 42.2816, -71.09265 42.28094, -71.09289 42.28026, -71.09297 42.28002, -71.09314 42.27952, -71.09316 42.27944, -71.09318 42.27939, -71.0934 42.27961, -71.09346 42.27971, -71.09362 42.27985, -71.09371 42.2799, -71.09392 42.27999, -71.0944 42.28018, -71.0946 42.28029, -71.09495 42.28052, -71.09519 42.28073, -71.09537 42.28093, -71.0955 42.28111, -71.09552 42.28115, -71.09573 42.28147, -71.09583 42.28158, -71.09623 42.28194, -71.09637 42.28211, -71.09645 42.28227, -71.09655 42.28257, -71.09656 42.28274)))"
250251011012,"MULTIPOLYGON (((-71.09945 42.28249, -71.09866 42.28335, -71.09772 42.28436, -71.09739 42.28471, -71.09677 42.28534, -71.09632 42.28582, -71.09569 42.28547, -71.09528 42.28527, -71.09432 42.28478, -71.09467 42.28466, -71.09509 42.28451, -71.09537 42.28437, -71.09569 42.28418, -71.09582 42.28408, -71.09602 42.2839, -71.09607 42.28385, -71.09627 42.28363, -71.09642 42.28335, -71.09652 42.28312, -71.09654 42.28291, -71.09656 42.28274, -71.09655 42.28257, -71.09645 42.28227, -71.09637 42.28211, -71.09623 42.28194, -71.09583 42.28158, -71.09573 42.28147, -71.09552 42.28115, -71.0955 42.28111, -71.09537 42.28093, -71.09519 42.28073, -71.09495 42.28052, -71.0946 42.28029, -71.0944 42.28018, -71.09392 42.27999, -71.09371 42.2799, -71.09362 42.27985, -71.09346 42.27971, -71.0934 42.27961, -71.09318 42.27939, -71.09338 42.27878, -71.09343 42.27863, -71.09345 42.27857, -71.09349 42.27842, -71.09352 42.27817, -71.09354 42.27796, -71.09355 42.27761, -71.09358 42.27725, -71.09376 42.27736, -71.09411 42.27761, -71.09461 42.27798, -71.09498 42.27824, -71.0954 42.27862, -71.09593 42.27915, -71.09628 42.27947, -71.09632 42.27952, -71.09681 42.27996, -71.09696 42.28013, -71.0971 42.28027, -71.09756 42.28084, -71.09793 42.28126, -71.09807 42.28142, -71.09832 42.28163, -71.09842 42.28168, -71.09845 42.2817, -71.0988 42.28188, -71.0993 42.28214, -71.09963 42.28234, -71.09945 42.28249)))"
250251011013,"MULTIPOLYGON (((-71.10052 42.28796, -71.10033 42.28807, -71.10026 42.28817, -71.10017 42.28832, -71.10007 42.28862, -71.09994 42.28925, -71.09991 42.28947, -71.09993 42.28972, -71.09994 42.28986, -71.09995 42.28992, -71.1 42.29009, -71.10011 42.29029, -71.09985 42.29036, -71.09964 42.29044, -71.09747 42.29112, -71.0974 42.29115, -71.09714 42.29125, -71.097 42.29131, -71.0965 42.29153, -71.09627 42.29166, -71.09587 42.2919, -71.09576 42.29197, -71.09573 42.2919, -71.09545 42.29122, -71.09502 42.29023, -71.09498 42.29016, -71.09449 42.28906, -71.09413 42.28825, -71.094 42.28794, -71.09389 42.28767, -71.09372 42.28728, -71.09366 42.28712, -71.09343 42.28656, -71.09341 42.28651, -71.0932 42.28594, -71.09293 42.28532, -71.09286 42.28513, -71.09286 42.28495, -71.09274 42.28486, -71.09233 42.28463, -71.09193 42.28445, -71.09187 42.28437, -71.09157 42.28421, -71.09168 42.28391, -71.09181 42.28352, -71.09208 42.28365, -71.09432 42.28478, -71.09528 42.28527, -71.09569 42.28547, -71.09632 42.28582, -71.0961 42.28604, -71.09545 42.28674, -71.09523 42.28699, -71.09503 42.28714, -71.0949 42.28722, -71.09506 42.28744, -71.0952 42.28738, -71.09556 42.28739, -71.09565 42.28739, -71.09574 42.2874, -71.09624 42.28724, -71.09747 42.28682, -71.09758 42.28678, -71.0978 42.28673, -71.09797 42.28671, -71.09814 42.28671, -71.09829 42.28673, -71.09861 42.28676, -71.09886 42.28677, -71.09906 42.28674, -71.0992 42.2867, -71.09934 42.28665, -71.09947 42.28657, -71.09971 42.28644, -71.09991 42.28666, -71.09995 42.28672, -71.10009 42.28694, -71.10029 42.28729, -71.1004 42.28748, -71.10048 42.28761, -71.10065 42.28791, -71.10052 42.28796)))"
250251011021,"MULTIPOLYGON (((-71.09211 42.2826, -71.09181 42.28352, -71.09168 42.28391, -71.09157 42.28421, -71.09138 42.28424, -71.09068 42.2841, -71.08979 42.28394, -71.08967 42.28389, -71.08956 42.28382, -71.08943 42.28371, -71.0893 42.28357, -71.08924 42.28348, -71.08915 42.28326, -71.08911 42.28313, -71.08901 42.28297, -71.08893 42.28285, -71.08878 42.2827, -71.08854 42.28255, -71.08821 42.28233, -71.08797 42.28219, -71.08741 42.2818, -71.08705 42.28157, -71.08735 42.28126, -71.0876 42.28099, -71.08801 42.28056, -71.08861 42.28085, -71.08908 42.28105, -71.08974 42.28136, -71.09044 42.28168, -71.09111 42.28199, -71.09132 42.28209, -71.09195 42.2824, -71.09211 42.2826)))"
250251011022,"MULTIPOLYGON (((-71.09362 42.27641, -71.09358 42.27725, -71.09355 42.27761, -71.09354 42.27796, -71.09352 42.27817, -71.09349 42.27842, -71.09345 42.27857, -71.09343 42.27863, -71.09338 42.27878, -71.09318 42.27939, -71.09316 42.27944, -71.09314 42.27952, -71.09297 42.28002, -71.09289 42.28026, -71.09265 42.28094, -71.09244 42.2816, -71.09211 42.2826, -71.09195 42.2824, -71.09132 42.28209, -71.09111 42.28199, -71.09044 42.28168, -71.08974 42.28136, -71.08908 42.28105, -71.08861 42.28085, -71.08801 42.28056, -71.08845 42.2801, -71.08859 42.27996, -71.08916 42.27938, -71.08947 42.27906, -71.08969 42.27881, -71.08994 42.27858, -71.09012 42.27844, -71.09039 42.27824, -71.09105 42.2778, -71.0917 42.27739, -71.09197 42.27717, -71.09207 42.27707, -71.09212 42.27703, -71.09221 42.27695, -71.09237 42.27676, -71.09247 42.27663, -71.09255 42.27655, -71.09263 42.2765, -71.09322 42.27619, -71.0934 42.27612, -71.09362 42.27611, -71.09362 42.27641)))"
250251011023,"MULTIPOLYGON (((-71.0937 42.27338, -71.09368 42.27435, -71.09364 42.27524, -71.09362 42.27611, -71.0934 42.27612, -71.09322 42.27619, -71.09263 42.2765, -71.09255 42.27655, -71.09247 42.27663, -71.09237 42.27676, -71.09221 42.27695, -71.09212 42.27703, -71.09207 42.27707, -71.09197 42.27717, -71.0917 42.27739, -71.09105 42.2778, -71.09039 42.27824, -71.09012 42.27844, -71.08994 42.27858, -71.08969 42.27881, -71.08947 42.27906, -71.08916 42.27938, -71.08859 42.27996, -71.08845 42.2801, -71.08801 42.28056, -71.0876 42.28099, -71.08735 42.28126, -71.08705 42.28157, -71.0867 42.28134, -71.08654 42.28126, -71.0863 42.28117, -71.08603 42.2811, -71.0855 42.28099, -71.08584 42.28053, -71.08609 42.28022, -71.08632 42.27995, -71.08693 42.27934, -71.08754 42.27872, -71.08819 42.27808, -71.08878 42.27751, -71.08912 42.27719, -71.08988 42.27647, -71.09209 42.2744, -71.0927 42.27378, -71.09328 42.27324, -71.09352 42.27303, -71.09369 42.27288, -71.09369 42.27308, -71.0937 42.27326, -71.0937 42.27338)))"
250251011024,"MULTIPOLYGON (((-71.09833 42.27958, -71.09826 42.28007, -71.09823 42.28025, -71.09815 42.28058, -71.09802 42.28103, -71.09793 42.28126, -71.09756 42.28084, -71.0971 42.28027, -71.09696 42.28013, -71.09681 42.27996, -71.09632 42.27952, -71.09628 42.27947, -71.09593 42.27915, -71.0954 42.27862, -71.09498 42.27824, -71.09461 42.27798, -71.09411 42.27761, -71.09376 42.27736, -71.09358 42.27725, -71.09362 42.27641, -71.09362 42.27611, -71.09364 42.27524, -71.09368 42.27435, -71.09397 42.27446, -71.09472 42.27484, -71.09515 42.27506, -71.09558 42.27529, -71.09603 42.27552, -71.09624 42.27563, -71.09691 42.27603, -71.09728 42.27633, -71.09757 42.27664, -71.0978 42.27695, -71.09793 42.27717, -71.09804 42.2774, -71.09812 42.27764, -71.09822 42.278, -71.09829 42.27844, -71.09832 42.27871, -71.09832 42.27924, -71.09833 42.27958)))"
250251101041,"MULTIPOLYGON (((-71.12714 42.28916, -71.12671 42.28955, -71.12623 42.29003, -71.12618 42.29009, -71.1257 42.2907, -71.1252 42.29137, -71.12422 42.29258, -71.12351 42.2933, -71.12308 42.29373, -71.1228 42.294, -71.1225 42.29429, -71.12217 42.29456, -71.12186 42.29479, -71.12129 42.2952, -71.12081 42.29488, -71.12049 42.29471, -71.11979 42.29429, -71.11992 42.29417, -71.12025 42.29385, -71.12039 42.2937, -71.12084 42.29329, -71.12139 42.29277, -71.12191 42.29226, -71.12246 42.29175, -71.12307 42.2912, -71.12359 42.29071, -71.12414 42.2902, -71.12465 42.28971, -71.1256 42.28882, -71.12581 42.28862, -71.12596 42.28848, -71.12686 42.28901, -71.12714 42.28916)))"
250251101042,"MULTIPOLYGON (((-71.12246 42.29175, -71.12191 42.29226, -71.12139 42.29277, -71.12084 42.29329, -71.12039 42.2937, -71.12025 42.29385, -71.11992 42.29417, -71.11979 42.29429, -71.12049 42.29471, -71.12081 42.29488, -71.12129 42.2952, -71.12071 42.29559, -71.12016 42.29595, -71.12011 42.29598, -71.11953 42.29633, -71.11865 42.29688, -71.11807 42.29723, -71.11794 42.29732, -71.11718 42.29782, -71.11638 42.29832, -71.11616 42.29845, -71.11549 42.29886, -71.11543 42.2989, -71.11584 42.29829, -71.11553 42.29824, -71.11544 42.29821, -71.1155 42.2981, -71.11553 42.29805, -71.11583 42.29755, -71.11632 42.29685, -71.11674 42.29624, -71.11701 42.29583, -71.11786 42.29447, -71.11796 42.2943, -71.11833 42.29359, -71.11841 42.29341, -71.11854 42.29315, -71.11882 42.29253, -71.11894 42.29221, -71.11908 42.29172, -71.11917 42.2912, -71.11924 42.29075, -71.11926 42.29049, -71.11956 42.29053, -71.12007 42.29079, -71.12019 42.29087, -71.12035 42.2911, -71.12085 42.29118, -71.12112 42.29125, -71.12127 42.29129, -71.12164 42.29141, -71.12225 42.29161, -71.12242 42.29169, -71.12246 42.29175)))"
250251101051,"MULTIPOLYGON (((-71.11632 42.29685, -71.11583 42.29755, -71.11553 42.29805, -71.1155 42.2981, -71.11544 42.29821, -71.11469 42.29935, -71.1142 42.30012, -71.11416 42.30018, -71.1135 42.30123, -71.11343 42.3014, -71.11338 42.30149, -71.11317 42.30147, -71.11268 42.30146, -71.11244 42.30145, -71.11218 42.30146, -71.11209 42.30146, -71.1093 42.30151, -71.10901 42.30148, -71.10877 42.30146, -71.10847 42.30139, -71.10824 42.30134, -71.108 42.30126, -71.10778 42.30115, -71.10755 42.30106, -71.10736 42.301, -71.10711 42.30095, -71.10666 42.30088, -71.10655 42.30087, -71.1065 42.30086, -71.10644 42.30085, -71.10635 42.3008, -71.10626 42.30072, -71.10618 42.30059, -71.10612 42.3005, -71.10606 42.30045, -71.10598 42.30042, -71.10591 42.3004, -71.10578 42.30038, -71.10535 42.30031, -71.1052 42.3003, -71.10502 42.30028, -71.10466 42.30027, -71.10469 42.30017, -71.10479 42.30003, -71.10498 42.29984, -71.10512 42.29968, -71.10525 42.29947, -71.10536 42.29929, -71.10541 42.29915, -71.10546 42.29898, -71.10552 42.29883, -71.1056 42.29874, -71.1057 42.29864, -71.10586 42.29855, -71.10605 42.29849, -71.10618 42.29847, -71.10645 42.29843, -71.10686 42.29841, -71.10727 42.29839, -71.10736 42.29838, -71.10753 42.29861, -71.10761 42.29864, -71.10825 42.2989, -71.1085 42.299, -71.1096 42.2991, -71.11007 42.29851, -71.10981 42.29817, -71.11006 42.29793, -71.11027 42.29777, -71.11067 42.29747, -71.11104 42.29702, -71.11118 42.29689, -71.11159 42.29654, -71.11208 42.29618, -71.11228 42.29627, -71.11287 42.29666, -71.11358 42.29608, -71.11391 42.29583, -71.11465 42.29518, -71.11537 42.29457, -71.11564 42.29487, -71.11576 42.29505, -71.11583 42.29522, -71.11586 42.29541, -71.11592 42.2957, -71.11596 42.29584, -71.11603 42.29593, -71.11622 42.29607, -71.11674 42.29624, -71.11632 42.29685)))"
250251101061,"MULTIPOLYGON (((-71.11926 42.29049, -71.11924 42.29075, -71.11917 42.2912, -71.11908 42.29172, -71.11894 42.29221, -71.11882 42.29253, -71.11854 42.29315, -71.11841 42.29341, -71.11833 42.29359, -71.11796 42.2943, -71.11786 42.29447, -71.11701 42.29583, -71.11674 42.29624, -71.11622 42.29607, -71.11603 42.29593, -71.11596 42.29584, -71.11592 42.2957, -71.11586 42.29541, -71.11583 42.29522, -71.11576 42.29505, -71.11564 42.29487, -71.11537 42.29457, -71.11576 42.29438, -71.11609 42.2942, -71.11636 42.29403, -71.11649 42.2939, -71.11657 42.29373, -71.11662 42.29349, -71.1168 42.29234, -71.1169 42.29176, -71.11704 42.29115, -71.11706 42.2911, -71.11713 42.29064, -71.11726 42.28986, -71.11741 42.28982, -71.11753 42.28983, -71.11817 42.28988, -71.11814 42.29016, -71.11908 42.29021, -71.11928 42.29024, -71.11926 42.29049)))"
250251101062,"MULTIPOLYGON (((-71.11726 42.28986, -71.11713 42.29064, -71.11706 42.2911, -71.11704 42.29115, -71.1169 42.29176, -71.1168 42.29234, -71.11662 42.29349, -71.11657 42.29373, -71.11649 42.2939, -71.11636 42.29403, -71.11609 42.2942, -71.11576 42.29438, -71.11537 42.29457, -71.11509 42.2944, -71.11423 42.2939, -71.114 42.29374, -71.11397 42.29371, -71.11376 42.29354, -71.1134 42.29312, -71.1135 42.293, -71.11363 42.29282, -71.1139 42.29248, -71.11422 42.29202, -71.11433 42.29183, -71.11443 42.29157, -71.11448 42.29135, -71.11448 42.29119, -71.11444 42.29082, -71.1144 42.29065, -71.1146 42.29064, -71.11467 42.29063, -71.11472 42.29061, -71.11483 42.29055, -71.11577 42.2901, -71.11626 42.28989, -71.11653 42.28976, -71.11647 42.28965, -71.11637 42.2894, -71.11632 42.28927, -71.11627 42.28913, -71.11649 42.2891, -71.11659 42.28911, -71.1168 42.28915, -71.11696 42.28921, -71.11711 42.28932, -71.11723 42.28947, -71.11728 42.28963, -71.11726 42.28986)))"
250251102011,"MULTIPOLYGON (((-71.11999 42.27882, -71.11984 42.27954, -71.11971 42.28029, -71.11967 42.28085, -71.11963 42.28148, -71.11962 42.28269, -71.11959 42.28391, -71.11956 42.28502, -71.11955 42.28551, -71.11882 42.2855, -71.11886 42.28531, -71.11891 42.28496, -71.11853 42.28475, -71.11819 42.28453, -71.11787 42.2843, -71.11721 42.28386, -71.11684 42.2836, -71.11665 42.28348, -71.11643 42.28334, -71.11601 42.28308, -71.11498 42.28242, -71.11485 42.28236, -71.11367 42.28162, -71.11361 42.28158, -71.11325 42.28135, -71.11246 42.28075, -71.11228 42.28059, -71.11222 42.2805, -71.11221 42.28034, -71.11223 42.28021, -71.11234 42.28028, -71.11343 42.27994, -71.11359 42.28004, -71.11356 42.27964, -71.11355 42.27959, -71.11366 42.27945, -71.1138 42.27931, -71.1145 42.27859, -71.1146 42.27847, -71.1147 42.27839, -71.11523 42.27809, -71.11534 42.27804, -71.11638 42.27886, -71.11663 42.279, -71.11659 42.27873, -71.1165 42.27851, -71.11638 42.27834, -71.11617 42.2781, -71.11597 42.27785, -71.11585 42.27764, -71.11577 42.27748, -71.11573 42.2773, -71.11585 42.2772, -71.11598 42.27716, -71.11626 42.27706, -71.11732 42.27663, -71.11721 42.27587, -71.11778 42.27609, -71.11852 42.27642, -71.11896 42.27662, -71.11953 42.27687, -71.11941 42.27743, -71.11918 42.27864, -71.11933 42.27866, -71.11969 42.27877, -71.11994 42.27882, -71.11999 42.27882)))"
250251103011,"MULTIPOLYGON (((-71.11886 42.28531, -71.11882 42.2855, -71.11873 42.28618, -71.11869 42.28641, -71.1179 42.28641, -71.11718 42.28643, -71.1164 42.28644, -71.11622 42.28644, -71.11547 42.28646, -71.11513 42.28647, -71.11487 42.28647, -71.11462 42.28648, -71.11404 42.28648, -71.11358 42.2865, -71.11328 42.28649, -71.11258 42.2865, -71.11218 42.28653, -71.11196 42.28656, -71.11161 42.28665, -71.11111 42.28678, -71.11078 42.28685, -71.11064 42.2869, -71.11056 42.28695, -71.11032 42.28715, -71.11012 42.28736, -71.10992 42.28753, -71.10976 42.28764, -71.10922 42.28793, -71.10852 42.28829, -71.10795 42.28862, -71.10737 42.28818, -71.10705 42.28796, -71.10676 42.28774, -71.10665 42.28766, -71.10635 42.28744, -71.10568 42.28694, -71.1054 42.28672, -71.10587 42.28632, -71.10641 42.28595, -71.10684 42.28571, -71.10741 42.28542, -71.10797 42.28519, -71.1086 42.28495, -71.10869 42.28492, -71.10876 42.2849, -71.10896 42.28484, -71.10931 42.28473, -71.10937 42.28469, -71.10943 42.28465, -71.10956 42.2845, -71.10975 42.28427, -71.1102 42.28376, -71.11038 42.28361, -71.11056 42.28352, -71.1107 42.28346, -71.11088 42.28341, -71.11104 42.28337, -71.11091 42.28309, -71.11184 42.28231, -71.11218 42.28194, -71.11179 42.2816, -71.11154 42.28134, -71.11142 42.28117, -71.11137 42.28105, -71.11138 42.28097, -71.11135 42.28084, -71.11124 42.28073, -71.11085 42.2806, -71.11089 42.28035, -71.1114 42.2803, -71.11214 42.28019, -71.11223 42.28021, -71.11221 42.28034, -71.11222 42.2805, -71.11228 42.28059, -71.11246 42.28075, -71.11325 42.28135, -71.11361 42.28158, -71.11367 42.28162, -71.11485 42.28236, -71.11498 42.28242, -71.11601 42.28308, -71.11643 42.28334, -71.11665 42.28348, -71.11684 42.2836, -71.11721 42.28386, -71.11787 42.2843, -71.11819 42.28453, -71.11853 42.28475, -71.11891 42.28496, -71.11886 42.28531)))"
250251103012,"MULTIPOLYGON (((-71.11952 42.28648, -71.11949 42.2878, -71.11949 42.28792, -71.11938 42.28943, -71.1193 42.2901, -71.11928 42.29024, -71.11908 42.29021, -71.11814 42.29016, -71.11817 42.28988, -71.11753 42.28983, -71.11741 42.28982, -71.11726 42.28986, -71.11728 42.28963, -71.11723 42.28947, -71.11711 42.28932, -71.11696 42.28921, -71.1168 42.28915, -71.11659 42.28911, -71.11649 42.2891, -71.11627 42.28913, -71.11632 42.28927, -71.11637 42.2894, -71.11647 42.28965, -71.11653 42.28976, -71.11626 42.28989, -71.11577 42.2901, -71.11483 42.29055, -71.11472 42.29061, -71.11467 42.29063, -71.1146 42.29064, -71.1144 42.29065, -71.11444 42.29082, -71.11448 42.29119, -71.11448 42.29135, -71.11443 42.29157, -71.11433 42.29183, -71.11422 42.29202, -71.1139 42.29248, -71.11363 42.29282, -71.1135 42.293, -71.1134 42.29312, -71.11295 42.29256, -71.11263 42.29219, -71.11246 42.29205, -71.11199 42.2917, -71.11114 42.29105, -71.11033 42.29044, -71.10941 42.28973, -71.10795 42.28862, -71.10852 42.28829, -71.10922 42.28793, -71.10976 42.28764, -71.10992 42.28753, -71.11012 42.28736, -71.11032 42.28715, -71.11056 42.28695, -71.11064 42.2869, -71.11078 42.28685, -71.11111 42.28678, -71.11161 42.28665, -71.11196 42.28656, -71.11218 42.28653, -71.11258 42.2865, -71.11328 42.28649, -71.11358 42.2865, -71.11404 42.28648, -71.11462 42.28648, -71.11487 42.28647, -71.11513 42.28647, -71.11547 42.28646, -71.11622 42.28644, -71.1164 42.28644, -71.11718 42.28643, -71.1179 42.28641, -71.11869 42.28641, -71.11873 42.28618, -71.11882 42.2855, -71.11955 42.28551, -71.11952 42.28648)))"
250251104011,"MULTIPOLYGON (((-71.12596 42.28848, -71.12581 42.28862, -71.1256 42.28882, -71.12465 42.28971, -71.12414 42.2902, -71.12359 42.29071, -71.12307 42.2912, -71.12246 42.29175, -71.12242 42.29169, -71.12225 42.29161, -71.12164 42.29141, -71.12127 42.29129, -71.12112 42.29125, -71.12085 42.29118, -71.12035 42.2911, -71.12019 42.29087, -71.12007 42.29079, -71.11956 42.29053, -71.11926 42.29049, -71.11928 42.29024, -71.1193 42.2901, -71.11938 42.28943, -71.11949 42.28792, -71.11949 42.2878, -71.11952 42.28648, -71.11955 42.28551, -71.12017 42.28552, -71.12012 42.28566, -71.12012 42.28579, -71.12013 42.2859, -71.12017 42.28605, -71.12028 42.28623, -71.12043 42.28645, -71.1205 42.28653, -71.12067 42.2867, -71.12076 42.28676, -71.12108 42.28699, -71.12141 42.28723, -71.1217 42.28739, -71.1219 42.28751, -71.12205 42.28755, -71.1222 42.28758, -71.12245 42.2876, -71.12267 42.28759, -71.12281 42.28757, -71.12298 42.28749, -71.12335 42.28718, -71.12392 42.28672, -71.12446 42.28704, -71.12555 42.2877, -71.12631 42.28815, -71.12596 42.28848)))"
250251104012,"MULTIPOLYGON (((-71.12813 42.28645, -71.12737 42.2871, -71.12704 42.28746, -71.12684 42.28764, -71.12655 42.28792, -71.12631 42.28815, -71.12555 42.2877, -71.12446 42.28704, -71.12392 42.28672, -71.12335 42.28718, -71.12298 42.28749, -71.12281 42.28757, -71.12267 42.28759, -71.12245 42.2876, -71.1222 42.28758, -71.12205 42.28755, -71.1219 42.28751, -71.1217 42.28739, -71.12141 42.28723, -71.12108 42.28699, -71.12076 42.28676, -71.12067 42.2867, -71.1205 42.28653, -71.12043 42.28645, -71.12028 42.28623, -71.12017 42.28605, -71.12013 42.2859, -71.12012 42.28579, -71.12012 42.28566, -71.12017 42.28552, -71.11955 42.28551, -71.11956 42.28502, -71.11959 42.28391, -71.11962 42.28269, -71.11963 42.28148, -71.11967 42.28085, -71.11971 42.28029, -71.12068 42.2807, -71.12107 42.28093, -71.12132 42.28109, -71.12201 42.28155, -71.12243 42.28183, -71.12296 42.28216, -71.12354 42.28254, -71.12376 42.2827, -71.12398 42.28293, -71.12404 42.283, -71.12416 42.28321, -71.12425 42.28345, -71.12437 42.2837, -71.12449 42.28391, -71.12476 42.28419, -71.12513 42.28449, -71.12569 42.28491, -71.1261 42.28518, -71.12666 42.28551, -71.12726 42.28589, -71.12744 42.286, -71.12813 42.28645)))"
250251104031,"MULTIPOLYGON (((-71.12463 42.28011, -71.12416 42.28046, -71.12372 42.28081, -71.12323 42.28121, -71.12243 42.28183, -71.12201 42.28155, -71.12132 42.28109, -71.12107 42.28093, -71.12068 42.2807, -71.11971 42.28029, -71.11984 42.27954, -71.11999 42.27882, -71.12002 42.27882, -71.12038 42.27878, -71.1203 42.27865, -71.12029 42.27855, -71.1203 42.27842, -71.12035 42.27819, -71.12064 42.2769, -71.12081 42.27606, -71.12087 42.27587, -71.12099 42.27565, -71.12144 42.27464, -71.12176 42.27509, -71.12202 42.27551, -71.12215 42.27574, -71.12248 42.27626, -71.12301 42.27708, -71.12312 42.27726, -71.12346 42.2778, -71.12359 42.27806, -71.12364 42.27814, -71.12366 42.27822, -71.12367 42.27861, -71.12371 42.27891, -71.12376 42.27903, -71.12387 42.27925, -71.124 42.27947, -71.12409 42.27958, -71.12422 42.2797, -71.12446 42.27993, -71.12463 42.28011)))"
250251104032,"MULTIPOLYGON (((-71.12861 42.28138, -71.12819 42.28172, -71.12776 42.2821, -71.12758 42.28222, -71.12781 42.28251, -71.12794 42.28267, -71.12726 42.2829, -71.12679 42.28307, -71.1267 42.28313, -71.1266 42.28321, -71.12594 42.28378, -71.12513 42.28449, -71.12476 42.28419, -71.12449 42.28391, -71.12437 42.2837, -71.12425 42.28345, -71.12416 42.28321, -71.12404 42.283, -71.12398 42.28293, -71.12376 42.2827, -71.12354 42.28254, -71.12296 42.28216, -71.12243 42.28183, -71.12323 42.28121, -71.12372 42.28081, -71.12416 42.28046, -71.12463 42.28011, -71.12446 42.27993, -71.12422 42.2797, -71.12409 42.27958, -71.124 42.27947, -71.12387 42.27925, -71.12376 42.27903, -71.12371 42.27891, -71.12367 42.27861, -71.12366 42.27822, -71.12364 42.27814, -71.12359 42.27806, -71.12397 42.27797, -71.12425 42.27782, -71.12468 42.27755, -71.12496 42.27778, -71.12543 42.27813, -71.12575 42.27841, -71.12632 42.27883, -71.12692 42.27931, -71.12764 42.27987, -71.12795 42.28011, -71.12846 42.28049, -71.12908 42.28097, -71.12861 42.28138)))"
250251104033,"MULTIPOLYGON (((-71.12794 42.27456, -71.12771 42.27481, -71.12757 42.27493, -71.12735 42.27503, -71.12708 42.27511, -71.12678 42.27525, -71.12656 42.27537, -71.12567 42.27591, -71.12532 42.27619, -71.12513 42.2764, -71.12502 42.27659, -71.12499 42.27676, -71.12494 42.27714, -71.12485 42.27735, -71.12468 42.27755, -71.12425 42.27782, -71.12397 42.27797, -71.12359 42.27806, -71.12346 42.2778, -71.12312 42.27726, -71.12301 42.27708, -71.12248 42.27626, -71.12215 42.27574, -71.12202 42.27551, -71.12176 42.27509, -71.12144 42.27464, -71.12132 42.27438, -71.12124 42.27422, -71.12124 42.2741, -71.12125 42.27395, -71.12129 42.27382, -71.12133 42.2738, -71.12146 42.27378, -71.12243 42.27379, -71.12367 42.27382, -71.12357 42.27354, -71.12445 42.273, -71.12491 42.2727, -71.12547 42.27323, -71.12566 42.2734, -71.12579 42.27347, -71.126 42.27355, -71.12635 42.27367, -71.12685 42.27382, -71.12769 42.27406, -71.12825 42.27425, -71.12794 42.27456)))"
250251104034,"MULTIPOLYGON (((-71.13269 42.27873, -71.13268 42.27892, -71.13267 42.27905, -71.13263 42.27913, -71.1326 42.27918, -71.13256 42.27926, -71.1325 42.27932, -71.13217 42.2796, -71.13155 42.28014, -71.13132 42.28037, -71.13058 42.281, -71.13013 42.28138, -71.12995 42.28153, -71.12975 42.28146, -71.12945 42.28122, -71.12908 42.28097, -71.12846 42.28049, -71.12795 42.28011, -71.12764 42.27987, -71.12692 42.27931, -71.12632 42.27883, -71.12575 42.27841, -71.12543 42.27813, -71.12496 42.27778, -71.12468 42.27755, -71.12485 42.27735, -71.12494 42.27714, -71.12499 42.27676, -71.12502 42.27659, -71.12513 42.2764, -71.12532 42.27619, -71.12567 42.27591, -71.12629 42.27649, -71.12652 42.27674, -71.12708 42.27726, -71.12733 42.27751, -71.12764 42.27729, -71.12784 42.27712, -71.12851 42.27658, -71.12889 42.27629, -71.12898 42.27623, -71.12903 42.27619, -71.12934 42.2764, -71.13043 42.27714, -71.13141 42.27779, -71.13189 42.2781, -71.13241 42.27841, -71.13276 42.2786, -71.13269 42.27873)))"
250251104035,"MULTIPOLYGON (((-71.13478 42.2769, -71.1342 42.27736, -71.13336 42.27806, -71.13305 42.2783, -71.13276 42.2786, -71.13241 42.27841, -71.13189 42.2781, -71.13141 42.27779, -71.13043 42.27714, -71.12934 42.2764, -71.12903 42.27619, -71.12898 42.27623, -71.12889 42.27629, -71.12851 42.27658, -71.12784 42.27712, -71.12764 42.27729, -71.12733 42.27751, -71.12708 42.27726, -71.12652 42.27674, -71.12629 42.27649, -71.12567 42.27591, -71.12656 42.27537, -71.12678 42.27525, -71.12708 42.27511, -71.12735 42.27503, -71.12757 42.27493, -71.12771 42.27481, -71.12794 42.27456, -71.12825 42.27425, -71.1284 42.27411, -71.12867 42.2739, -71.12913 42.27363, -71.12943 42.27346, -71.12967 42.2734, -71.13017 42.2732, -71.13056 42.27302, -71.13086 42.27287, -71.13112 42.27305, -71.1327 42.27404, -71.13244 42.27423, -71.13164 42.27491, -71.13212 42.27522, -71.13286 42.27568, -71.13315 42.27589, -71.13375 42.27624, -71.13408 42.27644, -71.13463 42.27678, -71.13478 42.2769)))"
250251105011,"MULTIPOLYGON (((-71.14244 42.28441, -71.14214 42.28464, -71.14189 42.28486, -71.14185 42.28489, -71.14128 42.2854, -71.1406 42.28596, -71.14055 42.28614, -71.13963 42.28616, -71.13933 42.28617, -71.13865 42.28619, -71.1382 42.28622, -71.13762 42.28625, -71.13742 42.28625, -71.13757 42.28614, -71.13762 42.28605, -71.13761 42.28585, -71.13759 42.28537, -71.1375 42.28433, -71.13747 42.28366, -71.13738 42.28267, -71.13736 42.28243, -71.13728 42.28166, -71.13729 42.28152, -71.13725 42.28107, -71.13723 42.2807, -71.1376 42.28092, -71.13792 42.28113, -71.13848 42.28149, -71.13866 42.28161, -71.13933 42.28206, -71.14012 42.28256, -71.14035 42.28272, -71.14075 42.28298, -71.14111 42.28323, -71.14137 42.28343, -71.14196 42.28381, -71.14264 42.28423, -71.14244 42.28441)))"
250251105012,"MULTIPOLYGON (((-71.14537 42.28188, -71.14527 42.28195, -71.14497 42.2822, -71.14421 42.28287, -71.14389 42.28314, -71.14364 42.28336, -71.14307 42.28385, -71.14264 42.28423, -71.14196 42.28381, -71.14137 42.28343, -71.14111 42.28323, -71.14075 42.28298, -71.14035 42.28272, -71.14012 42.28256, -71.13933 42.28206, -71.13866 42.28161, -71.13848 42.28149, -71.13792 42.28113, -71.1376 42.28092, -71.13723 42.2807, -71.13723 42.28063, -71.13719 42.28038, -71.13712 42.2796, -71.13707 42.27879, -71.137 42.27832, -71.13715 42.27818, -71.13773 42.27769, -71.13817 42.27731, -71.13832 42.27718, -71.13865 42.2769, -71.13914 42.27648, -71.13962 42.27607, -71.14001 42.27571, -71.14027 42.27547, -71.14031 42.27543, -71.14065 42.27518, -71.14065 42.27532, -71.14066 42.27574, -71.14068 42.27588, -71.14075 42.27629, -71.14093 42.27692, -71.14115 42.27735, -71.14138 42.27773, -71.14177 42.27822, -71.14235 42.27881, -71.14259 42.27904, -71.1429 42.27938, -71.14348 42.28003, -71.14357 42.28013, -71.14373 42.2803, -71.14381 42.28037, -71.14391 42.28046, -71.14396 42.2805, -71.14425 42.28077, -71.14474 42.28119, -71.14492 42.28133, -71.14522 42.28157, -71.14552 42.2818, -71.14537 42.28188)))"
250251105013,"MULTIPOLYGON (((-71.14777 42.28599, -71.14739 42.28601, -71.14705 42.28602, -71.1465 42.28602, -71.14626 42.28602, -71.14579 42.28603, -71.14517 42.28604, -71.1449 42.28605, -71.14436 42.28605, -71.1432 42.28608, -71.14191 42.28611, -71.14055 42.28614, -71.1406 42.28596, -71.14128 42.2854, -71.14185 42.28489, -71.14189 42.28486, -71.14214 42.28464, -71.14244 42.28441, -71.14264 42.28423, -71.14307 42.28385, -71.14364 42.28336, -71.14389 42.28314, -71.14421 42.28287, -71.14497 42.2822, -71.14527 42.28195, -71.14537 42.28188, -71.14552 42.2818, -71.14566 42.28193, -71.14605 42.28225, -71.14636 42.28253, -71.14676 42.28294, -71.14701 42.28325, -71.14702 42.28328, -71.14707 42.28335, -71.14725 42.28361, -71.14739 42.28387, -71.1474 42.28389, -71.1475 42.28418, -71.14766 42.28504, -71.14777 42.28599)))"
250251105021,"MULTIPOLYGON (((-71.13762 42.28605, -71.13757 42.28614, -71.13742 42.28625, -71.137 42.28626, -71.13523 42.2863, -71.13423 42.28631, -71.13385 42.28632, -71.13338 42.28635, -71.13306 42.28637, -71.13226 42.28646, -71.13183 42.28653, -71.13166 42.28657, -71.13117 42.2867, -71.13095 42.28678, -71.13056 42.2869, -71.13006 42.28707, -71.1297 42.28718, -71.12955 42.28721, -71.12938 42.28713, -71.12928 42.28708, -71.12912 42.28702, -71.12896 42.28698, -71.12878 42.28694, -71.12864 42.28693, -71.1283 42.28691, -71.12817 42.28691, -71.12791 42.28697, -71.12766 42.28706, -71.12704 42.28746, -71.12737 42.2871, -71.12813 42.28645, -71.12837 42.28623, -71.12897 42.28567, -71.12965 42.28505, -71.13035 42.28439, -71.13138 42.28342, -71.13209 42.28276, -71.1327 42.2822, -71.13372 42.28241, -71.13412 42.28256, -71.13444 42.28271, -71.1347 42.28287, -71.13533 42.28335, -71.13555 42.28351, -71.13562 42.28364, -71.13572 42.28403, -71.13589 42.2845, -71.13602 42.28491, -71.13601 42.28498, -71.13621 42.28512, -71.13658 42.28533, -71.13761 42.28585, -71.13762 42.28605)))"
250251105022,"MULTIPOLYGON (((-71.13648 42.27875, -71.13616 42.27903, -71.13567 42.27945, -71.13554 42.27955, -71.13493 42.28012, -71.13455 42.28049, -71.13433 42.28069, -71.13414 42.28086, -71.13354 42.28141, -71.13309 42.28182, -71.1327 42.2822, -71.13209 42.28276, -71.13138 42.28342, -71.13035 42.28439, -71.12965 42.28505, -71.12897 42.28567, -71.12837 42.28623, -71.12813 42.28645, -71.12744 42.286, -71.12726 42.28589, -71.12666 42.28551, -71.1261 42.28518, -71.12569 42.28491, -71.12513 42.28449, -71.12594 42.28378, -71.1266 42.28321, -71.1267 42.28313, -71.12679 42.28307, -71.12726 42.2829, -71.12794 42.28267, -71.12781 42.28251, -71.12758 42.28222, -71.12776 42.2821, -71.12819 42.28172, -71.12861 42.28138, -71.12908 42.28097, -71.12945 42.28122, -71.12975 42.28146, -71.12995 42.28153, -71.13013 42.28138, -71.13058 42.281, -71.13132 42.28037, -71.13155 42.28014, -71.13217 42.2796, -71.1325 42.27932, -71.13256 42.27926, -71.1326 42.27918, -71.13263 42.27913, -71.13267 42.27905, -71.13268 42.27892, -71.13269 42.27873, -71.13276 42.2786, -71.13305 42.2783, -71.13336 42.27806, -71.1342 42.27736, -71.13478 42.2769, -71.13535 42.27726, -71.13571 42.27747, -71.1359 42.27759, -71.13642 42.27791, -71.137 42.27832, -71.13648 42.27875)))"
250251105023,"MULTIPOLYGON (((-71.13761 42.28585, -71.13658 42.28533, -71.13621 42.28512, -71.13601 42.28498, -71.13602 42.28491, -71.13589 42.2845, -71.13572 42.28403, -71.13562 42.28364, -71.13555 42.28351, -71.13533 42.28335, -71.1347 42.28287, -71.13444 42.28271, -71.13412 42.28256, -71.13372 42.28241, -71.1327 42.2822, -71.13309 42.28182, -71.13354 42.28141, -71.13414 42.28086, -71.13433 42.28069, -71.13455 42.28049, -71.13493 42.28012, -71.13554 42.27955, -71.13567 42.27945, -71.13616 42.27903, -71.13648 42.27875, -71.137 42.27832, -71.13707 42.27879, -71.13712 42.2796, -71.13719 42.28038, -71.13723 42.28063, -71.13723 42.2807, -71.13725 42.28107, -71.13729 42.28152, -71.13728 42.28166, -71.13736 42.28243, -71.13738 42.28267, -71.13747 42.28366, -71.1375 42.28433, -71.13759 42.28537, -71.13761 42.28585)))"
250251106011,"MULTIPOLYGON (((-71.1503 42.29553, -71.15001 42.29568, -71.14878 42.29631, -71.1486 42.2964, -71.14829 42.29656, -71.14792 42.29675, -71.1475 42.29696, -71.14748 42.29697, -71.14729 42.29707, -71.14704 42.2972, -71.14688 42.29728, -71.14682 42.29732, -71.14597 42.29794, -71.14414 42.29925, -71.14405 42.29932, -71.14347 42.29974, -71.14231 42.30058, -71.14153 42.30114, -71.14014 42.30215, -71.13983 42.302, -71.13956 42.30189, -71.13912 42.30176, -71.13902 42.30173, -71.1378 42.30135, -71.13744 42.30125, -71.1371 42.30118, -71.13692 42.30119, -71.13659 42.30126, -71.136 42.30142, -71.13576 42.30149, -71.13544 42.30158, -71.13487 42.30172, -71.13462 42.30175, -71.13436 42.30174, -71.13405 42.3017, -71.13382 42.30165, -71.13326 42.30154, -71.13258 42.30143, -71.13223 42.30138, -71.13191 42.30135, -71.13142 42.30132, -71.13107 42.30131, -71.1309 42.30127, -71.13056 42.30114, -71.13018 42.30101, -71.12876 42.30049, -71.12857 42.30041, -71.12823 42.30028, -71.12793 42.30016, -71.12807 42.30003, -71.1288 42.2993, -71.12895 42.29916, -71.12939 42.29873, -71.12962 42.29853, -71.12989 42.29831, -71.13007 42.29818, -71.13009 42.29818, -71.13037 42.298, -71.1304 42.29799, -71.13061 42.29787, -71.13087 42.29773, -71.1313 42.29753, -71.13191 42.29729, -71.13204 42.29724, -71.1325 42.29704, -71.13298 42.29683, -71.13327 42.29663, -71.1333 42.29661, -71.13363 42.29639, -71.13366 42.29637, -71.13429 42.2959, -71.13483 42.29544, -71.13523 42.29511, -71.13601 42.29443, -71.1361 42.29442, -71.13643 42.29437, -71.13685 42.29426, -71.13759 42.29405, -71.13832 42.29385, -71.13875 42.29375, -71.13911 42.29369, -71.13935 42.29366, -71.13992 42.29361, -71.14021 42.29358, -71.14152 42.2934, -71.14279 42.29321, -71.14357 42.29313, -71.14407 42.29322, -71.14445 42.29329, -71.14479 42.29335, -71.14508 42.2934, -71.14536 42.29347, -71.14544 42.29349, -71.14573 42.2936, -71.14603 42.29372, -71.14606 42.29352, -71.14612 42.2933, -71.14621 42.2931, -71.14645 42.29273, -71.14658 42.29251, -71.14674 42.29218, -71.14687 42.29185, -71.14691 42.29166, -71.14694 42.29149, -71.14697 42.29129, -71.14698 42.29107, -71.14703 42.29062, -71.14706 42.29013, -71.14723 42.29028, -71.14743 42.29044, -71.14756 42.29053, -71.1478 42.29074, -71.14799 42.29089, -71.14808 42.29097, -71.1483 42.29128, -71.14835 42.29138, -71.14865 42.29187, -71.14879 42.2921, -71.14899 42.29247, -71.14938 42.2931, -71.14955 42.29353, -71.14983 42.29425, -71.14989 42.29442, -71.1501 42.29498, -71.15025 42.29537, -71.1503 42.29553)))"
250251106012,"MULTIPOLYGON (((-71.14703 42.29062, -71.14698 42.29107, -71.14697 42.29129, -71.14694 42.29149, -71.14691 42.29166, -71.14687 42.29185, -71.14674 42.29218, -71.14658 42.29251, -71.14645 42.29273, -71.14621 42.2931, -71.14612 42.2933, -71.14606 42.29352, -71.14603 42.29372, -71.14573 42.2936, -71.14544 42.29349, -71.14536 42.29347, -71.14508 42.2934, -71.14479 42.29335, -71.14445 42.29329, -71.14407 42.29322, -71.14357 42.29313, -71.14279 42.29321, -71.14152 42.2934, -71.14021 42.29358, -71.13992 42.29361, -71.13935 42.29366, -71.13911 42.29369, -71.13875 42.29375, -71.13832 42.29385, -71.13759 42.29405, -71.13685 42.29426, -71.13643 42.29437, -71.1361 42.29442, -71.13601 42.29443, -71.13634 42.29412, -71.1367 42.29383, -71.1373 42.29336, -71.1379 42.29284, -71.13851 42.29233, -71.1387 42.29218, -71.13916 42.29179, -71.13975 42.2913, -71.14038 42.29077, -71.14101 42.29023, -71.14115 42.29012, -71.14172 42.28964, -71.14203 42.2894, -71.14244 42.28903, -71.14273 42.28878, -71.14274 42.28877, -71.14278 42.28874, -71.14293 42.28866, -71.14305 42.2886, -71.14416 42.28834, -71.14464 42.28823, -71.14478 42.28819, -71.14512 42.28811, -71.14534 42.28853, -71.14549 42.28881, -71.1456 42.28892, -71.14569 42.28901, -71.14635 42.28954, -71.14706 42.29013, -71.14703 42.29062)))"
250251106071,"MULTIPOLYGON (((-71.13916 42.29179, -71.1387 42.29218, -71.13851 42.29233, -71.1379 42.29284, -71.1373 42.29336, -71.13692 42.29314, -71.13535 42.29209, -71.13472 42.29168, -71.13437 42.29145, -71.13397 42.29111, -71.13353 42.29074, -71.13328 42.29051, -71.13296 42.29024, -71.13312 42.29004, -71.13347 42.28966, -71.13364 42.28945, -71.13399 42.28907, -71.13416 42.28891, -71.1343 42.28882, -71.1346 42.28868, -71.1348 42.28862, -71.13542 42.28839, -71.13567 42.28832, -71.13591 42.28857, -71.13676 42.28933, -71.13711 42.28959, -71.13806 42.29021, -71.13975 42.2913, -71.13916 42.29179)))"
250251106072,"MULTIPOLYGON (((-71.14777 42.28627, -71.14775 42.28656, -71.14775 42.28665, -71.14768 42.28683, -71.14765 42.28691, -71.14757 42.28701, -71.14742 42.28712, -71.14734 42.28722, -71.14732 42.28733, -71.14732 42.28741, -71.14684 42.28755, -71.1465 42.28766, -71.14593 42.28787, -71.14587 42.28789, -71.14552 42.28801, -71.14512 42.28811, -71.14478 42.28819, -71.14464 42.28823, -71.14416 42.28834, -71.14305 42.2886, -71.14293 42.28866, -71.14278 42.28874, -71.14274 42.28877, -71.14273 42.28878, -71.14244 42.28903, -71.14203 42.2894, -71.14172 42.28964, -71.14115 42.29012, -71.14101 42.29023, -71.14038 42.29077, -71.13975 42.2913, -71.13806 42.29021, -71.13711 42.28959, -71.13676 42.28933, -71.13591 42.28857, -71.13567 42.28832, -71.13611 42.28818, -71.13644 42.28801, -71.13663 42.28792, -71.13668 42.28762, -71.13681 42.28719, -71.13687 42.28704, -71.13692 42.28693, -71.13703 42.28674, -71.13706 42.2867, -71.13723 42.28648, -71.13742 42.28625, -71.13762 42.28625, -71.1382 42.28622, -71.13865 42.28619, -71.13933 42.28617, -71.13963 42.28616, -71.14055 42.28614, -71.14191 42.28611, -71.1432 42.28608, -71.14436 42.28605, -71.1449 42.28605, -71.14517 42.28604, -71.14579 42.28603, -71.14626 42.28602, -71.1465 42.28602, -71.14705 42.28602, -71.14739 42.28601, -71.14777 42.28599, -71.14777 42.28627)))"
250251106073,"MULTIPOLYGON (((-71.13723 42.28648, -71.13706 42.2867, -71.13703 42.28674, -71.13692 42.28693, -71.13687 42.28704, -71.13681 42.28719, -71.13668 42.28762, -71.13663 42.28792, -71.13644 42.28801, -71.13611 42.28818, -71.13567 42.28832, -71.13542 42.28839, -71.1348 42.28862, -71.1346 42.28868, -71.1343 42.28882, -71.13416 42.28891, -71.13399 42.28907, -71.13364 42.28945, -71.13347 42.28966, -71.13312 42.29004, -71.13296 42.29024, -71.1326 42.29064, -71.13249 42.29077, -71.13223 42.29099, -71.13198 42.29114, -71.13158 42.29134, -71.13124 42.2915, -71.1309 42.29168, -71.13074 42.2918, -71.13058 42.29196, -71.13051 42.29212, -71.13049 42.29246, -71.13047 42.29275, -71.13046 42.29316, -71.12967 42.29273, -71.1296 42.29281, -71.12774 42.2913, -71.12801 42.29109, -71.12785 42.291, -71.12734 42.291, -71.12703 42.29075, -71.1263 42.29018, -71.12618 42.29009, -71.12623 42.29003, -71.12671 42.28955, -71.12714 42.28916, -71.12686 42.28901, -71.12596 42.28848, -71.12631 42.28815, -71.12655 42.28792, -71.12684 42.28764, -71.12704 42.28746, -71.12766 42.28706, -71.12791 42.28697, -71.12817 42.28691, -71.1283 42.28691, -71.12864 42.28693, -71.12878 42.28694, -71.12896 42.28698, -71.12912 42.28702, -71.12928 42.28708, -71.12938 42.28713, -71.12955 42.28721, -71.1297 42.28718, -71.13006 42.28707, -71.13056 42.2869, -71.13095 42.28678, -71.13117 42.2867, -71.13166 42.28657, -71.13183 42.28653, -71.13226 42.28646, -71.13306 42.28637, -71.13338 42.28635, -71.13385 42.28632, -71.13423 42.28631, -71.13523 42.2863, -71.137 42.28626, -71.13742 42.28625, -71.13723 42.28648)))"
250251106074,"MULTIPOLYGON (((-71.1373 42.29336, -71.1367 42.29383, -71.13634 42.29412, -71.13601 42.29443, -71.13523 42.29511, -71.13483 42.29544, -71.13429 42.2959, -71.13366 42.29637, -71.13363 42.29639, -71.1333 42.29661, -71.13327 42.29663, -71.13298 42.29683, -71.1325 42.29704, -71.13204 42.29724, -71.13191 42.29729, -71.1313 42.29753, -71.13087 42.29773, -71.13061 42.29787, -71.1304 42.29799, -71.13037 42.298, -71.13009 42.29818, -71.13007 42.29818, -71.12989 42.29811, -71.12987 42.29802, -71.12986 42.29786, -71.12985 42.29774, -71.12982 42.29756, -71.12973 42.29737, -71.12955 42.29706, -71.12945 42.29684, -71.12939 42.29672, -71.12935 42.29664, -71.12933 42.2965, -71.12933 42.29636, -71.12936 42.29622, -71.12943 42.29603, -71.12953 42.29588, -71.13021 42.29517, -71.13044 42.29487, -71.13058 42.29456, -71.13061 42.29438, -71.1306 42.2941, -71.13055 42.29371, -71.13054 42.29362, -71.13048 42.29343, -71.13046 42.29321, -71.13046 42.29316, -71.13047 42.29275, -71.13049 42.29246, -71.13051 42.29212, -71.13058 42.29196, -71.13074 42.2918, -71.1309 42.29168, -71.13124 42.2915, -71.13158 42.29134, -71.13198 42.29114, -71.13223 42.29099, -71.13249 42.29077, -71.1326 42.29064, -71.13296 42.29024, -71.13328 42.29051, -71.13353 42.29074, -71.13397 42.29111, -71.13437 42.29145, -71.13472 42.29168, -71.13535 42.29209, -71.13692 42.29314, -71.1373 42.29336)))"
250251201031,"MULTIPOLYGON (((-71.12225 42.31221, -71.12223 42.31244, -71.1221 42.31272, -71.1219 42.31291, -71.12174 42.31303, -71.12132 42.31309, -71.12111 42.31314, -71.12101 42.31316, -71.12082 42.31323, -71.12059 42.31334, -71.12031 42.31346, -71.11962 42.31379, -71.11946 42.31386, -71.1191 42.3141, -71.11883 42.31429, -71.1185 42.3145, -71.11798 42.31492, -71.11771 42.31509, -71.11741 42.31527, -71.11718 42.31541, -71.11709 42.31548, -71.117 42.31558, -71.11622 42.31531, -71.11567 42.31513, -71.11621 42.31442, -71.11634 42.31423, -71.11636 42.31417, -71.11636 42.31412, -71.11634 42.31409, -71.11629 42.31407, -71.11591 42.31392, -71.11582 42.31389, -71.1154 42.31373, -71.11482 42.3135, -71.1141 42.31323, -71.1141 42.31303, -71.11415 42.31252, -71.11418 42.31231, -71.11423 42.31216, -71.1144 42.31162, -71.1145 42.31123, -71.11457 42.31098, -71.11465 42.31075, -71.11476 42.31055, -71.11485 42.31039, -71.11513 42.31011, -71.11536 42.30986, -71.11547 42.30967, -71.11566 42.30967, -71.11583 42.3096, -71.11606 42.30944, -71.11621 42.30931, -71.11642 42.30921, -71.11653 42.30916, -71.11672 42.3091, -71.11716 42.30898, -71.11731 42.30895, -71.118 42.3088, -71.11825 42.30877, -71.11839 42.30875, -71.11847 42.30875, -71.11865 42.30876, -71.11887 42.30878, -71.11913 42.30882, -71.11954 42.30887, -71.12013 42.30896, -71.1205 42.30901, -71.12073 42.30901, -71.12086 42.3091, -71.12093 42.30916, -71.12124 42.30941, -71.12149 42.30966, -71.12161 42.3098, -71.12175 42.31004, -71.12187 42.31029, -71.12202 42.31071, -71.12216 42.31119, -71.12221 42.31152, -71.12225 42.31188, -71.12225 42.31221)))"
250251201041,"MULTIPOLYGON (((-71.12136 42.30873, -71.1213 42.30878, -71.12119 42.30889, -71.12113 42.30892, -71.12104 42.30895, -71.12089 42.30899, -71.12073 42.30901, -71.1205 42.30901, -71.12013 42.30896, -71.11954 42.30887, -71.11913 42.30882, -71.11887 42.30878, -71.11865 42.30876, -71.11847 42.30875, -71.11839 42.30875, -71.11825 42.30877, -71.118 42.3088, -71.11731 42.30895, -71.11716 42.30898, -71.11672 42.3091, -71.11653 42.30916, -71.11642 42.30921, -71.11621 42.30931, -71.11606 42.30944, -71.11583 42.3096, -71.11566 42.30967, -71.11547 42.30967, -71.11551 42.3096, -71.11554 42.30946, -71.11558 42.3093, -71.11558 42.30919, -71.11558 42.30894, -71.11556 42.30847, -71.11553 42.30806, -71.11551 42.30765, -71.11548 42.30739, -71.11545 42.30725, -71.11541 42.30708, -71.11539 42.307, -71.11534 42.30684, -71.11666 42.30656, -71.11691 42.3065, -71.11704 42.30649, -71.11729 42.30647, -71.11783 42.30645, -71.11836 42.30643, -71.1188 42.30642, -71.1192 42.30641, -71.11938 42.30643, -71.11957 42.30643, -71.11954 42.30651, -71.11952 42.30671, -71.11956 42.30706, -71.11963 42.30729, -71.11965 42.30737, -71.1198 42.30767, -71.11984 42.30779, -71.12001 42.30808, -71.12025 42.30835, -71.12035 42.30842, -71.12062 42.30857, -71.1208 42.30864, -71.12099 42.30868, -71.12117 42.30869, -71.12146 42.30868, -71.12136 42.30873)))"
250251201042,"MULTIPOLYGON (((-71.1202 42.30095, -71.12004 42.30096, -71.11991 42.30095, -71.11967 42.30096, -71.11966 42.30113, -71.11951 42.30114, -71.11938 42.30118, -71.11929 42.30124, -71.11919 42.30133, -71.11908 42.30141, -71.11875 42.3015, -71.11852 42.30154, -71.11817 42.30156, -71.11793 42.30157, -71.11768 42.3016, -71.11756 42.30163, -71.11744 42.3017, -71.11732 42.30179, -71.11724 42.30187, -71.11713 42.302, -71.11696 42.30219, -71.11678 42.30233, -71.11716 42.3024, -71.11766 42.30255, -71.11811 42.30268, -71.11844 42.30281, -71.1188 42.303, -71.11915 42.30325, -71.11941 42.30351, -71.11965 42.30382, -71.11979 42.30405, -71.12 42.30457, -71.12008 42.30486, -71.12008 42.30503, -71.12007 42.30519, -71.12002 42.30533, -71.1199 42.30563, -71.11976 42.30595, -71.11961 42.30631, -71.11957 42.30643, -71.11938 42.30643, -71.1192 42.30641, -71.1188 42.30642, -71.11836 42.30643, -71.11783 42.30645, -71.11729 42.30647, -71.11704 42.30649, -71.11691 42.3065, -71.11666 42.30656, -71.11534 42.30684, -71.11525 42.30663, -71.11509 42.3063, -71.11492 42.30594, -71.11487 42.30586, -71.11481 42.30576, -71.11477 42.30567, -71.11474 42.3056, -71.11467 42.30549, -71.11465 42.30532, -71.11465 42.30512, -71.11467 42.30485, -71.1147 42.30456, -71.11471 42.30423, -71.1147 42.3039, -71.1147 42.30364, -71.1147 42.30354, -71.11458 42.30303, -71.11454 42.30286, -71.11447 42.30252, -71.11445 42.30233, -71.11445 42.30224, -71.11445 42.30217, -71.11446 42.3019, -71.11448 42.30176, -71.1141 42.30162, -71.11395 42.30158, -71.11387 42.30156, -71.11363 42.30151, -71.11338 42.30149, -71.11343 42.3014, -71.1135 42.30123, -71.11416 42.30018, -71.1142 42.30012, -71.11469 42.29935, -71.11544 42.29821, -71.11553 42.29824, -71.11584 42.29829, -71.11543 42.2989, -71.11541 42.29893, -71.11529 42.2992, -71.11523 42.29928, -71.115 42.29972, -71.1149 42.29994, -71.11491 42.3001, -71.11549 42.29985, -71.11612 42.29955, -71.11678 42.29931, -71.11742 42.3002, -71.11762 42.30015, -71.11802 42.30009, -71.11839 42.30004, -71.11924 42.29997, -71.11938 42.29994, -71.11967 42.29988, -71.11978 42.29987, -71.12002 42.29982, -71.12011 42.29973, -71.12006 42.2999, -71.12015 42.30027, -71.12018 42.30085, -71.1202 42.30095)))"
250251201051,"MULTIPOLYGON (((-71.1401 42.30217, -71.13966 42.30266, -71.13931 42.30306, -71.13861 42.30383, -71.13824 42.30425, -71.1365 42.3062, -71.13611 42.30676, -71.13539 42.30778, -71.13533 42.30786, -71.13501 42.30832, -71.13488 42.30849, -71.13446 42.3091, -71.13436 42.30925, -71.13422 42.30926, -71.13406 42.30927, -71.13387 42.3093, -71.13328 42.30948, -71.13308 42.30953, -71.13294 42.30955, -71.13267 42.30958, -71.13213 42.30956, -71.13182 42.30955, -71.13133 42.30953, -71.1307 42.30953, -71.12993 42.30953, -71.12943 42.30957, -71.12925 42.30954, -71.12911 42.30952, -71.12884 42.30938, -71.12867 42.30923, -71.1286 42.30911, -71.12859 42.30904, -71.12859 42.30894, -71.12865 42.30877, -71.12872 42.30856, -71.12876 42.30838, -71.12876 42.30826, -71.12874 42.30813, -71.12868 42.30799, -71.12862 42.30786, -71.12847 42.30765, -71.1283 42.30748, -71.12823 42.30738, -71.1278 42.30683, -71.12768 42.30673, -71.12763 42.30669, -71.1276 42.30664, -71.12756 42.30652, -71.12771 42.30651, -71.12788 42.30648, -71.12802 42.30644, -71.12816 42.30634, -71.1284 42.30612, -71.12849 42.30604, -71.12852 42.30598, -71.12853 42.30593, -71.1285 42.30587, -71.12846 42.30584, -71.12842 42.30582, -71.12832 42.30529, -71.12801 42.30523, -71.12757 42.30519, -71.12711 42.30517, -71.12689 42.30517, -71.12666 42.3052, -71.12631 42.3053, -71.12598 42.30539, -71.12546 42.30555, -71.12515 42.30564, -71.12492 42.30571, -71.12481 42.30578, -71.12471 42.30587, -71.12455 42.30604, -71.12433 42.30623, -71.12415 42.30638, -71.12427 42.30617, -71.12435 42.306, -71.12441 42.30586, -71.12455 42.30559, -71.12463 42.30537, -71.12467 42.30519, -71.12474 42.30474, -71.12478 42.3044, -71.12483 42.30403, -71.12488 42.3038, -71.12499 42.30349, -71.12516 42.3032, -71.1254 42.30288, -71.12566 42.30255, -71.12582 42.30232, -71.12598 42.30212, -71.12616 42.3019, -71.12625 42.3018, -71.12645 42.3016, -71.12712 42.30096, -71.12793 42.30016, -71.12823 42.30028, -71.12857 42.30041, -71.12876 42.30049, -71.13018 42.30101, -71.13056 42.30114, -71.1309 42.30127, -71.13107 42.30131, -71.13142 42.30132, -71.13191 42.30135, -71.13223 42.30138, -71.13258 42.30143, -71.13326 42.30154, -71.13382 42.30165, -71.13405 42.3017, -71.13436 42.30174, -71.13462 42.30175, -71.13487 42.30172, -71.13544 42.30158, -71.13576 42.30149, -71.136 42.30142, -71.13659 42.30126, -71.13692 42.30119, -71.1371 42.30118, -71.13744 42.30125, -71.1378 42.30135, -71.13902 42.30173, -71.13912 42.30176, -71.13956 42.30189, -71.13983 42.302, -71.14014 42.30215, -71.1401 42.30217)))"
250251201052,"MULTIPOLYGON (((-71.13436 42.30925, -71.1341 42.30968, -71.13316 42.3112, -71.13283 42.31169, -71.13186 42.31318, -71.13175 42.3133, -71.13133 42.31376, -71.13096 42.31418, -71.13064 42.31453, -71.13061 42.31451, -71.13033 42.31437, -71.12981 42.3141, -71.12893 42.31355, -71.12859 42.31335, -71.12842 42.31325, -71.12819 42.31311, -71.12807 42.31301, -71.128 42.31293, -71.12794 42.31282, -71.12789 42.31272, -71.12782 42.31257, -71.12753 42.31207, -71.12743 42.31186, -71.12705 42.31185, -71.12681 42.31184, -71.12658 42.31185, -71.1264 42.31184, -71.12619 42.31187, -71.12599 42.31187, -71.12565 42.31186, -71.12543 42.31184, -71.12531 42.31184, -71.12517 42.31186, -71.12499 42.31168, -71.12468 42.31139, -71.12441 42.31117, -71.12419 42.31096, -71.124 42.31081, -71.1238 42.31062, -71.12359 42.31043, -71.12342 42.31024, -71.12289 42.3096, -71.12265 42.30932, -71.12255 42.30918, -71.12251 42.30908, -71.12248 42.30897, -71.12247 42.30889, -71.1225 42.30857, -71.12263 42.30839, -71.12248 42.30833, -71.12245 42.30837, -71.12233 42.30847, -71.12221 42.30855, -71.12207 42.3086, -71.12194 42.30863, -71.12178 42.30866, -71.12167 42.30866, -71.12078 42.30836, -71.1222 42.3069, -71.12242 42.30668, -71.12208 42.30653, -71.12308 42.30516, -71.12455 42.3052, -71.12467 42.30519, -71.12463 42.30537, -71.12455 42.30559, -71.12441 42.30586, -71.12435 42.306, -71.12427 42.30617, -71.12415 42.30638, -71.12433 42.30623, -71.12455 42.30604, -71.12471 42.30587, -71.12481 42.30578, -71.12492 42.30571, -71.12515 42.30564, -71.12546 42.30555, -71.12598 42.30539, -71.12631 42.3053, -71.12666 42.3052, -71.12689 42.30517, -71.12711 42.30517, -71.12757 42.30519, -71.12801 42.30523, -71.12832 42.30529, -71.12842 42.30582, -71.12846 42.30584, -71.1285 42.30587, -71.12853 42.30593, -71.12852 42.30598, -71.12849 42.30604, -71.1284 42.30612, -71.12816 42.30634, -71.12802 42.30644, -71.12788 42.30648, -71.12771 42.30651, -71.12756 42.30652, -71.1276 42.30664, -71.12763 42.30669, -71.12768 42.30673, -71.1278 42.30683, -71.12823 42.30738, -71.1283 42.30748, -71.12847 42.30765, -71.12862 42.30786, -71.12868 42.30799, -71.12874 42.30813, -71.12876 42.30826, -71.12876 42.30838, -71.12872 42.30856, -71.12865 42.30877, -71.12859 42.30894, -71.12859 42.30904, -71.1286 42.30911, -71.12867 42.30923, -71.12884 42.30938, -71.12911 42.30952, -71.12925 42.30954, -71.12943 42.30957, -71.12993 42.30953, -71.1307 42.30953, -71.13133 42.30953, -71.13182 42.30955, -71.13213 42.30956, -71.13267 42.30958, -71.13294 42.30955, -71.13308 42.30953, -71.13328 42.30948, -71.13387 42.3093, -71.13406 42.30927, -71.13422 42.30926, -71.13436 42.30925)))"
250251201053,"MULTIPOLYGON (((-71.13064 42.31453, -71.13054 42.31464, -71.13026 42.31498, -71.12964 42.31573, -71.12942 42.31598, -71.12896 42.31654, -71.1286 42.31696, -71.12833 42.31727, -71.12819 42.31744, -71.12735 42.31841, -71.12718 42.31861, -71.12707 42.31873, -71.12689 42.31894, -71.12579 42.32015, -71.12543 42.32057, -71.12501 42.32103, -71.12461 42.32148, -71.12457 42.32152, -71.12446 42.32165, -71.12427 42.32186, -71.12397 42.32231, -71.12371 42.32272, -71.12337 42.32257, -71.12153 42.32388, -71.12039 42.32304, -71.12014 42.32286, -71.12011 42.32283, -71.12004 42.32282, -71.11996 42.32279, -71.11992 42.32279, -71.11986 42.32278, -71.11954 42.32274, -71.11961 42.32261, -71.11957 42.32252, -71.11952 42.32226, -71.11952 42.32205, -71.11955 42.32182, -71.11961 42.32171, -71.1197 42.32164, -71.11982 42.32158, -71.11992 42.32153, -71.12021 42.32148, -71.12052 42.32147, -71.12074 42.32141, -71.12097 42.32133, -71.12113 42.32123, -71.12126 42.32112, -71.1214 42.32097, -71.12155 42.32086, -71.12169 42.32078, -71.12184 42.32068, -71.12195 42.32057, -71.12204 42.32045, -71.1222 42.32029, -71.12236 42.32014, -71.12256 42.32001, -71.12287 42.31982, -71.12327 42.31963, -71.12383 42.31938, -71.12396 42.31931, -71.12419 42.31922, -71.12471 42.319, -71.12479 42.31898, -71.12498 42.3189, -71.12531 42.3188, -71.12576 42.3187, -71.12585 42.31869, -71.12584 42.3186, -71.12584 42.31858, -71.12583 42.31853, -71.12578 42.31847, -71.12572 42.31843, -71.12541 42.31829, -71.12518 42.31816, -71.12502 42.318, -71.12475 42.31766, -71.12443 42.3173, -71.12417 42.31696, -71.12388 42.31652, -71.12363 42.3161, -71.1235 42.31584, -71.12346 42.31573, -71.12345 42.31563, -71.1235 42.31503, -71.12349 42.31482, -71.12345 42.31466, -71.12337 42.31452, -71.1233 42.31441, -71.12326 42.31437, -71.12254 42.31366, -71.12224 42.31333, -71.12246 42.31305, -71.12248 42.31293, -71.12244 42.3128, -71.12241 42.31276, -71.12235 42.31273, -71.12228 42.31273, -71.12219 42.31273, -71.12211 42.31276, -71.1219 42.31291, -71.1221 42.31272, -71.12223 42.31244, -71.12225 42.31221, -71.12225 42.31188, -71.12221 42.31152, -71.12216 42.31119, -71.12202 42.31071, -71.12187 42.31029, -71.12175 42.31004, -71.12161 42.3098, -71.12149 42.30966, -71.12124 42.30941, -71.12093 42.30916, -71.12086 42.3091, -71.12073 42.30901, -71.12089 42.30899, -71.12104 42.30895, -71.12113 42.30892, -71.12119 42.30889, -71.1213 42.30878, -71.12136 42.30873, -71.12146 42.30868, -71.12156 42.30867, -71.12167 42.30866, -71.12178 42.30866, -71.12194 42.30863, -71.12207 42.3086, -71.12221 42.30855, -71.12233 42.30847, -71.12245 42.30837, -71.12248 42.30833, -71.12263 42.30839, -71.1225 42.30857, -71.12247 42.30889, -71.12248 42.30897, -71.12251 42.30908, -71.12255 42.30918, -71.12265 42.30932, -71.12289 42.3096, -71.12342 42.31024, -71.12359 42.31043, -71.1238 42.31062, -71.124 42.31081, -71.12419 42.31096, -71.12441 42.31117, -71.12468 42.31139, -71.12499 42.31168, -71.12517 42.31186, -71.12531 42.31184, -71.12543 42.31184, -71.12565 42.31186, -71.12599 42.31187, -71.12619 42.31187, -71.1264 42.31184, -71.12658 42.31185, -71.12681 42.31184, -71.12705 42.31185, -71.12743 42.31186, -71.12753 42.31207, -71.12782 42.31257, -71.12789 42.31272, -71.12794 42.31282, -71.128 42.31293, -71.12807 42.31301, -71.12819 42.31311, -71.12842 42.31325, -71.12859 42.31335, -71.12893 42.31355, -71.12981 42.3141, -71.13033 42.31437, -71.13061 42.31451, -71.13064 42.31453)))"
250251202011,"MULTIPOLYGON (((-71.11525 42.30663, -71.11495 42.30668, -71.11443 42.30673, -71.11385 42.3068, -71.11259 42.30691, -71.11173 42.307, -71.11155 42.30703, -71.11097 42.30708, -71.11093 42.30708, -71.11062 42.30709, -71.11041 42.30708, -71.11058 42.30684, -71.11065 42.30673, -71.11069 42.30663, -71.11073 42.30648, -71.1108 42.30614, -71.11055 42.30613, -71.11034 42.30608, -71.1103 42.30607, -71.11117 42.30471, -71.11193 42.30358, -71.11287 42.30221, -71.11297 42.30207, -71.11312 42.30185, -71.11316 42.3018, -71.1132 42.30175, -71.11338 42.30149, -71.11363 42.30151, -71.11387 42.30156, -71.11395 42.30158, -71.1141 42.30162, -71.11448 42.30176, -71.11446 42.3019, -71.11445 42.30217, -71.11445 42.30224, -71.11445 42.30233, -71.11447 42.30252, -71.11454 42.30286, -71.11458 42.30303, -71.1147 42.30354, -71.1147 42.30364, -71.1147 42.3039, -71.11471 42.30423, -71.1147 42.30456, -71.11467 42.30485, -71.11465 42.30512, -71.11465 42.30532, -71.11467 42.30549, -71.11474 42.3056, -71.11477 42.30567, -71.11481 42.30576, -71.11487 42.30586, -71.11492 42.30594, -71.11509 42.3063, -71.11525 42.30663)))"
250251202012,"MULTIPOLYGON (((-71.1103 42.30607, -71.10933 42.30752, -71.10881 42.30827, -71.10766 42.3101, -71.10734 42.31062, -71.107 42.31046, -71.10644 42.31023, -71.10617 42.31012, -71.10611 42.31009, -71.10565 42.30989, -71.10541 42.30979, -71.10489 42.30956, -71.10456 42.30944, -71.10437 42.30938, -71.10295 42.309, -71.10245 42.30888, -71.10251 42.30874, -71.10254 42.30861, -71.10254 42.30848, -71.10254 42.30828, -71.10255 42.30779, -71.10256 42.30765, -71.10263 42.30726, -71.1027 42.30684, -71.10272 42.30663, -71.10272 42.30642, -71.10269 42.30604, -71.10269 42.30597, -71.10267 42.30565, -71.10268 42.30542, -71.10271 42.30527, -71.10275 42.3052, -71.10276 42.30517, -71.10286 42.30507, -71.103 42.30493, -71.10308 42.30479, -71.10313 42.30465, -71.10317 42.3045, -71.10322 42.30418, -71.10325 42.30397, -71.1033 42.30383, -71.10341 42.30368, -71.10376 42.30329, -71.10387 42.30316, -71.10407 42.30298, -71.10434 42.30276, -71.10465 42.30298, -71.10515 42.30337, -71.1057 42.30376, -71.10628 42.30419, -71.1069 42.30465, -71.10712 42.30482, -71.10726 42.30492, -71.10735 42.30497, -71.10739 42.30499, -71.10756 42.30508, -71.10791 42.30526, -71.10818 42.30539, -71.10844 42.30551, -71.10854 42.30554, -71.10868 42.30557, -71.10898 42.30561, -71.10917 42.30565, -71.10936 42.30571, -71.10949 42.30576, -71.10959 42.30579, -71.10998 42.30596, -71.1103 42.30607)))"
250251202013,"MULTIPOLYGON (((-71.1132 42.30175, -71.11316 42.3018, -71.11312 42.30185, -71.11297 42.30207, -71.11287 42.30221, -71.11193 42.30358, -71.11117 42.30471, -71.1103 42.30607, -71.10998 42.30596, -71.10959 42.30579, -71.10949 42.30576, -71.10936 42.30571, -71.10917 42.30565, -71.10898 42.30561, -71.10868 42.30557, -71.10854 42.30554, -71.10844 42.30551, -71.10818 42.30539, -71.10791 42.30526, -71.10756 42.30508, -71.10739 42.30499, -71.10735 42.30497, -71.10726 42.30492, -71.10712 42.30482, -71.1069 42.30465, -71.10628 42.30419, -71.1057 42.30376, -71.10515 42.30337, -71.10465 42.30298, -71.10434 42.30276, -71.10456 42.30259, -71.10485 42.30232, -71.10496 42.30222, -71.10523 42.30201, -71.1055 42.3018, -71.10558 42.30174, -71.1057 42.30166, -71.10594 42.30155, -71.10624 42.30142, -71.10645 42.30131, -71.1067 42.30115, -71.10678 42.30106, -71.10681 42.30103, -71.1068 42.301, -71.10678 42.30096, -71.10674 42.30093, -71.10666 42.30088, -71.10711 42.30095, -71.10736 42.301, -71.10755 42.30106, -71.10778 42.30115, -71.108 42.30126, -71.10824 42.30134, -71.10847 42.30139, -71.10877 42.30146, -71.10901 42.30148, -71.1093 42.30151, -71.11209 42.30146, -71.11218 42.30146, -71.11244 42.30145, -71.11268 42.30146, -71.11317 42.30147, -71.11338 42.30149, -71.1132 42.30175)))"
250251203011,"MULTIPOLYGON (((-71.10447 42.31702, -71.10421 42.31746, -71.10397 42.31786, -71.10368 42.31829, -71.10343 42.31866, -71.10294 42.3193, -71.10292 42.31928, -71.10258 42.31905, -71.10151 42.31838, -71.10136 42.31829, -71.10125 42.31825, -71.10119 42.31822, -71.10076 42.31781, -71.10033 42.31737, -71.10004 42.31711, -71.09969 42.31673, -71.09962 42.31667, -71.09944 42.31651, -71.09895 42.31608, -71.09845 42.31564, -71.09864 42.31545, -71.09897 42.31512, -71.09916 42.31494, -71.09948 42.31461, -71.0997 42.31436, -71.09992 42.31414, -71.10047 42.31359, -71.10061 42.31365, -71.10075 42.31372, -71.10108 42.31393, -71.10116 42.31399, -71.10124 42.31404, -71.10151 42.31433, -71.10182 42.31471, -71.10203 42.31498, -71.10228 42.31526, -71.10251 42.31553, -71.10268 42.31575, -71.10277 42.31589, -71.10282 42.316, -71.10284 42.31605, -71.10293 42.31628, -71.10301 42.31646, -71.10307 42.31655, -71.10313 42.31661, -71.10319 42.31667, -71.10353 42.31683, -71.10375 42.31689, -71.10397 42.31696, -71.1042 42.31701, -71.1043 42.31701, -71.10437 42.31702, -71.10447 42.31702)))"
250251203012,"MULTIPOLYGON (((-71.10124 42.31284, -71.10104 42.31304, -71.10047 42.31359, -71.09992 42.31414, -71.0997 42.31436, -71.09948 42.31461, -71.09942 42.31455, -71.09919 42.31436, -71.099 42.31423, -71.09875 42.31407, -71.09842 42.31386, -71.09818 42.31371, -71.09797 42.31359, -71.09757 42.31333, -71.0973 42.31316, -71.09677 42.31283, -71.09625 42.31249, -71.09639 42.31239, -71.09658 42.31231, -71.09683 42.31225, -71.09702 42.31218, -71.09709 42.31215, -71.0973 42.31202, -71.09749 42.31186, -71.09764 42.31168, -71.09775 42.31155, -71.0978 42.31142, -71.09783 42.31126, -71.09785 42.31107, -71.09905 42.31151, -71.09972 42.31176, -71.10035 42.31201, -71.10108 42.31229, -71.10157 42.31247, -71.10124 42.31284)))"
250251203013,"MULTIPOLYGON (((-71.10456 42.30944, -71.10427 42.30974, -71.10399 42.31, -71.10371 42.3103, -71.10343 42.31058, -71.10329 42.31071, -71.10307 42.31095, -71.10281 42.31122, -71.10256 42.31146, -71.1017 42.31233, -71.10157 42.31247, -71.10108 42.31229, -71.10035 42.31201, -71.09972 42.31176, -71.09905 42.31151, -71.09785 42.31107, -71.09786 42.31093, -71.09786 42.31058, -71.09787 42.31044, -71.0979 42.31021, -71.09793 42.31004, -71.09798 42.30988, -71.09807 42.30972, -71.09819 42.30958, -71.09832 42.3095, -71.09854 42.3094, -71.0989 42.30924, -71.09906 42.30919, -71.09938 42.30908, -71.09934 42.30883, -71.09986 42.30807, -71.09995 42.3079, -71.10004 42.30792, -71.10013 42.30792, -71.10025 42.30786, -71.10041 42.30748, -71.10049 42.30729, -71.1004 42.30726, -71.10072 42.30657, -71.10113 42.30662, -71.10115 42.30655, -71.10149 42.30657, -71.10198 42.30598, -71.10231 42.30597, -71.10245 42.30597, -71.10269 42.30597, -71.10269 42.30604, -71.10272 42.30642, -71.10272 42.30663, -71.1027 42.30684, -71.10263 42.30726, -71.10256 42.30765, -71.10255 42.30779, -71.10254 42.30828, -71.10254 42.30848, -71.10254 42.30861, -71.10251 42.30874, -71.10245 42.30888, -71.10295 42.309, -71.10437 42.30938, -71.10456 42.30944)))"
250251203014,"MULTIPOLYGON (((-71.10734 42.31062, -71.10699 42.31115, -71.10661 42.31174, -71.10629 42.31233, -71.10608 42.31279, -71.10579 42.31344, -71.10538 42.31464, -71.1052 42.31512, -71.10506 42.31549, -71.10493 42.31579, -71.10462 42.31669, -71.10447 42.31702, -71.10437 42.31702, -71.1043 42.31701, -71.1042 42.31701, -71.10397 42.31696, -71.10375 42.31689, -71.10353 42.31683, -71.10319 42.31667, -71.10313 42.31661, -71.10307 42.31655, -71.10301 42.31646, -71.10293 42.31628, -71.10284 42.31605, -71.10282 42.316, -71.10277 42.31589, -71.10268 42.31575, -71.10251 42.31553, -71.10228 42.31526, -71.10203 42.31498, -71.10182 42.31471, -71.10151 42.31433, -71.10124 42.31404, -71.10116 42.31399, -71.10108 42.31393, -71.10075 42.31372, -71.10061 42.31365, -71.10047 42.31359, -71.10104 42.31304, -71.10124 42.31284, -71.10157 42.31247, -71.1017 42.31233, -71.10256 42.31146, -71.10281 42.31122, -71.10307 42.31095, -71.10329 42.31071, -71.10343 42.31058, -71.10371 42.3103, -71.10399 42.31, -71.10427 42.30974, -71.10456 42.30944, -71.10489 42.30956, -71.10541 42.30979, -71.10565 42.30989, -71.10611 42.31009, -71.10617 42.31012, -71.10644 42.31023, -71.107 42.31046, -71.10734 42.31062)))"
250251204001,"MULTIPOLYGON (((-71.11048 42.31229, -71.11044 42.31234, -71.11006 42.31272, -71.10988 42.31291, -71.10968 42.31305, -71.10962 42.31307, -71.10949 42.3131, -71.10937 42.31314, -71.10924 42.31319, -71.10903 42.31332, -71.10885 42.31344, -71.10844 42.3138, -71.10834 42.31392, -71.10827 42.31404, -71.10818 42.31417, -71.10816 42.31422, -71.10815 42.31439, -71.10811 42.3146, -71.10801 42.31505, -71.108 42.31509, -71.10791 42.31527, -71.10785 42.31535, -71.10764 42.31571, -71.10743 42.31605, -71.10724 42.31638, -71.10707 42.31661, -71.10689 42.31689, -71.10684 42.31701, -71.10667 42.31727, -71.10638 42.31712, -71.10613 42.31702, -71.10586 42.31695, -71.10576 42.31693, -71.10567 42.31692, -71.10537 42.31697, -71.10513 42.31701, -71.10488 42.31703, -71.10447 42.31702, -71.10462 42.31669, -71.10493 42.31579, -71.10506 42.31549, -71.1052 42.31512, -71.10538 42.31464, -71.10579 42.31344, -71.10608 42.31279, -71.10629 42.31233, -71.10661 42.31174, -71.10699 42.31115, -71.10734 42.31062, -71.10752 42.3107, -71.10766 42.31077, -71.10786 42.31085, -71.10841 42.31108, -71.10859 42.31115, -71.10879 42.31123, -71.1094 42.31149, -71.10975 42.31165, -71.11044 42.31194, -71.11071 42.31206, -71.11048 42.31229)))"
250251204002,"MULTIPOLYGON (((-71.11277 42.30983, -71.11237 42.31044, -71.11214 42.31077, -71.11208 42.31087, -71.11205 42.31099, -71.11202 42.31119, -71.11201 42.31143, -71.11201 42.31162, -71.11203 42.31165, -71.11205 42.31169, -71.1121 42.31175, -71.11215 42.3118, -71.11227 42.31189, -71.11211 42.31191, -71.11187 42.31191, -71.11176 42.31191, -71.11153 42.31192, -71.1114 42.31186, -71.11124 42.31177, -71.11091 42.31215, -71.11071 42.31206, -71.11044 42.31194, -71.10975 42.31165, -71.1094 42.31149, -71.10879 42.31123, -71.10859 42.31115, -71.10841 42.31108, -71.10786 42.31085, -71.10766 42.31077, -71.10752 42.3107, -71.10734 42.31062, -71.10766 42.3101, -71.10881 42.30827, -71.10933 42.30752, -71.1103 42.30607, -71.11034 42.30608, -71.11055 42.30613, -71.1108 42.30614, -71.11073 42.30648, -71.11069 42.30663, -71.11065 42.30673, -71.11058 42.30684, -71.11041 42.30708, -71.10987 42.30774, -71.11005 42.30782, -71.1102 42.30787, -71.11038 42.3079, -71.1109 42.30795, -71.11084 42.30801, -71.11078 42.30808, -71.11063 42.30832, -71.11155 42.30837, -71.11185 42.30839, -71.11176 42.3085, -71.1114 42.30903, -71.11157 42.30908, -71.11267 42.30948, -71.11292 42.30956, -71.11277 42.30983)))"
250251204003,"MULTIPOLYGON (((-71.11558 42.3093, -71.11554 42.30946, -71.11551 42.3096, -71.11547 42.30967, -71.11536 42.30986, -71.11513 42.31011, -71.11485 42.31039, -71.11476 42.31055, -71.11465 42.31075, -71.11457 42.31098, -71.1145 42.31123, -71.1144 42.31162, -71.11423 42.31216, -71.11418 42.31231, -71.11415 42.31252, -71.1141 42.31303, -71.1141 42.31323, -71.11344 42.31305, -71.11292 42.3129, -71.11251 42.31278, -71.11222 42.31269, -71.11189 42.31256, -71.11159 42.31244, -71.11091 42.31215, -71.11124 42.31177, -71.1114 42.31186, -71.11153 42.31192, -71.11176 42.31191, -71.11187 42.31191, -71.11211 42.31191, -71.11227 42.31189, -71.11215 42.3118, -71.1121 42.31175, -71.11205 42.31169, -71.11203 42.31165, -71.11201 42.31162, -71.11201 42.31143, -71.11202 42.31119, -71.11205 42.31099, -71.11208 42.31087, -71.11214 42.31077, -71.11237 42.31044, -71.11277 42.30983, -71.11292 42.30956, -71.11267 42.30948, -71.11157 42.30908, -71.1114 42.30903, -71.11176 42.3085, -71.11185 42.30839, -71.11155 42.30837, -71.11063 42.30832, -71.11078 42.30808, -71.11084 42.30801, -71.1109 42.30795, -71.11038 42.3079, -71.1102 42.30787, -71.11005 42.30782, -71.10987 42.30774, -71.11041 42.30708, -71.11062 42.30709, -71.11093 42.30708, -71.11097 42.30708, -71.11155 42.30703, -71.11173 42.307, -71.11259 42.30691, -71.11385 42.3068, -71.11443 42.30673, -71.11495 42.30668, -71.11525 42.30663, -71.11534 42.30684, -71.11539 42.307, -71.11541 42.30708, -71.11545 42.30725, -71.11548 42.30739, -71.11551 42.30765, -71.11553 42.30806, -71.11556 42.30847, -71.11558 42.30894, -71.11558 42.30919, -71.11558 42.3093)))"
250251204004,"MULTIPOLYGON (((-71.11636 42.31417, -71.11634 42.31423, -71.11621 42.31442, -71.11567 42.31513, -71.11498 42.31489, -71.11429 42.31467, -71.11412 42.31464, -71.11409 42.31521, -71.11409 42.31532, -71.11409 42.3155, -71.11409 42.31571, -71.11406 42.31588, -71.11402 42.31602, -71.11395 42.31621, -71.11384 42.31638, -71.11376 42.31648, -71.11362 42.3167, -71.11335 42.31709, -71.11324 42.31725, -71.11308 42.31748, -71.11276 42.31792, -71.11242 42.31773, -71.11176 42.31739, -71.11084 42.3169, -71.11067 42.31683, -71.11039 42.3167, -71.11023 42.31662, -71.11012 42.31658, -71.11 42.31655, -71.10986 42.31653, -71.10963 42.31651, -71.10936 42.31649, -71.10904 42.3165, -71.10844 42.31648, -71.10825 42.31648, -71.10813 42.31647, -71.10777 42.31645, -71.10745 42.31641, -71.10724 42.31638, -71.10743 42.31605, -71.10764 42.31571, -71.10785 42.31535, -71.10791 42.31527, -71.108 42.31509, -71.10801 42.31505, -71.10811 42.3146, -71.10815 42.31439, -71.10816 42.31422, -71.10818 42.31417, -71.10827 42.31404, -71.10834 42.31392, -71.10844 42.3138, -71.10885 42.31344, -71.10903 42.31332, -71.10924 42.31319, -71.10937 42.31314, -71.10949 42.3131, -71.10962 42.31307, -71.10968 42.31305, -71.10988 42.31291, -71.11006 42.31272, -71.11044 42.31234, -71.11048 42.31229, -71.11071 42.31206, -71.11091 42.31215, -71.11159 42.31244, -71.11189 42.31256, -71.11222 42.31269, -71.11251 42.31278, -71.11292 42.3129, -71.11344 42.31305, -71.1141 42.31323, -71.11482 42.3135, -71.1154 42.31373, -71.11582 42.31389, -71.11591 42.31392, -71.11629 42.31407, -71.11634 42.31409, -71.11636 42.31412, -71.11636 42.31417)))"
250251204005,"MULTIPOLYGON (((-71.11716 42.31983, -71.11711 42.31998, -71.11702 42.32012, -71.11697 42.32018, -71.11678 42.32047, -71.11668 42.32062, -71.11661 42.32075, -71.11659 42.32085, -71.11657 42.32102, -71.11632 42.32101, -71.11599 42.32103, -71.11581 42.32105, -71.1156 42.32107, -71.11543 42.32109, -71.11519 42.32113, -71.11495 42.32117, -71.1145 42.32124, -71.11415 42.32128, -71.11388 42.32132, -71.11321 42.32142, -71.11281 42.3215, -71.11231 42.32157, -71.11209 42.3216, -71.11166 42.32168, -71.11064 42.32184, -71.11032 42.32191, -71.10994 42.32202, -71.10986 42.32202, -71.10979 42.322, -71.10977 42.32198, -71.10976 42.32194, -71.10976 42.3219, -71.1098 42.32186, -71.10994 42.32171, -71.11009 42.32152, -71.11053 42.321, -71.11069 42.32075, -71.11094 42.32047, -71.11106 42.32033, -71.11167 42.31954, -71.11193 42.31911, -71.11215 42.3188, -71.11239 42.31846, -71.11276 42.31792, -71.11308 42.31748, -71.11324 42.31725, -71.11335 42.31709, -71.11362 42.3167, -71.11376 42.31648, -71.11384 42.31638, -71.11395 42.31621, -71.11402 42.31602, -71.11406 42.31588, -71.11409 42.31571, -71.11409 42.3155, -71.11409 42.31532, -71.11409 42.31521, -71.11412 42.31464, -71.11429 42.31467, -71.11498 42.31489, -71.11567 42.31513, -71.11622 42.31531, -71.117 42.31558, -71.1169 42.31575, -71.11679 42.31609, -71.11675 42.31638, -71.11673 42.31669, -71.11674 42.31708, -71.11675 42.31748, -71.11674 42.31764, -71.11668 42.31783, -71.11655 42.31811, -71.11648 42.3183, -71.11646 42.31844, -71.11647 42.31858, -71.11649 42.31865, -71.11655 42.31877, -71.11667 42.31892, -71.11686 42.3191, -71.11699 42.31925, -71.11708 42.31938, -71.11715 42.31954, -71.11717 42.31967, -71.11716 42.31983)))"
250251205001,"MULTIPOLYGON (((-71.1066 42.31738, -71.10641 42.31763, -71.1058 42.3184, -71.10567 42.31855, -71.10553 42.31873, -71.10539 42.31894, -71.10513 42.31928, -71.10504 42.31938, -71.10498 42.31944, -71.10485 42.31952, -71.10458 42.31966, -71.10398 42.31998, -71.10369 42.32013, -71.10359 42.32019, -71.10338 42.3204, -71.10316 42.32067, -71.10268 42.32122, -71.10252 42.3214, -71.10228 42.32174, -71.10217 42.3219, -71.10206 42.32216, -71.10186 42.32259, -71.10174 42.32289, -71.10134 42.32286, -71.10062 42.32282, -71.10058 42.32281, -71.10036 42.32281, -71.10002 42.32277, -71.10054 42.32213, -71.10141 42.32111, -71.1025 42.31983, -71.10294 42.3193, -71.10343 42.31866, -71.10368 42.31829, -71.10397 42.31786, -71.10421 42.31746, -71.10447 42.31702, -71.10488 42.31703, -71.10513 42.31701, -71.10537 42.31697, -71.10567 42.31692, -71.10576 42.31693, -71.10586 42.31695, -71.10613 42.31702, -71.10638 42.31712, -71.10667 42.31727, -71.1066 42.31738)))"
250251205002,"MULTIPOLYGON (((-71.10845 42.32239, -71.10798 42.32244, -71.10784 42.32245, -71.10685 42.32253, -71.10657 42.32256, -71.10583 42.32263, -71.10516 42.3227, -71.10487 42.32272, -71.10486 42.32252, -71.1048 42.32207, -71.10476 42.32178, -71.10468 42.32125, -71.10465 42.32093, -71.10462 42.32083, -71.1045 42.32063, -71.10428 42.32034, -71.10411 42.32012, -71.10398 42.31998, -71.10458 42.31966, -71.10485 42.31952, -71.10498 42.31944, -71.10504 42.31938, -71.10513 42.31928, -71.10529 42.31936, -71.10545 42.31951, -71.10556 42.3196, -71.10586 42.31996, -71.10656 42.32091, -71.10668 42.32104, -71.10679 42.32116, -71.1075 42.32172, -71.10799 42.32211, -71.10827 42.32232, -71.10845 42.32239)))"
250251205003,"MULTIPOLYGON (((-71.10487 42.32272, -71.10402 42.32282, -71.10361 42.32287, -71.10351 42.32288, -71.10322 42.3229, -71.10286 42.32292, -71.10246 42.32292, -71.10218 42.32291, -71.10211 42.32291, -71.10189 42.3229, -71.10174 42.32289, -71.10186 42.32259, -71.10206 42.32216, -71.10217 42.3219, -71.10228 42.32174, -71.10252 42.3214, -71.10268 42.32122, -71.10316 42.32067, -71.10338 42.3204, -71.10359 42.32019, -71.10369 42.32013, -71.10398 42.31998, -71.10411 42.32012, -71.10428 42.32034, -71.1045 42.32063, -71.10462 42.32083, -71.10465 42.32093, -71.10468 42.32125, -71.10476 42.32178, -71.1048 42.32207, -71.10486 42.32252, -71.10487 42.32272)))"
250251206001,"MULTIPOLYGON (((-71.11053 42.321, -71.11009 42.32152, -71.10994 42.32171, -71.1098 42.32186, -71.10976 42.3219, -71.10976 42.32194, -71.10977 42.32198, -71.10979 42.322, -71.10986 42.32202, -71.10994 42.32202, -71.10945 42.32212, -71.10926 42.32216, -71.10845 42.32239, -71.10827 42.32232, -71.10799 42.32211, -71.1075 42.32172, -71.10679 42.32116, -71.10668 42.32104, -71.10656 42.32091, -71.10586 42.31996, -71.10556 42.3196, -71.10545 42.31951, -71.10529 42.31936, -71.10513 42.31928, -71.10539 42.31894, -71.10553 42.31873, -71.10567 42.31855, -71.1058 42.3184, -71.10586 42.31843, -71.10606 42.31853, -71.10661 42.31882, -71.10733 42.3192, -71.10753 42.3193, -71.10815 42.31963, -71.10864 42.31985, -71.1093 42.32014, -71.11001 42.32045, -71.11069 42.32075, -71.11053 42.321)))"
250251206002,"MULTIPOLYGON (((-71.11167 42.31954, -71.11106 42.32033, -71.11094 42.32047, -71.11069 42.32075, -71.11001 42.32045, -71.1093 42.32014, -71.10864 42.31985, -71.10815 42.31963, -71.10753 42.3193, -71.10733 42.3192, -71.10661 42.31882, -71.10606 42.31853, -71.10586 42.31843, -71.1058 42.3184, -71.10641 42.31763, -71.1066 42.31738, -71.10667 42.31727, -71.10699 42.31742, -71.10714 42.3175, -71.10749 42.31766, -71.10765 42.31773, -71.10783 42.31781, -71.10804 42.31788, -71.10844 42.31801, -71.10865 42.31807, -71.10889 42.31817, -71.10937 42.31837, -71.10989 42.31857, -71.11048 42.31884, -71.1107 42.31896, -71.11089 42.31908, -71.11134 42.31935, -71.11158 42.31948, -71.11167 42.31954)))"
250251206003,"MULTIPOLYGON (((-71.11276 42.31792, -71.11239 42.31846, -71.11215 42.3188, -71.11193 42.31911, -71.11167 42.31954, -71.11158 42.31948, -71.11134 42.31935, -71.11089 42.31908, -71.1107 42.31896, -71.11048 42.31884, -71.10989 42.31857, -71.10937 42.31837, -71.10889 42.31817, -71.10865 42.31807, -71.10844 42.31801, -71.10804 42.31788, -71.10783 42.31781, -71.10765 42.31773, -71.10749 42.31766, -71.10714 42.3175, -71.10699 42.31742, -71.10667 42.31727, -71.10684 42.31701, -71.10689 42.31689, -71.10707 42.31661, -71.10724 42.31638, -71.10745 42.31641, -71.10777 42.31645, -71.10813 42.31647, -71.10825 42.31648, -71.10844 42.31648, -71.10904 42.3165, -71.10936 42.31649, -71.10963 42.31651, -71.10986 42.31653, -71.11 42.31655, -71.11012 42.31658, -71.11023 42.31662, -71.11039 42.3167, -71.11067 42.31683, -71.11084 42.3169, -71.11176 42.31739, -71.11242 42.31773, -71.11276 42.31792)))"
250251207001,"MULTIPOLYGON (((-71.11226 42.32455, -71.11223 42.32474, -71.11219 42.32496, -71.11211 42.32521, -71.11201 42.32549, -71.1119 42.32572, -71.11161 42.32618, -71.11145 42.32644, -71.1114 42.32653, -71.11131 42.32669, -71.11114 42.32706, -71.111 42.3274, -71.11096 42.32751, -71.1109 42.32766, -71.11081 42.32798, -71.11075 42.32825, -71.11071 42.32848, -71.11071 42.32864, -71.11074 42.32876, -71.11075 42.3288, -71.11078 42.32893, -71.11083 42.32907, -71.11064 42.32892, -71.11043 42.32876, -71.11002 42.32849, -71.10987 42.32838, -71.10982 42.32834, -71.1094 42.32804, -71.10925 42.32793, -71.10878 42.32758, -71.10859 42.32746, -71.10833 42.32732, -71.10822 42.32726, -71.10781 42.32712, -71.10739 42.32697, -71.10718 42.3269, -71.10708 42.32685, -71.10689 42.32672, -71.10659 42.32654, -71.10654 42.32651, -71.10629 42.32637, -71.10594 42.32625, -71.10565 42.32616, -71.10545 42.32613, -71.10523 42.32611, -71.10533 42.32573, -71.10551 42.3252, -71.10633 42.32536, -71.10693 42.32545, -71.10718 42.3255, -71.10725 42.32551, -71.10734 42.32552, -71.10741 42.32552, -71.10751 42.3255, -71.10764 42.32541, -71.10772 42.32531, -71.10776 42.32521, -71.10778 42.32508, -71.10779 42.32496, -71.10782 42.3249, -71.10785 42.3248, -71.10793 42.32472, -71.10805 42.32461, -71.10827 42.32448, -71.10835 42.32443, -71.10871 42.32421, -71.10895 42.32401, -71.10914 42.32382, -71.10933 42.32363, -71.10945 42.3235, -71.10955 42.32337, -71.10897 42.32325, -71.10889 42.32326, -71.10873 42.32326, -71.10848 42.32322, -71.10827 42.32318, -71.10837 42.32283, -71.10844 42.32248, -71.10845 42.32239, -71.10926 42.32216, -71.10945 42.32212, -71.10994 42.32202, -71.11032 42.32191, -71.11064 42.32184, -71.11166 42.32168, -71.11209 42.3216, -71.11214 42.32214, -71.1122 42.32312, -71.11224 42.32359, -71.11226 42.32391, -71.11227 42.32432, -71.11226 42.32455)))"
250251207002,"MULTIPOLYGON (((-71.11685 42.32228, -71.11683 42.32246, -71.11674 42.32263, -71.11663 42.32274, -71.1165 42.32283, -71.11629 42.32294, -71.11569 42.32315, -71.11555 42.32322, -71.1153 42.32336, -71.11508 42.32357, -71.11467 42.32343, -71.11435 42.32336, -71.1141 42.32331, -71.11385 42.32328, -71.11326 42.32322, -71.11283 42.32319, -71.1122 42.32312, -71.11214 42.32214, -71.11209 42.3216, -71.11231 42.32157, -71.11281 42.3215, -71.11321 42.32142, -71.11388 42.32132, -71.11415 42.32128, -71.1145 42.32124, -71.11495 42.32117, -71.11519 42.32113, -71.11543 42.32109, -71.1156 42.32107, -71.11581 42.32105, -71.11599 42.32103, -71.11632 42.32101, -71.11657 42.32102, -71.11661 42.3212, -71.11669 42.32142, -71.11679 42.32173, -71.11683 42.32201, -71.11685 42.32228)))"
250251301011,"MULTIPOLYGON (((-71.16981 42.30044, -71.16842 42.30136, -71.16829 42.30145, -71.16827 42.30146, -71.1681 42.30156, -71.16792 42.30169, -71.16734 42.30207, -71.16725 42.30214, -71.16711 42.30223, -71.16654 42.30261, -71.16512 42.30355, -71.1647 42.30383, -71.16459 42.30375, -71.16344 42.3029, -71.16317 42.3027, -71.16287 42.30249, -71.16151 42.30149, -71.1601 42.30045, -71.15874 42.29946, -71.15772 42.2987, -71.15721 42.29833, -71.15698 42.29816, -71.15684 42.29806, -71.15575 42.29726, -71.15564 42.29718, -71.15559 42.29714, -71.15555 42.29711, -71.1555 42.29708, -71.15547 42.29705, -71.15545 42.29704, -71.15544 42.29702, -71.15541 42.29699, -71.15487 42.29661, -71.15483 42.29658, -71.15469 42.29648, -71.1545 42.29634, -71.15369 42.29575, -71.15386 42.29574, -71.15392 42.29574, -71.15435 42.29575, -71.1555 42.29579, -71.15604 42.29582, -71.15648 42.29584, -71.15689 42.29583, -71.15698 42.29582, -71.15728 42.29579, -71.15768 42.29574, -71.15776 42.29572, -71.15814 42.29561, -71.15841 42.29551, -71.15868 42.2954, -71.15894 42.29528, -71.15931 42.2951, -71.15978 42.29487, -71.15987 42.29482, -71.16049 42.29453, -71.16067 42.29444, -71.16129 42.29413, -71.16191 42.29383, -71.16203 42.29377, -71.16264 42.29347, -71.16295 42.29366, -71.16313 42.29374, -71.16349 42.29384, -71.16382 42.29391, -71.1642 42.29406, -71.16432 42.29413, -71.16472 42.29433, -71.16494 42.29448, -71.16533 42.29499, -71.1654 42.29508, -71.16559 42.29524, -71.16632 42.29569, -71.16689 42.296, -71.16735 42.29633, -71.16742 42.29638, -71.16764 42.29656, -71.16802 42.29695, -71.1682 42.29715, -71.16835 42.29737, -71.16853 42.29768, -71.1686 42.2978, -71.16882 42.29819, -71.16904 42.29859, -71.1693 42.29908, -71.16949 42.29951, -71.16973 42.30008, -71.16979 42.30024, -71.1698 42.30031, -71.1698 42.30034, -71.16981 42.30044)))"
250251301012,"MULTIPOLYGON (((-71.17861 42.29461, -71.17636 42.2961, -71.17044 42.30002, -71.16981 42.30044, -71.1698 42.30034, -71.1698 42.30031, -71.16979 42.30024, -71.16973 42.30008, -71.16949 42.29951, -71.1693 42.29908, -71.16904 42.29859, -71.16882 42.29819, -71.1686 42.2978, -71.16853 42.29768, -71.16835 42.29737, -71.1682 42.29715, -71.16802 42.29695, -71.16764 42.29656, -71.16742 42.29638, -71.16735 42.29633, -71.16689 42.296, -71.16632 42.29569, -71.16559 42.29524, -71.1654 42.29508, -71.16533 42.29499, -71.16494 42.29448, -71.16472 42.29433, -71.16432 42.29413, -71.1642 42.29406, -71.16382 42.29391, -71.16349 42.29384, -71.16313 42.29374, -71.16295 42.29366, -71.16264 42.29347, -71.16287 42.29335, -71.16345 42.29306, -71.16426 42.29267, -71.16509 42.29227, -71.1659 42.29187, -71.16672 42.29148, -71.16748 42.29111, -71.16759 42.29107, -71.16791 42.2909, -71.16828 42.29066, -71.1684 42.29058, -71.1688 42.29031, -71.16906 42.29014, -71.16926 42.28999, -71.16982 42.28958, -71.17031 42.2892, -71.17056 42.289, -71.17083 42.28879, -71.17104 42.28859, -71.17111 42.28853, -71.17134 42.28829, -71.17157 42.28797, -71.17175 42.28844, -71.17179 42.28855, -71.17193 42.28874, -71.17271 42.28966, -71.17356 42.29072, -71.17378 42.29099, -71.17399 42.29125, -71.17402 42.29128, -71.17417 42.29145, -71.17427 42.29155, -71.17438 42.29165, -71.17463 42.29182, -71.17513 42.29214, -71.17515 42.29216, -71.17541 42.29232, -71.17544 42.29234, -71.1757 42.29256, -71.1759 42.29282, -71.1761 42.2931, -71.17623 42.29326, -71.17641 42.2934, -71.17668 42.2936, -71.17695 42.29377, -71.17758 42.29407, -71.17799 42.29424, -71.17806 42.29427, -71.17843 42.29447, -71.1785 42.2945, -71.17864 42.2946, -71.17861 42.29461)))"
250251301013,"MULTIPOLYGON (((-71.16828 42.29066, -71.16791 42.2909, -71.16759 42.29107, -71.16748 42.29111, -71.16672 42.29148, -71.1659 42.29187, -71.16509 42.29227, -71.16426 42.29267, -71.16345 42.29306, -71.16287 42.29335, -71.16264 42.29347, -71.16203 42.29377, -71.16191 42.29383, -71.16129 42.29413, -71.16111 42.29399, -71.16071 42.29369, -71.16021 42.29327, -71.15944 42.2926, -71.15886 42.29207, -71.15868 42.29185, -71.1591 42.29185, -71.15949 42.29182, -71.15967 42.29179, -71.15998 42.29173, -71.16063 42.29158, -71.16016 42.2909, -71.16059 42.29055, -71.16088 42.29036, -71.16105 42.29031, -71.16129 42.29022, -71.16145 42.29014, -71.16176 42.28995, -71.16206 42.28974, -71.16285 42.28917, -71.16367 42.28855, -71.16397 42.28831, -71.16418 42.28817, -71.16463 42.28789, -71.16532 42.28748, -71.16623 42.28846, -71.16673 42.28903, -71.16697 42.28931, -71.16737 42.28976, -71.16773 42.29012, -71.16797 42.29036, -71.16812 42.29051, -71.16828 42.29066)))"
250251301014,"MULTIPOLYGON (((-71.17157 42.28797, -71.17134 42.28829, -71.17111 42.28853, -71.17104 42.28859, -71.17083 42.28879, -71.17056 42.289, -71.17031 42.2892, -71.16982 42.28958, -71.16926 42.28999, -71.16906 42.29014, -71.1688 42.29031, -71.1684 42.29058, -71.16828 42.29066, -71.16812 42.29051, -71.16797 42.29036, -71.16773 42.29012, -71.16737 42.28976, -71.16697 42.28931, -71.16673 42.28903, -71.16623 42.28846, -71.16532 42.28748, -71.16578 42.28719, -71.16641 42.28675, -71.167 42.28632, -71.16773 42.28586, -71.16812 42.28559, -71.16853 42.28533, -71.16922 42.28485, -71.16984 42.28447, -71.16997 42.28464, -71.17014 42.28497, -71.17039 42.2854, -71.17074 42.28607, -71.17104 42.28674, -71.17114 42.28698, -71.17147 42.28774, -71.17157 42.28797)))"
250251301015,"MULTIPOLYGON (((-71.17251 42.28495, -71.17245 42.28539, -71.17242 42.28583, -71.1724 42.28591, -71.17233 42.28635, -71.17223 42.28676, -71.17208 42.28711, -71.1719 42.28749, -71.17172 42.28776, -71.17157 42.28797, -71.17147 42.28774, -71.17114 42.28698, -71.17104 42.28674, -71.17074 42.28607, -71.17039 42.2854, -71.17014 42.28497, -71.16997 42.28464, -71.16984 42.28447, -71.16922 42.28485, -71.16853 42.28533, -71.16812 42.28559, -71.16773 42.28586, -71.16762 42.28577, -71.16614 42.28453, -71.16526 42.28377, -71.16605 42.28324, -71.16533 42.28261, -71.16466 42.28208, -71.16421 42.28168, -71.16347 42.28108, -71.16291 42.28062, -71.16248 42.28024, -71.16196 42.27982, -71.1619 42.27977, -71.16213 42.27964, -71.16244 42.27949, -71.16296 42.27929, -71.16337 42.27918, -71.16386 42.27908, -71.16427 42.27904, -71.16463 42.27903, -71.16473 42.27902, -71.16522 42.27906, -71.16605 42.27916, -71.16634 42.27919, -71.16746 42.2793, -71.16848 42.27942, -71.16872 42.27945, -71.16955 42.27956, -71.17108 42.27976, -71.17122 42.27978, -71.17106 42.28021, -71.171 42.28037, -71.17095 42.2806, -71.17093 42.28079, -71.17092 42.28102, -71.17093 42.28122, -71.17099 42.28146, -71.17104 42.28158, -71.1711 42.28174, -71.17127 42.28202, -71.17178 42.28279, -71.17205 42.28321, -71.17221 42.28351, -71.17224 42.28357, -71.17234 42.2838, -71.17243 42.28414, -71.17246 42.28431, -71.17249 42.28463, -71.1725 42.28482, -71.17251 42.28495)))"
250251301016,"MULTIPOLYGON (((-71.16129 42.29413, -71.16067 42.29444, -71.16049 42.29453, -71.15987 42.29482, -71.15978 42.29487, -71.15931 42.2951, -71.15894 42.29528, -71.15868 42.2954, -71.15841 42.29551, -71.15814 42.29561, -71.15776 42.29572, -71.15768 42.29574, -71.15728 42.29579, -71.15698 42.29582, -71.15689 42.29583, -71.15648 42.29584, -71.15604 42.29582, -71.1555 42.29579, -71.15435 42.29575, -71.15392 42.29574, -71.15386 42.29574, -71.15369 42.29575, -71.15346 42.29557, -71.15251 42.29488, -71.15221 42.29466, -71.15218 42.29464, -71.15215 42.29461, -71.15202 42.29467, -71.15199 42.29469, -71.15113 42.29511, -71.15038 42.29549, -71.1503 42.29553, -71.15025 42.29537, -71.1501 42.29498, -71.14989 42.29442, -71.14983 42.29425, -71.14955 42.29353, -71.14938 42.2931, -71.14988 42.29296, -71.1503 42.2929, -71.15113 42.29286, -71.15144 42.29287, -71.15177 42.2929, -71.15232 42.29305, -71.15269 42.29321, -71.15289 42.29327, -71.15309 42.29329, -71.15326 42.29328, -71.15349 42.29326, -71.15377 42.2932, -71.15431 42.29297, -71.15468 42.29278, -71.15503 42.29258, -71.15566 42.29211, -71.15618 42.29171, -71.15629 42.29164, -71.15656 42.29154, -71.15677 42.29151, -71.15698 42.29152, -71.15726 42.29155, -71.1577 42.29165, -71.15795 42.29172, -71.15841 42.29181, -71.15852 42.29183, -71.15868 42.29185, -71.15886 42.29207, -71.15944 42.2926, -71.16021 42.29327, -71.16071 42.29369, -71.16111 42.29399, -71.16129 42.29413)))"
250251302001,"MULTIPOLYGON (((-71.15349 42.29326, -71.15326 42.29328, -71.15309 42.29329, -71.15289 42.29327, -71.15269 42.29321, -71.15232 42.29305, -71.15177 42.2929, -71.15144 42.29287, -71.15113 42.29286, -71.1503 42.2929, -71.14988 42.29296, -71.14938 42.2931, -71.14899 42.29247, -71.14879 42.2921, -71.14865 42.29187, -71.14835 42.29138, -71.1483 42.29128, -71.14808 42.29097, -71.14799 42.29089, -71.1478 42.29074, -71.14756 42.29053, -71.14743 42.29044, -71.14723 42.29028, -71.14706 42.29013, -71.14635 42.28954, -71.14569 42.28901, -71.1456 42.28892, -71.14549 42.28881, -71.14534 42.28853, -71.14512 42.28811, -71.14552 42.28801, -71.14587 42.28789, -71.14593 42.28787, -71.1465 42.28766, -71.14684 42.28755, -71.14732 42.28741, -71.14732 42.28733, -71.14734 42.28722, -71.14742 42.28712, -71.14757 42.28701, -71.14765 42.28691, -71.14768 42.28683, -71.14775 42.28665, -71.14776 42.28679, -71.1478 42.2869, -71.1479 42.287, -71.14804 42.28707, -71.1481 42.28711, -71.14838 42.28716, -71.14856 42.28715, -71.14869 42.28715, -71.1487 42.28732, -71.14874 42.28766, -71.14875 42.28788, -71.14898 42.28807, -71.14948 42.28856, -71.14986 42.28891, -71.15011 42.28914, -71.15032 42.28933, -71.15066 42.28967, -71.15105 42.2901, -71.15121 42.29029, -71.15194 42.29125, -71.15239 42.29183, -71.153 42.29261, -71.15344 42.29317, -71.15349 42.29326)))"
250251302002,"MULTIPOLYGON (((-71.15566 42.29211, -71.15503 42.29258, -71.15468 42.29278, -71.15431 42.29297, -71.15377 42.2932, -71.15349 42.29326, -71.15344 42.29317, -71.153 42.29261, -71.15239 42.29183, -71.15194 42.29125, -71.15121 42.29029, -71.15105 42.2901, -71.15066 42.28967, -71.15032 42.28933, -71.15011 42.28914, -71.14986 42.28891, -71.14948 42.28856, -71.14898 42.28807, -71.14875 42.28788, -71.14874 42.28766, -71.1487 42.28732, -71.14869 42.28715, -71.14877 42.28716, -71.14901 42.28719, -71.15007 42.28729, -71.15062 42.28733, -71.15103 42.2874, -71.15161 42.28749, -71.15196 42.28753, -71.1522 42.28753, -71.15301 42.28866, -71.15331 42.28908, -71.15366 42.28953, -71.15398 42.28993, -71.15425 42.29024, -71.15436 42.29039, -71.15448 42.29055, -71.15481 42.29098, -71.15523 42.29152, -71.15551 42.29188, -71.15566 42.29211)))"
250251302003,"MULTIPOLYGON (((-71.16367 42.28855, -71.16285 42.28917, -71.16206 42.28974, -71.16176 42.28995, -71.16145 42.29014, -71.16129 42.29022, -71.16105 42.29031, -71.16088 42.29036, -71.16059 42.29055, -71.16016 42.2909, -71.16063 42.29158, -71.15998 42.29173, -71.15967 42.29179, -71.15949 42.29182, -71.1591 42.29185, -71.15868 42.29185, -71.15852 42.29183, -71.15841 42.29181, -71.15795 42.29172, -71.1577 42.29165, -71.15726 42.29155, -71.15698 42.29152, -71.15677 42.29151, -71.15656 42.29154, -71.15629 42.29164, -71.15618 42.29171, -71.15566 42.29211, -71.15551 42.29188, -71.15523 42.29152, -71.15481 42.29098, -71.15448 42.29055, -71.15436 42.29039, -71.15425 42.29024, -71.15398 42.28993, -71.15366 42.28953, -71.15331 42.28908, -71.15301 42.28866, -71.1522 42.28753, -71.15196 42.28753, -71.15161 42.28749, -71.15103 42.2874, -71.15062 42.28733, -71.15007 42.28729, -71.15005 42.28719, -71.1499 42.28676, -71.14978 42.28659, -71.14968 42.28644, -71.14963 42.28639, -71.15002 42.2863, -71.15035 42.28623, -71.15076 42.28613, -71.15124 42.286, -71.15175 42.28583, -71.15222 42.28566, -71.15271 42.28547, -71.15339 42.28518, -71.154 42.28489, -71.15498 42.28435, -71.15528 42.2845, -71.15554 42.28461, -71.1561 42.28491, -71.15629 42.28502, -71.15646 42.28513, -71.15728 42.28572, -71.15795 42.28619, -71.15872 42.28675, -71.1596 42.28742, -71.16019 42.28696, -71.16036 42.28683, -71.16067 42.28659, -71.16098 42.28637, -71.16146 42.28607, -71.16212 42.28666, -71.16271 42.28715, -71.16313 42.28757, -71.16356 42.28795, -71.16397 42.28831, -71.16367 42.28855)))"
250251302004,"MULTIPOLYGON (((-71.16532 42.28748, -71.16463 42.28789, -71.16418 42.28817, -71.16397 42.28831, -71.16356 42.28795, -71.16313 42.28757, -71.16271 42.28715, -71.16212 42.28666, -71.16146 42.28607, -71.16098 42.28637, -71.16067 42.28659, -71.16036 42.28683, -71.16019 42.28696, -71.1596 42.28742, -71.15872 42.28675, -71.15795 42.28619, -71.15728 42.28572, -71.15646 42.28513, -71.15629 42.28502, -71.1561 42.28491, -71.15554 42.28461, -71.15528 42.2845, -71.15498 42.28435, -71.15637 42.28356, -71.15658 42.28345, -71.1572 42.2831, -71.15748 42.28294, -71.15862 42.2823, -71.15889 42.28214, -71.15926 42.28191, -71.15958 42.28169, -71.15981 42.28152, -71.15993 42.2816, -71.16041 42.28201, -71.16056 42.28221, -71.16073 42.28244, -71.16084 42.28263, -71.16123 42.28326, -71.16151 42.2837, -71.16164 42.28393, -71.16181 42.28412, -71.16198 42.28427, -71.16215 42.28442, -71.16256 42.28477, -71.16303 42.28519, -71.16317 42.28532, -71.16351 42.28561, -71.16398 42.28602, -71.16443 42.28644, -71.16496 42.28704, -71.16532 42.28748)))"
250251302005,"MULTIPOLYGON (((-71.16773 42.28586, -71.167 42.28632, -71.16641 42.28675, -71.16578 42.28719, -71.16532 42.28748, -71.16496 42.28704, -71.16443 42.28644, -71.16398 42.28602, -71.16351 42.28561, -71.16317 42.28532, -71.16303 42.28519, -71.16256 42.28477, -71.16215 42.28442, -71.16198 42.28427, -71.16181 42.28412, -71.16164 42.28393, -71.16151 42.2837, -71.16123 42.28326, -71.16084 42.28263, -71.16073 42.28244, -71.16056 42.28221, -71.16041 42.28201, -71.15993 42.2816, -71.15981 42.28152, -71.16023 42.28119, -71.1606 42.28087, -71.16087 42.28061, -71.16115 42.28034, -71.16146 42.28007, -71.16166 42.27992, -71.1619 42.27977, -71.16196 42.27982, -71.16248 42.28024, -71.16291 42.28062, -71.16347 42.28108, -71.16421 42.28168, -71.16466 42.28208, -71.16533 42.28261, -71.16605 42.28324, -71.16526 42.28377, -71.16614 42.28453, -71.16762 42.28577, -71.16773 42.28586)))"
250251303001,"MULTIPOLYGON (((-71.15131 42.27935, -71.15081 42.27981, -71.15024 42.2803, -71.14957 42.2809, -71.14916 42.28119, -71.14941 42.28137, -71.14911 42.28159, -71.14856 42.28206, -71.14774 42.2827, -71.1473 42.28304, -71.14702 42.28328, -71.14701 42.28325, -71.14676 42.28294, -71.14636 42.28253, -71.14605 42.28225, -71.14566 42.28193, -71.14552 42.2818, -71.14522 42.28157, -71.14492 42.28133, -71.14474 42.28119, -71.14425 42.28077, -71.14396 42.2805, -71.14404 42.28011, -71.14324 42.27931, -71.14278 42.27876, -71.14278 42.27875, -71.14261 42.27845, -71.1425 42.27815, -71.14246 42.27781, -71.14248 42.27757, -71.14257 42.27738, -71.14272 42.2772, -71.14288 42.27709, -71.14306 42.27701, -71.14317 42.27698, -71.14324 42.27696, -71.14367 42.27689, -71.14416 42.2768, -71.14465 42.27665, -71.14501 42.27647, -71.14523 42.27633, -71.14565 42.27656, -71.14582 42.27662, -71.14605 42.27668, -71.147 42.27698, -71.14759 42.27713, -71.14802 42.27727, -71.14826 42.27741, -71.14843 42.27753, -71.14871 42.2777, -71.14907 42.27794, -71.14934 42.2781, -71.14972 42.27835, -71.14991 42.27847, -71.15009 42.27858, -71.15041 42.27878, -71.15048 42.27883, -71.1507 42.27895, -71.15108 42.2792, -71.15131 42.27935)))"
250251303002,"MULTIPOLYGON (((-71.15637 42.28356, -71.15498 42.28435, -71.154 42.28489, -71.15339 42.28518, -71.15271 42.28547, -71.15222 42.28566, -71.15175 42.28583, -71.15124 42.286, -71.15076 42.28613, -71.15035 42.28623, -71.15002 42.2863, -71.14963 42.28639, -71.14968 42.28644, -71.14978 42.28659, -71.1499 42.28676, -71.15005 42.28719, -71.15007 42.28729, -71.14901 42.28719, -71.14877 42.28716, -71.14869 42.28715, -71.14856 42.28715, -71.14838 42.28716, -71.1481 42.28711, -71.14804 42.28707, -71.1479 42.287, -71.1478 42.2869, -71.14776 42.28679, -71.14775 42.28665, -71.14775 42.28656, -71.14777 42.28627, -71.14777 42.28599, -71.14766 42.28504, -71.1475 42.28418, -71.1474 42.28389, -71.14739 42.28387, -71.14725 42.28361, -71.14707 42.28335, -71.14702 42.28328, -71.1473 42.28304, -71.14774 42.2827, -71.14856 42.28206, -71.14911 42.28159, -71.14941 42.28137, -71.14916 42.28119, -71.14957 42.2809, -71.15024 42.2803, -71.15081 42.27981, -71.15131 42.27935, -71.1516 42.27954, -71.15221 42.27992, -71.15253 42.28011, -71.15326 42.28051, -71.15361 42.28073, -71.15393 42.28096, -71.15423 42.28119, -71.15448 42.28138, -71.15463 42.28156, -71.15499 42.28216, -71.15556 42.28295, -71.15576 42.2832, -71.15589 42.28333, -71.15601 42.2834, -71.15617 42.28348, -71.15637 42.28356)))"
250251303003,"MULTIPOLYGON (((-71.15981 42.28152, -71.15958 42.28169, -71.15926 42.28191, -71.15889 42.28214, -71.15862 42.2823, -71.15748 42.28294, -71.1572 42.2831, -71.15658 42.28345, -71.15637 42.28356, -71.15617 42.28348, -71.15601 42.2834, -71.15589 42.28333, -71.15576 42.2832, -71.15556 42.28295, -71.15499 42.28216, -71.15463 42.28156, -71.15448 42.28138, -71.15423 42.28119, -71.15393 42.28096, -71.15361 42.28073, -71.15326 42.28051, -71.15253 42.28011, -71.15221 42.27992, -71.1516 42.27954, -71.15131 42.27935, -71.15108 42.2792, -71.1507 42.27895, -71.15048 42.27883, -71.15041 42.27878, -71.15009 42.27858, -71.14991 42.27847, -71.14972 42.27835, -71.14934 42.2781, -71.14907 42.27794, -71.14871 42.2777, -71.14843 42.27753, -71.14826 42.27741, -71.14802 42.27727, -71.14759 42.27713, -71.147 42.27698, -71.14605 42.27668, -71.14582 42.27662, -71.14565 42.27656, -71.14523 42.27633, -71.14532 42.27624, -71.14543 42.2761, -71.14557 42.27591, -71.14565 42.27573, -71.14567 42.27553, -71.14566 42.27538, -71.14565 42.27521, -71.14571 42.27505, -71.14608 42.27532, -71.1462 42.27538, -71.14646 42.27553, -71.14675 42.27566, -71.147 42.27574, -71.14712 42.27576, -71.14736 42.27581, -71.1477 42.27582, -71.14828 42.27583, -71.14892 42.27582, -71.1496 42.27584, -71.15 42.27583, -71.15082 42.27586, -71.15107 42.2759, -71.15144 42.27602, -71.15179 42.27622, -71.15222 42.2765, -71.15234 42.2766, -71.15296 42.27703, -71.15374 42.27755, -71.15404 42.27775, -71.15422 42.27788, -71.15439 42.27802, -71.1547 42.27831, -71.15474 42.27837, -71.15508 42.27866, -71.15528 42.27882, -71.15569 42.27914, -71.1559 42.27932, -71.15635 42.27966, -71.15653 42.27978, -71.15691 42.28004, -71.15733 42.28029, -71.15768 42.28047, -71.15815 42.28069, -71.15889 42.28099, -71.15916 42.28114, -71.15968 42.28144, -71.15981 42.28152)))"
250251303004,"MULTIPOLYGON (((-71.15107 42.2759, -71.15082 42.27586, -71.15 42.27583, -71.1496 42.27584, -71.14892 42.27582, -71.14828 42.27583, -71.1477 42.27582, -71.14736 42.27581, -71.14712 42.27576, -71.147 42.27574, -71.14675 42.27566, -71.14646 42.27553, -71.1462 42.27538, -71.14608 42.27532, -71.14571 42.27505, -71.14548 42.27487, -71.14531 42.27474, -71.14513 42.27455, -71.14482 42.2742, -71.14428 42.27358, -71.14399 42.27324, -71.14375 42.27296, -71.14366 42.27285, -71.14387 42.27271, -71.14443 42.27226, -71.145 42.27181, -71.14569 42.27126, -71.14681 42.27039, -71.14729 42.26999, -71.14739 42.27006, -71.14754 42.27018, -71.14808 42.27061, -71.14847 42.27092, -71.14856 42.27099, -71.1487 42.27112, -71.14881 42.27126, -71.14909 42.27168, -71.14917 42.27176, -71.14939 42.27191, -71.14963 42.27205, -71.14989 42.27223, -71.15005 42.27242, -71.15047 42.27304, -71.15072 42.27347, -71.15078 42.27355, -71.15051 42.27395, -71.15055 42.27449, -71.15051 42.27469, -71.15047 42.27501, -71.1505 42.2752, -71.15061 42.2754, -71.1507 42.27552, -71.1509 42.27567, -71.151 42.27576, -71.15103 42.27584, -71.15107 42.2759)))"
250251303005,"MULTIPOLYGON (((-71.16115 42.28034, -71.16087 42.28061, -71.1606 42.28087, -71.16023 42.28119, -71.15981 42.28152, -71.15968 42.28144, -71.15916 42.28114, -71.15889 42.28099, -71.15815 42.28069, -71.15768 42.28047, -71.15733 42.28029, -71.15691 42.28004, -71.15653 42.27978, -71.15635 42.27966, -71.1559 42.27932, -71.15569 42.27914, -71.15528 42.27882, -71.15508 42.27866, -71.15474 42.27837, -71.1547 42.27831, -71.15439 42.27802, -71.15422 42.27788, -71.15404 42.27775, -71.15374 42.27755, -71.15296 42.27703, -71.15234 42.2766, -71.15222 42.2765, -71.15179 42.27622, -71.15144 42.27602, -71.15107 42.2759, -71.15103 42.27584, -71.151 42.27576, -71.1509 42.27567, -71.1507 42.27552, -71.15061 42.2754, -71.1505 42.2752, -71.15047 42.27501, -71.15051 42.27469, -71.15055 42.27449, -71.15051 42.27395, -71.15078 42.27355, -71.15087 42.27369, -71.15099 42.27391, -71.15118 42.27404, -71.1515 42.27424, -71.15178 42.27441, -71.15212 42.2746, -71.15236 42.27478, -71.15298 42.27526, -71.1531 42.27543, -71.15322 42.27564, -71.1533 42.2758, -71.1535 42.27598, -71.15372 42.27609, -71.15406 42.2762, -71.1546 42.27639, -71.15492 42.27651, -71.15526 42.27661, -71.15557 42.27669, -71.15607 42.27684, -71.15646 42.27692, -71.15655 42.27696, -71.15677 42.27705, -71.15712 42.27725, -71.15774 42.27761, -71.15802 42.27779, -71.15834 42.27802, -71.15866 42.27829, -71.15891 42.27852, -71.15917 42.27874, -71.15926 42.2788, -71.15931 42.27882, -71.15937 42.27883, -71.15943 42.27883, -71.16022 42.27943, -71.16085 42.27992, -71.16101 42.28006, -71.1611 42.28024, -71.16115 42.28034)))"
250251304021,"MULTIPOLYGON (((-71.1726 42.27157, -71.17225 42.2719, -71.17171 42.27231, -71.171 42.27291, -71.17078 42.27306, -71.17024 42.27352, -71.17 42.2737, -71.16952 42.27403, -71.16944 42.2741, -71.16928 42.27422, -71.16895 42.27447, -71.16852 42.27479, -71.16805 42.27515, -71.16795 42.27523, -71.16773 42.27538, -71.16739 42.27564, -71.16712 42.27582, -71.16711 42.27547, -71.16709 42.27524, -71.16698 42.27492, -71.16695 42.27487, -71.16676 42.27464, -71.16628 42.27421, -71.16595 42.27391, -71.16541 42.27343, -71.16559 42.27269, -71.16578 42.27184, -71.16583 42.27166, -71.16595 42.27106, -71.16615 42.27024, -71.16631 42.26968, -71.16647 42.26906, -71.16626 42.26903, -71.1668 42.26686, -71.16711 42.26505, -71.16739 42.2622, -71.16837 42.26297, -71.1685 42.26307, -71.1686 42.26316, -71.16822 42.26452, -71.1682 42.26477, -71.16822 42.26518, -71.16823 42.26533, -71.1683 42.26558, -71.16835 42.26572, -71.16842 42.26593, -71.16863 42.2663, -71.16887 42.26662, -71.16907 42.26683, -71.16932 42.26705, -71.16959 42.26725, -71.16987 42.26742, -71.1703 42.26764, -71.17065 42.26781, -71.17099 42.26797, -71.17123 42.2681, -71.1715 42.2683, -71.17171 42.26853, -71.17186 42.26874, -71.1719 42.26881, -71.17199 42.26899, -71.17205 42.26924, -71.17212 42.26965, -71.17226 42.27048, -71.17236 42.27082, -71.17245 42.27103, -71.17273 42.27144, -71.1726 42.27157)))"
250251304022,"MULTIPOLYGON (((-71.16631 42.26968, -71.16615 42.27024, -71.16595 42.27106, -71.16583 42.27166, -71.16578 42.27184, -71.16559 42.27269, -71.16541 42.27343, -71.16522 42.27327, -71.16504 42.27312, -71.16466 42.27346, -71.16429 42.27385, -71.16408 42.27403, -71.16391 42.27387, -71.16357 42.27358, -71.16326 42.27373, -71.16311 42.27386, -71.16287 42.27407, -71.16262 42.27428, -71.16242 42.27448, -71.16224 42.27465, -71.16197 42.27487, -71.16179 42.27473, -71.1616 42.2746, -71.16149 42.27455, -71.16136 42.27453, -71.16114 42.27454, -71.16088 42.27459, -71.16022 42.2748, -71.16023 42.27471, -71.16026 42.27463, -71.16039 42.27418, -71.16052 42.27372, -71.16057 42.27356, -71.16065 42.27334, -71.16078 42.27313, -71.1611 42.27262, -71.16124 42.2724, -71.16142 42.27204, -71.16171 42.27144, -71.16184 42.27115, -71.1619 42.27094, -71.16196 42.27029, -71.162 42.26948, -71.162 42.26924, -71.16195 42.26906, -71.16185 42.26888, -71.16186 42.26881, -71.16193 42.26865, -71.16205 42.26851, -71.16234 42.26821, -71.16253 42.26801, -71.16271 42.26775, -71.16353 42.26812, -71.16413 42.26841, -71.16449 42.26857, -71.16483 42.26868, -71.16529 42.26885, -71.16563 42.26895, -71.16567 42.26896, -71.166 42.269, -71.16609 42.26901, -71.16626 42.26903, -71.16647 42.26906, -71.16631 42.26968)))"
250251304023,"MULTIPOLYGON (((-71.16739 42.2622, -71.16711 42.26505, -71.1668 42.26686, -71.16626 42.26903, -71.16609 42.26901, -71.166 42.269, -71.16567 42.26896, -71.16563 42.26895, -71.16529 42.26885, -71.16483 42.26868, -71.16449 42.26857, -71.16413 42.26841, -71.16353 42.26812, -71.16271 42.26775, -71.16278 42.26761, -71.16288 42.26727, -71.16293 42.2669, -71.16293 42.26671, -71.16293 42.26628, -71.1629 42.26591, -71.16291 42.26557, -71.16291 42.2648, -71.16294 42.2645, -71.16298 42.26427, -71.16325 42.26345, -71.16341 42.26292, -71.16345 42.2628, -71.16351 42.26259, -71.16354 42.26224, -71.16347 42.26179, -71.16344 42.2617, -71.16338 42.26153, -71.1633 42.26118, -71.16323 42.26067, -71.1632 42.26025, -71.16328 42.25997, -71.1633 42.25984, -71.16337 42.25927, -71.16338 42.2591, -71.16339 42.25902, -71.16486 42.26018, -71.16648 42.26147, -71.16686 42.26178, -71.16699 42.26188, -71.16722 42.26206, -71.16739 42.2622)))"
250251304024,"MULTIPOLYGON (((-71.17702 42.2804, -71.17555 42.28032, -71.17306 42.28002, -71.17206 42.2799, -71.17122 42.27978, -71.17108 42.27976, -71.16955 42.27956, -71.16872 42.27945, -71.16848 42.27942, -71.16746 42.2793, -71.16634 42.27919, -71.16605 42.27916, -71.16522 42.27906, -71.16473 42.27902, -71.16463 42.27903, -71.16427 42.27904, -71.16386 42.27908, -71.16337 42.27918, -71.16296 42.27929, -71.16244 42.27949, -71.16213 42.27964, -71.1619 42.27977, -71.16166 42.27992, -71.16146 42.28007, -71.16115 42.28034, -71.1611 42.28024, -71.16101 42.28006, -71.16085 42.27992, -71.16022 42.27943, -71.15943 42.27883, -71.15977 42.27845, -71.15993 42.27835, -71.16009 42.27826, -71.16004 42.27817, -71.16004 42.27805, -71.1601 42.27781, -71.16019 42.27758, -71.1603 42.27727, -71.16043 42.27685, -71.16047 42.27657, -71.16047 42.2764, -71.16035 42.27598, -71.16025 42.27551, -71.16019 42.27518, -71.16019 42.275, -71.16022 42.2748, -71.16088 42.27459, -71.16114 42.27454, -71.16136 42.27453, -71.16149 42.27455, -71.1616 42.2746, -71.16179 42.27473, -71.16197 42.27487, -71.16224 42.27465, -71.16242 42.27448, -71.16262 42.27428, -71.16287 42.27407, -71.16311 42.27386, -71.16326 42.27373, -71.16357 42.27358, -71.16391 42.27387, -71.16408 42.27403, -71.16429 42.27385, -71.16466 42.27346, -71.16504 42.27312, -71.16522 42.27327, -71.16541 42.27343, -71.16595 42.27391, -71.16628 42.27421, -71.16676 42.27464, -71.16695 42.27487, -71.16698 42.27492, -71.16709 42.27524, -71.16711 42.27547, -71.16712 42.27582, -71.16739 42.27564, -71.16773 42.27538, -71.16795 42.27523, -71.16805 42.27515, -71.16852 42.27479, -71.16895 42.27447, -71.16928 42.27422, -71.16944 42.2741, -71.16952 42.27403, -71.17 42.2737, -71.17024 42.27352, -71.17078 42.27306, -71.171 42.27291, -71.17171 42.27231, -71.17225 42.2719, -71.1726 42.27157, -71.17273 42.27144, -71.17245 42.27103, -71.17236 42.27082, -71.17226 42.27048, -71.17212 42.26965, -71.17205 42.26924, -71.17199 42.26899, -71.1719 42.26881, -71.17186 42.26874, -71.17171 42.26853, -71.1715 42.2683, -71.17123 42.2681, -71.17099 42.26797, -71.17065 42.26781, -71.1703 42.26764, -71.16987 42.26742, -71.16959 42.26725, -71.16932 42.26705, -71.16907 42.26683, -71.16887 42.26662, -71.16863 42.2663, -71.16842 42.26593, -71.16835 42.26572, -71.1683 42.26558, -71.16823 42.26533, -71.16822 42.26518, -71.1682 42.26477, -71.16822 42.26452, -71.1686 42.26316, -71.16875 42.26327, -71.17066 42.26481, -71.17103 42.26511, -71.17105 42.26512, -71.17121 42.26526, -71.17132 42.26535, -71.17132 42.26569, -71.17138 42.2659, -71.17144 42.26599, -71.17154 42.26614, -71.17169 42.26628, -71.1718 42.26633, -71.17183 42.26635, -71.17202 42.26639, -71.1721 42.26642, -71.17215 42.26644, -71.17243 42.26651, -71.17247 42.26652, -71.17279 42.26654, -71.17316 42.26662, -71.17318 42.26663, -71.17333 42.26664, -71.17356 42.26671, -71.17369 42.26676, -71.1739 42.26688, -71.17392 42.26689, -71.17415 42.26702, -71.17432 42.26718, -71.17444 42.26734, -71.17453 42.26761, -71.17458 42.26782, -71.1746 42.26789, -71.1746 42.26807, -71.1746 42.26814, -71.17461 42.26837, -71.1745 42.26865, -71.17432 42.26886, -71.17429 42.26888, -71.17416 42.26899, -71.17382 42.26924, -71.17366 42.26933, -71.17356 42.26941, -71.17353 42.26944, -71.17348 42.2695, -71.17342 42.26957, -71.17322 42.26978, -71.17302 42.27003, -71.17296 42.27013, -71.17295 42.2703, -71.17299 42.27043, -71.17315 42.27067, -71.17318 42.2707, -71.17334 42.27085, -71.17341 42.27091, -71.17353 42.27111, -71.17358 42.27141, -71.1736 42.27145, -71.17362 42.27147, -71.17371 42.27169, -71.17386 42.27199, -71.17404 42.27227, -71.17433 42.27262, -71.17461 42.27301, -71.17475 42.27332, -71.17482 42.27353, -71.17485 42.27373, -71.17486 42.27381, -71.17485 42.27406, -71.17482 42.2742, -71.17482 42.27422, -71.17477 42.27433, -71.17461 42.27458, -71.17451 42.27478, -71.17442 42.27504, -71.17444 42.2753, -71.17447 42.27537, -71.17451 42.27547, -71.17457 42.27558, -71.17447 42.27575, -71.1738 42.27549, -71.17322 42.27535, -71.17305 42.27561, -71.17278 42.27603, -71.17252 42.2765, -71.17238 42.27687, -71.17315 42.27703, -71.17344 42.27712, -71.17379 42.27731, -71.17413 42.27755, -71.17447 42.27779, -71.17494 42.27809, -71.1752 42.2783, -71.17543 42.27859, -71.17554 42.27883, -71.17557 42.27896, -71.17554 42.27905, -71.17576 42.2793, -71.17616 42.27969, -71.17652 42.27997, -71.17702 42.2804)))"
250251304041,"MULTIPOLYGON (((-71.162 42.26948, -71.16196 42.27029, -71.1619 42.27094, -71.16184 42.27115, -71.16171 42.27144, -71.16142 42.27204, -71.16124 42.2724, -71.1611 42.27262, -71.16078 42.27313, -71.16065 42.27334, -71.16057 42.27356, -71.16052 42.27372, -71.16039 42.27418, -71.16026 42.27463, -71.16023 42.27471, -71.16022 42.2748, -71.16019 42.275, -71.16019 42.27518, -71.16025 42.27551, -71.16035 42.27598, -71.16047 42.2764, -71.16047 42.27657, -71.16043 42.27685, -71.1603 42.27727, -71.16019 42.27758, -71.1601 42.27781, -71.16004 42.27805, -71.16004 42.27817, -71.16009 42.27826, -71.15993 42.27835, -71.15977 42.27845, -71.15943 42.27883, -71.15937 42.27883, -71.15931 42.27882, -71.15926 42.2788, -71.15917 42.27874, -71.15891 42.27852, -71.15866 42.27829, -71.15834 42.27802, -71.15802 42.27779, -71.15774 42.27761, -71.15712 42.27725, -71.15677 42.27705, -71.15655 42.27696, -71.15646 42.27692, -71.15607 42.27684, -71.15557 42.27669, -71.15526 42.27661, -71.15492 42.27651, -71.1546 42.27639, -71.15406 42.2762, -71.15372 42.27609, -71.1535 42.27598, -71.1533 42.2758, -71.15322 42.27564, -71.1531 42.27543, -71.15298 42.27526, -71.15236 42.27478, -71.15212 42.2746, -71.15178 42.27441, -71.1515 42.27424, -71.15118 42.27404, -71.15099 42.27391, -71.15087 42.27369, -71.15078 42.27355, -71.15072 42.27347, -71.15047 42.27304, -71.15005 42.27242, -71.14989 42.27223, -71.14963 42.27205, -71.14939 42.27191, -71.14917 42.27176, -71.14909 42.27168, -71.14881 42.27126, -71.1487 42.27112, -71.14856 42.27099, -71.14847 42.27092, -71.14808 42.27061, -71.14754 42.27018, -71.14739 42.27006, -71.14729 42.26999, -71.14809 42.26932, -71.14848 42.26902, -71.14853 42.26897, -71.14881 42.26871, -71.14885 42.26868, -71.14923 42.26836, -71.14937 42.26822, -71.14964 42.26797, -71.15009 42.26758, -71.15047 42.26724, -71.15067 42.26706, -71.15081 42.26694, -71.15112 42.26667, -71.15177 42.2661, -71.1522 42.2657, -71.15231 42.26561, -71.15288 42.2651, -71.15357 42.26448, -71.15428 42.26386, -71.15483 42.26335, -71.15536 42.26287, -71.15579 42.26245, -71.15651 42.26173, -71.15696 42.2613, -71.15705 42.2612, -71.15707 42.26133, -71.1572 42.26181, -71.15728 42.26217, -71.15749 42.26306, -71.15753 42.26318, -71.15761 42.26343, -71.15776 42.26374, -71.15793 42.26408, -71.15816 42.26461, -71.15822 42.26478, -71.15832 42.26503, -71.15846 42.26531, -71.15857 42.26546, -71.15871 42.26561, -71.15948 42.2661, -71.16022 42.26666, -71.16035 42.26677, -71.16042 42.26682, -71.1608 42.26714, -71.16091 42.26735, -71.16105 42.26762, -71.16123 42.26804, -71.16136 42.26828, -71.16154 42.26852, -71.16173 42.26872, -71.16185 42.26888, -71.16195 42.26906, -71.162 42.26924, -71.162 42.26948)))"
250251304042,"MULTIPOLYGON (((-71.16351 42.26259, -71.16345 42.2628, -71.16341 42.26292, -71.16325 42.26345, -71.16298 42.26427, -71.16294 42.2645, -71.16291 42.2648, -71.16291 42.26557, -71.1629 42.26591, -71.16293 42.26628, -71.16293 42.26671, -71.16293 42.2669, -71.16288 42.26727, -71.16278 42.26761, -71.16271 42.26775, -71.16253 42.26801, -71.16234 42.26821, -71.16205 42.26851, -71.16193 42.26865, -71.16186 42.26881, -71.16185 42.26888, -71.16173 42.26872, -71.16154 42.26852, -71.16136 42.26828, -71.16123 42.26804, -71.16105 42.26762, -71.16091 42.26735, -71.1608 42.26714, -71.16042 42.26682, -71.16035 42.26677, -71.16022 42.26666, -71.15948 42.2661, -71.15871 42.26561, -71.15857 42.26546, -71.15846 42.26531, -71.15832 42.26503, -71.15822 42.26478, -71.15816 42.26461, -71.15793 42.26408, -71.15776 42.26374, -71.15761 42.26343, -71.15753 42.26318, -71.15749 42.26306, -71.15728 42.26217, -71.1572 42.26181, -71.15707 42.26133, -71.15705 42.2612, -71.15752 42.26074, -71.15841 42.26003, -71.15854 42.25996, -71.15928 42.25936, -71.15992 42.25884, -71.16019 42.25863, -71.16026 42.25857, -71.16072 42.25823, -71.16156 42.25756, -71.16157 42.25755, -71.16167 42.25763, -71.16302 42.25872, -71.16313 42.25881, -71.16339 42.25902, -71.16338 42.2591, -71.16337 42.25927, -71.1633 42.25984, -71.16328 42.25997, -71.1632 42.26025, -71.16323 42.26067, -71.1633 42.26118, -71.16338 42.26153, -71.16344 42.2617, -71.16347 42.26179, -71.16354 42.26224, -71.16351 42.26259)))"
250251304061,"MULTIPOLYGON (((-71.15038 42.25749, -71.15009 42.25863, -71.14991 42.25933, -71.14977 42.25918, -71.14958 42.259, -71.14946 42.25894, -71.14932 42.25891, -71.1492 42.25889, -71.14912 42.2589, -71.14901 42.25893, -71.14881 42.25901, -71.14859 42.25912, -71.14853 42.25916, -71.14821 42.25932, -71.14793 42.25946, -71.14772 42.25953, -71.14749 42.2596, -71.14722 42.25962, -71.1469 42.25961, -71.14636 42.25952, -71.14603 42.25942, -71.14597 42.25941, -71.14574 42.25932, -71.14553 42.25923, -71.14412 42.25932, -71.14405 42.25847, -71.1437 42.25784, -71.14352 42.25715, -71.14334 42.25669, -71.14329 42.25623, -71.14283 42.25594, -71.14308 42.25555, -71.14316 42.25537, -71.14339 42.25492, -71.14356 42.25469, -71.1438 42.25444, -71.14417 42.25411, -71.14449 42.25386, -71.14491 42.25358, -71.14516 42.25345, -71.14541 42.25335, -71.14566 42.25326, -71.1459 42.25314, -71.14606 42.25303, -71.14613 42.25296, -71.14631 42.25393, -71.14639 42.2544, -71.14661 42.25561, -71.14664 42.25576, -71.14774 42.25625, -71.14873 42.25671, -71.14943 42.25702, -71.15039 42.25746, -71.15038 42.25749)))"
250251304062,"MULTIPOLYGON (((-71.15696 42.2613, -71.15651 42.26173, -71.15579 42.26245, -71.15536 42.26287, -71.15483 42.26335, -71.15428 42.26386, -71.15357 42.26448, -71.15288 42.2651, -71.15231 42.26561, -71.1522 42.2657, -71.15177 42.2661, -71.15112 42.26667, -71.15081 42.26694, -71.15067 42.26706, -71.15047 42.26724, -71.15009 42.26758, -71.1498 42.26738, -71.14956 42.26721, -71.14941 42.26703, -71.14928 42.2668, -71.14889 42.26618, -71.14873 42.26601, -71.14849 42.2658, -71.14839 42.26569, -71.14814 42.26553, -71.14782 42.26537, -71.14729 42.26517, -71.14702 42.26506, -71.14689 42.26499, -71.14683 42.26496, -71.14669 42.26485, -71.14643 42.26458, -71.14628 42.26431, -71.14622 42.26407, -71.14621 42.26385, -71.14629 42.26341, -71.1464 42.26279, -71.14648 42.26248, -71.14657 42.26226, -71.14667 42.26201, -71.1468 42.26179, -71.147 42.26142, -71.14704 42.26122, -71.14699 42.26099, -71.14694 42.2609, -71.14684 42.26076, -71.14669 42.26064, -71.14626 42.26046, -71.14538 42.26018, -71.14523 42.26012, -71.14518 42.26007, -71.14518 42.26004, -71.14521 42.25992, -71.1454 42.25945, -71.14553 42.25923, -71.14574 42.25932, -71.14597 42.25941, -71.14603 42.25942, -71.14636 42.25952, -71.1469 42.25961, -71.14722 42.25962, -71.14749 42.2596, -71.14772 42.25953, -71.14793 42.25946, -71.14821 42.25932, -71.14853 42.25916, -71.14859 42.25912, -71.14881 42.25901, -71.14901 42.25893, -71.14912 42.2589, -71.1492 42.25889, -71.14932 42.25891, -71.14946 42.25894, -71.14958 42.259, -71.14977 42.25918, -71.14991 42.25933, -71.15009 42.25863, -71.15038 42.25749, -71.15039 42.25746, -71.15158 42.258, -71.15212 42.25825, -71.15231 42.25834, -71.15316 42.25791, -71.15421 42.25737, -71.15522 42.25686, -71.15596 42.25648, -71.156 42.25666, -71.15615 42.25735, -71.1563 42.25799, -71.15635 42.25821, -71.15642 42.25855, -71.15647 42.25881, -71.1566 42.25941, -71.15667 42.25967, -71.15671 42.25995, -71.15694 42.26082, -71.15705 42.2612, -71.15696 42.2613)))"
250251304063,"MULTIPOLYGON (((-71.16156 42.25756, -71.16072 42.25823, -71.16026 42.25857, -71.16019 42.25863, -71.15992 42.25884, -71.15928 42.25936, -71.15854 42.25996, -71.15841 42.26003, -71.15752 42.26074, -71.15705 42.2612, -71.15694 42.26082, -71.15671 42.25995, -71.15667 42.25967, -71.1566 42.25941, -71.15647 42.25881, -71.15642 42.25855, -71.15635 42.25821, -71.1563 42.25799, -71.15615 42.25735, -71.156 42.25666, -71.15596 42.25648, -71.15628 42.25632, -71.1567 42.25611, -71.15739 42.25576, -71.15813 42.25538, -71.1583 42.2553, -71.15858 42.25516, -71.16042 42.25662, -71.16082 42.25695, -71.16099 42.25708, -71.16156 42.25754, -71.16157 42.25755, -71.16156 42.25756)))"
250251401021,"MULTIPOLYGON (((-71.13623 42.25105, -71.136 42.25125, -71.13486 42.25235, -71.13429 42.2529, -71.13406 42.25312, -71.13379 42.25338, -71.13427 42.25356, -71.13389 42.25386, -71.13425 42.25402, -71.13397 42.25431, -71.13367 42.25423, -71.13335 42.25415, -71.13307 42.25408, -71.13273 42.25397, -71.13266 42.25394, -71.13248 42.25386, -71.13229 42.25375, -71.13219 42.25368, -71.13208 42.25357, -71.13184 42.25332, -71.13159 42.25299, -71.13127 42.2526, -71.13114 42.25246, -71.13096 42.25222, -71.13076 42.25198, -71.13059 42.25178, -71.13083 42.25171, -71.13101 42.25168, -71.13091 42.25078, -71.1309 42.25032, -71.13093 42.24995, -71.13095 42.24963, -71.13097 42.24936, -71.13102 42.24921, -71.13106 42.24912, -71.13113 42.24899, -71.13125 42.24884, -71.13144 42.24868, -71.13158 42.2486, -71.13172 42.24853, -71.13225 42.24827, -71.13233 42.24823, -71.13428 42.24885, -71.13432 42.24885, -71.13441 42.24888, -71.13505 42.24918, -71.13516 42.24924, -71.13643 42.24966, -71.13623 42.25105)))"
250251401022,"MULTIPOLYGON (((-71.1402 42.24325, -71.13991 42.24329, -71.13969 42.24334, -71.13935 42.24348, -71.13845 42.24391, -71.13832 42.24398, -71.13791 42.24419, -71.13741 42.24444, -71.13682 42.24472, -71.13639 42.24494, -71.13633 42.245, -71.13629 42.24506, -71.13628 42.2451, -71.13629 42.24522, -71.13635 42.24549, -71.13636 42.24557, -71.13636 42.24564, -71.13636 42.24567, -71.13636 42.24573, -71.13634 42.2459, -71.13631 42.24616, -71.13629 42.24632, -71.1362 42.24657, -71.13612 42.24672, -71.13598 42.24686, -71.13556 42.24714, -71.13526 42.24728, -71.13463 42.24744, -71.1341 42.24756, -71.13386 42.24761, -71.13364 42.24767, -71.13346 42.24774, -71.13309 42.24789, -71.13233 42.24823, -71.13225 42.24827, -71.13172 42.24853, -71.13158 42.2486, -71.13144 42.24868, -71.13125 42.24884, -71.13113 42.24899, -71.13106 42.24912, -71.13102 42.24921, -71.13097 42.24936, -71.13095 42.24963, -71.13093 42.24995, -71.1309 42.25032, -71.13091 42.25078, -71.13101 42.25168, -71.13083 42.25171, -71.13059 42.25178, -71.13048 42.25161, -71.13012 42.25117, -71.12965 42.25062, -71.12959 42.25054, -71.12954 42.25048, -71.12949 42.25042, -71.1291 42.24997, -71.129 42.24982, -71.12897 42.24972, -71.12897 42.24964, -71.129 42.24955, -71.12917 42.24921, -71.12945 42.24862, -71.12957 42.24837, -71.12958 42.2483, -71.12956 42.24825, -71.12951 42.24821, -71.12935 42.24813, -71.1291 42.24803, -71.12903 42.248, -71.12899 42.24799, -71.12896 42.24797, -71.12894 42.24797, -71.12861 42.24781, -71.12865 42.24775, -71.1287 42.24764, -71.12878 42.24725, -71.12891 42.24642, -71.129 42.246, -71.12906 42.24588, -71.1292 42.24552, -71.1297 42.24423, -71.13008 42.24329, -71.13016 42.24309, -71.13069 42.24175, -71.13087 42.24127, -71.13116 42.24056, -71.13131 42.24021, -71.13137 42.24009, -71.13143 42.24, -71.13161 42.23978, -71.13186 42.2395, -71.13194 42.23942, -71.13215 42.2392, -71.13241 42.2393, -71.13301 42.23947, -71.13306 42.23948, -71.13308 42.23949, -71.13326 42.23954, -71.13336 42.23956, -71.13348 42.23959, -71.13357 42.23961, -71.13372 42.23963, -71.13377 42.23964, -71.13391 42.23958, -71.13404 42.23948, -71.13465 42.23889, -71.13485 42.23872, -71.13499 42.2386, -71.13511 42.23845, -71.13527 42.23816, -71.13554 42.23819, -71.13568 42.2382, -71.13573 42.23847, -71.13587 42.23895, -71.13592 42.23912, -71.13596 42.23926, -71.13597 42.23934, -71.13598 42.23947, -71.13595 42.23964, -71.13589 42.23982, -71.13578 42.24005, -71.13553 42.24049, -71.13522 42.24102, -71.13529 42.24104, -71.13569 42.24119, -71.13635 42.2414, -71.13687 42.24156, -71.13741 42.24175, -71.13841 42.24207, -71.13885 42.24222, -71.13925 42.24234, -71.13963 42.24247, -71.13985 42.24253, -71.13993 42.24253, -71.1401 42.24252, -71.14009 42.24261, -71.14011 42.24277, -71.1402 42.24325)))"
250251401023,"MULTIPOLYGON (((-71.14405 42.24283, -71.14391 42.24288, -71.14374 42.24294, -71.14354 42.243, -71.14334 42.24304, -71.143 42.24308, -71.1422 42.24313, -71.14122 42.24319, -71.14074 42.24323, -71.14037 42.24324, -71.1402 42.24325, -71.14011 42.24277, -71.14009 42.24261, -71.1401 42.24252, -71.13993 42.24253, -71.13985 42.24253, -71.13963 42.24247, -71.13925 42.24234, -71.13885 42.24222, -71.13841 42.24207, -71.13741 42.24175, -71.13687 42.24156, -71.13635 42.2414, -71.13569 42.24119, -71.13529 42.24104, -71.13522 42.24102, -71.13553 42.24049, -71.13578 42.24005, -71.13589 42.23982, -71.13595 42.23964, -71.13598 42.23947, -71.13597 42.23934, -71.13596 42.23926, -71.13592 42.23912, -71.13587 42.23895, -71.13573 42.23847, -71.13568 42.2382, -71.13554 42.23819, -71.13527 42.23816, -71.13556 42.23766, -71.13566 42.23747, -71.13603 42.23684, -71.13607 42.23677, -71.13608 42.23674, -71.13618 42.23652, -71.13631 42.23634, -71.13646 42.23618, -71.13656 42.23608, -71.13666 42.236, -71.13724 42.2355, -71.13743 42.23533, -71.13775 42.23504, -71.13841 42.23444, -71.13924 42.23366, -71.14003 42.23419, -71.14095 42.23481, -71.14159 42.23525, -71.14214 42.23562, -71.14239 42.2358, -71.14268 42.236, -71.14275 42.23632, -71.14276 42.23639, -71.1428 42.23659, -71.14284 42.23683, -71.14288 42.23697, -71.143 42.23755, -71.14307 42.23791, -71.14309 42.23801, -71.14319 42.23851, -71.14336 42.23935, -71.1434 42.23954, -71.14343 42.23967, -71.14344 42.23972, -71.14345 42.23978, -71.1435 42.24007, -71.14366 42.24083, -71.14381 42.24155, -71.14382 42.24162, -71.14386 42.24177, -71.14387 42.24184, -71.14407 42.24282, -71.14405 42.24283)))"
250251401024,"MULTIPOLYGON (((-71.14606 42.25303, -71.1459 42.25314, -71.14566 42.25326, -71.14541 42.25335, -71.14516 42.25345, -71.14491 42.25358, -71.14449 42.25386, -71.14417 42.25411, -71.1438 42.25444, -71.14356 42.25469, -71.14339 42.25492, -71.14316 42.25537, -71.14308 42.25555, -71.14283 42.25594, -71.14257 42.25635, -71.14241 42.25663, -71.14226 42.25694, -71.14211 42.2572, -71.14197 42.25739, -71.14184 42.25754, -71.1417 42.25767, -71.14153 42.2578, -71.1411 42.25807, -71.14081 42.25825, -71.14059 42.25836, -71.14043 42.25842, -71.1402 42.25846, -71.14001 42.25824, -71.1398 42.25802, -71.13952 42.25772, -71.13936 42.25747, -71.13924 42.25726, -71.13905 42.25668, -71.13894 42.25643, -71.13884 42.25626, -71.13876 42.25619, -71.13858 42.25597, -71.13839 42.25576, -71.13821 42.2555, -71.1381 42.25531, -71.13807 42.25511, -71.13809 42.25493, -71.13813 42.25475, -71.13821 42.25457, -71.13835 42.25442, -71.13859 42.25425, -71.13872 42.25415, -71.13887 42.25403, -71.13896 42.25391, -71.13904 42.25373, -71.13909 42.25359, -71.1391 42.25352, -71.13915 42.25337, -71.13916 42.2531, -71.13919 42.25296, -71.13924 42.25285, -71.13933 42.25267, -71.13939 42.25252, -71.13944 42.25233, -71.13945 42.25215, -71.13943 42.25199, -71.13938 42.25185, -71.13912 42.25143, -71.13908 42.25134, -71.13906 42.25123, -71.13904 42.25116, -71.13902 42.2509, -71.13906 42.25065, -71.13914 42.25045, -71.13926 42.25021, -71.13936 42.24999, -71.13939 42.24981, -71.13941 42.24966, -71.13938 42.2495, -71.13936 42.24942, -71.13934 42.24934, -71.13926 42.24915, -71.13914 42.24898, -71.139 42.24884, -71.13874 42.24863, -71.1384 42.24838, -71.13809 42.24814, -71.13765 42.24781, -71.13711 42.24739, -71.13687 42.24719, -71.13672 42.24705, -71.13661 42.24691, -71.13641 42.24661, -71.13635 42.24647, -71.13632 42.24639, -71.13629 42.24632, -71.13631 42.24616, -71.13634 42.2459, -71.13636 42.24573, -71.13636 42.24567, -71.13636 42.24564, -71.13636 42.24557, -71.13635 42.24549, -71.13629 42.24522, -71.13628 42.2451, -71.13629 42.24506, -71.13633 42.245, -71.13639 42.24494, -71.13682 42.24472, -71.13741 42.24444, -71.13791 42.24419, -71.13832 42.24398, -71.13845 42.24391, -71.13935 42.24348, -71.13969 42.24334, -71.13991 42.24329, -71.1402 42.24325, -71.14037 42.24324, -71.14074 42.24323, -71.14122 42.24319, -71.1422 42.24313, -71.143 42.24308, -71.14334 42.24304, -71.14354 42.243, -71.14374 42.24294, -71.14391 42.24288, -71.14405 42.24283, -71.14407 42.24282, -71.14439 42.24441, -71.14454 42.24511, -71.14454 42.24515, -71.14455 42.24519, -71.14457 42.24528, -71.14472 42.24599, -71.14494 42.247, -71.14501 42.24734, -71.14537 42.24901, -71.1456 42.2501, -71.14613 42.25296, -71.14606 42.25303)))"
250251401051,"MULTIPOLYGON (((-71.13253 42.27039, -71.13241 42.27075, -71.13231 42.27118, -71.13214 42.27195, -71.13199 42.27236, -71.13177 42.27263, -71.13112 42.27305, -71.13086 42.27287, -71.13056 42.27302, -71.13017 42.2732, -71.12967 42.2734, -71.12943 42.27346, -71.12913 42.27363, -71.12867 42.2739, -71.1284 42.27411, -71.12825 42.27425, -71.12769 42.27406, -71.12685 42.27382, -71.12635 42.27367, -71.126 42.27355, -71.12579 42.27347, -71.12566 42.2734, -71.12547 42.27323, -71.12491 42.2727, -71.1248 42.27258, -71.12467 42.27246, -71.12415 42.27195, -71.12371 42.27152, -71.12359 42.27142, -71.12349 42.27135, -71.12336 42.27131, -71.12297 42.27122, -71.12216 42.27104, -71.12178 42.27068, -71.12187 42.27029, -71.12202 42.26958, -71.12212 42.26911, -71.12219 42.26878, -71.12229 42.26838, -71.12252 42.26738, -71.12272 42.26645, -71.12286 42.26569, -71.12297 42.26512, -71.12314 42.26435, -71.12325 42.26378, -71.12331 42.26351, -71.12337 42.26325, -71.12356 42.26221, -71.1239 42.26236, -71.12461 42.26275, -71.12505 42.26298, -71.1254 42.26316, -71.12559 42.26326, -71.12591 42.26342, -71.12613 42.26353, -71.12637 42.26372, -71.1268 42.26409, -71.12693 42.26419, -71.12733 42.2645, -71.1277 42.26476, -71.12777 42.26483, -71.12808 42.26503, -71.12865 42.26488, -71.12889 42.26511, -71.1292 42.2654, -71.12952 42.26554, -71.12978 42.26568, -71.13004 42.26595, -71.13015 42.26615, -71.13044 42.26657, -71.13005 42.26675, -71.13021 42.2669, -71.13038 42.26707, -71.13071 42.26745, -71.13094 42.26769, -71.13113 42.26795, -71.13143 42.26837, -71.13155 42.26855, -71.13162 42.26865, -71.13208 42.26864, -71.13224 42.26877, -71.13237 42.26921, -71.13255 42.2699, -71.13253 42.27039)))"
250251401052,"MULTIPOLYGON (((-71.12325 42.26378, -71.12314 42.26435, -71.12297 42.26512, -71.12286 42.26569, -71.12272 42.26645, -71.12252 42.26738, -71.12229 42.26838, -71.12219 42.26878, -71.12212 42.26911, -71.12202 42.26958, -71.12187 42.27029, -71.12178 42.27068, -71.12144 42.27039, -71.12141 42.27045, -71.12135 42.27059, -71.12118 42.27068, -71.121 42.27055, -71.12078 42.27041, -71.12061 42.27028, -71.12025 42.26981, -71.12 42.26941, -71.11952 42.26866, -71.1189 42.26764, -71.11839 42.26684, -71.11827 42.2666, -71.11825 42.26637, -71.11812 42.26544, -71.11803 42.26478, -71.118 42.26458, -71.11803 42.26435, -71.11794 42.2643, -71.11788 42.26417, -71.11788 42.26402, -71.11792 42.26397, -71.11797 42.26392, -71.11804 42.26391, -71.11819 42.26357, -71.11837 42.26322, -71.11896 42.26192, -71.11948 42.26208, -71.1197 42.26214, -71.11997 42.26222, -71.12042 42.26235, -71.12081 42.26248, -71.1216 42.26276, -71.12204 42.26292, -71.1229 42.26329, -71.12297 42.26335, -71.12331 42.26351, -71.12325 42.26378)))"
250251401061,"MULTIPOLYGON (((-71.14069 42.2747, -71.14065 42.27518, -71.14031 42.27543, -71.14027 42.27547, -71.14001 42.27571, -71.13962 42.27607, -71.13914 42.27648, -71.13865 42.2769, -71.13826 42.2765, -71.13789 42.2762, -71.13713 42.27551, -71.13669 42.27511, -71.13634 42.27535, -71.13599 42.27565, -71.13594 42.27568, -71.13589 42.27572, -71.13578 42.27579, -71.13543 42.27611, -71.13463 42.27678, -71.13408 42.27644, -71.13375 42.27624, -71.13315 42.27589, -71.13286 42.27568, -71.13212 42.27522, -71.13164 42.27491, -71.13244 42.27423, -71.1327 42.27404, -71.13351 42.27454, -71.13378 42.2744, -71.13466 42.2735, -71.13631 42.27183, -71.13659 42.27151, -71.13756 42.27199, -71.13776 42.27212, -71.1385 42.27262, -71.13902 42.27322, -71.13953 42.27355, -71.14004 42.27357, -71.13996 42.27416, -71.14018 42.2742, -71.14039 42.27421, -71.14054 42.27423, -71.14061 42.27426, -71.14075 42.27434, -71.14069 42.2747)))"
250251401062,"MULTIPOLYGON (((-71.13832 42.27718, -71.13817 42.27731, -71.13773 42.27769, -71.13715 42.27818, -71.137 42.27832, -71.13642 42.27791, -71.1359 42.27759, -71.13571 42.27747, -71.13535 42.27726, -71.13478 42.2769, -71.13463 42.27678, -71.13543 42.27611, -71.13578 42.27579, -71.13589 42.27572, -71.13594 42.27568, -71.13599 42.27565, -71.13634 42.27535, -71.13669 42.27511, -71.13713 42.27551, -71.13789 42.2762, -71.13826 42.2765, -71.13865 42.2769, -71.13832 42.27718)))"
250251401071,"MULTIPOLYGON (((-71.13151 42.26222, -71.13034 42.26114, -71.12989 42.26086, -71.12922 42.2611, -71.12881 42.26073, -71.1282 42.26051, -71.1278 42.26093, -71.1276 42.26103, -71.1273 42.26127, -71.12696 42.26161, -71.12692 42.26187, -71.1278 42.26339, -71.12775 42.26355, -71.12766 42.26374, -71.12751 42.26413, -71.12733 42.2645, -71.12693 42.26419, -71.1268 42.26409, -71.12637 42.26372, -71.12613 42.26353, -71.12591 42.26342, -71.12559 42.26326, -71.1254 42.26316, -71.12505 42.26298, -71.12461 42.26275, -71.1239 42.26236, -71.12356 42.26221, -71.12371 42.26167, -71.12382 42.26113, -71.12391 42.26055, -71.1243 42.25901, -71.12449 42.25806, -71.12471 42.25723, -71.12486 42.25676, -71.12506 42.25624, -71.12531 42.25565, -71.12559 42.25561, -71.12564 42.25546, -71.12578 42.25517, -71.12581 42.25501, -71.12588 42.25484, -71.12602 42.25467, -71.12614 42.25456, -71.12639 42.2544, -71.12665 42.25424, -71.12672 42.25419, -71.12681 42.25413, -71.12716 42.25383, -71.12744 42.25396, -71.12803 42.25427, -71.12859 42.25455, -71.1287 42.25437, -71.1288 42.25424, -71.12935 42.2545, -71.13028 42.25499, -71.13135 42.25553, -71.13206 42.2559, -71.13235 42.25604, -71.13127 42.25717, -71.13098 42.25705, -71.13016 42.25677, -71.13001 42.25695, -71.12912 42.25791, -71.12904 42.25797, -71.12893 42.25808, -71.12912 42.2581, -71.12915 42.25807, -71.12922 42.25805, -71.12942 42.25807, -71.13038 42.25823, -71.13076 42.2583, -71.13095 42.25845, -71.13362 42.26102, -71.13151 42.26222)))"
250251401072,"MULTIPOLYGON (((-71.13397 42.25431, -71.13353 42.25476, -71.13274 42.25561, -71.13235 42.25604, -71.13206 42.2559, -71.13135 42.25553, -71.13028 42.25499, -71.12935 42.2545, -71.1288 42.25424, -71.1287 42.25437, -71.12859 42.25455, -71.12803 42.25427, -71.12744 42.25396, -71.12716 42.25383, -71.12733 42.25365, -71.12742 42.25348, -71.12754 42.25329, -71.12773 42.25292, -71.12786 42.25274, -71.12805 42.25253, -71.12822 42.25234, -71.12837 42.2522, -71.12853 42.25208, -71.1286 42.25204, -71.12882 42.25191, -71.1296 42.25147, -71.13012 42.25117, -71.13048 42.25161, -71.13059 42.25178, -71.13076 42.25198, -71.13096 42.25222, -71.13114 42.25246, -71.13127 42.2526, -71.13159 42.25299, -71.13184 42.25332, -71.13208 42.25357, -71.13219 42.25368, -71.13229 42.25375, -71.13248 42.25386, -71.13266 42.25394, -71.13273 42.25397, -71.13307 42.25408, -71.13335 42.25415, -71.13367 42.25423, -71.13397 42.25431)))"
250251402011,"MULTIPOLYGON (((-71.13277 42.23851, -71.13272 42.23858, -71.13258 42.23874, -71.13242 42.2389, -71.13215 42.2392, -71.13194 42.23942, -71.13186 42.2395, -71.13161 42.23978, -71.13143 42.24, -71.13137 42.24009, -71.13131 42.24021, -71.13116 42.24056, -71.13087 42.24127, -71.13069 42.24175, -71.13016 42.24309, -71.13008 42.24329, -71.1297 42.24423, -71.1292 42.24552, -71.12906 42.24588, -71.129 42.246, -71.12891 42.24642, -71.12878 42.24725, -71.1287 42.24764, -71.12865 42.24775, -71.12861 42.24781, -71.12894 42.24797, -71.12896 42.24797, -71.12899 42.24799, -71.12843 42.24917, -71.12828 42.24909, -71.12778 42.24889, -71.12737 42.24872, -71.12693 42.24856, -71.12638 42.24832, -71.1258 42.24808, -71.12558 42.24798, -71.12551 42.24795, -71.12541 42.24804, -71.12508 42.24839, -71.125 42.24852, -71.12495 42.24858, -71.12491 42.24864, -71.12491 42.24865, -71.12488 42.24871, -71.12487 42.24875, -71.12481 42.24892, -71.12477 42.2491, -71.12477 42.24932, -71.12476 42.2496, -71.12473 42.2497, -71.12468 42.2498, -71.12464 42.24987, -71.12452 42.24996, -71.12451 42.24997, -71.12447 42.24999, -71.12414 42.25006, -71.12406 42.2501, -71.12402 42.25012, -71.12392 42.2502, -71.12382 42.25028, -71.12376 42.25038, -71.12371 42.25048, -71.1236 42.25072, -71.12355 42.25082, -71.12349 42.25095, -71.1234 42.25134, -71.12336 42.25148, -71.12333 42.25155, -71.12332 42.25161, -71.12331 42.25169, -71.12321 42.25173, -71.12288 42.25185, -71.12277 42.25169, -71.12264 42.2515, -71.12253 42.25135, -71.12246 42.25124, -71.12244 42.25115, -71.12245 42.25105, -71.12254 42.2509, -71.12275 42.25065, -71.12283 42.25055, -71.12284 42.25048, -71.12282 42.25042, -71.1227 42.2503, -71.12269 42.25029, -71.12265 42.25026, -71.12244 42.25006, -71.12304 42.24947, -71.12354 42.24895, -71.12412 42.24835, -71.12418 42.2483, -71.12451 42.24797, -71.12484 42.24761, -71.12507 42.2473, -71.12525 42.24708, -71.12541 42.24687, -71.12555 42.24665, -71.12571 42.24636, -71.12584 42.24609, -71.12595 42.24585, -71.12607 42.24548, -71.12614 42.24518, -71.12618 42.24488, -71.12621 42.24463, -71.12623 42.24267, -71.12624 42.24212, -71.12618 42.24162, -71.12606 42.24095, -71.12591 42.24033, -71.12584 42.24009, -71.12577 42.23985, -71.12567 42.23953, -71.1258 42.23945, -71.12638 42.23916, -71.1263 42.23906, -71.12614 42.23892, -71.12608 42.2388, -71.12602 42.2387, -71.12595 42.23857, -71.12587 42.23841, -71.12577 42.2382, -71.1257 42.23797, -71.12568 42.2379, -71.12554 42.23778, -71.12547 42.23774, -71.12538 42.23768, -71.12524 42.23763, -71.12509 42.23757, -71.12504 42.23755, -71.12501 42.23754, -71.12485 42.23748, -71.12476 42.23743, -71.12469 42.23736, -71.12461 42.23726, -71.12455 42.23715, -71.12446 42.23686, -71.12424 42.23655, -71.12408 42.23639, -71.12381 42.23618, -71.12348 42.23593, -71.12334 42.23585, -71.12327 42.23578, -71.12296 42.23558, -71.12275 42.23542, -71.12267 42.23541, -71.12264 42.23538, -71.12262 42.23531, -71.12252 42.2352, -71.12247 42.23505, -71.12246 42.23493, -71.12248 42.23485, -71.12257 42.23477, -71.12258 42.23471, -71.1226 42.23464, -71.1226 42.23452, -71.12265 42.23454, -71.1227 42.23454, -71.12282 42.23457, -71.12295 42.23459, -71.12339 42.23469, -71.12365 42.23476, -71.124 42.23489, -71.12466 42.23515, -71.12487 42.23523, -71.12515 42.23534, -71.12572 42.23557, -71.1258 42.23561, -71.12619 42.23575, -71.12622 42.23576, -71.1265 42.23584, -71.12652 42.23584, -71.127 42.236, -71.12724 42.23606, -71.12747 42.2361, -71.12789 42.23614, -71.12811 42.23617, -71.12831 42.2362, -71.12836 42.23621, -71.12856 42.23626, -71.12881 42.23634, -71.12902 42.2364, -71.12975 42.23661, -71.12995 42.23667, -71.13045 42.23682, -71.13091 42.23694, -71.13168 42.23714, -71.1318 42.23718, -71.1319 42.23724, -71.13201 42.23733, -71.13209 42.23742, -71.13229 42.23767, -71.1325 42.23794, -71.13257 42.23808, -71.1326 42.23811, -71.13266 42.2382, -71.13276 42.23837, -71.13278 42.23845, -71.13277 42.23851)))"
250251402012,"MULTIPOLYGON (((-71.13924 42.23366, -71.13841 42.23444, -71.13775 42.23504, -71.13743 42.23533, -71.13724 42.2355, -71.13666 42.236, -71.13656 42.23608, -71.13646 42.23618, -71.13631 42.23634, -71.13618 42.23652, -71.13608 42.23674, -71.13607 42.23677, -71.13603 42.23684, -71.13566 42.23747, -71.13556 42.23766, -71.13527 42.23816, -71.13511 42.23845, -71.13499 42.2386, -71.13485 42.23872, -71.13465 42.23889, -71.13404 42.23948, -71.13391 42.23958, -71.13377 42.23964, -71.13372 42.23963, -71.13357 42.23961, -71.13348 42.23959, -71.13336 42.23956, -71.13326 42.23954, -71.13308 42.23949, -71.13306 42.23948, -71.13301 42.23947, -71.13241 42.2393, -71.13215 42.2392, -71.13242 42.2389, -71.13258 42.23874, -71.13272 42.23858, -71.13277 42.23851, -71.13278 42.23845, -71.13276 42.23837, -71.13266 42.2382, -71.1326 42.23811, -71.13257 42.23808, -71.1325 42.23794, -71.13229 42.23767, -71.13209 42.23742, -71.13201 42.23733, -71.1319 42.23724, -71.1318 42.23718, -71.13168 42.23714, -71.13091 42.23694, -71.13045 42.23682, -71.12995 42.23667, -71.12975 42.23661, -71.12902 42.2364, -71.12881 42.23634, -71.12856 42.23626, -71.12836 42.23621, -71.12831 42.2362, -71.12811 42.23617, -71.12789 42.23614, -71.12747 42.2361, -71.12724 42.23606, -71.127 42.236, -71.12652 42.23584, -71.1265 42.23584, -71.12622 42.23576, -71.12619 42.23575, -71.1258 42.23561, -71.12572 42.23557, -71.12515 42.23534, -71.12487 42.23523, -71.12466 42.23515, -71.124 42.23489, -71.12365 42.23476, -71.12339 42.23469, -71.12295 42.23459, -71.12282 42.23457, -71.1227 42.23454, -71.12265 42.23454, -71.1226 42.23452, -71.1226 42.23444, -71.12264 42.23438, -71.12274 42.23432, -71.12283 42.23429, -71.12287 42.23427, -71.12289 42.23427, -71.12294 42.23425, -71.12313 42.23423, -71.12338 42.23425, -71.12361 42.23429, -71.12381 42.23432, -71.12405 42.23432, -71.12423 42.23428, -71.1244 42.2342, -71.12446 42.23416, -71.1245 42.23412, -71.12459 42.23401, -71.12468 42.23384, -71.12472 42.23374, -71.12471 42.23364, -71.12466 42.23351, -71.12461 42.23331, -71.12453 42.23322, -71.12451 42.23316, -71.1245 42.23309, -71.12452 42.2329, -71.12458 42.23278, -71.12475 42.23262, -71.12485 42.23256, -71.12488 42.23254, -71.12497 42.23247, -71.12506 42.23236, -71.12512 42.23223, -71.12523 42.23206, -71.12535 42.23194, -71.12544 42.2319, -71.12548 42.23188, -71.12564 42.23187, -71.12581 42.23187, -71.12595 42.23182, -71.12605 42.23176, -71.12616 42.23163, -71.12622 42.23153, -71.12639 42.23137, -71.12661 42.23126, -71.12678 42.23123, -71.127 42.23123, -71.12722 42.23121, -71.12742 42.23118, -71.12753 42.23112, -71.12764 42.23096, -71.12775 42.23078, -71.12796 42.23054, -71.12808 42.23037, -71.12825 42.23018, -71.1285 42.23, -71.12868 42.22988, -71.12875 42.22984, -71.1288 42.2298, -71.12886 42.22972, -71.12889 42.22965, -71.12891 42.22951, -71.12895 42.22932, -71.12907 42.22914, -71.1292 42.22897, -71.12936 42.22886, -71.12946 42.2288, -71.12949 42.22878, -71.12967 42.22875, -71.12996 42.22873, -71.1301 42.22867, -71.13019 42.22859, -71.13027 42.2285, -71.13035 42.22832, -71.13053 42.22809, -71.13066 42.22798, -71.13075 42.22791, -71.13077 42.22793, -71.13084 42.22798, -71.13097 42.22806, -71.13111 42.22816, -71.13121 42.22822, -71.1313 42.22829, -71.13147 42.2284, -71.13151 42.22843, -71.13181 42.22863, -71.13194 42.22872, -71.13219 42.2289, -71.13243 42.22905, -71.13252 42.2291, -71.13263 42.22919, -71.13302 42.22945, -71.13582 42.23134, -71.13666 42.23191, -71.13687 42.23205, -71.1371 42.23221, -71.13805 42.23286, -71.13824 42.23298, -71.13877 42.23334, -71.13924 42.23366)))"
250251402021,"MULTIPOLYGON (((-71.12621 42.24463, -71.12618 42.24488, -71.12614 42.24518, -71.12607 42.24548, -71.12595 42.24585, -71.12584 42.24609, -71.12571 42.24636, -71.12555 42.24665, -71.12541 42.24687, -71.12525 42.24708, -71.12507 42.2473, -71.12484 42.24761, -71.12451 42.24797, -71.12418 42.2483, -71.12412 42.24835, -71.12354 42.24895, -71.12304 42.24947, -71.12244 42.25006, -71.12221 42.24981, -71.12113 42.24875, -71.12023 42.24789, -71.11993 42.24759, -71.11915 42.24685, -71.11894 42.24663, -71.11965 42.24623, -71.11991 42.2461, -71.12035 42.24584, -71.12079 42.24559, -71.12119 42.24536, -71.12205 42.24489, -71.12245 42.24466, -71.12291 42.24441, -71.12323 42.24424, -71.12366 42.24398, -71.12437 42.24359, -71.12497 42.24326, -71.12528 42.24308, -71.12547 42.24297, -71.12581 42.24278, -71.12595 42.24271, -71.12604 42.24269, -71.12623 42.24267, -71.12621 42.24463)))"
250251402022,"MULTIPOLYGON (((-71.12623 42.24267, -71.12604 42.24269, -71.12595 42.24271, -71.12581 42.24278, -71.12547 42.24297, -71.12528 42.24308, -71.12497 42.24326, -71.12437 42.24359, -71.12366 42.24398, -71.12323 42.24424, -71.12291 42.24441, -71.12245 42.24466, -71.12205 42.24489, -71.12119 42.24536, -71.12079 42.24559, -71.12035 42.24584, -71.11991 42.2461, -71.11965 42.24623, -71.11894 42.24663, -71.11841 42.24612, -71.11781 42.24552, -71.11723 42.24491, -71.11685 42.24461, -71.11653 42.24427, -71.11942 42.24276, -71.11964 42.24265, -71.11993 42.2425, -71.12052 42.2422, -71.12139 42.24174, -71.12212 42.24137, -71.12255 42.24114, -71.12567 42.23953, -71.12577 42.23985, -71.12584 42.24009, -71.12591 42.24033, -71.12606 42.24095, -71.12618 42.24162, -71.12624 42.24212, -71.12623 42.24267)))"
250251402023,"MULTIPOLYGON (((-71.11889 42.25316, -71.11879 42.25324, -71.11873 42.2533, -71.1186 42.25345, -71.11857 42.25351, -71.11849 42.25372, -71.11845 42.25382, -71.1184 42.25392, -71.11836 42.25399, -71.11828 42.25405, -71.1182 42.25412, -71.11794 42.25434, -71.11771 42.25452, -71.11734 42.2548, -71.11722 42.25492, -71.11706 42.25505, -71.11613 42.25573, -71.116 42.25584, -71.11586 42.25598, -71.11574 42.25614, -71.1157 42.2562, -71.11558 42.25639, -71.11556 42.25643, -71.11543 42.25666, -71.11542 42.25669, -71.11542 42.25673, -71.11544 42.25683, -71.11546 42.25686, -71.11547 42.25687, -71.11549 42.25691, -71.1155 42.25693, -71.11553 42.257, -71.11552 42.25707, -71.11551 42.2571, -71.11547 42.25716, -71.11523 42.25739, -71.11521 42.25742, -71.11511 42.2575, -71.11477 42.25776, -71.1147 42.25781, -71.11463 42.25785, -71.11439 42.25803, -71.11425 42.25816, -71.11418 42.25823, -71.11415 42.25825, -71.11399 42.25839, -71.11372 42.25859, -71.11343 42.25878, -71.11326 42.25893, -71.11315 42.25883, -71.11312 42.2588, -71.11311 42.25878, -71.11301 42.25869, -71.11295 42.25863, -71.11262 42.25832, -71.11258 42.25828, -71.1125 42.2582, -71.11247 42.25818, -71.11243 42.25815, -71.1124 42.25812, -71.11239 42.25812, -71.11237 42.25808, -71.11139 42.25715, -71.11086 42.25665, -71.11043 42.25625, -71.10973 42.25559, -71.10954 42.25541, -71.10953 42.25476, -71.10952 42.25465, -71.1095 42.25378, -71.10949 42.25333, -71.10947 42.25241, -71.10972 42.25267, -71.10979 42.25273, -71.10993 42.25287, -71.11006 42.253, -71.11037 42.2533, -71.11094 42.25386, -71.11264 42.25293, -71.11344 42.25248, -71.11364 42.25267, -71.11421 42.25233, -71.11518 42.25174, -71.11575 42.25142, -71.11661 42.25095, -71.11745 42.25175, -71.11823 42.25249, -71.11834 42.25259, -71.11872 42.25297, -71.11882 42.25308, -71.11889 42.25316)))"
250251402024,"MULTIPOLYGON (((-71.12288 42.25185, -71.12273 42.2519, -71.12259 42.25194, -71.12222 42.25203, -71.12213 42.25205, -71.12193 42.25207, -71.12159 42.2521, -71.12126 42.25211, -71.12097 42.25212, -71.12087 42.25212, -71.12063 42.25211, -71.12049 42.25213, -71.1204 42.25216, -71.12026 42.2522, -71.12023 42.25223, -71.11997 42.2524, -71.11987 42.25247, -71.1192 42.25293, -71.11906 42.25303, -71.11889 42.25316, -71.11882 42.25308, -71.11872 42.25297, -71.11834 42.25259, -71.11823 42.25249, -71.11745 42.25175, -71.11661 42.25095, -71.11623 42.2506, -71.11584 42.25019, -71.1151 42.24948, -71.11466 42.24908, -71.11383 42.24829, -71.11357 42.24803, -71.11327 42.24775, -71.11295 42.24745, -71.11272 42.24722, -71.11206 42.24659, -71.11216 42.24653, -71.11261 42.2463, -71.11298 42.2461, -71.11327 42.24595, -71.11345 42.24586, -71.11446 42.24534, -71.11456 42.24528, -71.11465 42.24524, -71.11507 42.24502, -71.1152 42.24495, -71.1154 42.24485, -71.11616 42.24446, -71.11641 42.24433, -71.11653 42.24427, -71.11685 42.24461, -71.11723 42.24491, -71.11781 42.24552, -71.11841 42.24612, -71.11894 42.24663, -71.11915 42.24685, -71.11993 42.24759, -71.12023 42.24789, -71.12113 42.24875, -71.12221 42.24981, -71.12244 42.25006, -71.12265 42.25026, -71.12269 42.25029, -71.1227 42.2503, -71.12282 42.25042, -71.12284 42.25048, -71.12283 42.25055, -71.12275 42.25065, -71.12254 42.2509, -71.12245 42.25105, -71.12244 42.25115, -71.12246 42.25124, -71.12253 42.25135, -71.12264 42.2515, -71.12277 42.25169, -71.12288 42.25185)))"
250251402025,"MULTIPOLYGON (((-71.11661 42.25095, -71.11575 42.25142, -71.11518 42.25174, -71.11421 42.25233, -71.11364 42.25267, -71.11344 42.25248, -71.11264 42.25293, -71.11094 42.25386, -71.11037 42.2533, -71.11006 42.253, -71.10993 42.25287, -71.10979 42.25273, -71.10972 42.25267, -71.10947 42.25241, -71.10946 42.25211, -71.10943 42.25101, -71.10941 42.25023, -71.10938 42.24912, -71.10936 42.24855, -71.10936 42.24839, -71.10935 42.24804, -71.10935 42.24799, -71.10993 42.24768, -71.11029 42.2475, -71.11094 42.24718, -71.11178 42.24673, -71.11206 42.24659, -71.11272 42.24722, -71.11295 42.24745, -71.11327 42.24775, -71.11357 42.24803, -71.11383 42.24829, -71.11466 42.24908, -71.1151 42.24948, -71.11584 42.25019, -71.11623 42.2506, -71.11661 42.25095)))"
250251403001,"MULTIPOLYGON (((-71.12158 42.256, -71.12137 42.25603, -71.12123 42.25653, -71.12116 42.25686, -71.12097 42.25759, -71.12092 42.25774, -71.1209 42.25787, -71.12088 42.25795, -71.1209 42.25805, -71.12092 42.25806, -71.12107 42.25814, -71.12122 42.25821, -71.1208 42.25875, -71.12056 42.25906, -71.12038 42.25929, -71.1201 42.25968, -71.11998 42.25984, -71.11984 42.26013, -71.11979 42.26022, -71.11961 42.26008, -71.11894 42.25953, -71.11875 42.25934, -71.11828 42.25897, -71.118 42.25873, -71.11776 42.25854, -71.11762 42.25843, -71.11748 42.25835, -71.11719 42.25821, -71.11691 42.25806, -71.11641 42.25783, -71.1156 42.25744, -71.11543 42.25786, -71.11525 42.25817, -71.11512 42.25843, -71.1151 42.25856, -71.11439 42.25823, -71.11425 42.25816, -71.11439 42.25803, -71.11463 42.25785, -71.1147 42.25781, -71.11477 42.25776, -71.11511 42.2575, -71.11521 42.25742, -71.11523 42.25739, -71.11547 42.25716, -71.11551 42.2571, -71.11552 42.25707, -71.11553 42.257, -71.1155 42.25693, -71.11549 42.25691, -71.11547 42.25687, -71.11546 42.25686, -71.11544 42.25683, -71.11542 42.25673, -71.11542 42.25669, -71.11543 42.25666, -71.11556 42.25643, -71.11558 42.25639, -71.1157 42.2562, -71.11574 42.25614, -71.11586 42.25598, -71.116 42.25584, -71.11613 42.25573, -71.11706 42.25505, -71.11722 42.25492, -71.11734 42.2548, -71.11771 42.25452, -71.11794 42.25434, -71.1182 42.25412, -71.11828 42.25405, -71.11836 42.25399, -71.1184 42.25392, -71.11845 42.25382, -71.11849 42.25372, -71.11857 42.25351, -71.1186 42.25345, -71.11873 42.2533, -71.11879 42.25324, -71.11889 42.25316, -71.11892 42.25319, -71.11898 42.25324, -71.119 42.25326, -71.11904 42.25329, -71.11918 42.25343, -71.11925 42.2535, -71.11931 42.25358, -71.11937 42.25366, -71.11938 42.25368, -71.1195 42.2538, -71.11958 42.25389, -71.11967 42.25403, -71.11976 42.25416, -71.1199 42.25438, -71.12008 42.25473, -71.12019 42.25491, -71.12028 42.25502, -71.12032 42.25507, -71.12104 42.25567, -71.12126 42.25587, -71.12138 42.25594, -71.12158 42.256)))"
250251403002,"MULTIPOLYGON (((-71.12506 42.25624, -71.12486 42.25676, -71.12471 42.25723, -71.12449 42.25806, -71.1243 42.25901, -71.12391 42.26055, -71.12382 42.26113, -71.12371 42.26167, -71.12356 42.26221, -71.12337 42.26325, -71.12331 42.26351, -71.12297 42.26335, -71.1229 42.26329, -71.12204 42.26292, -71.1216 42.26276, -71.12081 42.26248, -71.12042 42.26235, -71.11997 42.26222, -71.1197 42.26214, -71.11948 42.26208, -71.11896 42.26192, -71.11927 42.26134, -71.1196 42.26059, -71.11979 42.26022, -71.11984 42.26013, -71.11998 42.25984, -71.1201 42.25968, -71.12038 42.25929, -71.12056 42.25906, -71.1208 42.25875, -71.12122 42.25821, -71.12107 42.25814, -71.12092 42.25806, -71.1209 42.25805, -71.12088 42.25795, -71.1209 42.25787, -71.12092 42.25774, -71.12097 42.25759, -71.12116 42.25686, -71.12123 42.25653, -71.12137 42.25603, -71.12158 42.256, -71.12173 42.25602, -71.12211 42.25603, -71.12221 42.25602, -71.12289 42.25596, -71.12376 42.25585, -71.12413 42.25582, -71.12531 42.25565, -71.12506 42.25624)))"
250251403003,"MULTIPOLYGON (((-71.13012 42.25117, -71.1296 42.25147, -71.12882 42.25191, -71.1286 42.25204, -71.12853 42.25208, -71.12837 42.2522, -71.12822 42.25234, -71.12805 42.25253, -71.12786 42.25274, -71.12773 42.25292, -71.12754 42.25329, -71.12742 42.25348, -71.12733 42.25365, -71.12716 42.25383, -71.12681 42.25413, -71.12672 42.25419, -71.12665 42.25424, -71.12639 42.2544, -71.12614 42.25456, -71.12602 42.25467, -71.12588 42.25484, -71.12581 42.25501, -71.12578 42.25517, -71.12564 42.25546, -71.12559 42.25561, -71.12531 42.25565, -71.12413 42.25582, -71.12376 42.25585, -71.12289 42.25596, -71.12221 42.25602, -71.12211 42.25603, -71.12173 42.25602, -71.12158 42.256, -71.12138 42.25594, -71.12126 42.25587, -71.12104 42.25567, -71.12032 42.25507, -71.12028 42.25502, -71.12019 42.25491, -71.12008 42.25473, -71.1199 42.25438, -71.11976 42.25416, -71.11967 42.25403, -71.11958 42.25389, -71.1195 42.2538, -71.11938 42.25368, -71.11937 42.25366, -71.11931 42.25358, -71.11925 42.2535, -71.11918 42.25343, -71.11904 42.25329, -71.119 42.25326, -71.11898 42.25324, -71.11892 42.25319, -71.11889 42.25316, -71.11906 42.25303, -71.1192 42.25293, -71.11987 42.25247, -71.11997 42.2524, -71.12023 42.25223, -71.12026 42.2522, -71.1204 42.25216, -71.12049 42.25213, -71.12063 42.25211, -71.12087 42.25212, -71.12097 42.25212, -71.12126 42.25211, -71.12159 42.2521, -71.12193 42.25207, -71.12213 42.25205, -71.12222 42.25203, -71.12259 42.25194, -71.12273 42.2519, -71.12288 42.25185, -71.12321 42.25173, -71.12331 42.25169, -71.12332 42.25161, -71.12333 42.25155, -71.12336 42.25148, -71.1234 42.25134, -71.12349 42.25095, -71.12355 42.25082, -71.1236 42.25072, -71.12371 42.25048, -71.12376 42.25038, -71.12382 42.25028, -71.12392 42.2502, -71.12402 42.25012, -71.12406 42.2501, -71.12414 42.25006, -71.12447 42.24999, -71.12451 42.24997, -71.12452 42.24996, -71.12464 42.24987, -71.12468 42.2498, -71.12473 42.2497, -71.12476 42.2496, -71.12477 42.24932, -71.12477 42.2491, -71.12481 42.24892, -71.12487 42.24875, -71.12488 42.24871, -71.12491 42.24865, -71.12491 42.24864, -71.12495 42.24858, -71.125 42.24852, -71.12508 42.24839, -71.12541 42.24804, -71.12551 42.24795, -71.12558 42.24798, -71.1258 42.24808, -71.12638 42.24832, -71.12693 42.24856, -71.12737 42.24872, -71.12778 42.24889, -71.12828 42.24909, -71.12843 42.24917, -71.12899 42.24799, -71.12903 42.248, -71.1291 42.24803, -71.12935 42.24813, -71.12951 42.24821, -71.12956 42.24825, -71.12958 42.2483, -71.12957 42.24837, -71.12945 42.24862, -71.12917 42.24921, -71.129 42.24955, -71.12897 42.24964, -71.12897 42.24972, -71.129 42.24982, -71.1291 42.24997, -71.12949 42.25042, -71.12954 42.25048, -71.12959 42.25054, -71.12965 42.25062, -71.13012 42.25117)))"
250251403004,"MULTIPOLYGON (((-71.11827 42.2666, -71.11809 42.26665, -71.11756 42.26678, -71.11687 42.26697, -71.11643 42.26711, -71.11589 42.26729, -71.11539 42.26747, -71.11485 42.26767, -71.11368 42.2681, -71.11283 42.26842, -71.11239 42.26856, -71.11134 42.26895, -71.111 42.26904, -71.11149 42.26796, -71.11163 42.26761, -71.11165 42.26748, -71.11162 42.26736, -71.11144 42.26703, -71.11113 42.26655, -71.11083 42.26606, -71.11169 42.26576, -71.11253 42.26552, -71.1133 42.26526, -71.11413 42.26499, -71.115 42.26473, -71.11549 42.26459, -71.1163 42.26439, -71.11689 42.26427, -71.11745 42.26414, -71.11788 42.26402, -71.11788 42.26417, -71.11794 42.2643, -71.11803 42.26435, -71.118 42.26458, -71.11803 42.26478, -71.11812 42.26544, -71.11825 42.26637, -71.11827 42.2666)))"
250251403005,"MULTIPOLYGON (((-71.11979 42.26022, -71.1196 42.26059, -71.11927 42.26134, -71.11896 42.26192, -71.11837 42.26322, -71.11819 42.26357, -71.11804 42.26391, -71.11797 42.26392, -71.11792 42.26397, -71.11788 42.26402, -71.11776 42.26376, -71.11752 42.26338, -71.11712 42.26269, -71.11652 42.26178, -71.11584 42.26064, -71.11567 42.26042, -71.11513 42.26068, -71.11478 42.26082, -71.11436 42.26097, -71.11434 42.26098, -71.11388 42.26109, -71.11358 42.26114, -71.11312 42.26118, -71.11258 42.26128, -71.11212 42.26137, -71.11174 42.26147, -71.11125 42.26159, -71.11062 42.26174, -71.10996 42.26189, -71.10946 42.262, -71.1092 42.26208, -71.10889 42.26224, -71.10864 42.26241, -71.10842 42.26259, -71.10832 42.26267, -71.10816 42.26278, -71.10777 42.26297, -71.10774 42.26297, -71.10726 42.26229, -71.1069 42.26193, -71.10732 42.2617, -71.10773 42.26148, -71.10809 42.2613, -71.10827 42.26119, -71.10836 42.26114, -71.10839 42.26113, -71.10841 42.26112, -71.10847 42.26117, -71.10868 42.26126, -71.10895 42.2613, -71.10915 42.26129, -71.10923 42.26128, -71.10928 42.26128, -71.10951 42.26127, -71.10961 42.26127, -71.10985 42.26123, -71.10999 42.2612, -71.11008 42.26119, -71.11022 42.26116, -71.11033 42.26113, -71.11047 42.26112, -71.11075 42.26104, -71.1111 42.26092, -71.11146 42.26077, -71.11166 42.26063, -71.11187 42.26041, -71.11214 42.26004, -71.11235 42.25984, -71.11256 42.25962, -71.11276 42.25946, -71.11301 42.25926, -71.11328 42.25903, -71.11333 42.25899, -71.11326 42.25893, -71.11343 42.25878, -71.11372 42.25859, -71.11399 42.25839, -71.11415 42.25825, -71.11418 42.25823, -71.11425 42.25816, -71.11439 42.25823, -71.1151 42.25856, -71.11512 42.25843, -71.11525 42.25817, -71.11543 42.25786, -71.1156 42.25744, -71.11641 42.25783, -71.11691 42.25806, -71.11719 42.25821, -71.11748 42.25835, -71.11762 42.25843, -71.11776 42.25854, -71.118 42.25873, -71.11828 42.25897, -71.11875 42.25934, -71.11894 42.25953, -71.11961 42.26008, -71.11979 42.26022)))"
250251403006,"MULTIPOLYGON (((-71.11788 42.26402, -71.11745 42.26414, -71.11689 42.26427, -71.1163 42.26439, -71.11549 42.26459, -71.115 42.26473, -71.11413 42.26499, -71.1133 42.26526, -71.11253 42.26552, -71.11169 42.26576, -71.11083 42.26606, -71.11071 42.2659, -71.11033 42.26537, -71.11014 42.26508, -71.10986 42.26466, -71.10959 42.26427, -71.10949 42.2641, -71.10924 42.26376, -71.10885 42.26319, -71.10864 42.26288, -71.10842 42.26259, -71.10864 42.26241, -71.10889 42.26224, -71.1092 42.26208, -71.10946 42.262, -71.10996 42.26189, -71.11062 42.26174, -71.11125 42.26159, -71.11174 42.26147, -71.11212 42.26137, -71.11258 42.26128, -71.11312 42.26118, -71.11358 42.26114, -71.11388 42.26109, -71.11434 42.26098, -71.11436 42.26097, -71.11478 42.26082, -71.11513 42.26068, -71.11567 42.26042, -71.11584 42.26064, -71.11652 42.26178, -71.11712 42.26269, -71.11752 42.26338, -71.11776 42.26376, -71.11788 42.26402)))"
250251404001,"MULTIPOLYGON (((-71.10461 42.26357, -71.10421 42.26394, -71.10387 42.26426, -71.10334 42.26478, -71.10284 42.26525, -71.1024 42.2657, -71.10171 42.26639, -71.10159 42.2665, -71.10124 42.26683, -71.10086 42.26646, -71.10054 42.26615, -71.10028 42.26594, -71.10014 42.26583, -71.09962 42.2655, -71.09936 42.26532, -71.09913 42.26513, -71.0994 42.26499, -71.09968 42.26484, -71.10002 42.26464, -71.10035 42.26446, -71.10044 42.2644, -71.10087 42.26415, -71.10105 42.26405, -71.10135 42.26389, -71.10179 42.26371, -71.10192 42.26367, -71.10213 42.26362, -71.10225 42.26361, -71.10232 42.2636, -71.10265 42.2636, -71.10366 42.2636, -71.10394 42.26359, -71.10444 42.26358, -71.10461 42.26357)))"
250251404002,"MULTIPOLYGON (((-71.10757 42.26583, -71.10754 42.26591, -71.10702 42.2664, -71.10666 42.26675, -71.10646 42.26693, -71.10624 42.26714, -71.10611 42.26735, -71.10595 42.26765, -71.10569 42.26804, -71.10532 42.26842, -71.10496 42.26875, -71.10473 42.26898, -71.10461 42.26915, -71.10452 42.26929, -71.10437 42.26953, -71.10411 42.2693, -71.10376 42.269, -71.10358 42.26884, -71.10318 42.2685, -71.10291 42.26826, -71.10254 42.26796, -71.1024 42.26782, -71.10191 42.26739, -71.10162 42.26713, -71.10142 42.26698, -71.10133 42.26691, -71.10124 42.26683, -71.10159 42.2665, -71.10171 42.26639, -71.1024 42.2657, -71.10284 42.26525, -71.10334 42.26478, -71.10387 42.26426, -71.10421 42.26394, -71.10461 42.26357, -71.10468 42.26359, -71.10486 42.26359, -71.10526 42.26356, -71.10532 42.26355, -71.10606 42.26349, -71.10628 42.26345, -71.10649 42.26341, -71.10683 42.26415, -71.10716 42.26489, -71.10745 42.26553, -71.1075 42.26564, -71.10756 42.26575, -71.10757 42.26583)))"
250251404003,"MULTIPOLYGON (((-71.10839 42.26113, -71.10836 42.26114, -71.10827 42.26119, -71.10809 42.2613, -71.10773 42.26148, -71.10732 42.2617, -71.1069 42.26193, -71.10726 42.26229, -71.10774 42.26297, -71.10754 42.26305, -71.10728 42.26316, -71.10681 42.26333, -71.10649 42.26341, -71.10628 42.26345, -71.10606 42.26349, -71.10532 42.26355, -71.10526 42.26356, -71.10486 42.26359, -71.10468 42.26359, -71.10461 42.26357, -71.10444 42.26358, -71.10394 42.26359, -71.10366 42.2636, -71.10265 42.2636, -71.10232 42.2636, -71.10225 42.26361, -71.10213 42.26362, -71.10192 42.26367, -71.10179 42.26371, -71.10135 42.26389, -71.10105 42.26405, -71.10087 42.26415, -71.10044 42.2644, -71.10035 42.26446, -71.10002 42.26464, -71.09968 42.26484, -71.09914 42.2643, -71.09847 42.2636, -71.09804 42.26317, -71.09791 42.26291, -71.0979 42.26288, -71.09821 42.26278, -71.0985 42.26272, -71.09886 42.26259, -71.09912 42.26237, -71.09957 42.26196, -71.0998 42.26177, -71.10024 42.26143, -71.10073 42.26107, -71.10106 42.26084, -71.10129 42.26067, -71.10131 42.26067, -71.10135 42.26064, -71.10142 42.2606, -71.10146 42.26058, -71.10185 42.26038, -71.10215 42.26019, -71.10228 42.2601, -71.10241 42.26002, -71.10269 42.25988, -71.103 42.25979, -71.10314 42.25975, -71.10328 42.25973, -71.10338 42.25972, -71.10343 42.25973, -71.10361 42.25972, -71.10367 42.25972, -71.10374 42.25973, -71.10383 42.25976, -71.10387 42.25976, -71.10393 42.25978, -71.10396 42.25981, -71.10406 42.25986, -71.10419 42.25999, -71.10438 42.2602, -71.10454 42.26047, -71.10476 42.26066, -71.105 42.2608, -71.10526 42.26086, -71.10554 42.26087, -71.10559 42.26086, -71.10563 42.26086, -71.10566 42.26086, -71.10574 42.26086, -71.10577 42.26086, -71.10579 42.26086, -71.10589 42.26086, -71.10608 42.26084, -71.10633 42.2608, -71.10674 42.26072, -71.10703 42.26068, -71.10746 42.26065, -71.10761 42.26067, -71.10793 42.26079, -71.10813 42.26088, -71.10834 42.26106, -71.10841 42.26112, -71.10839 42.26113)))"
250251404004,"MULTIPOLYGON (((-71.11162 42.26736, -71.1109 42.26755, -71.11 42.26785, -71.10916 42.26811, -71.10861 42.26781, -71.10839 42.26803, -71.10819 42.26823, -71.10737 42.26777, -71.10624 42.26714, -71.10646 42.26693, -71.10666 42.26675, -71.10702 42.2664, -71.10754 42.26591, -71.10757 42.26583, -71.10756 42.26575, -71.1075 42.26564, -71.10745 42.26553, -71.10716 42.26489, -71.10683 42.26415, -71.10649 42.26341, -71.10681 42.26333, -71.10728 42.26316, -71.10754 42.26305, -71.10774 42.26297, -71.10777 42.26297, -71.10816 42.26278, -71.10832 42.26267, -71.10842 42.26259, -71.10864 42.26288, -71.10885 42.26319, -71.10924 42.26376, -71.10949 42.2641, -71.10959 42.26427, -71.10986 42.26466, -71.11014 42.26508, -71.11033 42.26537, -71.11071 42.2659, -71.11083 42.26606, -71.11113 42.26655, -71.11144 42.26703, -71.11162 42.26736)))"
250251404005,"MULTIPOLYGON (((-71.11163 42.26761, -71.11149 42.26796, -71.111 42.26904, -71.1109 42.26924, -71.11066 42.26959, -71.11057 42.26976, -71.11034 42.27013, -71.11024 42.27032, -71.11019 42.27047, -71.11017 42.27059, -71.11016 42.2707, -71.11023 42.27093, -71.11038 42.27164, -71.11046 42.27209, -71.11043 42.27215, -71.11027 42.27244, -71.10995 42.27296, -71.10946 42.2739, -71.10919 42.27436, -71.10864 42.27372, -71.10841 42.27351, -71.10803 42.27311, -71.10764 42.2727, -71.10718 42.2722, -71.10689 42.27197, -71.1067 42.27185, -71.10656 42.27177, -71.10631 42.27168, -71.10588 42.27157, -71.10508 42.2714, -71.10473 42.27133, -71.10336 42.271, -71.10359 42.27062, -71.10386 42.27024, -71.10402 42.27003, -71.10417 42.26986, -71.10437 42.26953, -71.10452 42.26929, -71.10461 42.26915, -71.10473 42.26898, -71.10496 42.26875, -71.10532 42.26842, -71.10569 42.26804, -71.10595 42.26765, -71.10611 42.26735, -71.10624 42.26714, -71.10737 42.26777, -71.10819 42.26823, -71.10839 42.26803, -71.10861 42.26781, -71.10916 42.26811, -71.11 42.26785, -71.1109 42.26755, -71.11162 42.26736, -71.11165 42.26748, -71.11163 42.26761)))"
250251404006,"MULTIPOLYGON (((-71.12061 42.27028, -71.11986 42.27053, -71.11917 42.27074, -71.11917 42.27088, -71.11919 42.27101, -71.11919 42.27118, -71.11916 42.27149, -71.11909 42.27249, -71.11907 42.27259, -71.11902 42.2732, -71.11816 42.27313, -71.11804 42.27317, -71.11798 42.27322, -71.11788 42.274, -71.11784 42.27412, -71.11769 42.27451, -71.11759 42.27475, -71.11748 42.27496, -71.11733 42.27518, -71.11725 42.27537, -71.11719 42.27555, -71.11719 42.27569, -71.11721 42.27587, -71.11732 42.27663, -71.11626 42.27706, -71.11598 42.27716, -71.11585 42.2772, -71.11573 42.2773, -71.11577 42.27748, -71.11585 42.27764, -71.11597 42.27785, -71.11617 42.2781, -71.11638 42.27834, -71.1165 42.27851, -71.11659 42.27873, -71.11663 42.279, -71.11638 42.27886, -71.11534 42.27804, -71.11453 42.27737, -71.11419 42.2771, -71.11379 42.27686, -71.11323 42.27658, -71.1128 42.27636, -71.11274 42.27632, -71.11249 42.2762, -71.11186 42.27588, -71.11133 42.27562, -71.11126 42.27558, -71.11082 42.27535, -71.11037 42.27506, -71.10981 42.27477, -71.10964 42.27467, -71.10948 42.27458, -71.10932 42.27446, -71.10919 42.27436, -71.10946 42.2739, -71.10995 42.27296, -71.11027 42.27244, -71.11043 42.27215, -71.11046 42.27209, -71.11038 42.27164, -71.11023 42.27093, -71.11016 42.2707, -71.11017 42.27059, -71.11019 42.27047, -71.11024 42.27032, -71.11034 42.27013, -71.11057 42.26976, -71.11066 42.26959, -71.1109 42.26924, -71.111 42.26904, -71.11134 42.26895, -71.11239 42.26856, -71.11283 42.26842, -71.11368 42.2681, -71.11485 42.26767, -71.11539 42.26747, -71.11589 42.26729, -71.11643 42.26711, -71.11687 42.26697, -71.11756 42.26678, -71.11809 42.26665, -71.11827 42.2666, -71.11839 42.26684, -71.1189 42.26764, -71.11952 42.26866, -71.12 42.26941, -71.12025 42.26981, -71.12061 42.27028)))"
250251404007,"MULTIPOLYGON (((-71.12491 42.2727, -71.12445 42.273, -71.12357 42.27354, -71.12367 42.27382, -71.12243 42.27379, -71.12146 42.27378, -71.12133 42.2738, -71.12129 42.27382, -71.12125 42.27395, -71.12124 42.2741, -71.12124 42.27422, -71.12132 42.27438, -71.12144 42.27464, -71.12099 42.27565, -71.12087 42.27587, -71.12081 42.27606, -71.12064 42.2769, -71.12035 42.27819, -71.1203 42.27842, -71.12029 42.27855, -71.1203 42.27865, -71.12038 42.27878, -71.12002 42.27882, -71.11999 42.27882, -71.11994 42.27882, -71.11969 42.27877, -71.11933 42.27866, -71.11918 42.27864, -71.11941 42.27743, -71.11953 42.27687, -71.11896 42.27662, -71.11852 42.27642, -71.11778 42.27609, -71.11721 42.27587, -71.11719 42.27569, -71.11719 42.27555, -71.11725 42.27537, -71.11733 42.27518, -71.11748 42.27496, -71.11759 42.27475, -71.11769 42.27451, -71.11784 42.27412, -71.11788 42.274, -71.11798 42.27322, -71.11804 42.27317, -71.11816 42.27313, -71.11902 42.2732, -71.11907 42.27259, -71.11909 42.27249, -71.11916 42.27149, -71.11919 42.27118, -71.11919 42.27101, -71.11917 42.27088, -71.11917 42.27074, -71.11986 42.27053, -71.12061 42.27028, -71.12078 42.27041, -71.121 42.27055, -71.12118 42.27068, -71.12135 42.27059, -71.12141 42.27045, -71.12144 42.27039, -71.12178 42.27068, -71.12216 42.27104, -71.12297 42.27122, -71.12336 42.27131, -71.12349 42.27135, -71.12359 42.27142, -71.12371 42.27152, -71.12415 42.27195, -71.12467 42.27246, -71.1248 42.27258, -71.12491 42.2727)))"
250251601021,"MULTIPOLYGON (((-71.03215 42.39388, -71.03168 42.39414, -71.03105 42.3945, -71.03038 42.39488, -71.03002 42.3948, -71.02942 42.39458, -71.02892 42.39437, -71.02852 42.39416, -71.02814 42.39393, -71.02793 42.39381, -71.02743 42.39349, -71.02699 42.39315, -71.02618 42.39238, -71.02652 42.39245, -71.02715 42.39258, -71.02839 42.39282, -71.02907 42.39299, -71.02992 42.39324, -71.03056 42.39342, -71.03113 42.39359, -71.03168 42.39375, -71.03215 42.39388)))"
250251601022,"MULTIPOLYGON (((-71.03272 42.39355, -71.03239 42.39374, -71.03215 42.39388, -71.03168 42.39375, -71.03113 42.39359, -71.03056 42.39342, -71.02992 42.39324, -71.02907 42.39299, -71.02839 42.39282, -71.02715 42.39258, -71.02652 42.39245, -71.02618 42.39238, -71.02549 42.39134, -71.02588 42.39139, -71.02661 42.39151, -71.02754 42.39169, -71.02822 42.39182, -71.02881 42.39193, -71.0297 42.39218, -71.03172 42.39274, -71.03252 42.39298, -71.03295 42.3931, -71.03272 42.39355)))"
250251601023,"MULTIPOLYGON (((-71.03295 42.3931, -71.03252 42.39298, -71.03172 42.39274, -71.0297 42.39218, -71.02881 42.39193, -71.02888 42.3918, -71.02904 42.39144, -71.02911 42.39123, -71.02934 42.39066, -71.02985 42.39079, -71.03058 42.391, -71.03199 42.3914, -71.03263 42.39159, -71.0323 42.39222, -71.03325 42.39247, -71.03295 42.3931)))"
250251601024,"MULTIPOLYGON (((-71.02911 42.39123, -71.02904 42.39144, -71.02888 42.3918, -71.02881 42.39193, -71.02822 42.39182, -71.02754 42.39169, -71.02661 42.39151, -71.02588 42.39139, -71.02549 42.39134, -71.025 42.39053, -71.02452 42.39044, -71.02395 42.39032, -71.02288 42.39014, -71.02309 42.38947, -71.02389 42.38964, -71.02454 42.38975, -71.02538 42.38991, -71.02634 42.39009, -71.02762 42.39033, -71.0287 42.39053, -71.02934 42.39066, -71.02911 42.39123)))"
250251601031,"MULTIPOLYGON (((-71.03354 42.38988, -71.03336 42.39023, -71.03315 42.39064, -71.03288 42.39111, -71.03263 42.39159, -71.03199 42.3914, -71.03058 42.391, -71.02985 42.39079, -71.02934 42.39066, -71.02957 42.39018, -71.02984 42.38957, -71.03011 42.38896, -71.03023 42.38868, -71.03037 42.38834, -71.03129 42.3886, -71.03199 42.38878, -71.03373 42.38927, -71.03354 42.38988)))"
250251601032,"MULTIPOLYGON (((-71.03442 42.3871, -71.03434 42.38734, -71.03414 42.38793, -71.03393 42.38865, -71.03373 42.38927, -71.03199 42.38878, -71.03129 42.3886, -71.03037 42.38834, -71.03064 42.38773, -71.03075 42.38744, -71.03104 42.38683, -71.0313 42.38623, -71.03255 42.38642, -71.03456 42.38672, -71.03442 42.3871)))"
250251601033,"MULTIPOLYGON (((-71.02957 42.39018, -71.02934 42.39066, -71.0287 42.39053, -71.02762 42.39033, -71.02634 42.39009, -71.02538 42.38991, -71.02454 42.38975, -71.02389 42.38964, -71.02309 42.38947, -71.02343 42.38833, -71.02348 42.38817, -71.02363 42.38772, -71.0259 42.38814, -71.02699 42.38836, -71.02677 42.38898, -71.02791 42.38921, -71.02896 42.38941, -71.02984 42.38957, -71.02957 42.39018)))"
250251601034,"MULTIPOLYGON (((-71.03184 42.38522, -71.0315 42.38617, -71.0313 42.38623, -71.03104 42.38683, -71.03075 42.38744, -71.03064 42.38773, -71.03037 42.38834, -71.03023 42.38868, -71.03011 42.38896, -71.02984 42.38957, -71.02896 42.38941, -71.02791 42.38921, -71.02677 42.38898, -71.02699 42.38836, -71.0259 42.38814, -71.02363 42.38772, -71.02304 42.38683, -71.02297 42.38672, -71.02269 42.3863, -71.02267 42.38627, -71.02421 42.38559, -71.02771 42.38404, -71.03199 42.3846, -71.03184 42.38522)))"
250251602001,"MULTIPOLYGON (((-71.03597 42.39172, -71.03428 42.39269, -71.0341 42.39276, -71.0337 42.39303, -71.03333 42.3932, -71.03328 42.39323, -71.03272 42.39355, -71.03295 42.3931, -71.03325 42.39247, -71.0323 42.39222, -71.03263 42.39159, -71.03288 42.39111, -71.03315 42.39064, -71.03336 42.39023, -71.03354 42.38988, -71.0345 42.39016, -71.035 42.39029, -71.03538 42.39037, -71.0352 42.39074, -71.03508 42.39095, -71.03501 42.39112, -71.03514 42.3911, -71.0352 42.39108, -71.03526 42.39104, -71.03561 42.39137, -71.03597 42.39172)))"
250251602002,"MULTIPOLYGON (((-71.03759 42.3908, -71.03597 42.39172, -71.03561 42.39137, -71.03526 42.39104, -71.0352 42.39108, -71.03514 42.3911, -71.03501 42.39112, -71.03508 42.39095, -71.0352 42.39074, -71.03538 42.39037, -71.035 42.39029, -71.0345 42.39016, -71.03354 42.38988, -71.03373 42.38927, -71.03393 42.38865, -71.03475 42.38887, -71.0353 42.38906, -71.03608 42.38959, -71.03643 42.38981, -71.03653 42.38988, -71.03657 42.38991, -71.03674 42.39005, -71.03686 42.39012, -71.03721 42.39044, -71.03759 42.3908)))"
250251602003,"MULTIPOLYGON (((-71.03734 42.38803, -71.03706 42.3884, -71.03666 42.38891, -71.03655 42.38904, -71.03608 42.38959, -71.0353 42.38906, -71.03475 42.38887, -71.03393 42.38865, -71.03414 42.38793, -71.03434 42.38734, -71.03442 42.3871, -71.03456 42.38672, -71.03486 42.38677, -71.03506 42.38679, -71.03519 42.38682, -71.03528 42.38687, -71.03576 42.38709, -71.03594 42.38716, -71.03661 42.38747, -71.03723 42.38776, -71.03748 42.38783, -71.03734 42.38803)))"
250251602004,"MULTIPOLYGON (((-71.03947 42.38877, -71.03897 42.38945, -71.03897 42.38959, -71.03902 42.3897, -71.03923 42.38991, -71.03895 42.39006, -71.03826 42.39044, -71.03759 42.3908, -71.03721 42.39044, -71.03686 42.39012, -71.03674 42.39005, -71.03657 42.38991, -71.03653 42.38988, -71.03643 42.38981, -71.03608 42.38959, -71.03655 42.38904, -71.03666 42.38891, -71.03706 42.3884, -71.03734 42.38803, -71.03748 42.38783, -71.03815 42.38786, -71.03873 42.38789, -71.03908 42.388, -71.03921 42.38805, -71.03927 42.38807, -71.03982 42.38827, -71.03947 42.38877)))"
250251603001,"MULTIPOLYGON (((-71.04724 42.38534, -71.04618 42.38639, -71.04586 42.38671, -71.04574 42.38685, -71.04571 42.38689, -71.04566 42.38687, -71.04552 42.38681, -71.04529 42.38697, -71.04384 42.3876, -71.04364 42.38769, -71.0431 42.38791, -71.0427 42.38808, -71.04245 42.38819, -71.04191 42.38844, -71.04142 42.38865, -71.04084 42.38895, -71.04062 42.38907, -71.04008 42.3894, -71.03923 42.38991, -71.03902 42.3897, -71.03897 42.38959, -71.03897 42.38945, -71.03947 42.38877, -71.03982 42.38827, -71.03927 42.38807, -71.03921 42.38805, -71.03908 42.388, -71.03873 42.38789, -71.03815 42.38786, -71.03748 42.38783, -71.03723 42.38776, -71.03661 42.38747, -71.03594 42.38716, -71.03576 42.38709, -71.03528 42.38687, -71.03519 42.38682, -71.03506 42.38679, -71.03486 42.38677, -71.03456 42.38672, -71.03255 42.38642, -71.0313 42.38623, -71.0315 42.38617, -71.03184 42.38522, -71.03199 42.3846, -71.03323 42.38491, -71.03498 42.38588, -71.03607 42.38609, -71.03836 42.38653, -71.03881 42.38681, -71.03887 42.38681, -71.03892 42.38681, -71.03897 42.38681, -71.03908 42.3868, -71.03913 42.38681, -71.03926 42.38683, -71.03932 42.38685, -71.03935 42.38685, -71.03938 42.38685, -71.03943 42.38686, -71.03947 42.38686, -71.03951 42.38685, -71.04326 42.38359, -71.0443 42.38321, -71.04708 42.3851, -71.04728 42.38528, -71.04724 42.38534)))"
250251603002,"MULTIPOLYGON (((-71.05512 42.38729, -71.05485 42.38757, -71.05458 42.38786, -71.0544 42.38805, -71.05382 42.38867, -71.05294 42.3896, -71.05207 42.39053, -71.05149 42.39115, -71.05135 42.3913, -71.05115 42.39151, -71.05094 42.39173, -71.05081 42.39188, -71.0507 42.392, -71.05061 42.39217, -71.05016 42.39315, -71.05 42.39347, -71.04937 42.39363, -71.04934 42.39349, -71.04913 42.39313, -71.04824 42.39325, -71.0483 42.39308, -71.04831 42.39294, -71.0482 42.39284, -71.04797 42.39269, -71.04749 42.39248, -71.04678 42.39219, -71.04653 42.39203, -71.04615 42.39203, -71.04573 42.39201, -71.04548 42.39202, -71.04518 42.39208, -71.04493 42.39216, -71.04477 42.39225, -71.04467 42.39229, -71.04448 42.39243, -71.04367 42.39166, -71.04335 42.39134, -71.04377 42.39114, -71.04381 42.39112, -71.04421 42.39086, -71.04388 42.39053, -71.04346 42.39012, -71.04313 42.38981, -71.04284 42.38955, -71.04281 42.38951, -71.04279 42.3895, -71.04273 42.38943, -71.04272 42.38941, -71.04258 42.38927, -71.04254 42.38923, -71.04239 42.38902, -71.04226 42.38886, -71.04191 42.38844, -71.04245 42.38819, -71.0427 42.38808, -71.0431 42.38791, -71.04364 42.38769, -71.04384 42.3876, -71.04529 42.38697, -71.04552 42.38681, -71.04566 42.38687, -71.04571 42.38689, -71.04574 42.38685, -71.04586 42.38671, -71.04618 42.38639, -71.04724 42.38534, -71.04728 42.38528, -71.04733 42.3853, -71.04819 42.38569, -71.0553 42.3871, -71.05512 42.38729)))"
250251604001,"MULTIPOLYGON (((-71.04273 42.38943, -71.04235 42.38969, -71.04221 42.38978, -71.04191 42.38996, -71.04139 42.39028, -71.04031 42.3909, -71.03869 42.39184, -71.03862 42.39187, -71.03796 42.39226, -71.0375 42.39251, -71.03728 42.39263, -71.03705 42.39276, -71.03704 42.39274, -71.03722 42.39263, -71.03737 42.39255, -71.03708 42.39259, -71.03685 42.39258, -71.0367 42.39243, -71.03637 42.39211, -71.03597 42.39172, -71.03759 42.3908, -71.03826 42.39044, -71.03895 42.39006, -71.03923 42.38991, -71.04008 42.3894, -71.04062 42.38907, -71.04084 42.38895, -71.04142 42.38865, -71.04191 42.38844, -71.04226 42.38886, -71.04239 42.38902, -71.04254 42.38923, -71.04258 42.38927, -71.04272 42.38941, -71.04273 42.38943)))"
250251604002,"MULTIPOLYGON (((-71.05335 42.39584, -71.05334 42.39595, -71.0533 42.39618, -71.05322 42.39641, -71.05316 42.39652, -71.05303 42.39674, -71.05286 42.39695, -71.05262 42.39716, -71.05214 42.39749, -71.05195 42.39762, -71.05168 42.39773, -71.05148 42.39777, -71.05128 42.39779, -71.05108 42.39778, -71.05081 42.39774, -71.05063 42.39771, -71.05031 42.39766, -71.05021 42.39764, -71.05002 42.39757, -71.04984 42.39749, -71.04875 42.39689, -71.04863 42.39683, -71.0485 42.39676, -71.04847 42.39674, -71.04841 42.39672, -71.04835 42.3967, -71.04824 42.39667, -71.04815 42.39663, -71.04775 42.39691, -71.04733 42.39721, -71.04721 42.3973, -71.04706 42.3974, -71.04696 42.39747, -71.04679 42.39759, -71.04638 42.39788, -71.04629 42.39794, -71.04616 42.39804, -71.04488 42.39779, -71.04328 42.3975, -71.04027 42.39691, -71.04003 42.39687, -71.03756 42.39634, -71.03676 42.39619, -71.0362 42.39609, -71.03563 42.39597, -71.03538 42.39592, -71.03499 42.39583, -71.03467 42.39576, -71.03296 42.39541, -71.03311 42.39511, -71.03329 42.39478, -71.03349 42.39441, -71.03377 42.39465, -71.03456 42.39419, -71.03527 42.39379, -71.03535 42.39386, -71.0354 42.39391, -71.03549 42.39379, -71.03591 42.39343, -71.03639 42.39313, -71.03672 42.39297, -71.03701 42.39279, -71.03705 42.39276, -71.03728 42.39263, -71.0375 42.39251, -71.03796 42.39226, -71.03862 42.39187, -71.03869 42.39184, -71.04031 42.3909, -71.04139 42.39028, -71.04191 42.38996, -71.04221 42.38978, -71.04235 42.38969, -71.04273 42.38943, -71.04279 42.3895, -71.04281 42.38951, -71.04284 42.38955, -71.04313 42.38981, -71.04346 42.39012, -71.04388 42.39053, -71.04421 42.39086, -71.04381 42.39112, -71.04377 42.39114, -71.04335 42.39134, -71.04367 42.39166, -71.04448 42.39243, -71.04467 42.39229, -71.04477 42.39225, -71.04493 42.39216, -71.04518 42.39208, -71.04548 42.39202, -71.04573 42.39201, -71.04615 42.39203, -71.04653 42.39203, -71.04678 42.39219, -71.04749 42.39248, -71.04797 42.39269, -71.0482 42.39284, -71.04831 42.39294, -71.0483 42.39308, -71.04824 42.39325, -71.04913 42.39313, -71.04934 42.39349, -71.04937 42.39363, -71.05 42.39347, -71.05005 42.39353, -71.05023 42.39378, -71.0502 42.39383, -71.05016 42.39394, -71.05013 42.39398, -71.05015 42.394, -71.05019 42.39407, -71.05022 42.39411, -71.0503 42.3942, -71.05032 42.39424, -71.05038 42.39431, -71.05047 42.39441, -71.05056 42.39449, -71.05058 42.39451, -71.05069 42.39458, -71.05077 42.39462, -71.05086 42.39465, -71.05095 42.39468, -71.05104 42.3947, -71.05114 42.39471, -71.05121 42.39472, -71.05155 42.39473, -71.05169 42.39474, -71.05181 42.39474, -71.05202 42.39476, -71.05228 42.3948, -71.05252 42.39487, -71.05275 42.39497, -71.05286 42.39503, -71.05296 42.39509, -71.05301 42.39513, -71.05309 42.39519, -71.05317 42.39526, -71.0533 42.39539, -71.05333 42.3955, -71.05334 42.39562, -71.05335 42.39573, -71.05335 42.39584)))"
250251604003,"MULTIPOLYGON (((-71.04615 42.39804, -71.04571 42.39836, -71.04482 42.39898, -71.04418 42.39943, -71.04322 42.40011, -71.04245 42.40065, -71.04181 42.4011, -71.04142 42.40138, -71.04089 42.40175, -71.04069 42.40181, -71.04057 42.40186, -71.04018 42.40204, -71.03989 42.40224, -71.03963 42.40249, -71.03931 42.40286, -71.03822 42.4027, -71.03769 42.40263, -71.03697 42.40253, -71.03663 42.4025, -71.03638 42.40247, -71.03623 42.40246, -71.03632 42.40229, -71.03645 42.40196, -71.03647 42.40192, -71.03666 42.40156, -71.03683 42.40127, -71.03748 42.40086, -71.03781 42.40067, -71.0374 42.4003, -71.03806 42.39991, -71.03701 42.39887, -71.03558 42.39747, -71.0363 42.39706, -71.03645 42.39697, -71.03652 42.39692, -71.03596 42.3965, -71.03569 42.39626, -71.03543 42.39599, -71.03538 42.39592, -71.03563 42.39597, -71.0362 42.39609, -71.03676 42.39619, -71.03756 42.39634, -71.04003 42.39687, -71.04027 42.39691, -71.04328 42.3975, -71.04488 42.39779, -71.04616 42.39804, -71.04615 42.39804)))"
250251604004,"MULTIPOLYGON (((-71.03722 42.39263, -71.03704 42.39274, -71.03705 42.39276, -71.03701 42.39279, -71.03672 42.39297, -71.03639 42.39313, -71.03591 42.39343, -71.03549 42.39379, -71.0354 42.39391, -71.03535 42.39386, -71.03527 42.39379, -71.03456 42.39419, -71.03377 42.39465, -71.03349 42.39441, -71.03329 42.39478, -71.03311 42.39511, -71.03296 42.39541, -71.0317 42.39516, -71.03038 42.39488, -71.03105 42.3945, -71.03168 42.39414, -71.03215 42.39388, -71.03239 42.39374, -71.03272 42.39355, -71.03328 42.39323, -71.03333 42.3932, -71.0337 42.39303, -71.0341 42.39276, -71.03428 42.39269, -71.03597 42.39172, -71.03637 42.39211, -71.0367 42.39243, -71.03685 42.39258, -71.03708 42.39259, -71.03737 42.39255, -71.03722 42.39263)))"
250251605011,"MULTIPOLYGON (((-71.0374 42.4003, -71.03781 42.40067, -71.03748 42.40086, -71.03683 42.40127, -71.03666 42.40156, -71.03647 42.40192, -71.03645 42.40196, -71.03632 42.40229, -71.03623 42.40246, -71.03617 42.40245, -71.03593 42.40239, -71.03564 42.40227, -71.03536 42.40212, -71.03486 42.40167, -71.03435 42.40123, -71.03355 42.40056, -71.03286 42.39998, -71.03219 42.3994, -71.03293 42.39898, -71.03365 42.39857, -71.03433 42.39817, -71.03489 42.39786, -71.03558 42.39747, -71.03701 42.39887, -71.03806 42.39991, -71.0374 42.4003)))"
250251605012,"MULTIPOLYGON (((-71.03291 42.39549, -71.03263 42.3959, -71.03251 42.39608, -71.03219 42.3964, -71.03198 42.39662, -71.03168 42.39691, -71.03141 42.39722, -71.0312 42.39753, -71.03099 42.3979, -71.03085 42.39817, -71.0305 42.39832, -71.03027 42.39844, -71.02983 42.3987, -71.02917 42.39906, -71.02843 42.39947, -71.02789 42.39892, -71.02724 42.39832, -71.02675 42.39783, -71.02749 42.39741, -71.02839 42.39692, -71.02909 42.39651, -71.02985 42.3961, -71.03058 42.39567, -71.03071 42.39552, -71.03048 42.39547, -71.02964 42.3953, -71.03038 42.39488, -71.0317 42.39516, -71.03296 42.39541, -71.03291 42.39549)))"
250251605013,"MULTIPOLYGON (((-71.03645 42.39697, -71.0363 42.39706, -71.03558 42.39747, -71.03489 42.39786, -71.03433 42.39817, -71.03284 42.39725, -71.03198 42.39662, -71.03219 42.3964, -71.03251 42.39608, -71.03263 42.3959, -71.03291 42.39549, -71.03296 42.39541, -71.03467 42.39576, -71.03499 42.39583, -71.03538 42.39592, -71.03543 42.39599, -71.03569 42.39626, -71.03596 42.3965, -71.03652 42.39692, -71.03645 42.39697)))"
250251605014,"MULTIPOLYGON (((-71.03365 42.39857, -71.03293 42.39898, -71.03171 42.39791, -71.0312 42.39753, -71.03141 42.39722, -71.03168 42.39691, -71.03198 42.39662, -71.03284 42.39725, -71.03433 42.39817, -71.03365 42.39857)))"
250251605015,"MULTIPOLYGON (((-71.03219 42.3994, -71.03188 42.39959, -71.03168 42.39977, -71.03157 42.39988, -71.031 42.40022, -71.03096 42.40019, -71.03078 42.40008, -71.0305 42.39996, -71.03011 42.3998, -71.02994 42.3997, -71.02982 42.39962, -71.02969 42.39953, -71.02948 42.39935, -71.02917 42.39906, -71.02983 42.3987, -71.03027 42.39844, -71.0305 42.39832, -71.03085 42.39817, -71.03099 42.3979, -71.0312 42.39753, -71.03171 42.39791, -71.03293 42.39898, -71.03219 42.3994)))"
250251605021,"MULTIPOLYGON (((-71.03058 42.39567, -71.02985 42.3961, -71.02909 42.39651, -71.02839 42.39692, -71.02749 42.39741, -71.02675 42.39783, -71.02589 42.39833, -71.02541 42.3986, -71.02478 42.39895, -71.02416 42.39932, -71.02355 42.39876, -71.02298 42.39819, -71.02328 42.39802, -71.02402 42.39761, -71.02471 42.39721, -71.02574 42.39664, -71.02633 42.3963, -71.02738 42.3957, -71.02787 42.39541, -71.02794 42.39526, -71.02797 42.39544, -71.0285 42.39595, -71.02964 42.3953, -71.03048 42.39547, -71.03071 42.39552, -71.03058 42.39567)))"
250251605022,"MULTIPOLYGON (((-71.01404 42.40033, -71.01123 42.40165, -71.01089 42.40179, -71.01086 42.40169, -71.01063 42.40161, -71.0094 42.40118, -71.00938 42.40085, -71.00944 42.40048, -71.00963 42.40017, -71.01024 42.39972, -71.01156 42.39875, -71.012 42.39843, -71.01243 42.39811, -71.01353 42.39935, -71.01421 42.40025, -71.01404 42.40033)))"
250251605023,"MULTIPOLYGON (((-71.02348 42.38817, -71.02343 42.38833, -71.02309 42.38947, -71.02288 42.39014, -71.02268 42.3908, -71.02265 42.3909, -71.02224 42.39225, -71.0219 42.39336, -71.0214 42.39502, -71.02082 42.39693, -71.02076 42.39713, -71.02052 42.39792, -71.02037 42.3984, -71.01987 42.40003, -71.01975 42.40042, -71.01952 42.40109, -71.01932 42.40174, -71.01936 42.40175, -71.01973 42.40197, -71.0194 42.40227, -71.01932 42.40234, -71.01916 42.40247, -71.0182 42.40331, -71.01813 42.40338, -71.01809 42.40336, -71.01804 42.4033, -71.01798 42.40324, -71.01783 42.40288, -71.01704 42.40272, -71.01694 42.40272, -71.01669 42.40269, -71.01651 42.4027, -71.01646 42.4027, -71.01629 42.40269, -71.01621 42.4027, -71.01602 42.40269, -71.01588 42.40269, -71.01572 42.4027, -71.01563 42.4027, -71.01538 42.40273, -71.0153 42.40274, -71.0152 42.40279, -71.01472 42.40285, -71.01415 42.40292, -71.01377 42.40296, -71.01301 42.40286, -71.01287 42.40277, -71.01112 42.40183, -71.01105 42.40182, -71.01089 42.40179, -71.01123 42.40165, -71.01404 42.40033, -71.01421 42.40025, -71.01353 42.39935, -71.01243 42.39811, -71.0134 42.3974, -71.01609 42.3959, -71.01659 42.3945, -71.01723 42.39247, -71.01724 42.39246, -71.01779 42.3907, -71.01879 42.38954, -71.01928 42.38898, -71.01933 42.38893, -71.02051 42.38764, -71.02243 42.38637, -71.02267 42.38627, -71.02269 42.3863, -71.02297 42.38672, -71.02304 42.38683, -71.02363 42.38772, -71.02348 42.38817)))"
250251605024,"MULTIPOLYGON (((-71.02387 42.39947, -71.02309 42.40013, -71.02243 42.40072, -71.02177 42.40128, -71.02126 42.40174, -71.02046 42.40243, -71.01973 42.40197, -71.01936 42.40175, -71.01932 42.40174, -71.01952 42.40109, -71.01975 42.40042, -71.01987 42.40003, -71.02037 42.3984, -71.02092 42.39878, -71.0211 42.39889, -71.02163 42.3992, -71.02248 42.39845, -71.02298 42.39819, -71.02355 42.39876, -71.02416 42.39932, -71.02387 42.39947)))"
250251605025,"MULTIPOLYGON (((-71.03038 42.39488, -71.02964 42.3953, -71.0285 42.39595, -71.02797 42.39544, -71.02794 42.39526, -71.02787 42.39541, -71.02738 42.3957, -71.02633 42.3963, -71.02574 42.39664, -71.02471 42.39721, -71.02402 42.39761, -71.02328 42.39802, -71.02298 42.39819, -71.02248 42.39845, -71.02163 42.3992, -71.0211 42.39889, -71.02092 42.39878, -71.02037 42.3984, -71.02052 42.39792, -71.02076 42.39713, -71.02082 42.39693, -71.0214 42.39502, -71.0219 42.39336, -71.02224 42.39225, -71.02265 42.3909, -71.02268 42.3908, -71.02288 42.39014, -71.02395 42.39032, -71.02452 42.39044, -71.025 42.39053, -71.02549 42.39134, -71.02618 42.39238, -71.02699 42.39315, -71.02743 42.39349, -71.02793 42.39381, -71.02814 42.39393, -71.02852 42.39416, -71.02892 42.39437, -71.02942 42.39458, -71.03002 42.3948, -71.03038 42.39488)))"
250251606011,"MULTIPOLYGON (((-71.0335 42.40255, -71.03069 42.40188, -71.03057 42.40185, -71.02997 42.40173, -71.02931 42.40157, -71.02883 42.40142, -71.0285 42.40135, -71.02804 42.40129, -71.02776 42.40127, -71.02751 42.40125, -71.02708 42.40124, -71.02706 42.40093, -71.02628 42.40081, -71.02586 42.40058, -71.02596 42.40022, -71.0258 42.40018, -71.02541 42.40007, -71.02559 42.39996, -71.02584 42.39987, -71.02618 42.39987, -71.0266 42.39992, -71.02755 42.39999, -71.02779 42.40004, -71.02809 42.39979, -71.02843 42.39959, -71.02895 42.39988, -71.02921 42.3999, -71.02966 42.40019, -71.02994 42.3997, -71.03011 42.3998, -71.0305 42.39996, -71.03078 42.40008, -71.03096 42.40019, -71.031 42.40022, -71.03115 42.40035, -71.0314 42.40055, -71.03241 42.4014, -71.03275 42.40168, -71.03337 42.40223, -71.03371 42.40253, -71.0335 42.40255)))"
250251606012,"MULTIPOLYGON (((-71.02548 42.40161, -71.02438 42.4025, -71.02421 42.40277, -71.02352 42.40391, -71.02347 42.404, -71.02338 42.40414, -71.02323 42.40427, -71.02264 42.40462, -71.02235 42.40471, -71.02205 42.40479, -71.0218 42.40492, -71.02168 42.40505, -71.02168 42.40507, -71.02163 42.40519, -71.02148 42.40516, -71.02125 42.40514, -71.02103 42.40517, -71.02089 42.40519, -71.02084 42.40519, -71.02082 42.40521, -71.02062 42.40519, -71.02044 42.40511, -71.02043 42.40511, -71.02036 42.40505, -71.02028 42.40494, -71.02028 42.40488, -71.0203 42.40483, -71.02046 42.40469, -71.02062 42.40457, -71.02069 42.40452, -71.02095 42.40444, -71.02106 42.4044, -71.02111 42.40436, -71.02116 42.4043, -71.02119 42.40423, -71.02119 42.4042, -71.0212 42.40415, -71.02119 42.40403, -71.02117 42.40392, -71.02109 42.40379, -71.02093 42.40358, -71.02089 42.40356, -71.02086 42.40353, -71.02083 42.40351, -71.0208 42.40351, -71.02075 42.4035, -71.0207 42.4035, -71.02062 42.40352, -71.02052 42.40356, -71.02047 42.40357, -71.02039 42.40361, -71.02035 42.40363, -71.02031 42.40364, -71.02015 42.40369, -71.01998 42.40372, -71.01981 42.40373, -71.01962 42.40373, -71.01925 42.40374, -71.01892 42.40373, -71.01872 42.40371, -71.01855 42.40365, -71.01844 42.40358, -71.01813 42.40338, -71.0182 42.40331, -71.01916 42.40247, -71.01932 42.40234, -71.0194 42.40227, -71.01973 42.40197, -71.02046 42.40243, -71.02126 42.40174, -71.02177 42.40128, -71.02243 42.40072, -71.02309 42.40013, -71.02371 42.4005, -71.0242 42.40081, -71.02476 42.40114, -71.02519 42.40143, -71.02548 42.40161)))"
250251606013,"MULTIPOLYGON (((-71.03068 42.40268, -71.03056 42.40286, -71.03036 42.4035, -71.03011 42.40352, -71.03006 42.40352, -71.03003 42.40352, -71.02999 42.40352, -71.02997 42.40353, -71.02931 42.40359, -71.02863 42.4036, -71.02929 42.40401, -71.02945 42.40411, -71.02905 42.40422, -71.02874 42.40433, -71.02837 42.40451, -71.02811 42.40467, -71.02776 42.4049, -71.02731 42.40523, -71.02695 42.40553, -71.02671 42.40581, -71.02648 42.4061, -71.02647 42.40612, -71.02633 42.406, -71.02624 42.40593, -71.02621 42.40591, -71.026 42.40579, -71.02586 42.40576, -71.02575 42.40576, -71.02559 42.4058, -71.02518 42.40592, -71.0251 42.40592, -71.0249 42.4059, -71.02471 42.40581, -71.0246 42.40576, -71.02442 42.40568, -71.02427 42.40564, -71.02418 42.4056, -71.02411 42.40556, -71.02407 42.40552, -71.02402 42.40548, -71.02399 42.40542, -71.02393 42.40536, -71.02385 42.40532, -71.02375 42.40532, -71.02368 42.40533, -71.0236 42.40539, -71.02353 42.40546, -71.02347 42.40552, -71.02337 42.40555, -71.02328 42.40554, -71.02316 42.40549, -71.02309 42.40541, -71.02303 42.40537, -71.023 42.40531, -71.02298 42.40521, -71.02295 42.40518, -71.02291 42.40514, -71.02286 42.40512, -71.02277 42.40514, -71.02271 42.40518, -71.02266 42.40522, -71.02263 42.40529, -71.02262 42.40536, -71.02262 42.40539, -71.02257 42.40545, -71.02252 42.40546, -71.02244 42.40547, -71.02225 42.40545, -71.02216 42.40542, -71.02199 42.40533, -71.02189 42.40527, -71.02171 42.40521, -71.02163 42.40519, -71.02168 42.40507, -71.02168 42.40505, -71.0218 42.40492, -71.02205 42.40479, -71.02235 42.40471, -71.02264 42.40462, -71.02323 42.40427, -71.02338 42.40414, -71.02347 42.404, -71.02352 42.40391, -71.02421 42.40277, -71.02438 42.4025, -71.02548 42.40161, -71.02519 42.40143, -71.02476 42.40114, -71.0242 42.40081, -71.02371 42.4005, -71.02309 42.40013, -71.02387 42.39947, -71.02416 42.39932, -71.02478 42.39895, -71.02541 42.3986, -71.02589 42.39833, -71.02675 42.39783, -71.02724 42.39832, -71.02789 42.39892, -71.02843 42.39947, -71.02917 42.39906, -71.02948 42.39935, -71.02969 42.39953, -71.02982 42.39962, -71.02994 42.3997, -71.02966 42.40019, -71.02921 42.3999, -71.02895 42.39988, -71.02843 42.39959, -71.02809 42.39979, -71.02779 42.40004, -71.02755 42.39999, -71.0266 42.39992, -71.02618 42.39987, -71.02584 42.39987, -71.02559 42.39996, -71.02541 42.40007, -71.0258 42.40018, -71.02596 42.40022, -71.02586 42.40058, -71.02628 42.40081, -71.02706 42.40093, -71.02708 42.40124, -71.02751 42.40125, -71.02776 42.40127, -71.02804 42.40129, -71.0285 42.40135, -71.02883 42.40142, -71.0289 42.40156, -71.02892 42.4016, -71.02901 42.40162, -71.02909 42.40164, -71.02915 42.40165, -71.02934 42.40174, -71.02976 42.40204, -71.03018 42.40232, -71.03045 42.4025, -71.0305 42.40252, -71.03071 42.40261, -71.03068 42.40268)))"
250251606014,"MULTIPOLYGON (((-71.03624 42.40274, -71.03612 42.40281, -71.03586 42.40294, -71.03552 42.40309, -71.0352 42.40322, -71.03478 42.40336, -71.03447 42.40344, -71.03406 42.40353, -71.03325 42.40364, -71.03091 42.40389, -71.03034 42.40395, -71.02989 42.40401, -71.02945 42.40411, -71.02929 42.40401, -71.02863 42.4036, -71.02931 42.40359, -71.02997 42.40353, -71.02999 42.40352, -71.03003 42.40352, -71.03006 42.40352, -71.03011 42.40352, -71.03036 42.4035, -71.03056 42.40286, -71.03068 42.40268, -71.03071 42.40261, -71.0305 42.40252, -71.03045 42.4025, -71.03018 42.40232, -71.02976 42.40204, -71.02934 42.40174, -71.02915 42.40165, -71.02909 42.40164, -71.02901 42.40162, -71.02892 42.4016, -71.0289 42.40156, -71.02883 42.40142, -71.02931 42.40157, -71.02997 42.40173, -71.03057 42.40185, -71.03069 42.40188, -71.0335 42.40255, -71.03371 42.40253, -71.03337 42.40223, -71.03275 42.40168, -71.03241 42.4014, -71.0314 42.40055, -71.03115 42.40035, -71.031 42.40022, -71.03157 42.39988, -71.03168 42.39977, -71.03188 42.39959, -71.03219 42.3994, -71.03286 42.39998, -71.03355 42.40056, -71.03435 42.40123, -71.03486 42.40167, -71.03536 42.40212, -71.03564 42.40227, -71.03593 42.40239, -71.03617 42.40245, -71.03623 42.40246, -71.03624 42.40256, -71.03624 42.40274)))"
250251606021,"MULTIPOLYGON (((-71.04089 42.40175, -71.04057 42.40198, -71.0404 42.40223, -71.04006 42.40275, -71.03982 42.40311, -71.03949 42.40363, -71.03907 42.40426, -71.03864 42.40494, -71.03855 42.40507, -71.03849 42.40516, -71.03838 42.40533, -71.03826 42.40553, -71.03804 42.40586, -71.03787 42.40613, -71.03774 42.40632, -71.0371 42.40731, -71.03704 42.4073, -71.03702 42.4073, -71.03592 42.40701, -71.03497 42.40678, -71.03449 42.40666, -71.03443 42.40666, -71.03387 42.40654, -71.03385 42.40654, -71.03369 42.40652, -71.03357 42.40652, -71.03337 42.40648, -71.03328 42.40647, -71.03308 42.40662, -71.03282 42.40653, -71.03314 42.40645, -71.0336 42.40634, -71.0332 42.40497, -71.03315 42.40479, -71.03306 42.40405, -71.03251 42.40408, -71.0319 42.40413, -71.03151 42.40418, -71.03136 42.40419, -71.03073 42.4043, -71.03061 42.40432, -71.03042 42.40435, -71.02998 42.40444, -71.02994 42.40445, -71.02981 42.40434, -71.02955 42.40416, -71.02945 42.40411, -71.02989 42.40401, -71.03034 42.40395, -71.03091 42.40389, -71.03325 42.40364, -71.03406 42.40353, -71.03447 42.40344, -71.03478 42.40336, -71.0352 42.40322, -71.03552 42.40309, -71.03586 42.40294, -71.03612 42.40281, -71.03624 42.40274, -71.03624 42.40256, -71.03623 42.40246, -71.03638 42.40247, -71.03663 42.4025, -71.03697 42.40253, -71.03769 42.40263, -71.03822 42.4027, -71.03931 42.40286, -71.03963 42.40249, -71.03989 42.40224, -71.04018 42.40204, -71.04057 42.40186, -71.04069 42.40181, -71.04089 42.40175)))"
250251606022,"MULTIPOLYGON (((-71.0371 42.40731, -71.03668 42.40797, -71.03674 42.40799, -71.03633 42.40861, -71.03625 42.40873, -71.03603 42.4091, -71.03599 42.40916, -71.03593 42.40921, -71.03586 42.40928, -71.03579 42.40937, -71.03563 42.40964, -71.0353 42.41021, -71.03518 42.4104, -71.03491 42.41088, -71.03477 42.41075, -71.03476 42.41074, -71.03428 42.41036, -71.03375 42.40997, -71.03327 42.40963, -71.03271 42.40924, -71.03091 42.40794, -71.03095 42.40741, -71.03096 42.40739, -71.03102 42.40721, -71.0312 42.40702, -71.0314 42.40688, -71.03156 42.4068, -71.03184 42.40673, -71.03223 42.40666, -71.03282 42.40653, -71.03308 42.40662, -71.03328 42.40647, -71.03337 42.40648, -71.03357 42.40652, -71.03369 42.40652, -71.03385 42.40654, -71.03387 42.40654, -71.03443 42.40666, -71.03449 42.40666, -71.03497 42.40678, -71.03592 42.40701, -71.03702 42.4073, -71.03704 42.4073, -71.0371 42.40731)))"
250251606023,"MULTIPOLYGON (((-71.03483 42.411, -71.03462 42.41137, -71.03452 42.41155, -71.03415 42.41217, -71.03382 42.41273, -71.03344 42.41338, -71.03336 42.41366, -71.03331 42.4138, -71.03328 42.41389, -71.03323 42.41406, -71.03318 42.41421, -71.03277 42.41383, -71.03136 42.41251, -71.03105 42.41223, -71.03047 42.41169, -71.02925 42.41056, -71.0292 42.41051, -71.02904 42.41035, -71.02901 42.41032, -71.02912 42.41021, -71.02928 42.41004, -71.02949 42.40985, -71.02965 42.40971, -71.03002 42.40941, -71.03017 42.4092, -71.03043 42.40888, -71.03062 42.40866, -71.03074 42.4085, -71.03083 42.40837, -71.03087 42.40825, -71.03089 42.40811, -71.03091 42.40794, -71.03271 42.40924, -71.03327 42.40963, -71.03375 42.40997, -71.03428 42.41036, -71.03476 42.41074, -71.03477 42.41075, -71.03491 42.41088, -71.03483 42.411)))"
250251606024,"MULTIPOLYGON (((-71.03087 42.40825, -71.03083 42.40837, -71.03074 42.4085, -71.03062 42.40866, -71.03043 42.40888, -71.03017 42.4092, -71.03002 42.40941, -71.02965 42.40971, -71.02949 42.40985, -71.02928 42.41004, -71.02912 42.41021, -71.02901 42.41032, -71.02845 42.40947, -71.02797 42.40873, -71.0272 42.40787, -71.02711 42.40778, -71.02704 42.40763, -71.02697 42.40746, -71.0269 42.40733, -71.02688 42.40709, -71.02689 42.40691, -71.02689 42.40655, -71.02685 42.40648, -71.02683 42.40643, -71.0268 42.40641, -71.02669 42.40632, -71.02647 42.40612, -71.02648 42.4061, -71.02671 42.40581, -71.02695 42.40553, -71.02731 42.40523, -71.02776 42.4049, -71.02811 42.40467, -71.02837 42.40451, -71.02874 42.40433, -71.02905 42.40422, -71.02945 42.40411, -71.02955 42.40416, -71.02981 42.40434, -71.02994 42.40445, -71.03012 42.40457, -71.03014 42.40465, -71.03014 42.40474, -71.03006 42.40494, -71.02988 42.40536, -71.02974 42.40567, -71.02954 42.40617, -71.02947 42.40635, -71.02943 42.40657, -71.02942 42.40676, -71.02943 42.40698, -71.02951 42.40754, -71.02958 42.40809, -71.03008 42.40806, -71.03048 42.40808, -71.03089 42.40811, -71.03087 42.40825)))"
250251606025,"MULTIPOLYGON (((-71.0336 42.40634, -71.03314 42.40645, -71.03282 42.40653, -71.03223 42.40666, -71.03184 42.40673, -71.03156 42.4068, -71.0314 42.40688, -71.0312 42.40702, -71.03102 42.40721, -71.03096 42.40739, -71.03095 42.40741, -71.03091 42.40794, -71.03089 42.40811, -71.03048 42.40808, -71.03008 42.40806, -71.02958 42.40809, -71.02951 42.40754, -71.02943 42.40698, -71.02942 42.40676, -71.02943 42.40657, -71.02947 42.40635, -71.02954 42.40617, -71.02974 42.40567, -71.02988 42.40536, -71.03006 42.40494, -71.03014 42.40474, -71.03014 42.40465, -71.03012 42.40457, -71.02994 42.40445, -71.02998 42.40444, -71.03042 42.40435, -71.03061 42.40432, -71.03073 42.4043, -71.03136 42.40419, -71.03151 42.40418, -71.0319 42.40413, -71.03251 42.40408, -71.03306 42.40405, -71.03315 42.40479, -71.0332 42.40497, -71.0336 42.40634)))"
250251701011,"MULTIPOLYGON (((-71.0304 42.4127, -71.03014 42.41284, -71.02972 42.41289, -71.0291 42.41295, -71.02876 42.413, -71.02865 42.41302, -71.02828 42.41291, -71.02792 42.41281, -71.02748 42.41269, -71.02658 42.41245, -71.02573 42.4122, -71.02465 42.41191, -71.02413 42.41176, -71.02328 42.41154, -71.02253 42.41132, -71.02178 42.41111, -71.02155 42.41105, -71.02044 42.41075, -71.01921 42.41041, -71.01824 42.41015, -71.01578 42.40949, -71.01453 42.40913, -71.01355 42.40815, -71.01367 42.40794, -71.01382 42.40767, -71.01419 42.40705, -71.01487 42.40722, -71.01781 42.40808, -71.01985 42.40868, -71.02024 42.40879, -71.02159 42.40917, -71.02172 42.40921, -71.02271 42.40951, -71.02285 42.40956, -71.02305 42.40961, -71.02321 42.40968, -71.02341 42.40983, -71.02355 42.40993, -71.0238 42.41006, -71.02394 42.41012, -71.02406 42.41015, -71.02447 42.41027, -71.02519 42.41045, -71.02557 42.41076, -71.02613 42.41076, -71.02667 42.4109, -71.02716 42.41102, -71.02749 42.41111, -71.02841 42.41137, -71.02853 42.41143, -71.02868 42.41147, -71.02899 42.41156, -71.02913 42.41161, -71.0292 42.41165, -71.02927 42.41171, -71.02936 42.41181, -71.0294 42.41191, -71.02948 42.41199, -71.02953 42.41202, -71.02962 42.41204, -71.02988 42.41193, -71.03002 42.41211, -71.03033 42.41258, -71.0304 42.4127)))"
250251701012,"MULTIPOLYGON (((-71.02841 42.41137, -71.02749 42.41111, -71.02716 42.41102, -71.02667 42.4109, -71.02613 42.41076, -71.02557 42.41076, -71.02519 42.41045, -71.02447 42.41027, -71.02406 42.41015, -71.02394 42.41012, -71.0238 42.41006, -71.02355 42.40993, -71.02341 42.40983, -71.02321 42.40968, -71.02305 42.40961, -71.02285 42.40956, -71.02271 42.40951, -71.02172 42.40921, -71.02159 42.40917, -71.02024 42.40879, -71.01985 42.40868, -71.01781 42.40808, -71.01487 42.40722, -71.01419 42.40705, -71.01454 42.40649, -71.01462 42.40654, -71.01488 42.40662, -71.01507 42.40662, -71.01645 42.40663, -71.01691 42.40663, -71.01713 42.40662, -71.01867 42.4065, -71.01882 42.40649, -71.01912 42.40647, -71.01943 42.40647, -71.01976 42.40649, -71.02099 42.40666, -71.02161 42.4068, -71.02248 42.40709, -71.02327 42.40734, -71.02429 42.40767, -71.02455 42.40776, -71.02471 42.40781, -71.02497 42.40793, -71.02509 42.40802, -71.02591 42.40882, -71.02688 42.40972, -71.02716 42.40998, -71.02731 42.41011, -71.02739 42.41016, -71.02745 42.4102, -71.02759 42.41027, -71.0277 42.41031, -71.02778 42.41036, -71.02785 42.41043, -71.02806 42.4108, -71.02821 42.41104, -71.02827 42.41116, -71.02835 42.41129, -71.02838 42.41133, -71.02841 42.41137)))"
250251701013,"MULTIPOLYGON (((-71.03133 42.41269, -71.03096 42.41273, -71.03061 42.41271, -71.03056 42.4127, -71.0304 42.4127, -71.03033 42.41258, -71.03002 42.41211, -71.02988 42.41193, -71.02962 42.41204, -71.02953 42.41202, -71.02948 42.41199, -71.0294 42.41191, -71.02936 42.41181, -71.02927 42.41171, -71.0292 42.41165, -71.02913 42.41161, -71.02899 42.41156, -71.02868 42.41147, -71.02853 42.41143, -71.02841 42.41137, -71.02838 42.41133, -71.02835 42.41129, -71.02827 42.41116, -71.02821 42.41104, -71.02806 42.4108, -71.02785 42.41043, -71.02778 42.41036, -71.0277 42.41031, -71.02759 42.41027, -71.02745 42.4102, -71.02739 42.41016, -71.02731 42.41011, -71.02716 42.40998, -71.02688 42.40972, -71.02591 42.40882, -71.02509 42.40802, -71.02497 42.40793, -71.02471 42.40781, -71.02455 42.40776, -71.02429 42.40767, -71.02327 42.40734, -71.02248 42.40709, -71.02161 42.4068, -71.02099 42.40666, -71.01976 42.40649, -71.01943 42.40647, -71.01912 42.40647, -71.01882 42.40649, -71.01867 42.4065, -71.01713 42.40662, -71.01691 42.40663, -71.01645 42.40663, -71.01507 42.40662, -71.01488 42.40662, -71.01462 42.40654, -71.01454 42.40649, -71.01509 42.40601, -71.01565 42.40552, -71.01614 42.40509, -71.01647 42.4048, -71.01673 42.40458, -71.01682 42.4045, -71.01691 42.40442, -71.01709 42.40427, -71.01736 42.40404, -71.01746 42.40395, -71.01755 42.40387, -71.0177 42.40374, -71.01789 42.40358, -71.01813 42.40338, -71.01844 42.40358, -71.01855 42.40365, -71.01872 42.40371, -71.01892 42.40373, -71.01925 42.40374, -71.01962 42.40373, -71.01981 42.40373, -71.01998 42.40372, -71.02015 42.40369, -71.02031 42.40364, -71.02035 42.40363, -71.02039 42.40361, -71.02047 42.40357, -71.02052 42.40356, -71.02062 42.40352, -71.0207 42.4035, -71.02075 42.4035, -71.0208 42.40351, -71.02083 42.40351, -71.02086 42.40353, -71.02089 42.40356, -71.02093 42.40358, -71.02109 42.40379, -71.02117 42.40392, -71.02119 42.40403, -71.0212 42.40415, -71.02119 42.4042, -71.02119 42.40423, -71.02116 42.4043, -71.02111 42.40436, -71.02106 42.4044, -71.02095 42.40444, -71.02069 42.40452, -71.02062 42.40457, -71.02046 42.40469, -71.0203 42.40483, -71.02028 42.40488, -71.02028 42.40494, -71.02036 42.40505, -71.02043 42.40511, -71.02044 42.40511, -71.02062 42.40519, -71.02082 42.40521, -71.02084 42.40519, -71.02089 42.40519, -71.02103 42.40517, -71.02125 42.40514, -71.02148 42.40516, -71.02163 42.40519, -71.02171 42.40521, -71.02189 42.40527, -71.02199 42.40533, -71.02216 42.40542, -71.02225 42.40545, -71.02244 42.40547, -71.02252 42.40546, -71.02257 42.40545, -71.02262 42.40539, -71.02262 42.40536, -71.02263 42.40529, -71.02266 42.40522, -71.02271 42.40518, -71.02277 42.40514, -71.02286 42.40512, -71.02291 42.40514, -71.02295 42.40518, -71.02298 42.40521, -71.023 42.40531, -71.02303 42.40537, -71.02309 42.40541, -71.02316 42.40549, -71.02328 42.40554, -71.02337 42.40555, -71.02347 42.40552, -71.02353 42.40546, -71.0236 42.40539, -71.02368 42.40533, -71.02375 42.40532, -71.02385 42.40532, -71.02393 42.40536, -71.02399 42.40542, -71.02402 42.40548, -71.02407 42.40552, -71.02411 42.40556, -71.02418 42.4056, -71.02427 42.40564, -71.02442 42.40568, -71.0246 42.40576, -71.02471 42.40581, -71.0249 42.4059, -71.0251 42.40592, -71.02518 42.40592, -71.02559 42.4058, -71.02575 42.40576, -71.02586 42.40576, -71.026 42.40579, -71.02621 42.40591, -71.02624 42.40593, -71.02633 42.406, -71.02647 42.40612, -71.02669 42.40632, -71.0268 42.40641, -71.02683 42.40643, -71.02685 42.40648, -71.02689 42.40655, -71.02689 42.40691, -71.02688 42.40709, -71.0269 42.40733, -71.02697 42.40746, -71.02704 42.40763, -71.02711 42.40778, -71.0272 42.40787, -71.02797 42.40873, -71.02845 42.40947, -71.02901 42.41032, -71.02904 42.41035, -71.0292 42.41051, -71.02925 42.41056, -71.03047 42.41169, -71.03105 42.41223, -71.03136 42.41251, -71.03133 42.41269)))"
250251701021,"MULTIPOLYGON (((-71.02905 42.41336, -71.02894 42.41358, -71.02883 42.41377, -71.02848 42.41439, -71.02798 42.41425, -71.02765 42.41417, -71.02728 42.41406, -71.02683 42.41394, -71.02634 42.4138, -71.02599 42.41371, -71.02516 42.41347, -71.02433 42.41325, -71.02351 42.41302, -71.02305 42.41289, -71.02267 42.4128, -71.02221 42.41266, -71.0219 42.41258, -71.02115 42.41237, -71.02029 42.41213, -71.01941 42.41189, -71.01858 42.41167, -71.01879 42.41119, -71.01888 42.41102, -71.01897 42.41084, -71.01908 42.41065, -71.01921 42.41041, -71.02044 42.41075, -71.02155 42.41105, -71.02178 42.41111, -71.02253 42.41132, -71.02328 42.41154, -71.02413 42.41176, -71.02465 42.41191, -71.02573 42.4122, -71.02658 42.41245, -71.02748 42.41269, -71.02792 42.41281, -71.02828 42.41291, -71.02865 42.41302, -71.02895 42.41309, -71.02914 42.41315, -71.02905 42.41336)))"
250251701022,"MULTIPOLYGON (((-71.02837 42.41465, -71.02818 42.41502, -71.02786 42.41563, -71.02773 42.41591, -71.02754 42.41626, -71.0272 42.41616, -71.02673 42.41602, -71.02633 42.41592, -71.02583 42.41579, -71.02505 42.41557, -71.02465 42.41546, -71.02423 42.41535, -71.02384 42.41524, -71.02339 42.41512, -71.02274 42.41495, -71.02254 42.41489, -71.02209 42.41475, -71.02172 42.41465, -71.02097 42.41445, -71.02021 42.41423, -71.01937 42.414, -71.01892 42.41387, -71.01849 42.41376, -71.01828 42.41371, -71.01766 42.41354, -71.01776 42.41332, -71.01815 42.41252, -71.01843 42.41194, -71.01858 42.41167, -71.01941 42.41189, -71.02029 42.41213, -71.02115 42.41237, -71.0219 42.41258, -71.02221 42.41266, -71.02267 42.4128, -71.02305 42.41289, -71.02351 42.41302, -71.02433 42.41325, -71.02516 42.41347, -71.02599 42.41371, -71.02634 42.4138, -71.02683 42.41394, -71.02728 42.41406, -71.02765 42.41417, -71.02798 42.41425, -71.02848 42.41439, -71.02837 42.41465)))"
250251701023,"MULTIPOLYGON (((-71.03301 42.41461, -71.03282 42.41508, -71.03257 42.41553, -71.03254 42.4156, -71.03228 42.41616, -71.03201 42.41676, -71.03199 42.41681, -71.03184 42.41715, -71.03173 42.41739, -71.03113 42.41723, -71.03094 42.41718, -71.03059 42.41708, -71.02964 42.41681, -71.02863 42.41655, -71.02754 42.41626, -71.02773 42.41591, -71.02786 42.41563, -71.02818 42.41502, -71.02837 42.41465, -71.02848 42.41439, -71.02883 42.41377, -71.02894 42.41358, -71.02905 42.41336, -71.02914 42.41315, -71.02895 42.41309, -71.02865 42.41302, -71.02876 42.413, -71.0291 42.41295, -71.02972 42.41289, -71.03014 42.41284, -71.0304 42.4127, -71.03056 42.4127, -71.03061 42.41271, -71.03096 42.41273, -71.03133 42.41269, -71.03136 42.41251, -71.03277 42.41383, -71.03318 42.41421, -71.03301 42.41461)))"
250251701024,"MULTIPOLYGON (((-71.01908 42.41065, -71.01897 42.41084, -71.01888 42.41102, -71.01879 42.41119, -71.01858 42.41167, -71.01843 42.41194, -71.01815 42.41252, -71.01776 42.41332, -71.01766 42.41354, -71.01745 42.41348, -71.0172 42.4134, -71.01681 42.4133, -71.01637 42.41318, -71.01597 42.41306, -71.01542 42.4129, -71.01481 42.41274, -71.01441 42.41263, -71.01297 42.41224, -71.01228 42.41205, -71.01175 42.4119, -71.01123 42.41178, -71.01163 42.41116, -71.01183 42.41086, -71.01211 42.41041, -71.01241 42.40995, -71.01252 42.40978, -71.01271 42.40946, -71.01314 42.4088, -71.01329 42.40856, -71.0135 42.40823, -71.01355 42.40815, -71.01453 42.40913, -71.01578 42.40949, -71.01824 42.41015, -71.01921 42.41041, -71.01908 42.41065)))"
250251702001,"MULTIPOLYGON (((-71.01976 42.41734, -71.01965 42.41758, -71.01947 42.41785, -71.01941 42.41793, -71.01929 42.41808, -71.01897 42.41861, -71.01883 42.41889, -71.01866 42.41909, -71.01779 42.41886, -71.01702 42.41864, -71.01622 42.41841, -71.01543 42.41818, -71.01467 42.41796, -71.01446 42.4179, -71.01233 42.4173, -71.01224 42.41729, -71.01211 42.41723, -71.01191 42.41748, -71.01174 42.41769, -71.01154 42.41794, -71.01142 42.41809, -71.01119 42.41839, -71.01052 42.4179, -71.00984 42.41752, -71.00965 42.41741, -71.00934 42.41722, -71.00911 42.41695, -71.00905 42.4169, -71.00897 42.41681, -71.0089 42.41674, -71.0087 42.41644, -71.00864 42.41636, -71.00852 42.4162, -71.00838 42.41611, -71.0085 42.41594, -71.00863 42.41577, -71.00893 42.41537, -71.00908 42.41515, -71.0094 42.41464, -71.00961 42.41432, -71.00987 42.41394, -71.01057 42.4142, -71.01104 42.41437, -71.01169 42.41459, -71.01204 42.41475, -71.01207 42.4148, -71.01242 42.41468, -71.01265 42.41462, -71.01287 42.41459, -71.0131 42.41461, -71.01341 42.41471, -71.01371 42.41483, -71.01408 42.41492, -71.01425 42.41496, -71.01434 42.41496, -71.0145 42.41496, -71.0147 42.41496, -71.0148 42.41495, -71.0152 42.41478, -71.01546 42.41477, -71.01571 42.41479, -71.01594 42.41489, -71.01601 42.41494, -71.01616 42.41505, -71.01631 42.41528, -71.0165 42.41551, -71.01657 42.41557, -71.01669 42.41569, -71.01676 42.41574, -71.01694 42.41583, -71.01717 42.41588, -71.0177 42.41604, -71.01783 42.41609, -71.01842 42.41624, -71.01855 42.41629, -71.01896 42.41642, -71.01905 42.41644, -71.01928 42.41653, -71.01954 42.41656, -71.01991 42.41667, -71.01976 42.41734)))"
250251702002,"MULTIPOLYGON (((-71.02265 42.41511, -71.02245 42.41551, -71.02235 42.4157, -71.02202 42.41562, -71.02157 42.4155, -71.02002 42.41506, -71.01971 42.41571, -71.01945 42.41622, -71.01932 42.41646, -71.01928 42.41653, -71.01905 42.41644, -71.01896 42.41642, -71.01855 42.41629, -71.01842 42.41624, -71.01783 42.41609, -71.0177 42.41604, -71.01717 42.41588, -71.01694 42.41583, -71.01676 42.41574, -71.01669 42.41569, -71.01657 42.41557, -71.0165 42.41551, -71.01631 42.41528, -71.01616 42.41505, -71.01601 42.41494, -71.01594 42.41489, -71.01571 42.41479, -71.01546 42.41477, -71.0152 42.41478, -71.0148 42.41495, -71.0147 42.41496, -71.0145 42.41496, -71.01434 42.41496, -71.01425 42.41496, -71.01408 42.41492, -71.01371 42.41483, -71.01341 42.41471, -71.0131 42.41461, -71.01287 42.41459, -71.01265 42.41462, -71.01242 42.41468, -71.01207 42.4148, -71.01204 42.41475, -71.01169 42.41459, -71.01104 42.41437, -71.01057 42.4142, -71.00987 42.41394, -71.01008 42.41359, -71.01041 42.4131, -71.01058 42.41281, -71.01077 42.41251, -71.01097 42.41219, -71.01123 42.41178, -71.01175 42.4119, -71.01228 42.41205, -71.01297 42.41224, -71.01441 42.41263, -71.01481 42.41274, -71.01542 42.4129, -71.01597 42.41306, -71.01637 42.41318, -71.01681 42.4133, -71.0172 42.4134, -71.01745 42.41348, -71.01766 42.41354, -71.01828 42.41371, -71.01849 42.41376, -71.01892 42.41387, -71.01937 42.414, -71.02021 42.41423, -71.02097 42.41445, -71.02172 42.41465, -71.02209 42.41475, -71.02254 42.41489, -71.02274 42.41495, -71.02265 42.41511)))"
250251702003,"MULTIPOLYGON (((-71.03165 42.41756, -71.03159 42.4177, -71.03149 42.41792, -71.03145 42.41803, -71.03138 42.41819, -71.03133 42.41831, -71.03127 42.41843, -71.03115 42.41866, -71.03111 42.41874, -71.03109 42.41878, -71.03037 42.41864, -71.03035 42.41864, -71.03016 42.41861, -71.0298 42.41854, -71.02904 42.41831, -71.02817 42.41809, -71.02796 42.41804, -71.02706 42.41781, -71.02689 42.41776, -71.0263 42.4176, -71.02616 42.41756, -71.02601 42.41752, -71.02545 42.41737, -71.0253 42.41731, -71.02451 42.41711, -71.0244 42.41708, -71.02406 42.41695, -71.02393 42.41687, -71.02306 42.41664, -71.02225 42.41639, -71.02202 42.41633, -71.02235 42.4157, -71.02245 42.41551, -71.02265 42.41511, -71.02274 42.41495, -71.02339 42.41512, -71.02384 42.41524, -71.02423 42.41535, -71.02465 42.41546, -71.02505 42.41557, -71.02583 42.41579, -71.02633 42.41592, -71.02673 42.41602, -71.0272 42.41616, -71.02754 42.41626, -71.02863 42.41655, -71.02964 42.41681, -71.03059 42.41708, -71.03094 42.41718, -71.03113 42.41723, -71.03173 42.41739, -71.03165 42.41756)))"
250251702004,"MULTIPOLYGON (((-71.03102 42.41891, -71.03099 42.41895, -71.03082 42.41928, -71.03076 42.41941, -71.03072 42.41948, -71.0307 42.41951, -71.03052 42.4198, -71.03046 42.4199, -71.03 42.4207, -71.02962 42.4213, -71.02932 42.42188, -71.02873 42.4217, -71.02856 42.42164, -71.02849 42.42162, -71.02808 42.4215, -71.02789 42.42144, -71.02739 42.42128, -71.02643 42.42099, -71.02628 42.42094, -71.02605 42.42089, -71.02534 42.4207, -71.02525 42.42068, -71.02474 42.42054, -71.02465 42.4205, -71.02396 42.4203, -71.02375 42.42024, -71.02312 42.42005, -71.0229 42.41998, -71.02228 42.4198, -71.02215 42.41976, -71.02164 42.41961, -71.0212 42.41947, -71.02063 42.41929, -71.02013 42.41911, -71.01955 42.41888, -71.01897 42.41861, -71.01929 42.41808, -71.01941 42.41793, -71.01947 42.41785, -71.01965 42.41758, -71.01976 42.41734, -71.01991 42.41667, -71.01954 42.41656, -71.01928 42.41653, -71.01932 42.41646, -71.01945 42.41622, -71.01971 42.41571, -71.02002 42.41506, -71.02157 42.4155, -71.02202 42.41562, -71.02235 42.4157, -71.02202 42.41633, -71.02225 42.41639, -71.02306 42.41664, -71.02393 42.41687, -71.02406 42.41695, -71.0244 42.41708, -71.02451 42.41711, -71.0253 42.41731, -71.02545 42.41737, -71.02601 42.41752, -71.02616 42.41756, -71.0263 42.4176, -71.02689 42.41776, -71.02706 42.41781, -71.02796 42.41804, -71.02817 42.41809, -71.02904 42.41831, -71.0298 42.41854, -71.03016 42.41861, -71.03035 42.41864, -71.03037 42.41864, -71.03109 42.41878, -71.03102 42.41891)))"
250251703011,"MULTIPOLYGON (((-71.02927 42.42198, -71.02913 42.42229, -71.02908 42.4224, -71.02907 42.42244, -71.02901 42.42255, -71.02899 42.42259, -71.0289 42.42281, -71.02878 42.423, -71.0287 42.42323, -71.02868 42.42329, -71.02864 42.4234, -71.02858 42.42357, -71.02837 42.42395, -71.02829 42.42409, -71.02826 42.42415, -71.02823 42.4242, -71.02818 42.42428, -71.02739 42.42569, -71.02724 42.42596, -71.02718 42.42608, -71.02711 42.4262, -71.02685 42.42666, -71.02613 42.42793, -71.02589 42.42837, -71.02583 42.42848, -71.02572 42.42867, -71.02563 42.42884, -71.02553 42.42901, -71.02541 42.42923, -71.02537 42.4293, -71.02527 42.42948, -71.02517 42.42966, -71.0251 42.42977, -71.025 42.42997, -71.02493 42.43008, -71.02409 42.43158, -71.02394 42.43152, -71.02376 42.43146, -71.02298 42.43123, -71.02253 42.4311, -71.02107 42.43065, -71.02093 42.43061, -71.02079 42.43058, -71.0207 42.43057, -71.02015 42.4305, -71.01992 42.43042, -71.01976 42.43033, -71.01961 42.43017, -71.01951 42.42999, -71.01944 42.42986, -71.01939 42.42952, -71.01934 42.42943, -71.01923 42.42922, -71.01905 42.42907, -71.01898 42.42901, -71.01883 42.42892, -71.01874 42.42887, -71.01867 42.42883, -71.01861 42.42881, -71.01848 42.42876, -71.01821 42.42871, -71.01785 42.42869, -71.0177 42.42868, -71.01734 42.42875, -71.01704 42.42882, -71.01685 42.42885, -71.01656 42.42885, -71.01641 42.42882, -71.01624 42.4288, -71.01605 42.42873, -71.01592 42.42868, -71.01584 42.42864, -71.01574 42.42856, -71.01558 42.42843, -71.01512 42.42806, -71.01564 42.42824, -71.0159 42.42838, -71.01597 42.42843, -71.0161 42.42849, -71.01618 42.42853, -71.0163 42.42857, -71.0164 42.42859, -71.01654 42.42861, -71.01669 42.42861, -71.01676 42.4286, -71.01685 42.4286, -71.01697 42.42858, -71.0171 42.4285, -71.01717 42.42844, -71.01814 42.42778, -71.0185 42.42751, -71.01854 42.42748, -71.01929 42.42698, -71.01958 42.42678, -71.0203 42.42627, -71.02062 42.42601, -71.02035 42.4258, -71.02011 42.4256, -71.01984 42.4254, -71.01977 42.42535, -71.01954 42.42515, -71.01898 42.42468, -71.01891 42.42462, -71.01848 42.42425, -71.01833 42.42414, -71.0179 42.42379, -71.01752 42.42347, -71.01744 42.42337, -71.01743 42.42336, -71.01739 42.42328, -71.01735 42.42313, -71.01732 42.42293, -71.01731 42.42267, -71.0173 42.4226, -71.01729 42.42229, -71.01725 42.42181, -71.01723 42.42172, -71.01723 42.42164, -71.01723 42.42133, -71.01728 42.42111, -71.01756 42.42071, -71.01779 42.42037, -71.01803 42.41999, -71.01837 42.41948, -71.01866 42.41909, -71.01883 42.41889, -71.01897 42.41861, -71.01955 42.41888, -71.02013 42.41911, -71.02063 42.41929, -71.0212 42.41947, -71.02164 42.41961, -71.02215 42.41976, -71.02228 42.4198, -71.0229 42.41998, -71.02312 42.42005, -71.02375 42.42024, -71.02396 42.4203, -71.02465 42.4205, -71.02474 42.42054, -71.02525 42.42068, -71.02534 42.4207, -71.02605 42.42089, -71.02628 42.42094, -71.02643 42.42099, -71.02739 42.42128, -71.02789 42.42144, -71.02808 42.4215, -71.02849 42.42162, -71.02856 42.42164, -71.02873 42.4217, -71.02932 42.42188, -71.02927 42.42198)))"
250251703012,"MULTIPOLYGON (((-71.02062 42.42601, -71.0203 42.42627, -71.01958 42.42678, -71.01929 42.42698, -71.01854 42.42748, -71.0185 42.42751, -71.01814 42.42778, -71.01717 42.42844, -71.0171 42.4285, -71.01697 42.42858, -71.01685 42.4286, -71.01676 42.4286, -71.01669 42.42861, -71.01654 42.42861, -71.0164 42.42859, -71.0163 42.42857, -71.01618 42.42853, -71.0161 42.42849, -71.01597 42.42843, -71.0159 42.42838, -71.01564 42.42824, -71.01512 42.42806, -71.01485 42.42784, -71.01417 42.42728, -71.01362 42.42682, -71.01311 42.42638, -71.01254 42.42593, -71.01238 42.4258, -71.01195 42.42545, -71.01137 42.42497, -71.01081 42.42451, -71.01122 42.42423, -71.01131 42.42418, -71.01192 42.42375, -71.01235 42.42342, -71.0134 42.42275, -71.0135 42.42267, -71.01387 42.42238, -71.01394 42.42233, -71.01405 42.42225, -71.01462 42.42185, -71.01474 42.42176, -71.01522 42.42142, -71.01544 42.42124, -71.01565 42.42108, -71.01576 42.42092, -71.01589 42.42068, -71.01651 42.42087, -71.01661 42.42089, -71.01664 42.4209, -71.01696 42.42102, -71.01728 42.42111, -71.01723 42.42133, -71.01723 42.42164, -71.01723 42.42172, -71.01725 42.42181, -71.01729 42.42229, -71.0173 42.4226, -71.01731 42.42267, -71.01732 42.42293, -71.01735 42.42313, -71.01739 42.42328, -71.01743 42.42336, -71.01744 42.42337, -71.01752 42.42347, -71.0179 42.42379, -71.01833 42.42414, -71.01848 42.42425, -71.01891 42.42462, -71.01898 42.42468, -71.01954 42.42515, -71.01977 42.42535, -71.01984 42.4254, -71.02011 42.4256, -71.02035 42.4258, -71.02062 42.42601)))"
250251703013,"MULTIPOLYGON (((-71.01576 42.42092, -71.01565 42.42108, -71.01544 42.42124, -71.01522 42.42142, -71.01474 42.42176, -71.01462 42.42185, -71.01405 42.42225, -71.01394 42.42233, -71.01387 42.42238, -71.01332 42.42224, -71.01312 42.42218, -71.01249 42.42201, -71.01234 42.42197, -71.01166 42.42178, -71.01151 42.42174, -71.01084 42.42152, -71.01055 42.42142, -71.00997 42.42117, -71.00919 42.42085, -71.00852 42.42059, -71.00782 42.42029, -71.00766 42.42022, -71.00691 42.41992, -71.00683 42.41988, -71.00587 42.41952, -71.00626 42.41899, -71.00646 42.41873, -71.00669 42.41841, -71.00683 42.41822, -71.00701 42.41796, -71.00722 42.4177, -71.00748 42.41732, -71.00762 42.41715, -71.00791 42.41676, -71.00838 42.41611, -71.00852 42.4162, -71.00864 42.41636, -71.0087 42.41644, -71.0089 42.41674, -71.00897 42.41681, -71.00905 42.4169, -71.00911 42.41695, -71.00934 42.41722, -71.00965 42.41741, -71.00984 42.41752, -71.01052 42.4179, -71.01119 42.41839, -71.01173 42.41876, -71.01193 42.41889, -71.01243 42.41922, -71.01267 42.41935, -71.01341 42.41974, -71.01367 42.41988, -71.01422 42.42014, -71.01453 42.42026, -71.01463 42.42029, -71.01501 42.42041, -71.01565 42.4206, -71.01589 42.42068, -71.01576 42.42092)))"
250251703014,"MULTIPOLYGON (((-71.01837 42.41948, -71.01803 42.41999, -71.01779 42.42037, -71.01756 42.42071, -71.01728 42.42111, -71.01696 42.42102, -71.01664 42.4209, -71.01661 42.42089, -71.01651 42.42087, -71.01589 42.42068, -71.01565 42.4206, -71.01501 42.42041, -71.01463 42.42029, -71.01453 42.42026, -71.01422 42.42014, -71.01367 42.41988, -71.01341 42.41974, -71.01267 42.41935, -71.01243 42.41922, -71.01193 42.41889, -71.01173 42.41876, -71.01119 42.41839, -71.01142 42.41809, -71.01154 42.41794, -71.01174 42.41769, -71.01191 42.41748, -71.01211 42.41723, -71.01224 42.41729, -71.01233 42.4173, -71.01446 42.4179, -71.01467 42.41796, -71.01543 42.41818, -71.01622 42.41841, -71.01702 42.41864, -71.01779 42.41886, -71.01866 42.41909, -71.01837 42.41948)))"
250251703021,"MULTIPOLYGON (((-71.02584 42.44471, -71.02549 42.44498, -71.02547 42.44499, -71.02542 42.44503, -71.02522 42.44518, -71.02518 42.44521, -71.0239 42.44618, -71.02368 42.44636, -71.02189 42.44772, -71.02034 42.44891, -71.01989 42.44926, -71.01876 42.45012, -71.0183 42.44959, -71.01502 42.44577, -71.01461 42.44529, -71.01398 42.44456, -71.01324 42.44371, -71.01328 42.44355, -71.01332 42.44351, -71.01348 42.44336, -71.01353 42.44329, -71.0137 42.44305, -71.01383 42.44286, -71.01468 42.44164, -71.01479 42.44148, -71.01475 42.44136, -71.01471 42.4412, -71.0147 42.44052, -71.01469 42.43995, -71.01475 42.43956, -71.01483 42.43925, -71.01499 42.43887, -71.01512 42.43861, -71.01532 42.43833, -71.01552 42.43808, -71.01575 42.43784, -71.01602 42.43761, -71.01654 42.43722, -71.01717 42.43683, -71.01734 42.43673, -71.018 42.43636, -71.01888 42.43585, -71.01959 42.43543, -71.01969 42.43537, -71.01997 42.43518, -71.0208 42.43466, -71.02208 42.43393, -71.02269 42.4336, -71.02304 42.43346, -71.023 42.43352, -71.0224 42.43461, -71.02228 42.43481, -71.02222 42.43492, -71.02219 42.43498, -71.02216 42.43502, -71.02206 42.43521, -71.02175 42.43577, -71.02163 42.436, -71.02158 42.43607, -71.02155 42.43613, -71.02153 42.43616, -71.02135 42.4365, -71.02129 42.43661, -71.02115 42.43685, -71.02112 42.43691, -71.02112 42.43691, -71.02106 42.43702, -71.02101 42.43712, -71.02096 42.43713, -71.02091 42.43714, -71.02071 42.43721, -71.02057 42.4373, -71.02009 42.43747, -71.01999 42.43749, -71.01947 42.43758, -71.01924 42.4376, -71.01907 42.43762, -71.01896 42.43763, -71.01838 42.4377, -71.01815 42.43778, -71.01805 42.43791, -71.01802 42.43814, -71.01801 42.4383, -71.018 42.43833, -71.0179 42.43862, -71.01752 42.43912, -71.01726 42.43946, -71.0172 42.43955, -71.01704 42.43969, -71.01713 42.43984, -71.01727 42.44017, -71.01746 42.44048, -71.01776 42.44078, -71.01805 42.44098, -71.01819 42.44119, -71.01838 42.44135, -71.01863 42.44151, -71.01889 42.44171, -71.01902 42.44167, -71.01915 42.44165, -71.01947 42.44161, -71.01972 42.44169, -71.02018 42.44191, -71.02057 42.44208, -71.02077 42.44223, -71.02113 42.44254, -71.02137 42.44277, -71.02139 42.44278, -71.02165 42.44291, -71.02171 42.44294, -71.02198 42.44304, -71.02213 42.44314, -71.02238 42.44335, -71.0227 42.44359, -71.0229 42.44363, -71.02322 42.44365, -71.02333 42.44368, -71.02358 42.44373, -71.02393 42.44384, -71.02414 42.44391, -71.02426 42.4439, -71.02438 42.44388, -71.02464 42.44381, -71.02469 42.44379, -71.025 42.44371, -71.02557 42.4444, -71.02567 42.44451, -71.0257 42.44454, -71.02584 42.44471)))"
250251703022,"MULTIPOLYGON (((-71.02469 42.44379, -71.02464 42.44381, -71.02438 42.44388, -71.02426 42.4439, -71.02414 42.44391, -71.02393 42.44384, -71.02358 42.44373, -71.02333 42.44368, -71.02322 42.44365, -71.0229 42.44363, -71.0227 42.44359, -71.02238 42.44335, -71.02213 42.44314, -71.02198 42.44304, -71.02171 42.44294, -71.02165 42.44291, -71.02139 42.44278, -71.02137 42.44277, -71.02113 42.44254, -71.02077 42.44223, -71.02057 42.44208, -71.02018 42.44191, -71.01972 42.44169, -71.01947 42.44161, -71.01915 42.44165, -71.01902 42.44167, -71.01889 42.44171, -71.01863 42.44151, -71.01838 42.44135, -71.01819 42.44119, -71.01805 42.44098, -71.01776 42.44078, -71.01746 42.44048, -71.01727 42.44017, -71.01713 42.43984, -71.01704 42.43969, -71.0172 42.43955, -71.01726 42.43946, -71.01752 42.43912, -71.0179 42.43862, -71.018 42.43833, -71.01801 42.4383, -71.01802 42.43814, -71.01805 42.43791, -71.01815 42.43778, -71.01838 42.4377, -71.01896 42.43763, -71.01907 42.43762, -71.01924 42.4376, -71.01947 42.43758, -71.01999 42.43749, -71.02009 42.43747, -71.02057 42.4373, -71.02071 42.43721, -71.02091 42.43714, -71.02096 42.43713, -71.02101 42.43712, -71.02068 42.4377, -71.02038 42.43825, -71.02106 42.43905, -71.02117 42.43919, -71.02122 42.43925, -71.02166 42.43977, -71.02255 42.44082, -71.02314 42.44152, -71.025 42.44371, -71.02469 42.44379)))"
250251703023,"MULTIPOLYGON (((-71.02404 42.43164, -71.02304 42.43346, -71.02269 42.4336, -71.02208 42.43393, -71.0208 42.43466, -71.01997 42.43518, -71.01969 42.43537, -71.01959 42.43543, -71.01888 42.43585, -71.018 42.43636, -71.01734 42.43673, -71.01717 42.43683, -71.01654 42.43722, -71.01602 42.43761, -71.01575 42.43784, -71.01552 42.43808, -71.01532 42.43833, -71.01512 42.43861, -71.01499 42.43887, -71.01483 42.43925, -71.01475 42.43956, -71.01469 42.43995, -71.0147 42.44052, -71.01471 42.4412, -71.01475 42.44136, -71.01479 42.44148, -71.01468 42.44164, -71.01383 42.44286, -71.0137 42.44305, -71.01353 42.44329, -71.01348 42.44336, -71.01332 42.44351, -71.01328 42.44355, -71.01324 42.44371, -71.01229 42.4426, -71.01211 42.44237, -71.01192 42.44216, -71.01186 42.44213, -71.01109 42.44175, -71.01077 42.44159, -71.0103 42.44136, -71.00982 42.44112, -71.00967 42.44105, -71.0095 42.44096, -71.00969 42.44082, -71.00975 42.4408, -71.00988 42.44078, -71.00992 42.44076, -71.00996 42.44073, -71.01007 42.44067, -71.01015 42.44065, -71.01018 42.44065, -71.01021 42.44064, -71.01024 42.44063, -71.0103 42.44056, -71.01036 42.44055, -71.01041 42.44051, -71.01045 42.44051, -71.01051 42.44052, -71.01053 42.44051, -71.01054 42.44047, -71.01058 42.44043, -71.0106 42.44041, -71.01066 42.44041, -71.01069 42.44039, -71.01074 42.44038, -71.01079 42.44036, -71.01082 42.44032, -71.01085 42.44031, -71.01087 42.44031, -71.01089 42.44032, -71.01093 42.44032, -71.01094 42.44031, -71.01094 42.44028, -71.01094 42.44027, -71.01099 42.44026, -71.01101 42.44027, -71.01104 42.44027, -71.01106 42.44028, -71.01112 42.44028, -71.01115 42.44026, -71.01117 42.44023, -71.0112 42.44021, -71.01127 42.44014, -71.0113 42.44011, -71.01133 42.4401, -71.01138 42.44009, -71.01144 42.44009, -71.01148 42.44008, -71.01154 42.44005, -71.01159 42.44003, -71.0117 42.43999, -71.01176 42.43996, -71.01179 42.43995, -71.01183 42.43994, -71.01185 42.43992, -71.01185 42.43986, -71.01186 42.43982, -71.01187 42.43978, -71.0119 42.43975, -71.01197 42.43973, -71.01203 42.43973, -71.01208 42.43969, -71.01213 42.43966, -71.01218 42.43965, -71.01221 42.43966, -71.01223 42.43969, -71.01227 42.43972, -71.01233 42.43975, -71.01237 42.43974, -71.01237 42.4397, -71.01235 42.43966, -71.01234 42.43962, -71.01232 42.43959, -71.01229 42.43958, -71.01226 42.43959, -71.01223 42.43958, -71.01221 42.43955, -71.0122 42.43951, -71.0122 42.43946, -71.01219 42.43943, -71.01214 42.43942, -71.01208 42.43942, -71.01204 42.4394, -71.01202 42.43937, -71.012 42.43931, -71.01199 42.43926, -71.01195 42.43922, -71.0119 42.43915, -71.01188 42.43908, -71.01185 42.43903, -71.0118 42.439, -71.01175 42.43898, -71.0117 42.43899, -71.01163 42.43904, -71.0116 42.43906, -71.01156 42.43905, -71.0115 42.43902, -71.01143 42.43901, -71.01136 42.43901, -71.0113 42.43903, -71.01126 42.43906, -71.01122 42.43907, -71.01118 42.43908, -71.01114 42.43906, -71.01112 42.43903, -71.01113 42.439, -71.01114 42.43897, -71.01115 42.43891, -71.01112 42.43887, -71.01106 42.43885, -71.01104 42.43884, -71.01095 42.43881, -71.01091 42.43878, -71.0109 42.43874, -71.01094 42.43868, -71.01094 42.43866, -71.01095 42.43863, -71.01093 42.4386, -71.0109 42.43859, -71.01086 42.4386, -71.01083 42.43863, -71.01084 42.43867, -71.01084 42.4387, -71.01085 42.43873, -71.01084 42.43875, -71.01083 42.43876, -71.0108 42.43876, -71.01075 42.43875, -71.0107 42.43875, -71.01067 42.43874, -71.01065 42.43872, -71.01065 42.43868, -71.01065 42.43865, -71.01067 42.4386, -71.01066 42.43856, -71.0106 42.43854, -71.01057 42.43851, -71.01055 42.43848, -71.01054 42.43845, -71.0105 42.43842, -71.01043 42.43841, -71.01034 42.43839, -71.01028 42.43838, -71.01021 42.43836, -71.01016 42.43835, -71.01012 42.43834, -71.0101 42.4383, -71.0101 42.43827, -71.01009 42.43822, -71.0101 42.43819, -71.01013 42.43818, -71.01017 42.43816, -71.01021 42.43816, -71.01024 42.43816, -71.01027 42.43816, -71.0103 42.4382, -71.01037 42.4382, -71.0104 42.43821, -71.01043 42.43821, -71.01047 42.43821, -71.01051 42.4382, -71.01055 42.43818, -71.01058 42.43817, -71.01061 42.43813, -71.01063 42.4381, -71.01064 42.43808, -71.01063 42.43804, -71.01063 42.438, -71.01063 42.43798, -71.01063 42.43796, -71.01066 42.43791, -71.0107 42.43788, -71.01073 42.43785, -71.01074 42.43782, -71.01074 42.43776, -71.01071 42.43772, -71.01067 42.4377, -71.01064 42.4377, -71.0106 42.43769, -71.01056 42.43769, -71.01053 42.43769, -71.01048 42.43768, -71.01045 42.43766, -71.01044 42.43764, -71.01043 42.43761, -71.01042 42.43758, -71.01044 42.43755, -71.01044 42.43753, -71.01049 42.43748, -71.01052 42.43748, -71.01053 42.43745, -71.01056 42.43743, -71.01058 42.43742, -71.0106 42.43741, -71.01062 42.4374, -71.01064 42.43738, -71.01066 42.43736, -71.01068 42.43735, -71.0107 42.43728, -71.01066 42.43725, -71.01065 42.43724, -71.01063 42.43722, -71.01064 42.4372, -71.01067 42.43717, -71.01071 42.43715, -71.01075 42.43714, -71.01078 42.43713, -71.0108 42.43713, -71.01083 42.43712, -71.01086 42.43711, -71.01089 42.4371, -71.01093 42.43708, -71.01095 42.43705, -71.01095 42.43703, -71.01097 42.43701, -71.01097 42.43697, -71.01098 42.43695, -71.01099 42.43692, -71.01103 42.43689, -71.01104 42.43688, -71.01105 42.43687, -71.01104 42.43684, -71.01105 42.43682, -71.01109 42.43679, -71.01111 42.43679, -71.01113 42.43679, -71.01114 42.43678, -71.01117 42.43678, -71.01121 42.43678, -71.01125 42.43678, -71.01129 42.43678, -71.01131 42.43678, -71.01136 42.43678, -71.01138 42.43677, -71.01141 42.43675, -71.01143 42.43672, -71.01144 42.43669, -71.01144 42.43668, -71.01144 42.43666, -71.0114 42.43662, -71.01138 42.43661, -71.01134 42.43659, -71.01131 42.43658, -71.01128 42.43656, -71.01126 42.43656, -71.01121 42.43655, -71.01114 42.43657, -71.01111 42.43658, -71.01107 42.43658, -71.01104 42.43658, -71.01101 42.43656, -71.01099 42.43654, -71.01099 42.43652, -71.01101 42.4365, -71.01103 42.43648, -71.01106 42.43646, -71.0111 42.43644, -71.01113 42.43643, -71.01115 42.43642, -71.0112 42.43641, -71.01122 42.4364, -71.01125 42.43638, -71.01127 42.43637, -71.01129 42.43636, -71.01131 42.43634, -71.01133 42.43633, -71.01136 42.4363, -71.01138 42.43628, -71.0114 42.43626, -71.01144 42.43623, -71.01142 42.43599, -71.01131 42.43592, -71.01124 42.43587, -71.01109 42.43572, -71.011 42.43564, -71.01091 42.43556, -71.0108 42.4354, -71.01074 42.43526, -71.01073 42.43523, -71.01073 42.43508, -71.01073 42.43501, -71.01078 42.43487, -71.01082 42.43473, -71.01084 42.43468, -71.01078 42.43457, -71.01051 42.43455, -71.01042 42.43455, -71.01032 42.43454, -71.01008 42.4345, -71.00979 42.43448, -71.00974 42.43447, -71.00956 42.43442, -71.00952 42.4344, -71.00943 42.43436, -71.00932 42.4343, -71.00928 42.43428, -71.00912 42.4343, -71.00887 42.43434, -71.00863 42.43435, -71.00858 42.43435, -71.00854 42.43433, -71.00846 42.43428, -71.00825 42.43413, -71.00809 42.43405, -71.00801 42.43402, -71.00787 42.43397, -71.00778 42.43395, -71.00754 42.43395, -71.00749 42.43394, -71.0073 42.43391, -71.00717 42.43387, -71.00697 42.43384, -71.00693 42.4338, -71.00678 42.43366, -71.00665 42.43355, -71.00657 42.43346, -71.00653 42.43339, -71.00616 42.43316, -71.00592 42.43304, -71.00588 42.43303, -71.00569 42.43298, -71.00564 42.43297, -71.00555 42.43296, -71.00545 42.43296, -71.00487 42.43305, -71.00473 42.43306, -71.00463 42.43306, -71.00454 42.43303, -71.00436 42.43297, -71.00422 42.43294, -71.00403 42.4329, -71.00366 42.43281, -71.00343 42.43275, -71.0033 42.4327, -71.00308 42.4328, -71.00299 42.43284, -71.00294 42.43282, -71.00273 42.43274, -71.00265 42.4327, -71.00254 42.43262, -71.00215 42.43261, -71.00193 42.43248, -71.00177 42.43239, -71.00159 42.43227, -71.00112 42.43195, -71.00084 42.4318, -71.00077 42.43176, -71.00066 42.43169, -71.00042 42.43156, -70.99986 42.4313, -70.99847 42.4313, -70.99799 42.4312, -70.99745 42.4311, -70.99737 42.43107, -70.99735 42.43107, -70.99729 42.43106, -70.99723 42.43105, -70.9974 42.43081, -70.99834 42.42954, -70.99913 42.42849, -70.99924 42.42835, -70.99926 42.42831, -70.99951 42.42799, -71.00103 42.42596, -71.00165 42.42513, -71.00234 42.4242, -71.00373 42.42231, -71.00382 42.42236, -71.00409 42.42251, -71.00417 42.42254, -71.00499 42.42287, -71.00553 42.42308, -71.00559 42.42311, -71.00568 42.42315, -71.00624 42.42366, -71.00648 42.42388, -71.00695 42.42426, -71.00708 42.42439, -71.00777 42.42502, -71.00784 42.42507, -71.00837 42.42548, -71.00855 42.42562, -71.00862 42.42569, -71.00893 42.42591, -71.00977 42.42528, -71.01067 42.42464, -71.01069 42.42463, -71.01072 42.4246, -71.01081 42.42451, -71.01137 42.42497, -71.01195 42.42545, -71.01238 42.4258, -71.01254 42.42593, -71.01311 42.42638, -71.01362 42.42682, -71.01417 42.42728, -71.01485 42.42784, -71.01512 42.42806, -71.01558 42.42843, -71.01574 42.42856, -71.01584 42.42864, -71.01592 42.42868, -71.01605 42.42873, -71.01624 42.4288, -71.01641 42.42882, -71.01656 42.42885, -71.01685 42.42885, -71.01704 42.42882, -71.01734 42.42875, -71.0177 42.42868, -71.01785 42.42869, -71.01821 42.42871, -71.01848 42.42876, -71.01861 42.42881, -71.01867 42.42883, -71.01874 42.42887, -71.01883 42.42892, -71.01898 42.42901, -71.01905 42.42907, -71.01923 42.42922, -71.01934 42.42943, -71.01939 42.42952, -71.01944 42.42986, -71.01951 42.42999, -71.01961 42.43017, -71.01976 42.43033, -71.01992 42.43042, -71.02015 42.4305, -71.0207 42.43057, -71.02079 42.43058, -71.02093 42.43061, -71.02107 42.43065, -71.02253 42.4311, -71.02298 42.43123, -71.02376 42.43146, -71.02394 42.43152, -71.02409 42.43158, -71.02404 42.43164)))"
250251704001,"MULTIPOLYGON (((-71.00405 42.42186, -71.00402 42.42191, -71.00373 42.42231, -71.00234 42.4242, -71.00165 42.42513, -71.00103 42.42596, -70.99951 42.42799, -70.99926 42.42831, -70.99924 42.42835, -70.99913 42.42849, -70.99834 42.42954, -70.9974 42.43081, -70.99723 42.43105, -70.99721 42.43106, -70.99691 42.43101, -70.99661 42.43097, -70.99652 42.43096, -70.99643 42.43095, -70.99607 42.4309, -70.99571 42.43086, -70.99543 42.43098, -70.99534 42.43105, -70.99513 42.43115, -70.99485 42.43115, -70.99478 42.4312, -70.9947 42.43139, -70.99419 42.43192, -70.99367 42.43245, -70.99315 42.43298, -70.99263 42.43351, -70.99202 42.43413, -70.99026 42.43482, -70.99018 42.43485, -70.99012 42.43488, -70.98953 42.43465, -70.9878 42.434, -70.98575 42.43256, -70.98371 42.43166, -70.98395 42.43136, -70.98459 42.4305, -70.985 42.42994, -70.9856 42.42914, -70.98614 42.42838, -70.98658 42.42779, -70.98672 42.4276, -70.98794 42.42604, -70.98886 42.42482, -70.98955 42.42394, -70.99034 42.42284, -70.9907 42.4223, -70.99156 42.42121, -70.99234 42.42022, -70.99278 42.41962, -70.99349 42.41862, -70.99413 42.4186, -70.99488 42.41858, -70.99591 42.41854, -70.99671 42.41853, -70.99746 42.4185, -70.99786 42.41849, -70.99812 42.41848, -70.99858 42.41846, -70.99889 42.41846, -70.99929 42.41845, -70.99971 42.41842, -70.99998 42.41834, -70.99986 42.41865, -70.99892 42.42035, -70.99953 42.42052, -70.99974 42.42013, -71.00037 42.42032, -71.00097 42.4205, -71.00133 42.41985, -71.00151 42.41952, -71.00202 42.41965, -71.00204 42.41972, -71.0021 42.41985, -71.00219 42.41999, -71.00229 42.42012, -71.00239 42.42024, -71.00254 42.42037, -71.00266 42.42046, -71.00283 42.42057, -71.00303 42.42068, -71.00328 42.42079, -71.00353 42.42089, -71.00366 42.42095, -71.00376 42.42102, -71.00383 42.42107, -71.00387 42.42112, -71.00392 42.42119, -71.004 42.42132, -71.00405 42.42143, -71.00408 42.42171, -71.00405 42.42186)))"
250251704002,"MULTIPOLYGON (((-71.00369 42.415, -71.00367 42.41521, -71.00365 42.41537, -71.00363 42.41547, -71.00359 42.41568, -71.00352 42.41593, -71.00343 42.41614, -71.00332 42.41635, -71.00321 42.41655, -71.00293 42.41653, -71.0027 42.41653, -71.00222 42.41652, -71.00213 42.41652, -71.00195 42.41651, -71.00163 42.41651, -71.00122 42.41649, -71.00106 42.41677, -71.00082 42.41718, -71.0006 42.41758, -71.00032 42.41807, -71.00015 42.41826, -70.99998 42.41834, -70.99971 42.41842, -70.99929 42.41845, -70.99889 42.41846, -70.99858 42.41846, -70.99812 42.41848, -70.99786 42.41849, -70.99746 42.4185, -70.99671 42.41853, -70.99591 42.41854, -70.99488 42.41858, -70.99413 42.4186, -70.99349 42.41862, -70.99394 42.41807, -70.99442 42.41749, -70.99468 42.41716, -70.99526 42.41639, -70.99565 42.41582, -70.99613 42.41516, -70.99668 42.41441, -70.99726 42.41366, -70.99803 42.41264, -70.99884 42.41156, -70.99933 42.41083, -70.99989 42.41004, -71.00017 42.40962, -71.00024 42.40959, -71.00059 42.40946, -71.00071 42.40941, -71.00107 42.40936, -71.00129 42.4094, -71.0014 42.40945, -71.00158 42.40955, -71.00176 42.40965, -71.00184 42.40977, -71.00186 42.40985, -71.00187 42.40995, -71.0019 42.41013, -71.00193 42.41028, -71.00196 42.41042, -71.00201 42.41058, -71.00206 42.41074, -71.00207 42.41079, -71.00215 42.41099, -71.00224 42.41119, -71.00234 42.4114, -71.00247 42.41168, -71.00296 42.41273, -71.00314 42.4131, -71.00324 42.4133, -71.00333 42.41352, -71.00342 42.41372, -71.00352 42.41396, -71.00359 42.41417, -71.00362 42.41431, -71.00364 42.41439, -71.00367 42.41456, -71.00369 42.41477, -71.00369 42.41491, -71.00369 42.415)))"
250251704003,"MULTIPOLYGON (((-71.00838 42.41611, -71.00791 42.41676, -71.00762 42.41715, -71.00748 42.41732, -71.00722 42.4177, -71.00701 42.41796, -71.00683 42.41822, -71.00669 42.41841, -71.00646 42.41873, -71.00626 42.41899, -71.00587 42.41952, -71.00546 42.42007, -71.00541 42.42005, -71.00411 42.41967, -71.00299 42.41934, -71.0029 42.41932, -71.00211 42.4191, -71.00196 42.41905, -71.00181 42.41897, -71.00155 42.4189, -71.00119 42.4188, -71.00058 42.41858, -70.99998 42.41834, -71.00015 42.41826, -71.00032 42.41807, -71.0006 42.41758, -71.00082 42.41718, -71.00106 42.41677, -71.00122 42.41649, -71.00163 42.41651, -71.00195 42.41651, -71.00213 42.41652, -71.00222 42.41652, -71.0027 42.41653, -71.00293 42.41653, -71.00321 42.41655, -71.00338 42.41656, -71.00416 42.41658, -71.00424 42.41659, -71.00439 42.4166, -71.00442 42.41655, -71.0046 42.4162, -71.00474 42.41596, -71.00499 42.41596, -71.00517 42.41597, -71.00624 42.41601, -71.00634 42.41601, -71.0067 42.41603, -71.0069 42.41603, -71.00751 42.41605, -71.00763 42.41606, -71.00818 42.41609, -71.00838 42.41611)))"
250251704004,"MULTIPOLYGON (((-71.01072 42.4246, -71.01069 42.42463, -71.01067 42.42464, -71.00977 42.42528, -71.00893 42.42591, -71.00862 42.42569, -71.00855 42.42562, -71.00837 42.42548, -71.00784 42.42507, -71.00777 42.42502, -71.00708 42.42439, -71.00695 42.42426, -71.00648 42.42388, -71.00624 42.42366, -71.00568 42.42315, -71.00559 42.42311, -71.00553 42.42308, -71.00499 42.42287, -71.00417 42.42254, -71.00409 42.42251, -71.00382 42.42236, -71.00373 42.42231, -71.00402 42.42191, -71.00405 42.42186, -71.00408 42.42171, -71.00405 42.42143, -71.004 42.42132, -71.00404 42.42117, -71.00406 42.42112, -71.00411 42.42105, -71.00421 42.42098, -71.00432 42.42091, -71.0045 42.42088, -71.00454 42.42088, -71.00474 42.4209, -71.00485 42.42094, -71.00495 42.42101, -71.00505 42.42111, -71.00511 42.42127, -71.00519 42.42136, -71.0053 42.42143, -71.00547 42.42152, -71.00562 42.4216, -71.00568 42.42162, -71.00639 42.42189, -71.00652 42.42194, -71.0066 42.42198, -71.00706 42.42218, -71.0075 42.42238, -71.00825 42.42275, -71.00848 42.4229, -71.00854 42.42294, -71.00883 42.42309, -71.0091 42.42324, -71.00924 42.42333, -71.00933 42.42339, -71.00958 42.42357, -71.00973 42.42367, -71.00983 42.42373, -71.0099 42.42379, -71.01006 42.42392, -71.0103 42.4241, -71.01031 42.4241, -71.01038 42.42416, -71.01081 42.42451, -71.01072 42.4246)))"
250251704005,"MULTIPOLYGON (((-71.0135 42.42267, -71.0134 42.42275, -71.01235 42.42342, -71.01192 42.42375, -71.01131 42.42418, -71.01122 42.42423, -71.01081 42.42451, -71.01038 42.42416, -71.01031 42.4241, -71.0103 42.4241, -71.01006 42.42392, -71.0099 42.42379, -71.00983 42.42373, -71.00973 42.42367, -71.00958 42.42357, -71.00933 42.42339, -71.00924 42.42333, -71.0091 42.42324, -71.00883 42.42309, -71.00854 42.42294, -71.00848 42.4229, -71.00825 42.42275, -71.0075 42.42238, -71.00706 42.42218, -71.0066 42.42198, -71.00652 42.42194, -71.00639 42.42189, -71.00568 42.42162, -71.00562 42.4216, -71.00547 42.42152, -71.0053 42.42143, -71.00519 42.42136, -71.00511 42.42127, -71.00505 42.42111, -71.00495 42.42101, -71.00485 42.42094, -71.00474 42.4209, -71.00454 42.42088, -71.0045 42.42088, -71.00432 42.42091, -71.00421 42.42098, -71.00411 42.42105, -71.00406 42.42112, -71.00404 42.42117, -71.004 42.42132, -71.00392 42.42119, -71.00387 42.42112, -71.00383 42.42107, -71.00376 42.42102, -71.00366 42.42095, -71.00353 42.42089, -71.00328 42.42079, -71.00303 42.42068, -71.00283 42.42057, -71.00266 42.42046, -71.00254 42.42037, -71.00239 42.42024, -71.00229 42.42012, -71.00219 42.41999, -71.0021 42.41985, -71.00204 42.41972, -71.00202 42.41965, -71.00151 42.41952, -71.00133 42.41985, -71.00097 42.4205, -71.00037 42.42032, -70.99974 42.42013, -70.99953 42.42052, -70.99892 42.42035, -70.99986 42.41865, -70.99998 42.41834, -71.00058 42.41858, -71.00119 42.4188, -71.00155 42.4189, -71.00181 42.41897, -71.00196 42.41905, -71.00211 42.4191, -71.0029 42.41932, -71.00299 42.41934, -71.00411 42.41967, -71.00541 42.42005, -71.00546 42.42007, -71.00587 42.41952, -71.00683 42.41988, -71.00691 42.41992, -71.00766 42.42022, -71.00782 42.42029, -71.00852 42.42059, -71.00919 42.42085, -71.00997 42.42117, -71.01055 42.42142, -71.01084 42.42152, -71.01151 42.42174, -71.01166 42.42178, -71.01234 42.42197, -71.01249 42.42201, -71.01312 42.42218, -71.01332 42.42224, -71.01387 42.42238, -71.0135 42.42267)))"
250251705021,"MULTIPOLYGON (((-70.96933 42.43664, -70.96932 42.43691, -70.96931 42.43696, -70.96925 42.43726, -70.96913 42.43766, -70.96912 42.43769, -70.96898 42.438, -70.96883 42.43835, -70.96861 42.43878, -70.96846 42.43904, -70.96819 42.43943, -70.96807 42.43959, -70.96788 42.4398, -70.96769 42.44002, -70.96756 42.44016, -70.96752 42.44021, -70.96728 42.44051, -70.96718 42.44065, -70.96704 42.44087, -70.96697 42.44135, -70.96691 42.44153, -70.96687 42.44166, -70.96679 42.44192, -70.96675 42.44204, -70.96666 42.44224, -70.96635 42.44304, -70.96629 42.44305, -70.96581 42.44285, -70.96536 42.44273, -70.96474 42.44259, -70.96426 42.44252, -70.96281 42.44241, -70.96205 42.44261, -70.9608 42.44254, -70.95962 42.44213, -70.95897 42.44136, -70.9586 42.44075, -70.95839 42.44039, -70.96009 42.43899, -70.96284 42.43784, -70.96541 42.43589, -70.96704 42.4346, -70.96788 42.43503, -70.96891 42.43571, -70.96902 42.43586, -70.96903 42.43593, -70.96907 42.436, -70.96913 42.43604, -70.96922 42.43607, -70.96932 42.43609, -70.96932 42.43633, -70.96933 42.43664)))"
250251705022,"MULTIPOLYGON (((-70.98794 42.42604, -70.98672 42.4276, -70.98658 42.42779, -70.98614 42.42838, -70.9856 42.42914, -70.985 42.42994, -70.98459 42.4305, -70.98395 42.43136, -70.98371 42.43166, -70.98229 42.4313, -70.98084 42.43193, -70.97989 42.4324, -70.97965 42.43263, -70.97945 42.43281, -70.97864 42.43213, -70.97818 42.43176, -70.97799 42.43159, -70.97791 42.43153, -70.97775 42.43139, -70.977 42.43076, -70.97689 42.43064, -70.97449 42.42867, -70.97691 42.42613, -70.98138 42.42056, -70.98195 42.42109, -70.98291 42.42202, -70.98374 42.42293, -70.984 42.42313, -70.9842 42.42351, -70.98459 42.42391, -70.98483 42.42414, -70.98501 42.42432, -70.98552 42.42482, -70.98594 42.42527, -70.98601 42.42536, -70.98606 42.42532, -70.98618 42.42517, -70.98628 42.42503, -70.98641 42.42485, -70.98684 42.42525, -70.98712 42.42551, -70.98747 42.42567, -70.9874 42.42583, -70.98794 42.42604)))"
250251705023,"MULTIPOLYGON (((-70.97903 42.43322, -70.97841 42.43382, -70.97519 42.4369, -70.97159 42.4427, -70.96859 42.4444, -70.96629 42.4435, -70.96624 42.4435, -70.96617 42.4435, -70.96635 42.44304, -70.96666 42.44224, -70.96675 42.44204, -70.96679 42.44192, -70.96687 42.44166, -70.96691 42.44153, -70.96697 42.44135, -70.96704 42.44087, -70.96718 42.44065, -70.96728 42.44051, -70.96752 42.44021, -70.96756 42.44016, -70.96769 42.44002, -70.96788 42.4398, -70.96807 42.43959, -70.96819 42.43943, -70.96846 42.43904, -70.96861 42.43878, -70.96883 42.43835, -70.96898 42.438, -70.96912 42.43769, -70.96913 42.43766, -70.96925 42.43726, -70.96931 42.43696, -70.96932 42.43691, -70.96933 42.43664, -70.96932 42.43633, -70.96932 42.43609, -70.96922 42.43607, -70.96913 42.43604, -70.96907 42.436, -70.96903 42.43593, -70.96902 42.43586, -70.96891 42.43571, -70.96788 42.43503, -70.96704 42.4346, -70.96888 42.43304, -70.97343 42.42977, -70.97449 42.42867, -70.97689 42.43064, -70.977 42.43076, -70.97775 42.43139, -70.97791 42.43153, -70.97799 42.43159, -70.97818 42.43176, -70.97864 42.43213, -70.97945 42.43281, -70.97903 42.43322)))"
250251705031,"MULTIPOLYGON (((-70.99349 42.41862, -70.99278 42.41962, -70.99234 42.42022, -70.99156 42.42121, -70.9907 42.4223, -70.99034 42.42284, -70.98955 42.42394, -70.98886 42.42482, -70.98794 42.42604, -70.9874 42.42583, -70.98747 42.42567, -70.98712 42.42551, -70.98684 42.42525, -70.98641 42.42485, -70.98628 42.42503, -70.98618 42.42517, -70.98606 42.42532, -70.98601 42.42536, -70.98594 42.42527, -70.98552 42.42482, -70.98501 42.42432, -70.98483 42.42414, -70.98459 42.42391, -70.9842 42.42351, -70.984 42.42313, -70.98374 42.42293, -70.98291 42.42202, -70.98195 42.42109, -70.98138 42.42056, -70.98323 42.41716, -70.98409 42.41558, -70.98571 42.41714, -70.98703 42.41824, -70.98683 42.41849, -70.98709 42.41859, -70.98726 42.41865, -70.98743 42.41869, -70.98769 42.41877, -70.98795 42.41877, -70.98861 42.41875, -70.98907 42.41874, -70.98964 42.41873, -70.99028 42.41871, -70.99102 42.41869, -70.99115 42.41869, -70.99159 42.41867, -70.99252 42.41864, -70.99324 42.41862, -70.99349 42.41862)))"
250251705041,"MULTIPOLYGON (((-70.99365 42.40815, -70.99354 42.40858, -70.99348 42.40884, -70.99333 42.40931, -70.99324 42.40963, -70.99315 42.41004, -70.99312 42.41042, -70.99312 42.41081, -70.99314 42.41115, -70.99314 42.41118, -70.99308 42.41148, -70.99308 42.41175, -70.99308 42.41184, -70.99305 42.41193, -70.99302 42.41208, -70.99296 42.41221, -70.99295 42.4123, -70.99296 42.41238, -70.993 42.41249, -70.99306 42.41256, -70.99312 42.41261, -70.9932 42.41265, -70.9933 42.41268, -70.99342 42.4127, -70.99361 42.4127, -70.99339 42.41282, -70.99321 42.41294, -70.99311 42.41308, -70.993 42.41327, -70.99287 42.41349, -70.99229 42.41448, -70.99205 42.41488, -70.99179 42.41531, -70.99153 42.41578, -70.99134 42.41609, -70.9913 42.41616, -70.9912 42.41634, -70.99119 42.41636, -70.99117 42.4164, -70.99111 42.41654, -70.99107 42.41672, -70.99108 42.41696, -70.99111 42.41751, -70.99113 42.41806, -70.99116 42.41846, -70.99115 42.41869, -70.99102 42.41869, -70.99028 42.41871, -70.98964 42.41873, -70.98907 42.41874, -70.98861 42.41875, -70.98795 42.41877, -70.98769 42.41877, -70.98743 42.41869, -70.98726 42.41865, -70.98709 42.41859, -70.98683 42.41849, -70.98703 42.41824, -70.98571 42.41714, -70.98409 42.41558, -70.98553 42.41174, -70.98672 42.40837, -70.9869 42.40715, -70.99101 42.40722, -70.99134 42.40725, -70.99202 42.40729, -70.99241 42.40724, -70.99269 42.4072, -70.99286 42.40739, -70.99305 42.40746, -70.99378 42.40755, -70.99365 42.40815)))"
250251705042,"MULTIPOLYGON (((-71.00017 42.40962, -70.99989 42.41004, -70.99933 42.41083, -70.99884 42.41156, -70.99803 42.41264, -70.99726 42.41366, -70.99668 42.41441, -70.99613 42.41516, -70.99565 42.41582, -70.99526 42.41639, -70.99468 42.41716, -70.99442 42.41749, -70.99394 42.41807, -70.99349 42.41862, -70.99324 42.41862, -70.99252 42.41864, -70.99159 42.41867, -70.99115 42.41869, -70.99116 42.41846, -70.99113 42.41806, -70.99111 42.41751, -70.99108 42.41696, -70.99107 42.41672, -70.99111 42.41654, -70.99117 42.4164, -70.99119 42.41636, -70.9912 42.41634, -70.9913 42.41616, -70.99134 42.41609, -70.99153 42.41578, -70.99179 42.41531, -70.99205 42.41488, -70.99229 42.41448, -70.99287 42.41349, -70.993 42.41327, -70.99311 42.41308, -70.99321 42.41294, -70.99339 42.41282, -70.99361 42.4127, -70.99372 42.41267, -70.99381 42.41263, -70.99388 42.41258, -70.99397 42.41251, -70.99409 42.41241, -70.99435 42.41224, -70.99462 42.41215, -70.99561 42.4118, -70.99649 42.4115, -70.99785 42.41105, -70.99825 42.4109, -70.99847 42.41079, -70.99855 42.41076, -70.99868 42.41068, -70.9988 42.41061, -70.99924 42.41024, -70.99935 42.41009, -70.99957 42.40991, -70.99991 42.40973, -71.00017 42.40962)))"
250251706011,"MULTIPOLYGON (((-71.01097 42.41219, -71.01077 42.41251, -71.01058 42.41281, -71.01041 42.4131, -71.01008 42.41359, -71.00987 42.41394, -71.00961 42.41432, -71.0094 42.41464, -71.00908 42.41515, -71.00893 42.41537, -71.00863 42.41577, -71.0085 42.41594, -71.00838 42.41611, -71.00818 42.41609, -71.00763 42.41606, -71.00751 42.41605, -71.0069 42.41603, -71.0067 42.41603, -71.00634 42.41601, -71.00624 42.41601, -71.00517 42.41597, -71.00499 42.41596, -71.00474 42.41596, -71.0046 42.4162, -71.00442 42.41655, -71.00439 42.4166, -71.00424 42.41659, -71.00416 42.41658, -71.00338 42.41656, -71.00321 42.41655, -71.00332 42.41635, -71.00343 42.41614, -71.00352 42.41593, -71.00359 42.41568, -71.00363 42.41547, -71.00365 42.41537, -71.00367 42.41521, -71.00369 42.415, -71.00369 42.41491, -71.00369 42.41477, -71.00367 42.41456, -71.00364 42.41439, -71.00362 42.41431, -71.00359 42.41417, -71.00352 42.41396, -71.00342 42.41372, -71.00333 42.41352, -71.00324 42.4133, -71.00314 42.4131, -71.00296 42.41273, -71.00247 42.41168, -71.00234 42.4114, -71.00224 42.41119, -71.00215 42.41099, -71.00207 42.41079, -71.00206 42.41074, -71.00215 42.41053, -71.00217 42.4105, -71.00227 42.41023, -71.00263 42.40907, -71.00315 42.40906, -71.00379 42.40905, -71.00398 42.40906, -71.00429 42.4091, -71.00476 42.40923, -71.00525 42.40935, -71.00569 42.4094, -71.00592 42.40941, -71.00626 42.40939, -71.00668 42.40932, -71.00658 42.40976, -71.00632 42.4108, -71.00628 42.41094, -71.00617 42.41145, -71.00629 42.41144, -71.00671 42.4114, -71.00713 42.41136, -71.00726 42.41135, -71.00761 42.41132, -71.00776 42.41131, -71.00786 42.4113, -71.00818 42.41127, -71.00855 42.41125, -71.00891 42.41122, -71.00926 42.41121, -71.00987 42.41139, -71.01123 42.41178, -71.01097 42.41219)))"
250251706012,"MULTIPOLYGON (((-71.01813 42.40338, -71.01789 42.40358, -71.0177 42.40374, -71.01755 42.40387, -71.01746 42.40395, -71.01736 42.40404, -71.01709 42.40427, -71.01691 42.40442, -71.01682 42.4045, -71.01673 42.40458, -71.01647 42.4048, -71.01614 42.40509, -71.01565 42.40552, -71.01509 42.40601, -71.01454 42.40649, -71.01366 42.40621, -71.01321 42.4061, -71.01286 42.40605, -71.01254 42.40603, -71.01219 42.40604, -71.01193 42.40606, -71.01189 42.40607, -71.01169 42.40612, -71.01147 42.40623, -71.01122 42.40643, -71.01105 42.4066, -71.01089 42.40674, -71.01038 42.40723, -71.00988 42.40697, -71.00931 42.40674, -71.00855 42.40642, -71.00782 42.40616, -71.00745 42.40603, -71.00597 42.40553, -71.00522 42.40528, -71.00498 42.40519, -71.00462 42.40505, -71.00442 42.40498, -71.00428 42.40493, -71.00438 42.40483, -71.00447 42.40473, -71.00458 42.40457, -71.00476 42.40422, -71.00525 42.40356, -71.00577 42.40285, -71.00709 42.40126, -71.00904 42.39891, -71.0097 42.3981, -71.01019 42.39754, -71.01033 42.39739, -71.01103 42.39648, -71.01127 42.39659, -71.01138 42.39663, -71.0124 42.39702, -71.0134 42.3974, -71.01243 42.39811, -71.012 42.39843, -71.01156 42.39875, -71.01024 42.39972, -71.00963 42.40017, -71.00944 42.40048, -71.00938 42.40085, -71.0094 42.40118, -71.01063 42.40161, -71.01086 42.40169, -71.01089 42.40179, -71.01105 42.40182, -71.01112 42.40183, -71.01287 42.40277, -71.01301 42.40286, -71.01377 42.40296, -71.01415 42.40292, -71.01472 42.40285, -71.0152 42.40279, -71.0153 42.40274, -71.01538 42.40273, -71.01563 42.4027, -71.01572 42.4027, -71.01588 42.40269, -71.01602 42.40269, -71.01621 42.4027, -71.01629 42.40269, -71.01646 42.4027, -71.01651 42.4027, -71.01669 42.40269, -71.01694 42.40272, -71.01704 42.40272, -71.01783 42.40288, -71.01798 42.40324, -71.01804 42.4033, -71.01809 42.40336, -71.01813 42.40338)))"
250251706013,"MULTIPOLYGON (((-71.01419 42.40705, -71.01382 42.40767, -71.01367 42.40794, -71.01355 42.40815, -71.0135 42.40823, -71.01329 42.40856, -71.01314 42.4088, -71.01271 42.40946, -71.01252 42.40978, -71.01241 42.40995, -71.01211 42.41041, -71.01183 42.41086, -71.01163 42.41116, -71.01123 42.41178, -71.00987 42.41139, -71.00926 42.41121, -71.00891 42.41122, -71.00855 42.41125, -71.00818 42.41127, -71.00786 42.4113, -71.00776 42.41131, -71.00761 42.41132, -71.00726 42.41135, -71.00713 42.41136, -71.00671 42.4114, -71.00629 42.41144, -71.00617 42.41145, -71.00628 42.41094, -71.00632 42.4108, -71.00658 42.40976, -71.00668 42.40932, -71.00727 42.40915, -71.00745 42.4091, -71.00797 42.40898, -71.00851 42.40887, -71.00874 42.40888, -71.00878 42.40878, -71.00897 42.40861, -71.00925 42.40833, -71.00973 42.40788, -71.01038 42.40723, -71.01089 42.40674, -71.01105 42.4066, -71.01122 42.40643, -71.01147 42.40623, -71.01169 42.40612, -71.01189 42.40607, -71.01193 42.40606, -71.01219 42.40604, -71.01254 42.40603, -71.01286 42.40605, -71.01321 42.4061, -71.01366 42.40621, -71.01454 42.40649, -71.01419 42.40705)))"
250251706014,"MULTIPOLYGON (((-71.01038 42.40723, -71.00973 42.40788, -71.00925 42.40833, -71.00897 42.40861, -71.00878 42.40878, -71.00874 42.40888, -71.00851 42.40887, -71.00797 42.40898, -71.00745 42.4091, -71.00727 42.40915, -71.00668 42.40932, -71.00626 42.40939, -71.00592 42.40941, -71.00569 42.4094, -71.00525 42.40935, -71.00476 42.40923, -71.00429 42.4091, -71.00398 42.40906, -71.00379 42.40905, -71.00315 42.40906, -71.00263 42.40907, -71.00227 42.41023, -71.00217 42.4105, -71.00215 42.41053, -71.00206 42.41074, -71.00201 42.41058, -71.00196 42.41042, -71.00193 42.41028, -71.0019 42.41013, -71.00187 42.40995, -71.00186 42.40985, -71.00184 42.40977, -71.00176 42.40965, -71.00158 42.40955, -71.0014 42.40945, -71.00129 42.4094, -71.00107 42.40936, -71.00071 42.40941, -71.00059 42.40946, -71.00024 42.40959, -71.00017 42.40962, -71.00021 42.40957, -71.0008 42.40885, -71.00185 42.40751, -71.00252 42.40677, -71.00261 42.40667, -71.00307 42.4062, -71.00315 42.406, -71.00323 42.40587, -71.00348 42.40559, -71.00396 42.40517, -71.00428 42.40493, -71.00442 42.40498, -71.00462 42.40505, -71.00498 42.40519, -71.00522 42.40528, -71.00597 42.40553, -71.00745 42.40603, -71.00782 42.40616, -71.00855 42.40642, -71.00931 42.40674, -71.00988 42.40697, -71.01038 42.40723)))"
250251707011,"MULTIPOLYGON (((-71.00431 42.40237, -71.0038 42.40301, -71.00347 42.40344, -71.00289 42.4042, -71.00285 42.40427, -71.00273 42.40441, -71.00259 42.40435, -71.00253 42.40433, -71.00227 42.40421, -71.00221 42.40418, -71.00191 42.40403, -71.00174 42.40391, -71.0016 42.4038, -71.00158 42.40379, -71.00077 42.4032, -70.99988 42.40254, -70.99937 42.40218, -70.9992 42.40205, -70.99889 42.40182, -70.99868 42.40167, -70.99848 42.40157, -70.99788 42.40127, -70.99735 42.40102, -70.99721 42.40113, -70.99709 42.40118, -70.99709 42.4011, -70.99703 42.40107, -70.99672 42.40098, -70.99645 42.40089, -70.99635 42.40086, -70.99583 42.40071, -70.99537 42.40054, -70.99518 42.40049, -70.99451 42.40036, -70.99386 42.40029, -70.99362 42.40024, -70.99315 42.40012, -70.99301 42.4001, -70.99198 42.39991, -70.99132 42.40006, -70.99129 42.39992, -70.99123 42.39996, -70.99123 42.39989, -70.99126 42.39959, -70.99127 42.39918, -70.99132 42.39902, -70.99137 42.39892, -70.99154 42.39856, -70.99186 42.39799, -70.99194 42.39779, -70.992 42.39756, -70.99197 42.39744, -70.992 42.39713, -70.99203 42.39699, -70.99221 42.39669, -70.9926 42.39611, -70.99268 42.396, -70.99401 42.394, -70.99445 42.39332, -70.99458 42.39333, -70.99477 42.39342, -70.99481 42.39345, -70.99494 42.3935, -70.99502 42.39355, -70.99505 42.39357, -70.99459 42.39417, -70.99429 42.39459, -70.99419 42.39475, -70.99389 42.39615, -70.99304 42.39745, -70.99274 42.39793, -70.99337 42.39834, -70.99456 42.39905, -70.9946 42.39908, -70.99501 42.3993, -70.99535 42.39954, -70.99548 42.39966, -70.99587 42.39989, -70.99608 42.40001, -70.99681 42.40046, -70.99744 42.39992, -70.99774 42.39965, -70.99795 42.39947, -70.99822 42.39923, -70.99844 42.3996, -70.9984 42.39964, -70.99843 42.39971, -70.99844 42.39974, -70.99847 42.39981, -70.99854 42.39998, -70.99861 42.40011, -70.99864 42.40021, -70.99866 42.40039, -70.99865 42.40053, -70.99864 42.40057, -70.99867 42.40059, -70.99871 42.40061, -70.99893 42.40069, -70.99906 42.40074, -70.99919 42.40079, -70.9994 42.40088, -70.99958 42.401, -70.99962 42.40102, -70.99964 42.40105, -70.99968 42.40107, -71.00037 42.40134, -71.0008 42.40146, -71.00111 42.4015, -71.00129 42.40148, -71.00137 42.40137, -71.00188 42.40081, -71.00232 42.40094, -71.00482 42.40173, -71.00431 42.40237)))"
250251707012,"MULTIPOLYGON (((-70.99709 42.40118, -70.99657 42.40143, -70.99628 42.40159, -70.99605 42.40178, -70.99586 42.40197, -70.99553 42.40234, -70.99488 42.40305, -70.99469 42.40329, -70.99452 42.40353, -70.99437 42.40378, -70.99422 42.4041, -70.99417 42.40435, -70.99412 42.40464, -70.99411 42.40492, -70.99331 42.40518, -70.99281 42.40535, -70.99231 42.40553, -70.99214 42.40553, -70.99228 42.40636, -70.99241 42.40724, -70.99202 42.40729, -70.99134 42.40725, -70.99101 42.40722, -70.9869 42.40715, -70.98724 42.40594, -70.98716 42.4046, -70.98655 42.40402, -70.98768 42.40243, -70.98784 42.4023, -70.98802 42.40213, -70.98851 42.40164, -70.9888 42.40181, -70.98908 42.40199, -70.98923 42.40208, -70.98941 42.40219, -70.98944 42.40216, -70.98948 42.40213, -70.98953 42.40212, -70.98959 42.40212, -70.98974 42.40188, -70.98976 42.40184, -70.98983 42.40168, -70.98996 42.40149, -70.99018 42.40111, -70.99027 42.40082, -70.99033 42.4006, -70.99042 42.40039, -70.99053 42.40023, -70.99059 42.40015, -70.99079 42.39988, -70.99104 42.39955, -70.99127 42.39918, -70.99126 42.39959, -70.99123 42.39989, -70.99123 42.39996, -70.99129 42.39992, -70.99132 42.40006, -70.99198 42.39991, -70.99301 42.4001, -70.99315 42.40012, -70.99362 42.40024, -70.99386 42.40029, -70.99451 42.40036, -70.99518 42.40049, -70.99537 42.40054, -70.99583 42.40071, -70.99635 42.40086, -70.99645 42.40089, -70.99672 42.40098, -70.99703 42.40107, -70.99709 42.4011, -70.99709 42.40118)))"
250251707021,"MULTIPOLYGON (((-70.99941 42.40705, -70.99889 42.40777, -70.99829 42.40854, -70.99793 42.40835, -70.99776 42.40825, -70.99751 42.40811, -70.99727 42.40802, -70.99693 42.40797, -70.99708 42.40736, -70.9972 42.40678, -70.99632 42.40644, -70.99612 42.40637, -70.99591 42.40631, -70.9953 42.40625, -70.99462 42.40622, -70.99541 42.40595, -70.99591 42.40576, -70.99624 42.40561, -70.99664 42.40548, -70.99704 42.40535, -70.99749 42.40554, -70.9981 42.40571, -70.99842 42.40579, -70.99914 42.40602, -71 42.40626, -70.99941 42.40705)))"
250251707022,"MULTIPOLYGON (((-71.00259 42.40435, -71.00217 42.40433, -71.00183 42.40425, -71.00155 42.40416, -71.00123 42.40396, -71.00099 42.40379, -71.00063 42.40364, -71.00026 42.40347, -70.99985 42.40326, -70.99976 42.40323, -70.99968 42.40319, -70.99923 42.40347, -70.99915 42.40352, -70.99863 42.40398, -70.99828 42.4043, -70.99798 42.4046, -70.99766 42.40488, -70.99763 42.4049, -70.99752 42.40498, -70.99724 42.40524, -70.99704 42.40535, -70.99664 42.40548, -70.99624 42.40561, -70.99591 42.40576, -70.99541 42.40595, -70.99462 42.40622, -70.99405 42.40643, -70.99412 42.40606, -70.99423 42.40559, -70.99415 42.40523, -70.99411 42.40492, -70.99412 42.40464, -70.99417 42.40435, -70.99422 42.4041, -70.99437 42.40378, -70.99452 42.40353, -70.99469 42.40329, -70.99488 42.40305, -70.99553 42.40234, -70.99586 42.40197, -70.99605 42.40178, -70.99628 42.40159, -70.99657 42.40143, -70.99709 42.40118, -70.99721 42.40113, -70.99735 42.40102, -70.99788 42.40127, -70.99848 42.40157, -70.99868 42.40167, -70.99889 42.40182, -70.9992 42.40205, -70.99937 42.40218, -70.99988 42.40254, -71.00077 42.4032, -71.00158 42.40379, -71.0016 42.4038, -71.00174 42.40391, -71.00191 42.40403, -71.00221 42.40418, -71.00227 42.40421, -71.00253 42.40433, -71.00259 42.40435)))"
250251707023,"MULTIPOLYGON (((-71.00396 42.40517, -71.00348 42.40559, -71.00323 42.40587, -71.00315 42.406, -71.00307 42.4062, -71.00261 42.40667, -71.00252 42.40677, -71.00185 42.40751, -71.0008 42.40885, -71.00021 42.40957, -70.99981 42.40936, -70.99905 42.40894, -70.99829 42.40854, -70.99889 42.40777, -70.99941 42.40705, -71 42.40626, -70.99914 42.40602, -70.99842 42.40579, -70.9981 42.40571, -70.99749 42.40554, -70.99704 42.40535, -70.99724 42.40524, -70.99752 42.40498, -70.99763 42.4049, -70.99766 42.40488, -70.99798 42.4046, -70.99828 42.4043, -70.99863 42.40398, -70.99915 42.40352, -70.99923 42.40347, -70.99968 42.40319, -70.99976 42.40323, -70.99985 42.40326, -71.00026 42.40347, -71.00063 42.40364, -71.00099 42.40379, -71.00123 42.40396, -71.00155 42.40416, -71.00183 42.40425, -71.00217 42.40433, -71.00259 42.40435, -71.00273 42.40441, -71.00283 42.40445, -71.00302 42.40452, -71.00364 42.40471, -71.00428 42.40493, -71.00396 42.40517)))"
250251707024,"MULTIPOLYGON (((-71.00017 42.40962, -70.99991 42.40973, -70.99957 42.40991, -70.99935 42.41009, -70.99924 42.41024, -70.9988 42.41061, -70.99868 42.41068, -70.99855 42.41076, -70.99847 42.41079, -70.99825 42.4109, -70.99785 42.41105, -70.99649 42.4115, -70.99561 42.4118, -70.99462 42.41215, -70.99435 42.41224, -70.99409 42.41241, -70.99397 42.41251, -70.99388 42.41258, -70.99381 42.41263, -70.99372 42.41267, -70.99361 42.4127, -70.99342 42.4127, -70.9933 42.41268, -70.9932 42.41265, -70.99312 42.41261, -70.99306 42.41256, -70.993 42.41249, -70.99296 42.41238, -70.99295 42.4123, -70.99296 42.41221, -70.99302 42.41208, -70.99305 42.41193, -70.99308 42.41184, -70.99308 42.41175, -70.99308 42.41148, -70.99314 42.41118, -70.99314 42.41115, -70.99312 42.41081, -70.99312 42.41042, -70.99315 42.41004, -70.99324 42.40963, -70.99333 42.40931, -70.99348 42.40884, -70.99354 42.40858, -70.99412 42.40863, -70.99459 42.40866, -70.99494 42.40868, -70.9952 42.40872, -70.99556 42.40881, -70.99609 42.40899, -70.99662 42.40919, -70.99682 42.40846, -70.99693 42.40797, -70.99727 42.40802, -70.99751 42.40811, -70.99776 42.40825, -70.99793 42.40835, -70.99829 42.40854, -70.99905 42.40894, -70.99981 42.40936, -71.00021 42.40957, -71.00017 42.40962)))"
250251707025,"MULTIPOLYGON (((-70.99708 42.40736, -70.99693 42.40797, -70.99682 42.40846, -70.99662 42.40919, -70.99609 42.40899, -70.99556 42.40881, -70.9952 42.40872, -70.99494 42.40868, -70.99459 42.40866, -70.99412 42.40863, -70.99354 42.40858, -70.99365 42.40815, -70.99378 42.40755, -70.99305 42.40746, -70.99286 42.40739, -70.99269 42.4072, -70.99241 42.40724, -70.99228 42.40636, -70.99214 42.40553, -70.99231 42.40553, -70.99281 42.40535, -70.99331 42.40518, -70.99411 42.40492, -70.99415 42.40523, -70.99423 42.40559, -70.99412 42.40606, -70.99405 42.40643, -70.99462 42.40622, -70.9953 42.40625, -70.99591 42.40631, -70.99612 42.40637, -70.99632 42.40644, -70.9972 42.40678, -70.99708 42.40736)))"
250251708001,"MULTIPOLYGON (((-70.99127 42.39918, -70.99104 42.39955, -70.99079 42.39988, -70.99059 42.40015, -70.99053 42.40023, -70.99042 42.40039, -70.99033 42.4006, -70.99027 42.40082, -70.99018 42.40111, -70.98996 42.40149, -70.98983 42.40168, -70.98976 42.40184, -70.98974 42.40188, -70.98959 42.40212, -70.98953 42.40212, -70.98948 42.40213, -70.98944 42.40216, -70.98941 42.40219, -70.98923 42.40208, -70.98908 42.40199, -70.9888 42.40181, -70.98851 42.40164, -70.98802 42.40213, -70.98784 42.4023, -70.98768 42.40243, -70.98655 42.40402, -70.98424 42.40409, -70.98158 42.40428, -70.98102 42.40266, -70.98089 42.40121, -70.98054 42.39775, -70.98013 42.39684, -70.97873 42.39542, -70.9785 42.39425, -70.97795 42.39359, -70.97933 42.39255, -70.98043 42.39174, -70.98071 42.39155, -70.98093 42.3914, -70.98103 42.39154, -70.98122 42.39186, -70.98148 42.39232, -70.98165 42.3927, -70.98176 42.39303, -70.98184 42.39345, -70.98199 42.39363, -70.98213 42.39391, -70.98237 42.3944, -70.98241 42.39448, -70.98269 42.39497, -70.98292 42.39544, -70.983 42.39558, -70.98334 42.39587, -70.98481 42.39668, -70.98529 42.39693, -70.98579 42.39719, -70.98647 42.39759, -70.98709 42.39793, -70.98759 42.39822, -70.98795 42.3984, -70.98847 42.39856, -70.98902 42.3987, -70.9895 42.39883, -70.98995 42.39893, -70.99043 42.39899, -70.99075 42.39899, -70.99132 42.39902, -70.99127 42.39918)))"
250251708002,"MULTIPOLYGON (((-70.99194 42.39779, -70.99186 42.39799, -70.99154 42.39856, -70.99137 42.39892, -70.99132 42.39902, -70.99075 42.39899, -70.99043 42.39899, -70.98995 42.39893, -70.9895 42.39883, -70.98902 42.3987, -70.98847 42.39856, -70.98795 42.3984, -70.98759 42.39822, -70.98709 42.39793, -70.98647 42.39759, -70.98579 42.39719, -70.98529 42.39693, -70.98481 42.39668, -70.98334 42.39587, -70.983 42.39558, -70.98292 42.39544, -70.98269 42.39497, -70.98241 42.39448, -70.98256 42.3945, -70.98278 42.39443, -70.983 42.39435, -70.98321 42.39431, -70.98337 42.39432, -70.98384 42.39447, -70.98404 42.39455, -70.98425 42.39464, -70.98477 42.39487, -70.98545 42.39515, -70.98611 42.39543, -70.98687 42.39575, -70.98775 42.3961, -70.98822 42.3963, -70.98954 42.39687, -70.98971 42.39693, -70.99013 42.39711, -70.99047 42.39722, -70.99075 42.39735, -70.99096 42.39747, -70.99124 42.39749, -70.992 42.39756, -70.99194 42.39779)))"
250251708003,"MULTIPOLYGON (((-70.99203 42.39699, -70.992 42.39713, -70.99197 42.39744, -70.992 42.39756, -70.99124 42.39749, -70.99096 42.39747, -70.99075 42.39735, -70.99047 42.39722, -70.99013 42.39711, -70.98971 42.39693, -70.98954 42.39687, -70.98822 42.3963, -70.98775 42.3961, -70.98687 42.39575, -70.98611 42.39543, -70.98545 42.39515, -70.98477 42.39487, -70.98425 42.39464, -70.98404 42.39455, -70.98384 42.39447, -70.98337 42.39432, -70.98321 42.39431, -70.983 42.39435, -70.98278 42.39443, -70.98256 42.3945, -70.98241 42.39448, -70.98237 42.3944, -70.98213 42.39391, -70.98199 42.39363, -70.98184 42.39345, -70.98197 42.39344, -70.9831 42.3933, -70.9837 42.3933, -70.98396 42.39334, -70.98485 42.39357, -70.98655 42.39408, -70.9883 42.39479, -70.98852 42.3949, -70.98873 42.39508, -70.98883 42.39531, -70.98898 42.39537, -70.98906 42.39541, -70.98922 42.39547, -70.98939 42.39552, -70.98952 42.39556, -70.98971 42.39559, -70.9899 42.39558, -70.99028 42.3956, -70.99052 42.39571, -70.99075 42.39585, -70.99085 42.39591, -70.99153 42.39632, -70.99177 42.39652, -70.99221 42.39669, -70.99203 42.39699)))"
250251708004,"MULTIPOLYGON (((-70.99445 42.39332, -70.99401 42.394, -70.99268 42.396, -70.9926 42.39611, -70.99221 42.39669, -70.99177 42.39652, -70.99153 42.39632, -70.99085 42.39591, -70.99075 42.39585, -70.99052 42.39571, -70.99028 42.3956, -70.9899 42.39558, -70.98971 42.39559, -70.98952 42.39556, -70.98939 42.39552, -70.98922 42.39547, -70.98906 42.39541, -70.98898 42.39537, -70.98883 42.39531, -70.98873 42.39508, -70.98852 42.3949, -70.9883 42.39479, -70.98655 42.39408, -70.98485 42.39357, -70.98396 42.39334, -70.9837 42.3933, -70.9831 42.3933, -70.98197 42.39344, -70.98184 42.39345, -70.98176 42.39303, -70.98165 42.3927, -70.98148 42.39232, -70.98122 42.39186, -70.98103 42.39154, -70.98093 42.3914, -70.98102 42.39133, -70.98109 42.39128, -70.98123 42.39119, -70.98133 42.39113, -70.98136 42.39111, -70.98139 42.39109, -70.98142 42.39107, -70.98143 42.39099, -70.98143 42.39094, -70.98142 42.39088, -70.98143 42.39086, -70.98145 42.39084, -70.98148 42.39084, -70.98151 42.39084, -70.98154 42.39084, -70.98156 42.39084, -70.98158 42.39083, -70.9816 42.39082, -70.98164 42.39083, -70.98169 42.39082, -70.98172 42.39081, -70.98178 42.39077, -70.98182 42.39074, -70.98186 42.39072, -70.9819 42.39069, -70.98194 42.39069, -70.982 42.39064, -70.98208 42.39062, -70.98217 42.39062, -70.98228 42.39066, -70.98232 42.39067, -70.9824 42.39068, -70.98247 42.39067, -70.9826 42.39067, -70.98262 42.3907, -70.98264 42.39071, -70.98269 42.39075, -70.98276 42.39077, -70.98284 42.39077, -70.98288 42.39077, -70.98292 42.39074, -70.98299 42.39069, -70.983 42.39055, -70.98298 42.39046, -70.98296 42.39045, -70.98295 42.39042, -70.98292 42.39041, -70.98292 42.39022, -70.98331 42.38939, -70.98341 42.38934, -70.98346 42.3893, -70.98351 42.38925, -70.98361 42.38921, -70.9837 42.38918, -70.98375 42.38918, -70.98434 42.38891, -70.98436 42.38889, -70.98441 42.38885, -70.98446 42.38883, -70.98457 42.38877, -70.98462 42.38873, -70.98469 42.38869, -70.98479 42.38867, -70.98484 42.38867, -70.98487 42.38866, -70.98515 42.38853, -70.98605 42.38812, -70.98699 42.38852, -70.98729 42.38873, -70.98742 42.389, -70.98751 42.38923, -70.98759 42.38952, -70.98762 42.38973, -70.98762 42.38979, -70.98761 42.38991, -70.98758 42.39031, -70.98757 42.39058, -70.98745 42.39103, -70.98741 42.39104, -70.98736 42.39108, -70.98734 42.39113, -70.98733 42.39117, -70.98732 42.39119, -70.9872 42.39146, -70.98721 42.39154, -70.98722 42.39156, -70.98714 42.39189, -70.98712 42.39192, -70.98711 42.39198, -70.98712 42.39206, -70.98713 42.39212, -70.98718 42.39219, -70.98724 42.39228, -70.98731 42.39235, -70.98744 42.39274, -70.98797 42.39282, -70.98807 42.39286, -70.9882 42.39289, -70.98827 42.3929, -70.98833 42.39296, -70.98846 42.39301, -70.98851 42.39301, -70.98858 42.39303, -70.98882 42.39305, -70.98917 42.39315, -70.98941 42.39318, -70.98957 42.3932, -70.98977 42.39324, -70.99002 42.39323, -70.99009 42.39317, -70.99033 42.3931, -70.99143 42.39302, -70.99225 42.39299, -70.99228 42.39297, -70.9924 42.39295, -70.99245 42.39295, -70.99249 42.39295, -70.99251 42.39294, -70.99265 42.39294, -70.99269 42.39294, -70.99289 42.39294, -70.99293 42.39295, -70.99298 42.39296, -70.99382 42.39292, -70.99385 42.39295, -70.99389 42.39302, -70.99389 42.39305, -70.9939 42.39307, -70.99398 42.39311, -70.99403 42.39311, -70.99408 42.39309, -70.99417 42.39309, -70.99423 42.39311, -70.99428 42.39315, -70.99429 42.39316, -70.9943 42.39318, -70.99431 42.39319, -70.99431 42.39321, -70.9943 42.39323, -70.99429 42.39326, -70.99429 42.3933, -70.99436 42.39331, -70.99443 42.39331, -70.99445 42.39332)))"
250251801011,"MULTIPOLYGON (((-70.97856 42.3841, -70.97831 42.38437, -70.97804 42.38468, -70.97795 42.38477, -70.9777 42.38503, -70.97759 42.38513, -70.97755 42.38516, -70.97691 42.38543, -70.97675 42.38552, -70.97666 42.38558, -70.97658 42.38564, -70.97652 42.38571, -70.97646 42.3858, -70.97631 42.38608, -70.97591 42.38654, -70.97601 42.38661, -70.97616 42.38673, -70.97581 42.38716, -70.97557 42.38745, -70.97537 42.38737, -70.97514 42.38733, -70.975 42.38733, -70.97482 42.38736, -70.97464 42.38741, -70.97383 42.3868, -70.97238 42.38573, -70.97186 42.38553, -70.97167 42.38544, -70.96994 42.38486, -70.96814 42.38437, -70.96789 42.38291, -70.96788 42.38166, -70.96834 42.38161, -70.97255 42.38115, -70.97269 42.38121, -70.97374 42.38106, -70.97484 42.38093, -70.97494 42.38088, -70.97504 42.38096, -70.97551 42.38126, -70.97595 42.38154, -70.9763 42.38176, -70.97641 42.38184, -70.9765 42.38189, -70.97665 42.38195, -70.97632 42.38261, -70.97598 42.38327, -70.97732 42.38365, -70.97865 42.38401, -70.97856 42.3841)))"
250251801012,"MULTIPOLYGON (((-70.97933 42.39255, -70.97795 42.39359, -70.97658 42.39285, -70.9758 42.39272, -70.97418 42.39245, -70.97255 42.39225, -70.96952 42.39245, -70.96522 42.39198, -70.96308 42.38947, -70.96286 42.38685, -70.96548 42.38556, -70.96726 42.38501, -70.96814 42.38437, -70.96994 42.38486, -70.97167 42.38544, -70.97186 42.38553, -70.97238 42.38573, -70.97383 42.3868, -70.97464 42.38741, -70.97482 42.38736, -70.975 42.38733, -70.97514 42.38733, -70.97537 42.38737, -70.97557 42.38745, -70.97577 42.38753, -70.97594 42.38762, -70.97632 42.38787, -70.97646 42.38799, -70.97656 42.38814, -70.97655 42.38827, -70.97659 42.3884, -70.97663 42.38847, -70.97662 42.3886, -70.97657 42.38877, -70.97649 42.38891, -70.97637 42.38902, -70.97626 42.3891, -70.97612 42.38917, -70.97594 42.38921, -70.97586 42.38923, -70.9757 42.38925, -70.97543 42.38927, -70.97514 42.38926, -70.97434 42.38922, -70.97289 42.38913, -70.97283 42.38976, -70.97384 42.3898, -70.97419 42.38981, -70.97434 42.38985, -70.97444 42.38988, -70.97485 42.39001, -70.97594 42.39064, -70.97699 42.39113, -70.9776 42.39154, -70.97824 42.39191, -70.97933 42.39255)))"
250251801013,"MULTIPOLYGON (((-70.98828 42.38711, -70.98809 42.38709, -70.98806 42.38707, -70.98804 42.38703, -70.98801 42.38699, -70.98798 42.38697, -70.98795 42.38697, -70.98791 42.38696, -70.98784 42.38695, -70.98778 42.38694, -70.98775 42.38697, -70.98772 42.38701, -70.98768 42.38701, -70.98764 42.38701, -70.98757 42.38699, -70.98751 42.38697, -70.98744 42.38696, -70.98739 42.38695, -70.98736 42.38694, -70.98731 42.38694, -70.98722 42.38693, -70.98711 42.38692, -70.98704 42.38691, -70.98695 42.38691, -70.9869 42.38692, -70.98682 42.38695, -70.9868 42.38696, -70.98673 42.38701, -70.9867 42.38703, -70.98667 42.38707, -70.98662 42.38714, -70.98659 42.3872, -70.98654 42.38729, -70.98647 42.38741, -70.98646 42.38742, -70.98644 42.38744, -70.98643 42.38747, -70.9865 42.38754, -70.98605 42.38812, -70.98515 42.38853, -70.98487 42.38866, -70.98484 42.38867, -70.98479 42.38867, -70.98469 42.38869, -70.98462 42.38873, -70.98457 42.38877, -70.98446 42.38883, -70.98441 42.38885, -70.98436 42.38889, -70.98434 42.38891, -70.98375 42.38918, -70.9837 42.38918, -70.98361 42.38921, -70.98351 42.38925, -70.98346 42.3893, -70.98341 42.38934, -70.98331 42.38939, -70.98292 42.39022, -70.98292 42.39041, -70.98295 42.39042, -70.98296 42.39045, -70.98298 42.39046, -70.983 42.39055, -70.98299 42.39069, -70.98292 42.39074, -70.98288 42.39077, -70.98284 42.39077, -70.98276 42.39077, -70.98269 42.39075, -70.98264 42.39071, -70.98262 42.3907, -70.9826 42.39067, -70.98247 42.39067, -70.9824 42.39068, -70.98232 42.39067, -70.98228 42.39066, -70.98217 42.39062, -70.98208 42.39062, -70.982 42.39064, -70.98194 42.39069, -70.9819 42.39069, -70.98186 42.39072, -70.98182 42.39074, -70.98178 42.39077, -70.98172 42.39081, -70.98169 42.39082, -70.98164 42.39083, -70.9816 42.39082, -70.98158 42.39083, -70.98156 42.39084, -70.98154 42.39084, -70.98151 42.39084, -70.98148 42.39084, -70.98145 42.39084, -70.98143 42.39086, -70.98142 42.39088, -70.98143 42.39094, -70.98143 42.39099, -70.98142 42.39107, -70.98139 42.39109, -70.98136 42.39111, -70.98133 42.39113, -70.98123 42.39119, -70.98109 42.39128, -70.98102 42.39133, -70.98093 42.3914, -70.98071 42.39155, -70.98043 42.39174, -70.97933 42.39255, -70.97824 42.39191, -70.9776 42.39154, -70.97699 42.39113, -70.97594 42.39064, -70.97485 42.39001, -70.97444 42.38988, -70.97434 42.38985, -70.97419 42.38981, -70.97384 42.3898, -70.97283 42.38976, -70.97289 42.38913, -70.97434 42.38922, -70.97514 42.38926, -70.97543 42.38927, -70.9757 42.38925, -70.97586 42.38923, -70.97594 42.38921, -70.97612 42.38917, -70.97626 42.3891, -70.97637 42.38902, -70.97649 42.38891, -70.97657 42.38877, -70.97662 42.3886, -70.97663 42.38847, -70.97659 42.3884, -70.97655 42.38827, -70.97656 42.38814, -70.97646 42.38799, -70.97632 42.38787, -70.97594 42.38762, -70.97577 42.38753, -70.97557 42.38745, -70.97581 42.38716, -70.97616 42.38673, -70.97601 42.38661, -70.97591 42.38654, -70.97631 42.38608, -70.97646 42.3858, -70.97652 42.38571, -70.97658 42.38564, -70.97666 42.38558, -70.97675 42.38552, -70.97691 42.38543, -70.97755 42.38516, -70.97759 42.38513, -70.9777 42.38503, -70.97795 42.38477, -70.97804 42.38468, -70.97831 42.38437, -70.97856 42.3841, -70.97865 42.38401, -70.97878 42.38385, -70.97895 42.38367, -70.97927 42.38391, -70.97955 42.38412, -70.97968 42.38421, -70.98139 42.38556, -70.98257 42.3866, -70.98408 42.38605, -70.98422 42.38604, -70.98431 42.38606, -70.98458 42.3863, -70.98427 42.38538, -70.98497 42.38583, -70.98498 42.38579, -70.985 42.38573, -70.98509 42.38566, -70.9852 42.3856, -70.98537 42.38557, -70.98544 42.3856, -70.98552 42.38565, -70.98554 42.38569, -70.98561 42.38576, -70.98562 42.3858, -70.98566 42.38584, -70.98576 42.38587, -70.98586 42.38588, -70.98593 42.38586, -70.98611 42.38575, -70.98621 42.38561, -70.98628 42.38558, -70.98647 42.38557, -70.9868 42.38543, -70.98695 42.38539, -70.98711 42.38539, -70.98716 42.38551, -70.98718 42.38567, -70.98722 42.38575, -70.98727 42.3858, -70.98729 42.38587, -70.98785 42.38645, -70.98811 42.38679, -70.98828 42.38711)))"
250251801014,"MULTIPOLYGON (((-70.98431 42.38606, -70.98422 42.38604, -70.98408 42.38605, -70.98257 42.3866, -70.98139 42.38556, -70.97968 42.38421, -70.97955 42.38412, -70.97927 42.38391, -70.97895 42.38367, -70.97878 42.38385, -70.97865 42.38401, -70.97732 42.38365, -70.97598 42.38327, -70.97632 42.38261, -70.97665 42.38195, -70.9769 42.3816, -70.97722 42.38114, -70.97745 42.38083, -70.97766 42.38064, -70.9784 42.38004, -70.9791 42.37948, -70.98052 42.38042, -70.98138 42.38099, -70.98213 42.38152, -70.98234 42.38161, -70.9827 42.38292, -70.98288 42.38359, -70.98314 42.38459, -70.98342 42.38484, -70.98427 42.38538, -70.98458 42.3863, -70.98431 42.38606)))"
250251802001,"MULTIPOLYGON (((-70.9946 42.38299, -70.99441 42.38373, -70.99424 42.38465, -70.99337 42.38502, -70.99304 42.38516, -70.9916 42.38578, -70.99145 42.38584, -70.9914 42.38587, -70.98828 42.38711, -70.98811 42.38679, -70.98785 42.38645, -70.98729 42.38587, -70.98727 42.3858, -70.98722 42.38575, -70.98718 42.38567, -70.98716 42.38551, -70.98711 42.38539, -70.98695 42.38539, -70.9868 42.38543, -70.98647 42.38557, -70.98628 42.38558, -70.98621 42.38561, -70.98611 42.38575, -70.98593 42.38586, -70.98586 42.38588, -70.98576 42.38587, -70.98566 42.38584, -70.98562 42.3858, -70.98561 42.38576, -70.98554 42.38569, -70.98552 42.38565, -70.98544 42.3856, -70.98537 42.38557, -70.9852 42.3856, -70.98509 42.38566, -70.985 42.38573, -70.98498 42.38579, -70.98497 42.38583, -70.98427 42.38538, -70.98342 42.38484, -70.98314 42.38459, -70.98288 42.38359, -70.9827 42.38292, -70.98234 42.38161, -70.98213 42.38152, -70.98138 42.38099, -70.98145 42.38018, -70.98251 42.38027, -70.98257 42.37982, -70.98263 42.37975, -70.98462 42.37962, -70.98578 42.37955, -70.98587 42.3803, -70.98595 42.38091, -70.98597 42.38108, -70.98603 42.38155, -70.98608 42.38188, -70.98602 42.38194, -70.98625 42.38196, -70.98727 42.38206, -70.98794 42.38212, -70.98883 42.3822, -70.98907 42.38222, -70.98964 42.38227, -70.98987 42.38229, -70.99051 42.38233, -70.99077 42.38235, -70.99156 42.38241, -70.99313 42.38256, -70.99375 42.38262, -70.99414 42.38266, -70.99463 42.38271, -70.9946 42.38299)))"
250251802002,"MULTIPOLYGON (((-70.98578 42.37955, -70.98462 42.37962, -70.98263 42.37975, -70.98257 42.37982, -70.98251 42.38027, -70.98145 42.38018, -70.98138 42.38099, -70.98052 42.38042, -70.9791 42.37948, -70.97945 42.3792, -70.97977 42.37895, -70.97992 42.3788, -70.97998 42.37868, -70.9802 42.37819, -70.98031 42.37786, -70.98031 42.37769, -70.98031 42.37763, -70.9803 42.37738, -70.98027 42.37709, -70.9802 42.37685, -70.98001 42.37659, -70.97987 42.37636, -70.9798 42.37615, -70.97981 42.37597, -70.97987 42.37582, -70.9799 42.37578, -70.97994 42.37573, -70.98001 42.3757, -70.98108 42.37525, -70.98145 42.37584, -70.98172 42.37626, -70.98192 42.37669, -70.98292 42.37633, -70.98367 42.37606, -70.98402 42.37654, -70.98414 42.37669, -70.98438 42.37698, -70.98441 42.37703, -70.98518 42.37781, -70.9857 42.37833, -70.98578 42.37955)))"
250251802003,"MULTIPOLYGON (((-70.9898 42.37676, -70.98963 42.37684, -70.98937 42.37699, -70.98913 42.37718, -70.98888 42.37739, -70.98877 42.37751, -70.98856 42.37774, -70.98834 42.37821, -70.98834 42.37837, -70.98835 42.37867, -70.98844 42.37935, -70.98759 42.37942, -70.98712 42.37945, -70.98578 42.37955, -70.9857 42.37833, -70.98518 42.37781, -70.98441 42.37703, -70.98438 42.37698, -70.98414 42.37669, -70.98402 42.37654, -70.98367 42.37606, -70.98292 42.37633, -70.98192 42.37669, -70.98172 42.37626, -70.98145 42.37584, -70.98108 42.37525, -70.98172 42.37498, -70.98262 42.3746, -70.98334 42.37423, -70.98419 42.37379, -70.98422 42.37371, -70.98453 42.37265, -70.9851 42.37272, -70.98531 42.37275, -70.98572 42.37279, -70.98584 42.37347, -70.98587 42.37363, -70.98659 42.37452, -70.98675 42.37471, -70.98688 42.37483, -70.98717 42.37524, -70.98725 42.37533, -70.98752 42.37592, -70.98837 42.37563, -70.98874 42.37548, -70.98891 42.37534, -70.98936 42.37576, -70.98964 42.37639, -70.9898 42.37676)))"
250251802004,"MULTIPOLYGON (((-70.99669 42.37874, -70.99617 42.37947, -70.99465 42.38115, -70.99466 42.3819, -70.99467 42.38237, -70.99464 42.38266, -70.99463 42.38271, -70.99414 42.38266, -70.99375 42.38262, -70.99313 42.38256, -70.99156 42.38241, -70.99077 42.38235, -70.99051 42.38233, -70.98987 42.38229, -70.98964 42.38227, -70.98907 42.38222, -70.98883 42.3822, -70.98794 42.38212, -70.98727 42.38206, -70.98625 42.38196, -70.98602 42.38194, -70.98608 42.38188, -70.98603 42.38155, -70.98597 42.38108, -70.98595 42.38091, -70.98587 42.3803, -70.98578 42.37955, -70.98712 42.37945, -70.98759 42.37942, -70.98844 42.37935, -70.98835 42.37867, -70.98834 42.37837, -70.98834 42.37821, -70.98856 42.37774, -70.98877 42.37751, -70.98888 42.37739, -70.98913 42.37718, -70.98937 42.37699, -70.98963 42.37684, -70.9898 42.37676, -70.98985 42.37674, -70.99017 42.37668, -70.99069 42.37668, -70.99216 42.37704, -70.99264 42.37682, -70.99323 42.37697, -70.99381 42.37712, -70.9959 42.37766, -70.99799 42.3782, -70.99669 42.37874)))"
250251803011,"MULTIPOLYGON (((-70.9922 42.37662, -70.99216 42.37704, -70.99069 42.37668, -70.99017 42.37668, -70.98985 42.37674, -70.9898 42.37676, -70.98964 42.37639, -70.98936 42.37576, -70.98891 42.37534, -70.98874 42.37548, -70.98837 42.37563, -70.98752 42.37592, -70.98725 42.37533, -70.98717 42.37524, -70.98688 42.37483, -70.98675 42.37471, -70.98659 42.37452, -70.98587 42.37363, -70.98584 42.37347, -70.98572 42.37279, -70.98659 42.37289, -70.98719 42.37296, -70.98776 42.37303, -70.9884 42.37311, -70.98915 42.37318, -70.98986 42.37327, -70.99053 42.37333, -70.9908 42.37342, -70.99089 42.37352, -70.99129 42.37436, -70.99146 42.37475, -70.99167 42.37516, -70.99198 42.37578, -70.99214 42.37609, -70.9922 42.37628, -70.9922 42.37662)))"
250251803012,"MULTIPOLYGON (((-70.98966 42.36803, -70.98959 42.36855, -70.98946 42.36893, -70.98933 42.36897, -70.98931 42.36913, -70.98924 42.36932, -70.98921 42.3695, -70.98916 42.36974, -70.98901 42.37041, -70.98898 42.37054, -70.98891 42.37089, -70.9888 42.37132, -70.98869 42.37183, -70.9884 42.37311, -70.98776 42.37303, -70.98719 42.37296, -70.98659 42.37289, -70.98572 42.37279, -70.98531 42.37275, -70.9851 42.37272, -70.98453 42.37265, -70.98354 42.37254, -70.98279 42.37245, -70.98279 42.37216, -70.98282 42.372, -70.98286 42.37184, -70.98229 42.37177, -70.98174 42.37171, -70.98106 42.37162, -70.98101 42.37106, -70.98093 42.37053, -70.98091 42.37042, -70.98089 42.3703, -70.98121 42.36974, -70.98198 42.36835, -70.98306 42.36819, -70.98339 42.36812, -70.98496 42.36782, -70.98657 42.36749, -70.98733 42.36741, -70.98782 42.36745, -70.98771 42.36733, -70.98881 42.36745, -70.98969 42.36754, -70.98966 42.36803)))"
250251803013,"MULTIPOLYGON (((-70.99833 42.37169, -70.99817 42.37205, -70.99796 42.3724, -70.99789 42.37257, -70.99787 42.3726, -70.99779 42.37282, -70.99774 42.37293, -70.99764 42.37317, -70.99764 42.37321, -70.99754 42.37343, -70.99744 42.37369, -70.9973 42.37393, -70.99721 42.37421, -70.99705 42.37468, -70.99695 42.37492, -70.9969 42.37505, -70.99687 42.3751, -70.99671 42.37521, -70.99665 42.37527, -70.99665 42.37531, -70.99662 42.37533, -70.99661 42.37536, -70.99658 42.3754, -70.99657 42.37545, -70.99653 42.3755, -70.99635 42.37589, -70.99629 42.37598, -70.99628 42.37602, -70.99624 42.37608, -70.99619 42.3762, -70.99615 42.37626, -70.99597 42.3764, -70.99576 42.37653, -70.99549 42.37663, -70.9946 42.37676, -70.99429 42.37684, -70.9942 42.37689, -70.99419 42.37691, -70.994 42.377, -70.99388 42.37707, -70.99381 42.37712, -70.99323 42.37697, -70.99264 42.37682, -70.99216 42.37704, -70.9922 42.37662, -70.9922 42.37628, -70.99214 42.37609, -70.99198 42.37578, -70.99167 42.37516, -70.99146 42.37475, -70.99129 42.37436, -70.99202 42.37417, -70.99213 42.37412, -70.99206 42.37396, -70.99199 42.37382, -70.99192 42.37362, -70.9919 42.37347, -70.99192 42.37324, -70.992 42.37311, -70.99216 42.37299, -70.99237 42.37289, -70.9925 42.3728, -70.99267 42.37267, -70.99282 42.37251, -70.99303 42.37237, -70.99331 42.37223, -70.9936 42.37216, -70.99385 42.37211, -70.99385 42.37194, -70.99395 42.37172, -70.9941 42.37161, -70.99429 42.37148, -70.99449 42.37147, -70.99471 42.37149, -70.99484 42.3715, -70.99521 42.37159, -70.99553 42.37174, -70.99556 42.37176, -70.99573 42.37156, -70.99576 42.37142, -70.99631 42.37101, -70.99693 42.37053, -70.99698 42.37048, -70.99784 42.37117, -70.99809 42.37126, -70.99824 42.37138, -70.99824 42.3714, -70.99827 42.37141, -70.99829 42.37147, -70.99831 42.37148, -70.99833 42.37169)))"
250251803014,"MULTIPOLYGON (((-70.99693 42.37053, -70.99631 42.37101, -70.99576 42.37142, -70.99573 42.37156, -70.99556 42.37176, -70.99553 42.37174, -70.99521 42.37159, -70.99484 42.3715, -70.99471 42.37149, -70.99449 42.37147, -70.99429 42.37148, -70.9941 42.37161, -70.99395 42.37172, -70.99385 42.37194, -70.99385 42.37211, -70.9936 42.37216, -70.99331 42.37223, -70.99303 42.37237, -70.99282 42.37251, -70.99267 42.37267, -70.9925 42.3728, -70.99237 42.37289, -70.99216 42.37299, -70.992 42.37311, -70.99192 42.37324, -70.9919 42.37347, -70.99192 42.37362, -70.99199 42.37382, -70.99206 42.37396, -70.99213 42.37412, -70.99202 42.37417, -70.99129 42.37436, -70.99089 42.37352, -70.9908 42.37342, -70.99053 42.37333, -70.98986 42.37327, -70.98915 42.37318, -70.9884 42.37311, -70.98869 42.37183, -70.9888 42.37132, -70.98891 42.37089, -70.98898 42.37054, -70.98901 42.37041, -70.98916 42.36974, -70.98921 42.3695, -70.98924 42.36932, -70.98931 42.36913, -70.98933 42.36897, -70.98946 42.36893, -70.98959 42.36855, -70.98966 42.36803, -70.98969 42.36754, -70.99124 42.36793, -70.99269 42.36862, -70.99491 42.36921, -70.99585 42.3699, -70.99698 42.37048, -70.99693 42.37053)))"
250251804001,"MULTIPOLYGON (((-70.98059 42.37078, -70.98027 42.37129, -70.98046 42.37161, -70.98049 42.37162, -70.98049 42.37225, -70.97976 42.37225, -70.97872 42.37225, -70.97839 42.37224, -70.97825 42.3729, -70.97813 42.37345, -70.97805 42.37378, -70.97795 42.3741, -70.97795 42.37412, -70.97798 42.37415, -70.97832 42.37423, -70.97832 42.37425, -70.97801 42.37488, -70.97824 42.37501, -70.97862 42.37518, -70.97921 42.37543, -70.97953 42.37559, -70.9799 42.37578, -70.97987 42.37582, -70.97981 42.37597, -70.9798 42.37615, -70.97987 42.37636, -70.98001 42.37659, -70.9802 42.37685, -70.98027 42.37709, -70.9803 42.37738, -70.98031 42.37763, -70.98031 42.37769, -70.98031 42.37786, -70.9802 42.37819, -70.97998 42.37868, -70.97992 42.3788, -70.97977 42.37895, -70.97945 42.3792, -70.9791 42.37948, -70.9784 42.38004, -70.97766 42.38064, -70.97745 42.38083, -70.97722 42.38114, -70.9769 42.3816, -70.97665 42.38195, -70.9765 42.38189, -70.97641 42.38184, -70.9763 42.38176, -70.97595 42.38154, -70.97551 42.38126, -70.97504 42.38096, -70.97494 42.38088, -70.97489 42.38079, -70.97485 42.38068, -70.97482 42.38051, -70.97481 42.38031, -70.97482 42.38016, -70.97487 42.37964, -70.97493 42.37897, -70.97494 42.37882, -70.97486 42.37835, -70.97482 42.37807, -70.97457 42.37747, -70.97443 42.37713, -70.97428 42.37687, -70.97394 42.37632, -70.97379 42.3761, -70.97352 42.37574, -70.97345 42.37564, -70.97327 42.37542, -70.97318 42.37533, -70.97282 42.37497, -70.97254 42.37468, -70.97242 42.37452, -70.97207 42.37404, -70.97197 42.37391, -70.97154 42.37327, -70.97115 42.37272, -70.97161 42.3726, -70.97284 42.37233, -70.9728 42.37218, -70.97278 42.37213, -70.97308 42.37176, -70.97365 42.37107, -70.9737 42.37094, -70.97377 42.37076, -70.97399 42.37021, -70.97399 42.3702, -70.97656 42.37024, -70.97957 42.37028, -70.98089 42.3703, -70.98059 42.37078)))"
250251804002,"MULTIPOLYGON (((-70.98422 42.37371, -70.98419 42.37379, -70.98334 42.37423, -70.98262 42.3746, -70.98172 42.37498, -70.98108 42.37525, -70.98001 42.3757, -70.97994 42.37573, -70.9799 42.37578, -70.97953 42.37559, -70.97921 42.37543, -70.97862 42.37518, -70.97824 42.37501, -70.97801 42.37488, -70.97832 42.37425, -70.97832 42.37423, -70.97798 42.37415, -70.97795 42.37412, -70.97795 42.3741, -70.97805 42.37378, -70.97813 42.37345, -70.97825 42.3729, -70.97839 42.37224, -70.97872 42.37225, -70.97976 42.37225, -70.98049 42.37225, -70.98049 42.37162, -70.98046 42.37161, -70.98027 42.37129, -70.98059 42.37078, -70.98089 42.3703, -70.98091 42.37042, -70.98093 42.37053, -70.98101 42.37106, -70.98106 42.37162, -70.98174 42.37171, -70.98229 42.37177, -70.98286 42.37184, -70.98282 42.372, -70.98279 42.37216, -70.98279 42.37245, -70.98354 42.37254, -70.98453 42.37265, -70.98422 42.37371)))"
250251805001,"MULTIPOLYGON (((-70.97494 42.38088, -70.97484 42.38093, -70.97374 42.38106, -70.97269 42.38121, -70.97255 42.38115, -70.96834 42.38161, -70.96788 42.38166, -70.96763 42.38168, -70.96733 42.37933, -70.96627 42.37841, -70.96641 42.37824, -70.96696 42.37753, -70.96777 42.37682, -70.96841 42.37629, -70.96906 42.37592, -70.97017 42.37536, -70.97056 42.37516, -70.97242 42.37452, -70.97254 42.37468, -70.97282 42.37497, -70.97318 42.37533, -70.97327 42.37542, -70.97345 42.37564, -70.97352 42.37574, -70.97379 42.3761, -70.97394 42.37632, -70.97428 42.37687, -70.97443 42.37713, -70.97457 42.37747, -70.97482 42.37807, -70.97486 42.37835, -70.97494 42.37882, -70.97493 42.37897, -70.97487 42.37964, -70.97482 42.38016, -70.97481 42.38031, -70.97482 42.38051, -70.97485 42.38068, -70.97489 42.38079, -70.97494 42.38088)))"
250251805002,"MULTIPOLYGON (((-70.98274 42.36701, -70.98198 42.36835, -70.98121 42.36974, -70.98089 42.3703, -70.97957 42.37028, -70.97656 42.37024, -70.97399 42.3702, -70.97399 42.37021, -70.97306 42.37005, -70.97209 42.36976, -70.97176 42.36965, -70.97131 42.3695, -70.97122 42.36942, -70.97095 42.36933, -70.97076 42.36928, -70.97031 42.36924, -70.97028 42.36924, -70.97003 42.36922, -70.96988 42.3692, -70.96973 42.36919, -70.96926 42.36915, -70.96873 42.3691, -70.96784 42.36903, -70.96764 42.36904, -70.96717 42.36899, -70.96577 42.36869, -70.9643 42.36838, -70.96243 42.36796, -70.96143 42.36757, -70.96171 42.36615, -70.96294 42.36456, -70.96418 42.36322, -70.96448 42.3629, -70.96469 42.36124, -70.96491 42.36128, -70.96637 42.36149, -70.96742 42.36157, -70.96838 42.36178, -70.96967 42.36195, -70.96995 42.36198, -70.97054 42.36206, -70.97096 42.36211, -70.9711 42.3622, -70.97135 42.36259, -70.97169 42.36311, -70.97192 42.36337, -70.97192 42.36343, -70.97189 42.36353, -70.97189 42.36373, -70.97189 42.36381, -70.97194 42.36394, -70.97197 42.36396, -70.972 42.36404, -70.97204 42.36407, -70.97204 42.36409, -70.97207 42.36412, -70.97212 42.36415, -70.97212 42.36416, -70.97219 42.36422, -70.97222 42.36423, -70.97224 42.36425, -70.9723 42.36429, -70.97231 42.3643, -70.97234 42.36431, -70.97243 42.36438, -70.97254 42.36444, -70.97283 42.36464, -70.97304 42.36471, -70.97367 42.36469, -70.97405 42.3647, -70.97465 42.36463, -70.97487 42.36458, -70.97505 42.36452, -70.97522 42.36445, -70.97545 42.36428, -70.97551 42.36423, -70.97598 42.36414, -70.97656 42.36392, -70.97691 42.36366, -70.97759 42.36326, -70.97789 42.36314, -70.97795 42.36303, -70.97862 42.36192, -70.97893 42.35972, -70.98028 42.36095, -70.98191 42.36241, -70.98297 42.36659, -70.98274 42.36701)))"
250251805003,"MULTIPOLYGON (((-70.97377 42.37076, -70.9737 42.37094, -70.97365 42.37107, -70.97308 42.37176, -70.97278 42.37213, -70.9728 42.37218, -70.97284 42.37233, -70.97161 42.3726, -70.97115 42.37272, -70.97154 42.37327, -70.97197 42.37391, -70.97207 42.37404, -70.97242 42.37452, -70.97056 42.37516, -70.97017 42.37536, -70.96906 42.37592, -70.96841 42.37629, -70.96777 42.37682, -70.96696 42.37753, -70.96641 42.37824, -70.96353 42.37679, -70.96278 42.37614, -70.96249 42.37523, -70.96278 42.37245, -70.96264 42.37051, -70.96143 42.36757, -70.96243 42.36796, -70.9643 42.36838, -70.96577 42.36869, -70.96717 42.36899, -70.96764 42.36904, -70.96784 42.36903, -70.96873 42.3691, -70.96926 42.36915, -70.96973 42.36919, -70.96988 42.3692, -70.97003 42.36922, -70.97028 42.36924, -70.97031 42.36924, -70.97076 42.36928, -70.97095 42.36933, -70.97122 42.36942, -70.97131 42.3695, -70.97176 42.36965, -70.97209 42.36976, -70.97306 42.37005, -70.97399 42.37021, -70.97377 42.37076)))"
250251805004,"MULTIPOLYGON (((-70.97862 42.36192, -70.97795 42.36303, -70.97789 42.36314, -70.97759 42.36326, -70.97691 42.36366, -70.97656 42.36392, -70.97598 42.36414, -70.97551 42.36423, -70.97545 42.36428, -70.97522 42.36445, -70.97505 42.36452, -70.97487 42.36458, -70.97465 42.36463, -70.97405 42.3647, -70.97367 42.36469, -70.97304 42.36471, -70.97283 42.36464, -70.97254 42.36444, -70.97243 42.36438, -70.97234 42.36431, -70.97231 42.3643, -70.9723 42.36429, -70.97224 42.36425, -70.97222 42.36423, -70.97219 42.36422, -70.97212 42.36416, -70.97212 42.36415, -70.97207 42.36412, -70.97204 42.36409, -70.97204 42.36407, -70.972 42.36404, -70.97197 42.36396, -70.97194 42.36394, -70.97189 42.36381, -70.97189 42.36373, -70.97189 42.36353, -70.97192 42.36343, -70.97192 42.36337, -70.97169 42.36311, -70.97135 42.36259, -70.9711 42.3622, -70.97096 42.36211, -70.97054 42.36206, -70.96995 42.36198, -70.96967 42.36195, -70.96838 42.36178, -70.96742 42.36157, -70.96637 42.36149, -70.96491 42.36128, -70.96469 42.36124, -70.96443 42.36014, -70.96298 42.35936, -70.96705 42.35695, -70.96711 42.35701, -70.96715 42.35699, -70.96726 42.35707, -70.96749 42.35688, -70.96829 42.35627, -70.96843 42.35615, -70.96868 42.35597, -70.96875 42.35592, -70.96882 42.35587, -70.96894 42.35592, -70.96915 42.3558, -70.97226 42.35397, -70.97234 42.35392, -70.97492 42.35617, -70.97769 42.35773, -70.97893 42.35972, -70.97862 42.36192)))"
250259801011,"MULTIPOLYGON (((-70.95777 42.31271, -70.9561 42.31269, -70.95504 42.31326, -70.95478 42.31386, -70.95258 42.31459, -70.94959 42.31423, -70.94786 42.31296, -70.94713 42.31191, -70.94746 42.311, -70.94942 42.31093, -70.95074 42.31052, -70.95248 42.3103, -70.95251 42.30951, -70.95272 42.30882, -70.95482 42.3086, -70.95563 42.30906, -70.95636 42.30953, -70.957 42.30951, -70.95895 42.30997, -70.95969 42.31064, -70.95978 42.31104, -70.95957 42.31201, -70.95905 42.31271, -70.95777 42.31271)), ((-71.01738 42.31524, -71.01503 42.31635, -71.01486 42.31643, -71.01308 42.3171, -71.01265 42.31749, -71.01114 42.31887, -71.01094 42.31916, -71.00978 42.32079, -71.00744 42.32203, -71.0073 42.32211, -71.00511 42.32241, -71.00351 42.32262, -71.00269 42.32261, -71.0007 42.32256, -71.00029 42.32248, -70.99835 42.32207, -70.99757 42.32093, -70.99755 42.32092, -70.99753 42.32087, -70.99748 42.32068, -70.99747 42.32057, -70.99745 42.32053, -70.99756 42.31969, -70.99754 42.3192, -70.99762 42.31892, -70.99769 42.31882, -70.99789 42.31858, -70.99809 42.31844, -70.99827 42.31834, -70.9986 42.3182, -70.99882 42.31811, -70.99898 42.31809, -70.99949 42.31807, -71.00029 42.31803, -71.00091 42.31808, -71.00204 42.31814, -71.00241 42.31812, -71.00283 42.31805, -71.00322 42.31792, -71.00361 42.31771, -71.00425 42.31724, -71.00438 42.31706, -71.00448 42.31682, -71.00462 42.31661, -71.00469 42.31639, -71.00465 42.31613, -71.00491 42.31524, -71.00561 42.31337, -71.00673 42.3124, -71.00846 42.31072, -71.00995 42.3084, -71.01154 42.3076, -71.01156 42.30761, -71.01196 42.30771, -71.01222 42.30784, -71.01428 42.30797, -71.01721 42.30883, -71.01841 42.31002, -71.01905 42.3117, -71.01944 42.31273, -71.01886 42.31344, -71.01745 42.31515, -71.01738 42.31524)), ((-70.92947 42.32354, -70.92728 42.32343, -70.92512 42.3227, -70.92369 42.32144, -70.9232 42.31956, -70.92337 42.31775, -70.92448 42.31697, -70.92659 42.31659, -70.92702 42.31611, -70.92819 42.31596, -70.93026 42.31654, -70.93067 42.31745, -70.93187 42.31883, -70.93262 42.32015, -70.93254 42.32138, -70.93184 42.32276, -70.93109 42.32339, -70.92947 42.32354)), ((-70.97574 42.3124, -70.97505 42.31302, -70.97329 42.3152, -70.97142 42.3189, -70.97078 42.32111, -70.96813 42.32442, -70.96695 42.32576, -70.96572 42.32685, -70.96253 42.32801, -70.96062 42.3295, -70.96003 42.33135, -70.95762 42.33219, -70.95473 42.33186, -70.95333 42.33131, -70.95334 42.3309, -70.95231 42.33069, -70.95168 42.32917, -70.9536 42.3279, -70.95753 42.32609, -70.95934 42.32253, -70.96219 42.31832, -70.96332 42.31513, -70.96376 42.31313, -70.9668 42.31208, -70.96867 42.31099, -70.97279 42.30935, -70.97623 42.30899, -70.97848 42.30978, -70.97883 42.31041, -70.97834 42.31139, -70.97746 42.31266, -70.97574 42.3124)), ((-70.98662 42.3291, -70.98263 42.32901, -70.98132 42.32844, -70.98149 42.32744, -70.98257 42.32626, -70.98316 42.32524, -70.9833 42.32389, -70.98279 42.32278, -70.98254 42.32181, -70.98336 42.32021, -70.98473 42.31851, -70.98596 42.3179, -70.9887 42.31894, -70.98935 42.32101, -70.98952 42.32317, -70.98999 42.32421, -70.99162 42.32485, -70.99276 42.32606, -70.99209 42.32762, -70.99081 42.32882, -70.99056 42.32884, -70.98662 42.3291)), ((-70.93954 42.32885, -70.9377 42.32818, -70.93658 42.32777, -70.93609 42.3278, -70.93407 42.32771, -70.93304 42.32751, -70.93213 42.32711, -70.93184 42.32644, -70.9323 42.32569, -70.93314 42.3254, -70.93431 42.32537, -70.93654 42.32487, -70.93803 42.32416, -70.93933 42.32337, -70.94055 42.3232, -70.94158 42.32368, -70.94162 42.32456, -70.94278 42.32554, -70.94358 42.32628, -70.94321 42.32757, -70.94205 42.32859, -70.94059 42.32883, -70.93954 42.32885)), ((-70.93227 42.33479, -70.93222 42.33485, -70.92924 42.33552, -70.92384 42.3304, -70.92074 42.32751, -70.9201 42.32585, -70.92182 42.32412, -70.92333 42.32375, -70.9248 42.32339, -70.92705 42.32397, -70.92752 42.32472, -70.92871 42.32632, -70.93076 42.32742, -70.9321 42.32744, -70.93292 42.32779, -70.93344 42.32813, -70.93368 42.32859, -70.93324 42.32995, -70.93283 42.33109, -70.93458 42.33174, -70.93355 42.33351, -70.93349 42.33363, -70.93347 42.33366, -70.93227 42.33479)), ((-70.96882 42.35587, -70.96875 42.35592, -70.96868 42.35597, -70.96843 42.35615, -70.96829 42.35627, -70.96749 42.35688, -70.96726 42.35707, -70.96715 42.35699, -70.96711 42.35701, -70.96705 42.35695, -70.96298 42.35936, -70.96223 42.35813, -70.96097 42.3578, -70.96061 42.35771, -70.95797 42.35764, -70.95621 42.35758, -70.95449 42.35628, -70.95296 42.35566, -70.95137 42.35469, -70.95001 42.35368, -70.94983 42.35261, -70.95045 42.34945, -70.94992 42.34737, -70.94878 42.34374, -70.94922 42.34238, -70.94926 42.34224, -70.94931 42.34202, -70.94953 42.34097, -70.95194 42.34045, -70.95317 42.34052, -70.95317 42.34041, -70.95501 42.34051, -70.95782 42.34144, -70.96026 42.34313, -70.96263 42.34548, -70.96315 42.34696, -70.9647 42.34854, -70.96758 42.34991, -70.96973 42.35182, -70.97061 42.35259, -70.97226 42.35397, -70.96915 42.3558, -70.96894 42.35592, -70.96882 42.35587)))"
250259803001,"MULTIPOLYGON (((-71.10681 42.30103, -71.10678 42.30106, -71.1067 42.30115, -71.10645 42.30131, -71.10624 42.30142, -71.10594 42.30155, -71.1057 42.30166, -71.10558 42.30174, -71.1055 42.3018, -71.10523 42.30201, -71.10496 42.30222, -71.10485 42.30232, -71.10456 42.30259, -71.10434 42.30276, -71.10407 42.30298, -71.10387 42.30316, -71.10376 42.30329, -71.10341 42.30368, -71.1033 42.30383, -71.10325 42.30397, -71.10322 42.30418, -71.10317 42.3045, -71.10313 42.30465, -71.10308 42.30479, -71.103 42.30493, -71.10286 42.30507, -71.10276 42.30517, -71.10275 42.3052, -71.10271 42.30527, -71.10268 42.30542, -71.10267 42.30565, -71.10269 42.30597, -71.10245 42.30597, -71.10231 42.30597, -71.10198 42.30598, -71.10149 42.30657, -71.10115 42.30655, -71.10113 42.30662, -71.10072 42.30657, -71.1004 42.30726, -71.10049 42.30729, -71.10041 42.30748, -71.10025 42.30786, -71.10013 42.30792, -71.10004 42.30792, -71.09995 42.3079, -71.09986 42.30807, -71.09934 42.30883, -71.09938 42.30908, -71.09906 42.30919, -71.0989 42.30924, -71.09854 42.3094, -71.09832 42.3095, -71.09819 42.30958, -71.09807 42.30972, -71.09798 42.30988, -71.09793 42.31004, -71.0979 42.31021, -71.09787 42.31044, -71.09786 42.31058, -71.09786 42.31093, -71.09785 42.31107, -71.09783 42.31126, -71.0978 42.31142, -71.09775 42.31155, -71.09764 42.31168, -71.09749 42.31186, -71.0973 42.31202, -71.09709 42.31215, -71.09702 42.31218, -71.09683 42.31225, -71.09658 42.31231, -71.09639 42.31239, -71.09625 42.31249, -71.09598 42.31267, -71.09554 42.31299, -71.09536 42.31313, -71.09515 42.31328, -71.09482 42.31308, -71.09466 42.31299, -71.09462 42.31297, -71.09427 42.31284, -71.09411 42.31277, -71.09398 42.31269, -71.09386 42.31259, -71.09375 42.31245, -71.09364 42.31226, -71.0936 42.31215, -71.09357 42.31206, -71.09355 42.31186, -71.09354 42.31179, -71.09344 42.31137, -71.0933 42.31099, -71.09313 42.31072, -71.09298 42.31056, -71.09295 42.31052, -71.09269 42.31027, -71.09217 42.30986, -71.0919 42.30967, -71.09109 42.30905, -71.09071 42.30878, -71.08991 42.30817, -71.08924 42.30764, -71.08908 42.30753, -71.08859 42.30723, -71.08846 42.30716, -71.08822 42.30704, -71.08792 42.3069, -71.08748 42.30667, -71.08726 42.30654, -71.08657 42.30611, -71.08616 42.30587, -71.08556 42.30553, -71.0853 42.30541, -71.08509 42.30524, -71.08501 42.30517, -71.08496 42.30508, -71.08493 42.30499, -71.08491 42.3049, -71.08492 42.30443, -71.085 42.30418, -71.08525 42.30345, -71.08536 42.30309, -71.08556 42.3025, -71.08573 42.30195, -71.0859 42.30138, -71.08592 42.30133, -71.08616 42.30063, -71.08626 42.30039, -71.0864 42.3, -71.08654 42.29956, -71.08669 42.2991, -71.08679 42.29877, -71.08694 42.29836, -71.08699 42.29814, -71.08742 42.29804, -71.0886 42.29774, -71.08964 42.2975, -71.09006 42.29739, -71.09048 42.29726, -71.09092 42.29711, -71.09118 42.297, -71.09135 42.29692, -71.09144 42.29686, -71.09157 42.29675, -71.09171 42.29656, -71.09221 42.29588, -71.09233 42.29576, -71.09258 42.29543, -71.09317 42.29461, -71.09323 42.29454, -71.09427 42.2933, -71.09435 42.29322, -71.09444 42.29312, -71.09454 42.29302, -71.09458 42.29298, -71.09484 42.29273, -71.09538 42.29224, -71.09576 42.29197, -71.09579 42.29204, -71.09603 42.29256, -71.09618 42.29289, -71.0962 42.29293, -71.09633 42.29316, -71.0964 42.29324, -71.09662 42.29346, -71.0969 42.29373, -71.0974 42.29422, -71.09885 42.29564, -71.099 42.29578, -71.09916 42.29594, -71.09947 42.29624, -71.09982 42.29657, -71.10022 42.29696, -71.10097 42.29767, -71.10186 42.29851, -71.10259 42.29917, -71.10295 42.29949, -71.10329 42.29981, -71.10349 42.29993, -71.10362 42.30001, -71.10376 42.30008, -71.10383 42.3001, -71.10393 42.30013, -71.10405 42.30017, -71.10409 42.30018, -71.10427 42.30023, -71.10466 42.30027, -71.10502 42.30028, -71.1052 42.3003, -71.10535 42.30031, -71.10578 42.30038, -71.10591 42.3004, -71.10598 42.30042, -71.10606 42.30045, -71.10612 42.3005, -71.10618 42.30059, -71.10626 42.30072, -71.10635 42.3008, -71.10644 42.30085, -71.1065 42.30086, -71.10655 42.30087, -71.10666 42.30088, -71.10674 42.30093, -71.10678 42.30096, -71.1068 42.301, -71.10681 42.30103)))"
250259807001,"MULTIPOLYGON (((-71.15009 42.26758, -71.14964 42.26797, -71.14937 42.26822, -71.14923 42.26836, -71.14885 42.26868, -71.14881 42.26871, -71.14853 42.26897, -71.14848 42.26902, -71.14809 42.26932, -71.14729 42.26999, -71.14681 42.27039, -71.14569 42.27126, -71.145 42.27181, -71.14443 42.27226, -71.14387 42.27271, -71.14366 42.27285, -71.14375 42.27296, -71.14399 42.27324, -71.14428 42.27358, -71.14482 42.2742, -71.14513 42.27455, -71.14531 42.27474, -71.14548 42.27487, -71.14571 42.27505, -71.14565 42.27521, -71.14566 42.27538, -71.14567 42.27553, -71.14565 42.27573, -71.14557 42.27591, -71.14543 42.2761, -71.14532 42.27624, -71.14523 42.27633, -71.14501 42.27647, -71.14465 42.27665, -71.14416 42.2768, -71.14367 42.27689, -71.14324 42.27696, -71.14317 42.27698, -71.14306 42.27701, -71.14288 42.27709, -71.14272 42.2772, -71.14257 42.27738, -71.14248 42.27757, -71.14246 42.27781, -71.1425 42.27815, -71.14261 42.27845, -71.14278 42.27875, -71.14278 42.27876, -71.14324 42.27931, -71.14404 42.28011, -71.14396 42.2805, -71.14391 42.28046, -71.14381 42.28037, -71.14373 42.2803, -71.14357 42.28013, -71.14348 42.28003, -71.1429 42.27938, -71.14259 42.27904, -71.14235 42.27881, -71.14177 42.27822, -71.14138 42.27773, -71.14115 42.27735, -71.14093 42.27692, -71.14075 42.27629, -71.14068 42.27588, -71.14066 42.27574, -71.14065 42.27532, -71.14065 42.27518, -71.14069 42.2747, -71.14075 42.27434, -71.14061 42.27426, -71.14054 42.27423, -71.14039 42.27421, -71.14018 42.2742, -71.13996 42.27416, -71.14004 42.27357, -71.13953 42.27355, -71.13902 42.27322, -71.1385 42.27262, -71.13776 42.27212, -71.13756 42.27199, -71.13659 42.27151, -71.13631 42.27183, -71.13466 42.2735, -71.13378 42.2744, -71.13351 42.27454, -71.1327 42.27404, -71.13112 42.27305, -71.13177 42.27263, -71.13199 42.27236, -71.13214 42.27195, -71.13231 42.27118, -71.13241 42.27075, -71.13253 42.27039, -71.13255 42.2699, -71.13237 42.26921, -71.13224 42.26877, -71.13208 42.26864, -71.13162 42.26865, -71.13155 42.26855, -71.13143 42.26837, -71.13113 42.26795, -71.13094 42.26769, -71.13071 42.26745, -71.13038 42.26707, -71.13021 42.2669, -71.13005 42.26675, -71.13044 42.26657, -71.13015 42.26615, -71.13004 42.26595, -71.12978 42.26568, -71.12952 42.26554, -71.1292 42.2654, -71.12889 42.26511, -71.12865 42.26488, -71.12808 42.26503, -71.12777 42.26483, -71.1277 42.26476, -71.12733 42.2645, -71.12751 42.26413, -71.12766 42.26374, -71.12775 42.26355, -71.1278 42.26339, -71.12692 42.26187, -71.12696 42.26161, -71.1273 42.26127, -71.1276 42.26103, -71.1278 42.26093, -71.1282 42.26051, -71.12881 42.26073, -71.12922 42.2611, -71.12989 42.26086, -71.13034 42.26114, -71.13151 42.26222, -71.13362 42.26102, -71.13095 42.25845, -71.13076 42.2583, -71.13038 42.25823, -71.12942 42.25807, -71.12922 42.25805, -71.12915 42.25807, -71.12912 42.2581, -71.12893 42.25808, -71.12904 42.25797, -71.12912 42.25791, -71.13001 42.25695, -71.13016 42.25677, -71.13098 42.25705, -71.13127 42.25717, -71.13235 42.25604, -71.13274 42.25561, -71.13353 42.25476, -71.13397 42.25431, -71.13425 42.25402, -71.13389 42.25386, -71.13427 42.25356, -71.13379 42.25338, -71.13406 42.25312, -71.13429 42.2529, -71.13486 42.25235, -71.136 42.25125, -71.13623 42.25105, -71.13643 42.24966, -71.13516 42.24924, -71.13505 42.24918, -71.13441 42.24888, -71.13432 42.24885, -71.13428 42.24885, -71.13233 42.24823, -71.13309 42.24789, -71.13346 42.24774, -71.13364 42.24767, -71.13386 42.24761, -71.1341 42.24756, -71.13463 42.24744, -71.13526 42.24728, -71.13556 42.24714, -71.13598 42.24686, -71.13612 42.24672, -71.1362 42.24657, -71.13629 42.24632, -71.13632 42.24639, -71.13635 42.24647, -71.13641 42.24661, -71.13661 42.24691, -71.13672 42.24705, -71.13687 42.24719, -71.13711 42.24739, -71.13765 42.24781, -71.13809 42.24814, -71.1384 42.24838, -71.13874 42.24863, -71.139 42.24884, -71.13914 42.24898, -71.13926 42.24915, -71.13934 42.24934, -71.13936 42.24942, -71.13938 42.2495, -71.13941 42.24966, -71.13939 42.24981, -71.13936 42.24999, -71.13926 42.25021, -71.13914 42.25045, -71.13906 42.25065, -71.13902 42.2509, -71.13904 42.25116, -71.13906 42.25123, -71.13908 42.25134, -71.13912 42.25143, -71.13938 42.25185, -71.13943 42.25199, -71.13945 42.25215, -71.13944 42.25233, -71.13939 42.25252, -71.13933 42.25267, -71.13924 42.25285, -71.13919 42.25296, -71.13916 42.2531, -71.13915 42.25337, -71.1391 42.25352, -71.13909 42.25359, -71.13904 42.25373, -71.13896 42.25391, -71.13887 42.25403, -71.13872 42.25415, -71.13859 42.25425, -71.13835 42.25442, -71.13821 42.25457, -71.13813 42.25475, -71.13809 42.25493, -71.13807 42.25511, -71.1381 42.25531, -71.13821 42.2555, -71.13839 42.25576, -71.13858 42.25597, -71.13876 42.25619, -71.13884 42.25626, -71.13894 42.25643, -71.13905 42.25668, -71.13924 42.25726, -71.13936 42.25747, -71.13952 42.25772, -71.1398 42.25802, -71.14001 42.25824, -71.1402 42.25846, -71.14043 42.25842, -71.14059 42.25836, -71.14081 42.25825, -71.1411 42.25807, -71.14153 42.2578, -71.1417 42.25767, -71.14184 42.25754, -71.14197 42.25739, -71.14211 42.2572, -71.14226 42.25694, -71.14241 42.25663, -71.14257 42.25635, -71.14283 42.25594, -71.14329 42.25623, -71.14334 42.25669, -71.14352 42.25715, -71.1437 42.25784, -71.14405 42.25847, -71.14412 42.25932, -71.14553 42.25923, -71.1454 42.25945, -71.14521 42.25992, -71.14518 42.26004, -71.14518 42.26007, -71.14523 42.26012, -71.14538 42.26018, -71.14626 42.26046, -71.14669 42.26064, -71.14684 42.26076, -71.14694 42.2609, -71.14699 42.26099, -71.14704 42.26122, -71.147 42.26142, -71.1468 42.26179, -71.14667 42.26201, -71.14657 42.26226, -71.14648 42.26248, -71.1464 42.26279, -71.14629 42.26341, -71.14621 42.26385, -71.14622 42.26407, -71.14628 42.26431, -71.14643 42.26458, -71.14669 42.26485, -71.14683 42.26496, -71.14689 42.26499, -71.14702 42.26506, -71.14729 42.26517, -71.14782 42.26537, -71.14814 42.26553, -71.14839 42.26569, -71.14849 42.2658, -71.14873 42.26601, -71.14889 42.26618, -71.14928 42.2668, -71.14941 42.26703, -71.14956 42.26721, -71.1498 42.26738, -71.15009 42.26758)))"
250259809001,"MULTIPOLYGON (((-71.19123 42.283, -71.19119 42.28304, -71.19115 42.28306, -71.1909 42.28325, -71.1907 42.28344, -71.19011 42.28398, -71.18838 42.28558, -71.18738 42.28652, -71.18635 42.28746, -71.17864 42.2946, -71.1785 42.2945, -71.17843 42.29447, -71.17806 42.29427, -71.17799 42.29424, -71.17758 42.29407, -71.17695 42.29377, -71.17668 42.2936, -71.17641 42.2934, -71.17623 42.29326, -71.1761 42.2931, -71.1759 42.29282, -71.1757 42.29256, -71.17544 42.29234, -71.17541 42.29232, -71.17515 42.29216, -71.17513 42.29214, -71.17463 42.29182, -71.17438 42.29165, -71.17427 42.29155, -71.17417 42.29145, -71.17402 42.29128, -71.17399 42.29125, -71.17378 42.29099, -71.17356 42.29072, -71.17271 42.28966, -71.17193 42.28874, -71.17179 42.28855, -71.17175 42.28844, -71.17157 42.28797, -71.17172 42.28776, -71.1719 42.28749, -71.17208 42.28711, -71.17223 42.28676, -71.17233 42.28635, -71.1724 42.28591, -71.17242 42.28583, -71.17245 42.28539, -71.17251 42.28495, -71.1725 42.28482, -71.17249 42.28463, -71.17246 42.28431, -71.17243 42.28414, -71.17234 42.2838, -71.17224 42.28357, -71.17221 42.28351, -71.17205 42.28321, -71.17178 42.28279, -71.17127 42.28202, -71.1711 42.28174, -71.17104 42.28158, -71.17099 42.28146, -71.17093 42.28122, -71.17092 42.28102, -71.17093 42.28079, -71.17095 42.2806, -71.171 42.28037, -71.17106 42.28021, -71.17122 42.27978, -71.17206 42.2799, -71.17306 42.28002, -71.17555 42.28032, -71.17702 42.2804, -71.17765 42.28041, -71.17821 42.28037, -71.1805 42.28007, -71.18465 42.27957, -71.18506 42.27952, -71.18525 42.27951, -71.18531 42.2795, -71.18532 42.27952, -71.18536 42.27959, -71.18542 42.27964, -71.18551 42.27968, -71.18599 42.27977, -71.18706 42.28003, -71.18711 42.28005, -71.18718 42.28006, -71.18723 42.28006, -71.18745 42.28014, -71.18777 42.28023, -71.188 42.28033, -71.18802 42.28034, -71.1881 42.28038, -71.18817 42.28041, -71.18821 42.28044, -71.18832 42.2805, -71.1884 42.28056, -71.18866 42.2807, -71.18908 42.28091, -71.18953 42.28112, -71.18993 42.28129, -71.19025 42.2815, -71.19051 42.28165, -71.19075 42.28184, -71.19097 42.28212, -71.19113 42.28236, -71.19123 42.28265, -71.19125 42.28299, -71.19123 42.283)))"
250259810001,"MULTIPOLYGON (((-71.13061 42.29438, -71.13058 42.29456, -71.13044 42.29487, -71.13021 42.29517, -71.12953 42.29588, -71.12943 42.29603, -71.12936 42.29622, -71.12933 42.29636, -71.12933 42.2965, -71.12935 42.29664, -71.12939 42.29672, -71.12945 42.29684, -71.12955 42.29706, -71.12973 42.29737, -71.12982 42.29756, -71.12985 42.29774, -71.12986 42.29786, -71.12987 42.29802, -71.12989 42.29811, -71.13007 42.29818, -71.12989 42.29831, -71.12962 42.29853, -71.12939 42.29873, -71.12895 42.29916, -71.1288 42.2993, -71.12807 42.30003, -71.12793 42.30016, -71.12712 42.30096, -71.12645 42.3016, -71.12625 42.3018, -71.12616 42.3019, -71.12598 42.30212, -71.12582 42.30232, -71.12566 42.30255, -71.1254 42.30288, -71.12516 42.3032, -71.12499 42.30349, -71.12488 42.3038, -71.12483 42.30403, -71.12478 42.3044, -71.12474 42.30474, -71.12467 42.30519, -71.12455 42.3052, -71.12308 42.30516, -71.12208 42.30653, -71.12242 42.30668, -71.1222 42.3069, -71.12078 42.30836, -71.12167 42.30866, -71.12156 42.30867, -71.12146 42.30868, -71.12117 42.30869, -71.12099 42.30868, -71.1208 42.30864, -71.12062 42.30857, -71.12035 42.30842, -71.12025 42.30835, -71.12001 42.30808, -71.11984 42.30779, -71.1198 42.30767, -71.11965 42.30737, -71.11963 42.30729, -71.11956 42.30706, -71.11952 42.30671, -71.11954 42.30651, -71.11957 42.30643, -71.11961 42.30631, -71.11976 42.30595, -71.1199 42.30563, -71.12002 42.30533, -71.12007 42.30519, -71.12008 42.30503, -71.12008 42.30486, -71.12 42.30457, -71.11979 42.30405, -71.11965 42.30382, -71.11941 42.30351, -71.11915 42.30325, -71.1188 42.303, -71.11844 42.30281, -71.11811 42.30268, -71.11766 42.30255, -71.11716 42.3024, -71.11678 42.30233, -71.11696 42.30219, -71.11713 42.302, -71.11724 42.30187, -71.11732 42.30179, -71.11744 42.3017, -71.11756 42.30163, -71.11768 42.3016, -71.11793 42.30157, -71.11817 42.30156, -71.11852 42.30154, -71.11875 42.3015, -71.11908 42.30141, -71.11919 42.30133, -71.11929 42.30124, -71.11938 42.30118, -71.11951 42.30114, -71.11966 42.30113, -71.11967 42.30096, -71.11991 42.30095, -71.12004 42.30096, -71.1202 42.30095, -71.12018 42.30085, -71.12015 42.30027, -71.12006 42.2999, -71.12011 42.29973, -71.12002 42.29982, -71.11978 42.29987, -71.11967 42.29988, -71.11938 42.29994, -71.11924 42.29997, -71.11839 42.30004, -71.11802 42.30009, -71.11762 42.30015, -71.11742 42.3002, -71.11678 42.29931, -71.11612 42.29955, -71.11549 42.29985, -71.11491 42.3001, -71.1149 42.29994, -71.115 42.29972, -71.11523 42.29928, -71.11529 42.2992, -71.11541 42.29893, -71.11543 42.2989, -71.11549 42.29886, -71.11616 42.29845, -71.11638 42.29832, -71.11718 42.29782, -71.11794 42.29732, -71.11807 42.29723, -71.11865 42.29688, -71.11953 42.29633, -71.12011 42.29598, -71.12016 42.29595, -71.12071 42.29559, -71.12129 42.2952, -71.12186 42.29479, -71.12217 42.29456, -71.1225 42.29429, -71.1228 42.294, -71.12308 42.29373, -71.12351 42.2933, -71.12422 42.29258, -71.1252 42.29137, -71.1257 42.2907, -71.12618 42.29009, -71.1263 42.29018, -71.12703 42.29075, -71.12734 42.291, -71.12785 42.291, -71.12801 42.29109, -71.12774 42.2913, -71.1296 42.29281, -71.12967 42.29273, -71.13046 42.29316, -71.13046 42.29321, -71.13048 42.29343, -71.13054 42.29362, -71.13055 42.29371, -71.1306 42.2941, -71.13061 42.29438)))"
250259811001,"MULTIPOLYGON (((-71.11523 42.27809, -71.1147 42.27839, -71.1146 42.27847, -71.1145 42.27859, -71.1138 42.27931, -71.11366 42.27945, -71.11355 42.27959, -71.11356 42.27964, -71.11359 42.28004, -71.11343 42.27994, -71.11234 42.28028, -71.11223 42.28021, -71.11214 42.28019, -71.1114 42.2803, -71.11089 42.28035, -71.11085 42.2806, -71.11124 42.28073, -71.11135 42.28084, -71.11138 42.28097, -71.11137 42.28105, -71.11142 42.28117, -71.11154 42.28134, -71.11179 42.2816, -71.11218 42.28194, -71.11184 42.28231, -71.11091 42.28309, -71.11104 42.28337, -71.11088 42.28341, -71.1107 42.28346, -71.11056 42.28352, -71.11038 42.28361, -71.1102 42.28376, -71.10975 42.28427, -71.10956 42.2845, -71.10943 42.28465, -71.10937 42.28469, -71.10931 42.28473, -71.10896 42.28484, -71.10876 42.2849, -71.10869 42.28492, -71.1086 42.28495, -71.10797 42.28519, -71.10741 42.28542, -71.10684 42.28571, -71.10641 42.28595, -71.10587 42.28632, -71.1054 42.28672, -71.10496 42.28636, -71.1042 42.28576, -71.10269 42.28454, -71.10241 42.28432, -71.10188 42.28392, -71.10176 42.28383, -71.10102 42.2833, -71.10041 42.28284, -71.0999 42.28249, -71.09963 42.28234, -71.09991 42.28208, -71.10006 42.282, -71.10031 42.28191, -71.10051 42.28184, -71.1009 42.28175, -71.10171 42.28159, -71.10294 42.2814, -71.10371 42.28127, -71.10391 42.28123, -71.10411 42.28117, -71.10455 42.28094, -71.1051 42.28063, -71.10554 42.28042, -71.10577 42.28032, -71.10583 42.28028, -71.10596 42.28021, -71.10623 42.27995, -71.10713 42.27912, -71.10734 42.2789, -71.10744 42.27874, -71.10751 42.27846, -71.10753 42.2783, -71.10753 42.2782, -71.10765 42.2778, -71.10774 42.2775, -71.10784 42.27728, -71.10789 42.27717, -71.10816 42.2765, -71.10839 42.27597, -71.10846 42.27577, -71.10855 42.27549, -71.10858 42.2754, -71.10865 42.27526, -71.10877 42.27503, -71.1091 42.27451, -71.10919 42.27436, -71.10932 42.27446, -71.10948 42.27458, -71.10964 42.27467, -71.10981 42.27477, -71.11037 42.27506, -71.11082 42.27535, -71.11126 42.27558, -71.11133 42.27562, -71.11186 42.27588, -71.11249 42.2762, -71.11274 42.27632, -71.1128 42.27636, -71.11323 42.27658, -71.11379 42.27686, -71.11419 42.2771, -71.11453 42.27737, -71.11534 42.27804, -71.11523 42.27809)))"
250259811002,"MULTIPOLYGON (((-71.11537 42.29457, -71.11465 42.29518, -71.11391 42.29583, -71.11358 42.29608, -71.11287 42.29666, -71.11228 42.29627, -71.11208 42.29618, -71.11159 42.29654, -71.11118 42.29689, -71.11104 42.29702, -71.11067 42.29747, -71.11027 42.29777, -71.11006 42.29793, -71.10981 42.29817, -71.11007 42.29851, -71.1096 42.2991, -71.1085 42.299, -71.10825 42.2989, -71.10761 42.29864, -71.10753 42.29861, -71.10736 42.29838, -71.10727 42.29839, -71.10686 42.29841, -71.10645 42.29843, -71.10618 42.29847, -71.10605 42.29849, -71.10586 42.29855, -71.1057 42.29864, -71.1056 42.29874, -71.10552 42.29883, -71.10546 42.29898, -71.10541 42.29915, -71.10536 42.29929, -71.10525 42.29947, -71.10512 42.29968, -71.10498 42.29984, -71.10479 42.30003, -71.10469 42.30017, -71.10466 42.30027, -71.10427 42.30023, -71.10409 42.30018, -71.10405 42.30017, -71.10393 42.30013, -71.10383 42.3001, -71.10376 42.30008, -71.10362 42.30001, -71.10349 42.29993, -71.10329 42.29981, -71.10295 42.29949, -71.10259 42.29917, -71.10186 42.29851, -71.10097 42.29767, -71.10022 42.29696, -71.09982 42.29657, -71.09947 42.29624, -71.09916 42.29594, -71.099 42.29578, -71.09885 42.29564, -71.0974 42.29422, -71.0969 42.29373, -71.09662 42.29346, -71.0964 42.29324, -71.09633 42.29316, -71.0962 42.29293, -71.09618 42.29289, -71.09633 42.29286, -71.09656 42.29278, -71.09664 42.29276, -71.0971 42.29263, -71.09753 42.29239, -71.09774 42.29213, -71.09799 42.29226, -71.09857 42.29274, -71.09895 42.29297, -71.09982 42.29294, -71.10052 42.293, -71.10101 42.2931, -71.10139 42.29317, -71.10168 42.29317, -71.10195 42.29298, -71.10268 42.29227, -71.10291 42.29206, -71.10369 42.29141, -71.10375 42.29136, -71.10393 42.2912, -71.10403 42.2911, -71.10426 42.29091, -71.10471 42.29054, -71.10535 42.29, -71.10548 42.2899, -71.10567 42.28975, -71.10588 42.28961, -71.10611 42.28954, -71.10687 42.28933, -71.10709 42.28923, -71.10742 42.28902, -71.10764 42.28887, -71.10776 42.28878, -71.10795 42.28862, -71.10941 42.28973, -71.11033 42.29044, -71.11114 42.29105, -71.11199 42.2917, -71.11246 42.29205, -71.11263 42.29219, -71.11295 42.29256, -71.1134 42.29312, -71.11376 42.29354, -71.11397 42.29371, -71.114 42.29374, -71.11423 42.2939, -71.11509 42.2944, -71.11537 42.29457)))"
250259811003,"MULTIPOLYGON (((-71.10776 42.28878, -71.10764 42.28887, -71.10742 42.28902, -71.10709 42.28923, -71.10687 42.28933, -71.10611 42.28954, -71.10588 42.28961, -71.10567 42.28975, -71.10548 42.2899, -71.10535 42.29, -71.10471 42.29054, -71.10426 42.29091, -71.10403 42.2911, -71.10393 42.2912, -71.10375 42.29136, -71.10369 42.29141, -71.10291 42.29206, -71.10268 42.29227, -71.10195 42.29298, -71.10168 42.29317, -71.10139 42.29317, -71.10101 42.2931, -71.10052 42.293, -71.09982 42.29294, -71.09895 42.29297, -71.09857 42.29274, -71.09799 42.29226, -71.09774 42.29213, -71.09753 42.29239, -71.0971 42.29263, -71.09664 42.29276, -71.09656 42.29278, -71.09633 42.29286, -71.09618 42.29289, -71.09603 42.29256, -71.09579 42.29204, -71.09576 42.29197, -71.09587 42.2919, -71.09627 42.29166, -71.0965 42.29153, -71.097 42.29131, -71.09714 42.29125, -71.0974 42.29115, -71.09747 42.29112, -71.09964 42.29044, -71.09985 42.29036, -71.10011 42.29029, -71.1 42.29009, -71.09995 42.28992, -71.09994 42.28986, -71.09993 42.28972, -71.09991 42.28947, -71.09994 42.28925, -71.10007 42.28862, -71.10017 42.28832, -71.10026 42.28817, -71.10033 42.28807, -71.10052 42.28796, -71.10065 42.28791, -71.10048 42.28761, -71.1004 42.28748, -71.10029 42.28729, -71.10009 42.28694, -71.09995 42.28672, -71.09991 42.28666, -71.09971 42.28644, -71.09947 42.28657, -71.09934 42.28665, -71.0992 42.2867, -71.09906 42.28674, -71.09886 42.28677, -71.09861 42.28676, -71.09829 42.28673, -71.09814 42.28671, -71.09797 42.28671, -71.0978 42.28673, -71.09758 42.28678, -71.09747 42.28682, -71.09624 42.28724, -71.09574 42.2874, -71.09565 42.28739, -71.09556 42.28739, -71.0952 42.28738, -71.09506 42.28744, -71.0949 42.28722, -71.09503 42.28714, -71.09523 42.28699, -71.09545 42.28674, -71.0961 42.28604, -71.09632 42.28582, -71.09677 42.28534, -71.09739 42.28471, -71.09772 42.28436, -71.09866 42.28335, -71.09945 42.28249, -71.09963 42.28234, -71.0999 42.28249, -71.10041 42.28284, -71.10102 42.2833, -71.10176 42.28383, -71.10188 42.28392, -71.10241 42.28432, -71.10269 42.28454, -71.1042 42.28576, -71.10496 42.28636, -71.1054 42.28672, -71.10568 42.28694, -71.10635 42.28744, -71.10665 42.28766, -71.10676 42.28774, -71.10705 42.28796, -71.10737 42.28818, -71.10795 42.28862, -71.10776 42.28878)))"
250259811004,"MULTIPOLYGON (((-71.10751 42.27846, -71.10744 42.27874, -71.10734 42.2789, -71.10713 42.27912, -71.10623 42.27995, -71.10596 42.28021, -71.10583 42.28028, -71.10577 42.28032, -71.10554 42.28042, -71.1051 42.28063, -71.10455 42.28094, -71.10411 42.28117, -71.10391 42.28123, -71.10371 42.28127, -71.10294 42.2814, -71.10171 42.28159, -71.1009 42.28175, -71.10051 42.28184, -71.10031 42.28191, -71.10006 42.282, -71.09991 42.28208, -71.09963 42.28234, -71.0993 42.28214, -71.0988 42.28188, -71.09845 42.2817, -71.09977 42.28045, -71.10054 42.27961, -71.10041 42.27953, -71.09998 42.2793, -71.0995 42.27912, -71.1011 42.27776, -71.10209 42.27829, -71.10314 42.27728, -71.1037 42.27675, -71.10391 42.27683, -71.10437 42.27707, -71.10465 42.2768, -71.10753 42.2783, -71.10751 42.27846)))"
250259812011,"MULTIPOLYGON (((-71.05266 42.32936, -71.05258 42.32921, -71.0525 42.32914, -71.05247 42.32912, -71.05235 42.32908, -71.05223 42.32906, -71.05212 42.32906, -71.05202 42.32909, -71.05193 42.32915, -71.05185 42.32925, -71.05182 42.32931, -71.05181 42.32937, -71.05183 42.32943, -71.05187 42.3295, -71.05212 42.32962, -71.05182 42.32957, -71.05172 42.32959, -71.05162 42.32965, -71.05152 42.32971, -71.05142 42.3298, -71.05124 42.3299, -71.05115 42.32994, -71.05075 42.33011, -71.05042 42.33021, -71.05013 42.3303, -71.04987 42.33032, -71.04951 42.33034, -71.04935 42.33035, -71.04891 42.33036, -71.04817 42.33039, -71.04796 42.3304, -71.04738 42.33042, -71.04739 42.33014, -71.04617 42.33016, -71.04533 42.33018, -71.0449 42.33018, -71.04405 42.33019, -71.04279 42.33022, -71.04203 42.33024, -71.04153 42.33023, -71.0409 42.33021, -71.04012 42.33013, -71.03979 42.33009, -71.03954 42.33005, -71.03904 42.32996, -71.03775 42.32964, -71.03725 42.32952, -71.03708 42.32949, -71.03646 42.32939, -71.03604 42.32935, -71.03559 42.32933, -71.03521 42.32935, -71.03485 42.32939, -71.03431 42.32949, -71.03377 42.32965, -71.03318 42.32984, -71.03285 42.32995, -71.03234 42.33015, -71.03166 42.33042, -71.03114 42.33065, -71.03066 42.33088, -71.02953 42.33143, -71.0291 42.33163, -71.02865 42.33182, -71.02807 42.33206, -71.02708 42.33241, -71.02639 42.33262, -71.02515 42.33292, -71.025 42.33302, -71.02501 42.33328, -71.02503 42.33409, -71.02505 42.33493, -71.02507 42.3358, -71.02509 42.33666, -71.02511 42.33749, -71.02513 42.33831, -71.0249 42.33846, -71.02455 42.33864, -71.02444 42.33868, -71.02429 42.33871, -71.02413 42.33872, -71.02398 42.33871, -71.02384 42.33869, -71.02372 42.33865, -71.02245 42.33819, -71.02225 42.33809, -71.02207 42.33796, -71.02195 42.33785, -71.02179 42.33794, -71.02149 42.33808, -71.02105 42.33828, -71.02049 42.33847, -71.02009 42.33858, -71.01967 42.33865, -71.01931 42.3387, -71.01869 42.33877, -71.01828 42.3388, -71.01801 42.33882, -71.01731 42.33885, -71.01653 42.33887, -71.01568 42.33887, -71.01513 42.33884, -71.01484 42.33882, -71.01337 42.33889, -71.01164 42.33931, -71.01099 42.33964, -71.01076 42.3398, -71.00925 42.34052, -71.00803 42.33938, -71.00697 42.33703, -71.00735 42.33617, -71.0078 42.33594, -71.00956 42.33502, -71.01084 42.33288, -71.01271 42.32969, -71.01471 42.32905, -71.01848 42.32955, -71.02098 42.33059, -71.02282 42.33133, -71.02506 42.33115, -71.02778 42.33025, -71.0304 42.32854, -71.03252 42.32773, -71.03313 42.32775, -71.03509 42.3275, -71.0372 42.32762, -71.03848 42.32799, -71.03898 42.32824, -71.03979 42.32824, -71.04251 42.32826, -71.04381 42.32821, -71.04422 42.32805, -71.04494 42.32773, -71.04566 42.32682, -71.04597 42.32572, -71.04602 42.32456, -71.04541 42.3238, -71.04579 42.32356, -71.04623 42.32328, -71.04784 42.32259, -71.04895 42.32349, -71.04896 42.32343, -71.04898 42.32336, -71.04905 42.32312, -71.04919 42.32285, -71.04941 42.32258, -71.04956 42.32243, -71.04983 42.32222, -71.05009 42.32207, -71.05024 42.32202, -71.05028 42.32188, -71.05028 42.32186, -71.05031 42.32177, -71.05031 42.32151, -71.05023 42.3212, -71.05021 42.32115, -71.05023 42.32103, -71.05024 42.32096, -71.05031 42.32089, -71.0504 42.32082, -71.05047 42.32079, -71.0506 42.32076, -71.05079 42.32083, -71.05093 42.32088, -71.05103 42.32107, -71.05113 42.32119, -71.05125 42.32131, -71.05137 42.32141, -71.05155 42.32144, -71.05181 42.32144, -71.05199 42.32146, -71.05204 42.32146, -71.05209 42.32147, -71.05212 42.32158, -71.05231 42.32262, -71.05239 42.32298, -71.0524 42.32306, -71.05242 42.32344, -71.05244 42.32433, -71.05247 42.32531, -71.05249 42.32607, -71.05253 42.32681, -71.05257 42.32711, -71.05259 42.32751, -71.05262 42.32843, -71.05262 42.3286, -71.05265 42.32915, -71.05266 42.32936)))"
250259812021,"MULTIPOLYGON (((-71.04337 42.33853, -71.04219 42.33958, -71.04191 42.33953, -71.04183 42.33948, -71.04169 42.33945, -71.04161 42.33939, -71.04148 42.33919, -71.0414 42.33914, -71.04124 42.33905, -71.04105 42.33894, -71.04098 42.33894, -71.04091 42.33905, -71.04092 42.33928, -71.04084 42.33943, -71.04069 42.33955, -71.0406 42.33957, -71.04043 42.33956, -71.0403 42.33948, -71.04021 42.33936, -71.04014 42.33917, -71.04009 42.33888, -71.04008 42.33866, -71.04004 42.33847, -71.04 42.33844, -71.03998 42.33847, -71.03997 42.33868, -71.03997 42.33903, -71.0399 42.33934, -71.03987 42.33942, -71.03992 42.33947, -71.03992 42.33991, -71.03978 42.33993, -71.03963 42.33996, -71.03954 42.34001, -71.03949 42.34005, -71.03941 42.34017, -71.03936 42.34033, -71.03907 42.3416, -71.0382 42.3416, -71.03775 42.3416, -71.03769 42.3416, -71.03735 42.34161, -71.03624 42.34164, -71.03592 42.34168, -71.03575 42.34168, -71.03527 42.34168, -71.03522 42.34166, -71.03521 42.34163, -71.03521 42.34132, -71.03522 42.34132, -71.03522 42.34066, -71.03471 42.34066, -71.03471 42.34045, -71.0338 42.34044, -71.0338 42.34149, -71.03248 42.34152, -71.03248 42.34164, -71.03057 42.34165, -71.03041 42.34165, -71.03037 42.34025, -71.02952 42.34025, -71.0295 42.34138, -71.02942 42.34164, -71.02929 42.34176, -71.02822 42.34177, -71.02783 42.34173, -71.02777 42.34169, -71.02771 42.34151, -71.02765 42.34146, -71.02731 42.3414, -71.02703 42.34127, -71.0269 42.34127, -71.02653 42.34133, -71.02639 42.34158, -71.02634 42.34161, -71.02617 42.34165, -71.0256 42.34164, -71.02535 42.34158, -71.02513 42.34151, -71.02519 42.3396, -71.02519 42.33843, -71.02513 42.33831, -71.02523 42.33833, -71.02593 42.33831, -71.02622 42.3383, -71.02679 42.33829, -71.02725 42.33827, -71.0288 42.33825, -71.02932 42.33824, -71.02999 42.33823, -71.03106 42.33822, -71.0319 42.3382, -71.03261 42.33818, -71.03341 42.33817, -71.03423 42.33815, -71.03549 42.33814, -71.03644 42.33812, -71.03752 42.3381, -71.03779 42.33809, -71.03877 42.33808, -71.03999 42.33805, -71.04052 42.33805, -71.04161 42.33803, -71.04247 42.33801, -71.04398 42.33799, -71.04337 42.33853)))"
250259812022,"MULTIPOLYGON (((-71.04707 42.3397, -71.04628 42.34037, -71.0449 42.34153, -71.04384 42.34245, -71.04341 42.34279, -71.04291 42.34323, -71.04141 42.34453, -71.04134 42.34451, -71.04121 42.34448, -71.04108 42.34447, -71.03974 42.34448, -71.03949 42.34449, -71.03934 42.34439, -71.03898 42.34416, -71.03838 42.34378, -71.03805 42.34363, -71.03773 42.34341, -71.03745 42.34321, -71.03731 42.34322, -71.03731 42.34344, -71.03729 42.34373, -71.03726 42.34388, -71.03727 42.34412, -71.03727 42.3443, -71.03707 42.34453, -71.03693 42.34463, -71.03686 42.34475, -71.03681 42.34481, -71.03646 42.34519, -71.03582 42.34586, -71.03513 42.3466, -71.03565 42.34712, -71.03571 42.34719, -71.03578 42.34725, -71.03566 42.3473, -71.03599 42.3477, -71.03578 42.34776, -71.0354 42.34822, -71.03536 42.34818, -71.03505 42.34854, -71.03492 42.34866, -71.0334 42.35086, -71.03321 42.35072, -71.03479 42.34858, -71.03408 42.34827, -71.03347 42.34862, -71.03315 42.34905, -71.03279 42.34956, -71.03258 42.3498, -71.03222 42.35028, -71.03212 42.3503, -71.03137 42.34997, -71.03129 42.35004, -71.031 42.35034, -71.03082 42.35054, -71.03062 42.35074, -71.03048 42.3509, -71.03022 42.35123, -71.03 42.35151, -71.02988 42.35169, -71.02979 42.35179, -71.0297 42.35173, -71.02737 42.35036, -71.02661 42.35013, -71.02429 42.35004, -71.02204 42.34868, -71.02044 42.3472, -71.01904 42.34528, -71.01892 42.34374, -71.01784 42.34341, -71.015 42.34338, -71.01368 42.34312, -71.01236 42.34267, -71.01243 42.34267, -71.01021 42.34143, -71.00925 42.34052, -71.01076 42.3398, -71.01099 42.33964, -71.01164 42.33931, -71.01337 42.33889, -71.01484 42.33882, -71.01513 42.33884, -71.01568 42.33887, -71.01653 42.33887, -71.01731 42.33885, -71.01801 42.33882, -71.01828 42.3388, -71.01869 42.33877, -71.01931 42.3387, -71.01967 42.33865, -71.02009 42.33858, -71.02049 42.33847, -71.02105 42.33828, -71.02149 42.33808, -71.02179 42.33794, -71.02195 42.33785, -71.02207 42.33796, -71.02225 42.33809, -71.02245 42.33819, -71.02372 42.33865, -71.02384 42.33869, -71.02398 42.33871, -71.02413 42.33872, -71.02429 42.33871, -71.02444 42.33868, -71.02455 42.33864, -71.0249 42.33846, -71.02513 42.33831, -71.02519 42.33843, -71.02519 42.3396, -71.02513 42.34151, -71.02535 42.34158, -71.0256 42.34164, -71.02617 42.34165, -71.02634 42.34161, -71.02639 42.34158, -71.02653 42.34133, -71.0269 42.34127, -71.02703 42.34127, -71.02731 42.3414, -71.02765 42.34146, -71.02771 42.34151, -71.02777 42.34169, -71.02783 42.34173, -71.02822 42.34177, -71.02929 42.34176, -71.02942 42.34164, -71.0295 42.34138, -71.02952 42.34025, -71.03037 42.34025, -71.03041 42.34165, -71.03057 42.34165, -71.03248 42.34164, -71.03248 42.34152, -71.0338 42.34149, -71.0338 42.34044, -71.03471 42.34045, -71.03471 42.34066, -71.03522 42.34066, -71.03522 42.34132, -71.03521 42.34132, -71.03521 42.34163, -71.03522 42.34166, -71.03527 42.34168, -71.03575 42.34168, -71.03592 42.34168, -71.03624 42.34164, -71.03735 42.34161, -71.03769 42.3416, -71.03775 42.3416, -71.0382 42.3416, -71.03907 42.3416, -71.03936 42.34033, -71.03941 42.34017, -71.03949 42.34005, -71.03954 42.34001, -71.03963 42.33996, -71.03978 42.33993, -71.03992 42.33991, -71.03992 42.33947, -71.03987 42.33942, -71.0399 42.33934, -71.03997 42.33903, -71.03997 42.33868, -71.03998 42.33847, -71.04 42.33844, -71.04004 42.33847, -71.04008 42.33866, -71.04009 42.33888, -71.04014 42.33917, -71.04021 42.33936, -71.0403 42.33948, -71.04043 42.33956, -71.0406 42.33957, -71.04069 42.33955, -71.04084 42.33943, -71.04092 42.33928, -71.04091 42.33905, -71.04098 42.33894, -71.04105 42.33894, -71.04124 42.33905, -71.0414 42.33914, -71.04148 42.33919, -71.04161 42.33939, -71.04169 42.33945, -71.04183 42.33948, -71.04191 42.33953, -71.04219 42.33958, -71.04337 42.33853, -71.04398 42.33799, -71.04438 42.33798, -71.04477 42.33821, -71.04529 42.33855, -71.04556 42.33872, -71.04609 42.33905, -71.04666 42.33943, -71.04707 42.3397)))"
250259813001,"MULTIPOLYGON (((-71.03279 42.36821, -71.03275 42.36834, -71.03267 42.36845, -71.03252 42.36862, -71.0326 42.36867, -71.03232 42.3689, -71.03199 42.36924, -71.03199 42.36942, -71.03193 42.36955, -71.03166 42.36987, -71.0312 42.37018, -71.03095 42.37023, -71.03075 42.37029, -71.03064 42.37031, -71.03051 42.37025, -71.03036 42.37017, -71.02922 42.36959, -71.02878 42.36941, -71.02809 42.36912, -71.02785 42.36938, -71.02773 42.36949, -71.02763 42.36957, -71.02749 42.36963, -71.0274 42.36969, -71.02733 42.36974, -71.02721 42.36982, -71.02713 42.3699, -71.02706 42.37001, -71.02703 42.3701, -71.02703 42.37022, -71.02706 42.37033, -71.02709 42.37042, -71.02715 42.37053, -71.02723 42.37064, -71.02732 42.37076, -71.02744 42.3709, -71.02751 42.37098, -71.02761 42.37108, -71.02769 42.37116, -71.02778 42.37124, -71.02795 42.37138, -71.02817 42.37156, -71.0284 42.37175, -71.02861 42.37191, -71.02882 42.37208, -71.02897 42.3722, -71.02909 42.37231, -71.02919 42.3724, -71.02929 42.3725, -71.02939 42.37262, -71.02949 42.37273, -71.0296 42.37285, -71.02972 42.37298, -71.02981 42.3731, -71.02988 42.37318, -71.02994 42.37327, -71.02997 42.37334, -71.02998 42.37343, -71.02998 42.37353, -71.02995 42.37365, -71.0299 42.37376, -71.03012 42.37387, -71.03028 42.37394, -71.03041 42.37397, -71.03058 42.374, -71.03073 42.37402, -71.0309 42.37402, -71.03105 42.37401, -71.03114 42.374, -71.03125 42.37398, -71.03141 42.37393, -71.0315 42.3739, -71.03177 42.37376, -71.0321 42.37349, -71.03189 42.37369, -71.03143 42.37411, -71.03114 42.37437, -71.03039 42.37499, -71.02976 42.37554, -71.02908 42.3761, -71.02861 42.37649, -71.02804 42.37694, -71.02773 42.37721, -71.02743 42.37748, -71.0269 42.37793, -71.02633 42.3784, -71.02617 42.37854, -71.02607 42.37864, -71.026 42.3787, -71.0259 42.3788, -71.02564 42.3791, -71.02548 42.3793, -71.02522 42.37963, -71.02513 42.37975, -71.02501 42.37967, -71.02488 42.37959, -71.02451 42.37934, -71.02446 42.37926, -71.02447 42.37923, -71.02433 42.37926, -71.0242 42.37925, -71.02419 42.37919, -71.02266 42.37976, -71.02228 42.37991, -71.02213 42.37996, -71.02156 42.38014, -71.0215 42.38016, -71.02142 42.38018, -71.02113 42.38023, -71.02084 42.38026, -71.02055 42.38028, -71.01989 42.38028, -71.01976 42.38028, -71.01915 42.38027, -71.0185 42.38027, -71.01796 42.38029, -71.01758 42.38034, -71.0173 42.38041, -71.01708 42.38047, -71.01667 42.38061, -71.01631 42.38077, -71.01601 42.38092, -71.01591 42.38077, -71.01572 42.38048, -71.01562 42.38031, -71.01475 42.3793, -71.01459 42.37932, -71.01438 42.37948, -71.01408 42.37956, -71.01389 42.37956, -71.01377 42.37956, -71.01347 42.37955, -71.01332 42.37961, -71.01328 42.37983, -71.01332 42.37996, -71.0135 42.38011, -71.01355 42.38021, -71.01355 42.38047, -71.01352 42.38067, -71.01345 42.38087, -71.01338 42.38094, -71.01329 42.38096, -71.01288 42.38098, -71.01259 42.38098, -71.01248 42.38096, -71.01228 42.38077, -71.01207 42.38061, -71.01195 42.38055, -71.01179 42.38049, -71.01158 42.3805, -71.01138 42.38057, -71.01127 42.38065, -71.01117 42.38072, -71.01112 42.38077, -71.01112 42.3808, -71.01102 42.38069, -71.00886 42.38002, -71.00831 42.37985, -71.00776 42.37968, -71.0057 42.37904, -71.00551 42.37918, -71.00541 42.37921, -71.00523 42.37921, -71.00471 42.37916, -71.00442 42.37911, -71.00419 42.37904, -71.00396 42.37892, -71.00363 42.37878, -71.00291 42.37853, -71.00283 42.37849, -71.00272 42.3784, -71.00268 42.37835, -71.00258 42.37829, -71.00245 42.37829, -71.00234 42.37832, -71.00223 42.37832, -71.00097 42.37795, -71.00033 42.3778, -71.00021 42.37775, -71.00017 42.37774, -71.00008 42.37777, -71.00001 42.37776, -70.99972 42.37774, -70.99952 42.37773, -70.99939 42.37775, -70.99933 42.37774, -70.99932 42.37776, -70.99932 42.37777, -70.99931 42.37779, -70.99898 42.3779, -70.99799 42.3782, -70.9959 42.37766, -70.99381 42.37712, -70.99388 42.37707, -70.994 42.377, -70.99419 42.37691, -70.9942 42.37689, -70.99429 42.37684, -70.9946 42.37676, -70.99549 42.37663, -70.99576 42.37653, -70.99597 42.3764, -70.99615 42.37626, -70.99619 42.3762, -70.99624 42.37608, -70.99628 42.37602, -70.99629 42.37598, -70.99635 42.37589, -70.99653 42.3755, -70.99657 42.37545, -70.99658 42.3754, -70.99661 42.37536, -70.99662 42.37533, -70.99665 42.37531, -70.99665 42.37527, -70.99671 42.37521, -70.99687 42.3751, -70.9969 42.37505, -70.99695 42.37492, -70.99705 42.37468, -70.99721 42.37421, -70.9973 42.37393, -70.99744 42.37369, -70.99754 42.37343, -70.99764 42.37321, -70.99764 42.37317, -70.99774 42.37293, -70.99779 42.37282, -70.99787 42.3726, -70.99789 42.37257, -70.99796 42.3724, -70.99817 42.37205, -70.99833 42.37169, -70.99831 42.37148, -70.99829 42.37147, -70.99827 42.37141, -70.99824 42.3714, -70.99824 42.37138, -70.99809 42.37126, -70.99784 42.37117, -70.99698 42.37048, -70.99744 42.37, -70.9981 42.36923, -70.99841 42.36845, -70.9985 42.36822, -70.99866 42.36679, -70.9988 42.36528, -70.99894 42.36476, -70.99905 42.36476, -70.9995 42.36442, -70.99965 42.36381, -70.9992 42.36297, -70.99811 42.36211, -70.99664 42.36156, -70.99506 42.36203, -70.99367 42.36253, -70.99227 42.36228, -70.99013 42.36225, -70.98835 42.36266, -70.98696 42.36259, -70.98629 42.3622, -70.98628 42.36211, -70.98585 42.35882, -70.98574 42.3579, -70.98572 42.35775, -70.98559 42.3568, -70.98527 42.35671, -70.98606 42.35605, -70.98851 42.35388, -70.99043 42.35282, -70.99295 42.3528, -70.99483 42.35293, -70.99592 42.35327, -70.99653 42.35355, -70.9978 42.35346, -70.99852 42.35382, -70.99897 42.35438, -70.99863 42.35533, -71.00002 42.35572, -71.00161 42.35541, -71.00209 42.35433, -71.00236 42.35235, -71.0027 42.3504, -71.00285 42.34865, -71.00286 42.34753, -71.00266 42.34653, -71.00273 42.34602, -71.00378 42.34546, -71.00644 42.34522, -71.00854 42.3452, -71.0106 42.34658, -71.01658 42.35039, -71.01825 42.35184, -71.02347 42.354, -71.02702 42.35601, -71.02716 42.35607, -71.02643 42.35726, -71.02723 42.35767, -71.02725 42.35768, -71.02792 42.358, -71.0281 42.35814, -71.02816 42.35826, -71.02814 42.35838, -71.02751 42.35983, -71.0266 42.36186, -71.02642 42.36231, -71.02637 42.3626, -71.02637 42.36296, -71.02634 42.36303, -71.02629 42.36384, -71.02632 42.36405, -71.0264 42.36424, -71.02652 42.36439, -71.02671 42.36454, -71.02763 42.365, -71.02789 42.36534, -71.0281 42.36543, -71.028 42.36558, -71.0287 42.36589, -71.03056 42.36667, -71.03074 42.3668, -71.03081 42.36685, -71.03095 42.36697, -71.031 42.36703, -71.03111 42.36715, -71.03113 42.36716, -71.03127 42.36732, -71.03146 42.36742, -71.03173 42.36753, -71.03254 42.36788, -71.03271 42.36798, -71.0328 42.36808, -71.03279 42.36821)))"
250259815011,"MULTIPOLYGON (((-71.16862 42.35896, -71.16853 42.35905, -71.16828 42.35931, -71.16826 42.35933, -71.16807 42.35953, -71.16764 42.36005, -71.16763 42.36007, -71.16761 42.3601, -71.16751 42.36008, -71.16739 42.36008, -71.1673 42.36007, -71.16682 42.36004, -71.16649 42.35998, -71.16616 42.35991, -71.16588 42.35979, -71.16569 42.35971, -71.16535 42.35947, -71.16523 42.35937, -71.16457 42.3588, -71.16422 42.35863, -71.16389 42.35852, -71.16363 42.35849, -71.16342 42.35847, -71.16327 42.35846, -71.16301 42.35847, -71.1626 42.35851, -71.16228 42.35856, -71.1621 42.35863, -71.16188 42.35874, -71.16169 42.35886, -71.16151 42.35897, -71.16135 42.35907, -71.16096 42.35929, -71.16052 42.3595, -71.15975 42.35978, -71.15928 42.3599, -71.15883 42.35996, -71.1585 42.35997, -71.15791 42.35996, -71.15707 42.35994, -71.15672 42.35989, -71.15636 42.35985, -71.15561 42.35987, -71.15525 42.3599, -71.15482 42.35997, -71.15448 42.36004, -71.15415 42.36013, -71.15371 42.36026, -71.15295 42.36052, -71.15248 42.36068, -71.15199 42.36076, -71.15145 42.36082, -71.15064 42.36089, -71.15007 42.36095, -71.14973 42.36098, -71.14945 42.361, -71.14903 42.36104, -71.14864 42.36107, -71.14833 42.36112, -71.14808 42.3612, -71.14781 42.36131, -71.14757 42.36144, -71.1473 42.36164, -71.14724 42.36169, -71.14717 42.36175, -71.14698 42.36194, -71.14665 42.36221, -71.14634 42.36248, -71.14614 42.36269, -71.14593 42.36294, -71.14576 42.36324, -71.14564 42.36345, -71.14555 42.3637, -71.14539 42.36394, -71.14524 42.36415, -71.14496 42.36444, -71.14473 42.36463, -71.14449 42.36482, -71.14406 42.365, -71.1438 42.36505, -71.14367 42.36508, -71.14329 42.36508, -71.14291 42.36503, -71.14248 42.36494, -71.14214 42.36481, -71.14191 42.36473, -71.14139 42.36457, -71.141 42.36449, -71.14064 42.36442, -71.14041 42.3644, -71.14013 42.36442, -71.13989 42.36444, -71.13969 42.36447, -71.13946 42.36456, -71.13915 42.3647, -71.13897 42.36482, -71.13856 42.3651, -71.13754 42.366, -71.13705 42.36642, -71.13698 42.36647, -71.13657 42.36673, -71.1363 42.36691, -71.13616 42.367, -71.13595 42.36714, -71.13581 42.36723, -71.13572 42.36727, -71.13559 42.36731, -71.13551 42.36734, -71.13535 42.36739, -71.13522 42.36743, -71.13506 42.36748, -71.13472 42.36757, -71.13417 42.36776, -71.1338 42.36794, -71.13344 42.36816, -71.13294 42.36849, -71.13237 42.36889, -71.13212 42.36915, -71.13197 42.36933, -71.13187 42.3695, -71.13179 42.36969, -71.13177 42.36979, -71.13176 42.36986, -71.13178 42.37, -71.13179 42.3701, -71.13185 42.37039, -71.13194 42.37059, -71.13206 42.37083, -71.13221 42.37101, -71.13232 42.37113, -71.13278 42.37154, -71.13287 42.37164, -71.13291 42.37168, -71.13298 42.37177, -71.13302 42.37182, -71.13304 42.37191, -71.13309 42.37198, -71.13314 42.37217, -71.13318 42.37234, -71.13316 42.37245, -71.13315 42.37256, -71.1331 42.3727, -71.13296 42.37294, -71.13272 42.3732, -71.13246 42.37338, -71.13207 42.3736, -71.13152 42.3738, -71.13115 42.37387, -71.131 42.37389, -71.13068 42.37392, -71.13064 42.37392, -71.13017 42.37396, -71.12963 42.37394, -71.12895 42.37383, -71.12863 42.37374, -71.1282 42.37357, -71.12792 42.37343, -71.12763 42.37326, -71.12728 42.37302, -71.12701 42.37284, -71.12669 42.37257, -71.12647 42.37238, -71.12602 42.37195, -71.12553 42.37119, -71.12546 42.37105, -71.12542 42.37099, -71.12541 42.37096, -71.12539 42.37093, -71.12536 42.37087, -71.12529 42.37075, -71.12525 42.37067, -71.12521 42.37061, -71.12518 42.37056, -71.12511 42.37045, -71.12505 42.37035, -71.12499 42.37024, -71.1249 42.3701, -71.12472 42.36985, -71.12465 42.36976, -71.12461 42.36969, -71.1246 42.36967, -71.12459 42.36966, -71.12458 42.36964, -71.12454 42.36962, -71.1245 42.36957, -71.12445 42.36951, -71.12417 42.36933, -71.12383 42.36916, -71.1234 42.36901, -71.12334 42.36899, -71.12332 42.36898, -71.1232 42.36894, -71.12311 42.36891, -71.12248 42.36876, -71.12204 42.3687, -71.12159 42.36871, -71.12146 42.36873, -71.12126 42.36874, -71.12076 42.36879, -71.12009 42.36882, -71.11955 42.36884, -71.11896 42.36876, -71.11852 42.36864, -71.11844 42.36862, -71.11819 42.36853, -71.11793 42.36839, -71.11769 42.36815, -71.11754 42.36787, -71.11723 42.36737, -71.11715 42.36718, -71.11708 42.36703, -71.11697 42.36665, -71.11687 42.36588, -71.11689 42.3653, -71.11692 42.36425, -71.11694 42.36368, -71.11684 42.36275, -71.1167 42.36125, -71.1167 42.36118, -71.11661 42.36008, -71.11658 42.35957, -71.1166 42.35918, -71.11665 42.35884, -71.11668 42.35874, -71.11673 42.35853, -71.11698 42.35782, -71.11707 42.35755, -71.11716 42.357, -71.11711 42.35637, -71.11708 42.35598, -71.11707 42.35587, -71.1169 42.3555, -71.11685 42.35538, -71.11654 42.35505, -71.11653 42.35503, -71.11591 42.35453, -71.11517 42.35403, -71.11446 42.35365, -71.11371 42.35331, -71.1132 42.35311, -71.11293 42.35303, -71.11283 42.353, -71.1127 42.35297, -71.11246 42.3529, -71.11215 42.35285, -71.11186 42.3528, -71.1116 42.35275, -71.11151 42.35274, -71.11138 42.35272, -71.1113 42.35271, -71.11121 42.3527, -71.11059 42.35262, -71.11036 42.35259, -71.11008 42.35255, -71.10922 42.35255, -71.10747 42.3525, -71.10664 42.35249, -71.10601 42.35247, -71.10432 42.3524, -71.10341 42.35245, -71.10303 42.35251, -71.1024 42.35262, -71.10182 42.35269, -71.09789 42.35312, -71.09763 42.35315, -71.09724 42.35319, -71.09599 42.3534, -71.09498 42.35356, -71.09403 42.35372, -71.09329 42.35384, -71.09324 42.35385, -71.093 42.35389, -71.09123 42.35434, -71.091 42.3544, -71.08751 42.35556, -71.08518 42.35633, -71.0834 42.35692, -71.07936 42.35827, -71.07795 42.35874, -71.07733 42.35908, -71.07681 42.3595, -71.07666 42.35967, -71.07643 42.35992, -71.0764 42.35996, -71.07609 42.36038, -71.07571 42.36146, -71.07566 42.36161, -71.07555 42.36193, -71.0751 42.3632, -71.07494 42.36351, -71.07479 42.36377, -71.07388 42.36486, -71.07372 42.36506, -71.07197 42.36671, -71.07154 42.36711, -71.07139 42.36717, -71.07062 42.36675, -71.07086 42.36648, -71.07022 42.36615, -71.07019 42.36619, -71.06933 42.36714, -71.06928 42.36719, -71.06918 42.36713, -71.06907 42.36708, -71.06851 42.36678, -71.06847 42.3667, -71.06845 42.36664, -71.06845 42.3666, -71.0685 42.36651, -71.06863 42.3664, -71.06934 42.36577, -71.06946 42.36563, -71.06957 42.36542, -71.06977 42.365, -71.06985 42.36482, -71.07005 42.36441, -71.07011 42.36428, -71.07016 42.36417, -71.07038 42.36369, -71.07048 42.36356, -71.07063 42.36341, -71.0708 42.36327, -71.07133 42.36295, -71.07156 42.36279, -71.07166 42.3627, -71.07175 42.36258, -71.0718 42.36247, -71.0718 42.36236, -71.0718 42.36227, -71.07178 42.36215, -71.07185 42.36213, -71.072 42.36205, -71.0721 42.36197, -71.07219 42.36188, -71.07226 42.36176, -71.07231 42.36163, -71.07235 42.36137, -71.07235 42.36134, -71.07236 42.36121, -71.07237 42.36114, -71.07237 42.361, -71.07235 42.36087, -71.07232 42.36075, -71.07225 42.36059, -71.07214 42.3604, -71.07206 42.36023, -71.07202 42.36012, -71.07201 42.36001, -71.07201 42.35994, -71.07207 42.35972, -71.07212 42.35947, -71.07231 42.3588, -71.0724 42.35845, -71.07253 42.35794, -71.07267 42.35759, -71.07272 42.35747, -71.07279 42.35728, -71.07293 42.35699, -71.07313 42.35656, -71.07317 42.35646, -71.07327 42.35629, -71.07344 42.35614, -71.07346 42.35612, -71.07349 42.3561, -71.07378 42.35594, -71.07394 42.35587, -71.07439 42.35575, -71.07519 42.35552, -71.07522 42.35551, -71.07552 42.35542, -71.07582 42.35534, -71.07736 42.35494, -71.07757 42.35488, -71.07891 42.35449, -71.07912 42.3544, -71.07939 42.3543, -71.07946 42.35428, -71.07998 42.35412, -71.08046 42.354, -71.08159 42.3537, -71.08171 42.35367, -71.08222 42.35353, -71.08294 42.35334, -71.08385 42.35309, -71.08395 42.35306, -71.08454 42.35292, -71.08578 42.35256, -71.08591 42.35253, -71.08656 42.35237, -71.08733 42.35215, -71.08741 42.35213, -71.08798 42.35198, -71.08853 42.35186, -71.089 42.35178, -71.08927 42.35172, -71.08986 42.35158, -71.09041 42.35143, -71.09067 42.35137, -71.09096 42.35131, -71.09126 42.35124, -71.09147 42.35122, -71.09162 42.3512, -71.09207 42.35116, -71.09211 42.35116, -71.09218 42.35115, -71.0923 42.35113, -71.09258 42.3511, -71.0929 42.35104, -71.09295 42.35103, -71.09307 42.35101, -71.09319 42.35098, -71.09358 42.3509, -71.09432 42.35069, -71.09444 42.35066, -71.09468 42.35061, -71.09499 42.35057, -71.09531 42.35056, -71.09545 42.35056, -71.09583 42.35058, -71.09818 42.35074, -71.09947 42.35082, -71.10024 42.35087, -71.1007 42.3509, -71.10208 42.351, -71.10327 42.35108, -71.10336 42.35108, -71.10432 42.35115, -71.10546 42.35128, -71.10649 42.35138, -71.10813 42.35157, -71.10869 42.35162, -71.10949 42.35171, -71.11058 42.35181, -71.11071 42.35182, -71.11073 42.35182, -71.11147 42.35188, -71.11157 42.35189, -71.11223 42.35193, -71.11249 42.35195, -71.11288 42.35201, -71.11317 42.35207, -71.11345 42.35214, -71.1138 42.35226, -71.11412 42.35239, -71.11446 42.35255, -71.11503 42.35287, -71.11542 42.35308, -71.11619 42.35352, -71.11705 42.35398, -71.11719 42.35407, -71.11724 42.35411, -71.11747 42.35427, -71.11763 42.35442, -71.11783 42.35463, -71.11793 42.35476, -71.11796 42.35481, -71.11809 42.35502, -71.11813 42.35509, -71.11821 42.35527, -71.11829 42.35551, -71.11836 42.35578, -71.1184 42.356, -71.11841 42.35611, -71.11842 42.35635, -71.11842 42.35654, -71.1184 42.3567, -71.11838 42.35679, -71.11836 42.35693, -71.11831 42.3571, -71.11811 42.35764, -71.1177 42.35883, -71.11757 42.35921, -71.11753 42.35941, -71.1175 42.35972, -71.1175 42.35987, -71.11752 42.36003, -71.11763 42.36073, -71.11765 42.36091, -71.11765 42.36099, -71.11768 42.36107, -71.11801 42.36326, -71.11803 42.36344, -71.11804 42.36406, -71.11804 42.36418, -71.11804 42.36457, -71.11805 42.36519, -71.11808 42.36571, -71.11805 42.36602, -71.11806 42.36623, -71.11811 42.36647, -71.1182 42.36668, -71.11835 42.36691, -71.11858 42.36716, -71.11885 42.36736, -71.11907 42.36748, -71.11921 42.36754, -71.11953 42.36762, -71.11979 42.36767, -71.12001 42.36771, -71.12023 42.36773, -71.12069 42.36772, -71.12123 42.36775, -71.12175 42.36779, -71.12196 42.36781, -71.12235 42.36788, -71.12266 42.36796, -71.12299 42.36805, -71.1236 42.36827, -71.12373 42.36832, -71.12442 42.36854, -71.12492 42.36873, -71.12531 42.36886, -71.12557 42.36897, -71.12586 42.3691, -71.12606 42.36923, -71.12627 42.36938, -71.12643 42.36954, -71.12655 42.36968, -71.12666 42.36983, -71.12677 42.37007, -71.12682 42.37027, -71.12704 42.37154, -71.12709 42.3717, -71.12712 42.37182, -71.12718 42.37194, -71.12722 42.37201, -71.12735 42.37219, -71.12756 42.37238, -71.12775 42.37252, -71.1279 42.3726, -71.12809 42.37265, -71.12829 42.3727, -71.12855 42.37273, -71.12881 42.37274, -71.12934 42.37273, -71.12955 42.37271, -71.12995 42.37268, -71.13007 42.3726, -71.13019 42.37242, -71.13026 42.37221, -71.13027 42.37211, -71.13029 42.37198, -71.1303 42.37113, -71.1303 42.37073, -71.13032 42.37003, -71.13033 42.3698, -71.13037 42.36951, -71.13041 42.36925, -71.13053 42.36885, -71.13058 42.36872, -71.13065 42.36854, -71.1308 42.36823, -71.13097 42.36795, -71.13115 42.36767, -71.13134 42.36742, -71.13154 42.36719, -71.1318 42.36691, -71.13216 42.36659, -71.13252 42.36632, -71.1328 42.36613, -71.13316 42.36591, -71.13353 42.36571, -71.13397 42.36548, -71.13417 42.36539, -71.13482 42.36509, -71.13523 42.36493, -71.13545 42.36485, -71.13628 42.36455, -71.13727 42.36423, -71.13765 42.36413, -71.13888 42.36384, -71.13955 42.3637, -71.13995 42.36363, -71.14036 42.36357, -71.14106 42.36348, -71.142 42.36335, -71.14342 42.36318, -71.14394 42.36309, -71.14423 42.36302, -71.14451 42.36293, -71.14474 42.36283, -71.14495 42.36272, -71.14537 42.36242, -71.14575 42.36206, -71.14611 42.36171, -71.14617 42.36166, -71.1463 42.36156, -71.14632 42.36154, -71.14639 42.36147, -71.1465 42.36136, -71.14669 42.3612, -71.14722 42.36089, -71.14793 42.36064, -71.14847 42.36053, -71.14941 42.36039, -71.14992 42.36034, -71.15031 42.3603, -71.15115 42.36019, -71.15185 42.36008, -71.1521 42.36002, -71.15245 42.35991, -71.1528 42.35977, -71.15327 42.35956, -71.15368 42.35941, -71.15399 42.35932, -71.15436 42.35924, -71.15478 42.35916, -71.15587 42.35908, -71.15732 42.35896, -71.15765 42.35892, -71.15794 42.35886, -71.15826 42.35877, -71.15835 42.35883, -71.15855 42.35895, -71.15872 42.359, -71.15893 42.35905, -71.15918 42.35908, -71.15947 42.35908, -71.15979 42.35903, -71.16003 42.35896, -71.16021 42.3589, -71.16049 42.35881, -71.1609 42.35863, -71.16103 42.35855, -71.16124 42.35843, -71.16146 42.35832, -71.16157 42.35826, -71.16177 42.35818, -71.16187 42.35814, -71.16213 42.35806, -71.16256 42.35799, -71.16289 42.35795, -71.16337 42.35794, -71.16578 42.35795, -71.16635 42.35796, -71.1677 42.35798, -71.16947 42.35805, -71.16862 42.35896)))"
250259815021,"MULTIPOLYGON (((-71.01193 42.39575, -71.01127 42.39659, -71.01103 42.39648, -71.01033 42.39739, -71.01019 42.39754, -71.0097 42.3981, -71.00904 42.39891, -71.00709 42.40126, -71.00577 42.40285, -71.00525 42.40356, -71.00476 42.40422, -71.00458 42.40457, -71.00447 42.40473, -71.00438 42.40483, -71.00428 42.40493, -71.00364 42.40471, -71.00302 42.40452, -71.00283 42.40445, -71.00273 42.40441, -71.00285 42.40427, -71.00289 42.4042, -71.00347 42.40344, -71.0038 42.40301, -71.00431 42.40237, -71.00482 42.40173, -71.00232 42.40094, -71.00188 42.40081, -71.00137 42.40137, -71.00129 42.40148, -71.00111 42.4015, -71.0008 42.40146, -71.00037 42.40134, -70.99968 42.40107, -70.99964 42.40105, -70.99962 42.40102, -70.99958 42.401, -70.9994 42.40088, -70.99919 42.40079, -70.99906 42.40074, -70.99893 42.40069, -70.99871 42.40061, -70.99867 42.40059, -70.99864 42.40057, -70.99865 42.40053, -70.99866 42.40039, -70.99864 42.40021, -70.99861 42.40011, -70.99854 42.39998, -70.99847 42.39981, -70.99844 42.39974, -70.99843 42.39971, -70.9984 42.39964, -70.99844 42.3996, -70.99822 42.39923, -70.99795 42.39947, -70.99774 42.39965, -70.99744 42.39992, -70.99681 42.40046, -70.99608 42.40001, -70.99587 42.39989, -70.99548 42.39966, -70.99535 42.39954, -70.99501 42.3993, -70.9946 42.39908, -70.99456 42.39905, -70.99337 42.39834, -70.99274 42.39793, -70.99304 42.39745, -70.99389 42.39615, -70.99419 42.39475, -70.99429 42.39459, -70.99459 42.39417, -70.99505 42.39357, -70.99508 42.39353, -70.99509 42.39351, -70.99823 42.39027, -70.99829 42.39035, -70.99836 42.39044, -70.99864 42.39083, -70.99872 42.39088, -70.99964 42.3912, -71.00038 42.39157, -71.0023 42.39238, -71.00353 42.39269, -71.00365 42.39247, -71.00401 42.39259, -71.00438 42.39266, -71.00456 42.39269, -71.00501 42.39276, -71.0054 42.3928, -71.00594 42.39282, -71.00597 42.39282, -71.00826 42.39334, -71.00858 42.39339, -71.00883 42.39342, -71.00921 42.39345, -71.00999 42.39346, -71.01144 42.39348, -71.01161 42.39349, -71.01149 42.39363, -71.0112 42.394, -71.01069 42.39463, -71.01064 42.3947, -71.01038 42.39504, -71.01 42.39549, -71.01168 42.39572, -71.01193 42.39575)))"
250259816001,"MULTIPOLYGON (((-71.00113 42.3871, -71.001 42.38722, -71.00074 42.3875, -71.00053 42.38765, -71.0001 42.38793, -70.99939 42.38833, -70.99931 42.38823, -70.99921 42.38817, -70.99908 42.38814, -70.9977 42.38827, -70.99668 42.38835, -70.9964 42.38841, -70.99567 42.38905, -70.99535 42.38936, -70.99557 42.38949, -70.99627 42.38998, -70.99673 42.39029, -70.99642 42.39056, -70.99608 42.3909, -70.99586 42.39117, -70.99566 42.39146, -70.99495 42.39255, -70.99473 42.39289, -70.99447 42.39328, -70.99445 42.39332, -70.99443 42.39331, -70.99436 42.39331, -70.99429 42.3933, -70.99429 42.39326, -70.9943 42.39323, -70.99431 42.39321, -70.99431 42.39319, -70.9943 42.39318, -70.99429 42.39316, -70.99428 42.39315, -70.99423 42.39311, -70.99417 42.39309, -70.99408 42.39309, -70.99403 42.39311, -70.99398 42.39311, -70.9939 42.39307, -70.99389 42.39305, -70.99389 42.39302, -70.99385 42.39295, -70.99382 42.39292, -70.99298 42.39296, -70.99293 42.39295, -70.99289 42.39294, -70.99269 42.39294, -70.99265 42.39294, -70.99251 42.39294, -70.99249 42.39295, -70.99245 42.39295, -70.9924 42.39295, -70.99228 42.39297, -70.99225 42.39299, -70.99143 42.39302, -70.99033 42.3931, -70.99009 42.39317, -70.99002 42.39323, -70.98977 42.39324, -70.98957 42.3932, -70.98941 42.39318, -70.98917 42.39315, -70.98882 42.39305, -70.98858 42.39303, -70.98851 42.39301, -70.98846 42.39301, -70.98833 42.39296, -70.98827 42.3929, -70.9882 42.39289, -70.98807 42.39286, -70.98797 42.39282, -70.98744 42.39274, -70.98731 42.39235, -70.98724 42.39228, -70.98718 42.39219, -70.98713 42.39212, -70.98712 42.39206, -70.98711 42.39198, -70.98712 42.39192, -70.98714 42.39189, -70.98722 42.39156, -70.98721 42.39154, -70.9872 42.39146, -70.98732 42.39119, -70.98733 42.39117, -70.98734 42.39113, -70.98736 42.39108, -70.98741 42.39104, -70.98745 42.39103, -70.98757 42.39058, -70.98758 42.39031, -70.98761 42.38991, -70.98762 42.38979, -70.98762 42.38973, -70.98759 42.38952, -70.98751 42.38923, -70.98742 42.389, -70.98729 42.38873, -70.98699 42.38852, -70.98605 42.38812, -70.9865 42.38754, -70.98643 42.38747, -70.98644 42.38744, -70.98646 42.38742, -70.98647 42.38741, -70.98654 42.38729, -70.98659 42.3872, -70.98662 42.38714, -70.98667 42.38707, -70.9867 42.38703, -70.98673 42.38701, -70.9868 42.38696, -70.98682 42.38695, -70.9869 42.38692, -70.98695 42.38691, -70.98704 42.38691, -70.98711 42.38692, -70.98722 42.38693, -70.98731 42.38694, -70.98736 42.38694, -70.98739 42.38695, -70.98744 42.38696, -70.98751 42.38697, -70.98757 42.38699, -70.98764 42.38701, -70.98768 42.38701, -70.98772 42.38701, -70.98775 42.38697, -70.98778 42.38694, -70.98784 42.38695, -70.98791 42.38696, -70.98795 42.38697, -70.98798 42.38697, -70.98801 42.38699, -70.98804 42.38703, -70.98806 42.38707, -70.98809 42.38709, -70.98828 42.38711, -70.9914 42.38587, -70.99145 42.38584, -70.9916 42.38578, -70.99304 42.38516, -70.99337 42.38502, -70.99424 42.38465, -70.99441 42.38373, -70.9946 42.38299, -70.99463 42.38271, -70.99465 42.38271, -70.99468 42.38271, -70.99473 42.38272, -70.99541 42.38279, -70.99568 42.38282, -70.99587 42.38285, -70.99608 42.38288, -70.9963 42.38294, -70.99637 42.38295, -70.99651 42.38298, -70.99688 42.3831, -70.99784 42.38344, -70.99913 42.3839, -70.9993 42.38396, -71.00076 42.38451, -71.00027 42.38524, -71.00002 42.38563, -70.99987 42.38562, -70.99973 42.38556, -70.99958 42.38548, -70.99812 42.38493, -70.99642 42.38435, -70.99622 42.38435, -70.99598 42.38438, -70.99581 42.3845, -70.99566 42.38466, -70.99562 42.38484, -70.99564 42.38509, -70.99582 42.38524, -70.99618 42.3854, -70.99675 42.38557, -70.99873 42.38631, -70.99928 42.38638, -71.0011 42.38696, -71.00114 42.38703, -71.00113 42.3871)))"
250259817001,"MULTIPOLYGON (((-71.07256 42.35544, -71.07216 42.35555, -71.07204 42.35558, -71.07138 42.35575, -71.0713 42.35577, -71.07019 42.35603, -71.06983 42.35612, -71.06941 42.35622, -71.06892 42.35632, -71.06873 42.35636, -71.06764 42.3566, -71.067 42.35675, -71.06672 42.35681, -71.06579 42.357, -71.06517 42.35715, -71.06499 42.35719, -71.06461 42.35729, -71.06451 42.35732, -71.06405 42.35746, -71.06365 42.35757, -71.06317 42.35775, -71.06299 42.35751, -71.06294 42.35746, -71.06279 42.3573, -71.06246 42.35695, -71.06196 42.35653, -71.06226 42.35627, -71.06251 42.35602, -71.06288 42.35567, -71.06304 42.35551, -71.06321 42.35533, -71.06331 42.35521, -71.06342 42.35506, -71.06352 42.35488, -71.06359 42.35476, -71.06399 42.35397, -71.06413 42.35364, -71.06423 42.35339, -71.06437 42.35306, -71.06445 42.35276, -71.06447 42.3527, -71.06456 42.35238, -71.06592 42.35245, -71.06622 42.35246, -71.06691 42.35248, -71.06753 42.35251, -71.0684 42.35236, -71.06918 42.35217, -71.07051 42.35188, -71.07066 42.35185, -71.0707 42.35194, -71.07089 42.35231, -71.07108 42.35267, -71.07127 42.35308, -71.07148 42.3535, -71.07164 42.35383, -71.07184 42.35423, -71.07206 42.35466, -71.07223 42.35503, -71.07236 42.35528, -71.07256 42.35544)))"
250259818001,"MULTIPOLYGON (((-71.12585 42.31869, -71.12576 42.3187, -71.12531 42.3188, -71.12498 42.3189, -71.12479 42.31898, -71.12471 42.319, -71.12419 42.31922, -71.12396 42.31931, -71.12383 42.31938, -71.12327 42.31963, -71.12287 42.31982, -71.12256 42.32001, -71.12236 42.32014, -71.1222 42.32029, -71.12204 42.32045, -71.12195 42.32057, -71.12184 42.32068, -71.12169 42.32078, -71.12155 42.32086, -71.1214 42.32097, -71.12126 42.32112, -71.12113 42.32123, -71.12097 42.32133, -71.12074 42.32141, -71.12052 42.32147, -71.12021 42.32148, -71.11992 42.32153, -71.11982 42.32158, -71.1197 42.32164, -71.11961 42.32171, -71.11955 42.32182, -71.11952 42.32205, -71.11952 42.32226, -71.11957 42.32252, -71.11961 42.32261, -71.11954 42.32274, -71.11944 42.32274, -71.11894 42.32284, -71.11887 42.32286, -71.11879 42.32292, -71.11877 42.32293, -71.1187 42.32298, -71.11851 42.32312, -71.11848 42.3233, -71.11848 42.32338, -71.1184 42.32346, -71.11828 42.32349, -71.11801 42.32354, -71.11779 42.32355, -71.11745 42.32362, -71.11707 42.3237, -71.11677 42.32377, -71.11667 42.32382, -71.11664 42.32385, -71.11654 42.32394, -71.11642 42.32412, -71.11636 42.32431, -71.1164 42.3245, -71.11633 42.3246, -71.11635 42.32469, -71.11635 42.32479, -71.11627 42.32495, -71.11625 42.32507, -71.11621 42.3252, -71.11615 42.32526, -71.11613 42.32527, -71.11609 42.32538, -71.11604 42.32551, -71.11598 42.32566, -71.11595 42.32574, -71.11595 42.32581, -71.11593 42.32585, -71.11594 42.32595, -71.11602 42.32613, -71.11605 42.32623, -71.11602 42.3263, -71.11597 42.32639, -71.11585 42.32658, -71.11559 42.3268, -71.11552 42.32679, -71.11545 42.32683, -71.11535 42.32688, -71.11527 42.32693, -71.11524 42.32699, -71.11504 42.32731, -71.11484 42.32775, -71.11455 42.32837, -71.11394 42.32967, -71.11371 42.33018, -71.11357 42.33047, -71.11345 42.33095, -71.11344 42.33101, -71.11335 42.33173, -71.11334 42.33178, -71.11333 42.3319, -71.11331 42.33201, -71.1133 42.3321, -71.1133 42.33217, -71.11327 42.33222, -71.11323 42.33224, -71.11324 42.33229, -71.11326 42.33234, -71.11321 42.33246, -71.11315 42.33253, -71.11309 42.3326, -71.11297 42.3327, -71.11283 42.33285, -71.11266 42.33308, -71.11258 42.33321, -71.11252 42.33331, -71.11246 42.33343, -71.11244 42.33344, -71.11239 42.33353, -71.11219 42.3338, -71.11205 42.3339, -71.11196 42.33403, -71.11177 42.33417, -71.11157 42.33437, -71.11141 42.33452, -71.11134 42.3346, -71.11112 42.33473, -71.11097 42.33487, -71.11059 42.33525, -71.11053 42.33533, -71.11052 42.3354, -71.11055 42.33546, -71.11073 42.33553, -71.11081 42.33559, -71.11093 42.33567, -71.11099 42.33576, -71.111 42.33582, -71.111 42.33583, -71.11098 42.33595, -71.1109 42.33601, -71.11075 42.33617, -71.11071 42.33621, -71.1107 42.33626, -71.11071 42.33631, -71.1108 42.33643, -71.11091 42.33655, -71.11101 42.3366, -71.11106 42.33662, -71.11111 42.33666, -71.11115 42.33672, -71.11117 42.33677, -71.11119 42.33687, -71.1112 42.33691, -71.11122 42.33699, -71.11124 42.33702, -71.1113 42.33709, -71.11142 42.33718, -71.11144 42.33721, -71.11155 42.3373, -71.11156 42.33738, -71.11153 42.33746, -71.11147 42.33755, -71.1114 42.33763, -71.11131 42.3379, -71.11111 42.33837, -71.11103 42.33856, -71.11094 42.33874, -71.11088 42.33888, -71.11085 42.33951, -71.11076 42.33972, -71.11068 42.3399, -71.11068 42.33999, -71.11071 42.34004, -71.11072 42.34008, -71.11071 42.34013, -71.11066 42.34027, -71.11063 42.34033, -71.1106 42.3404, -71.11058 42.34044, -71.11057 42.34045, -71.11047 42.34059, -71.11036 42.34073, -71.11018 42.34096, -71.11009 42.34103, -71.10999 42.34111, -71.10985 42.34117, -71.10977 42.34122, -71.10968 42.34136, -71.10966 42.3414, -71.1096 42.34146, -71.10955 42.34149, -71.10936 42.34158, -71.10904 42.34166, -71.10877 42.34175, -71.10849 42.34184, -71.10844 42.34187, -71.10841 42.34189, -71.10829 42.34198, -71.10825 42.34203, -71.10824 42.34206, -71.10823 42.34211, -71.10823 42.34219, -71.10823 42.34227, -71.10819 42.34233, -71.10812 42.34241, -71.10803 42.34248, -71.10789 42.34255, -71.10744 42.34269, -71.10725 42.3428, -71.10721 42.34282, -71.1072 42.34282, -71.10714 42.34286, -71.10707 42.34289, -71.10691 42.34295, -71.10666 42.34304, -71.10658 42.34307, -71.10651 42.34311, -71.1063 42.34326, -71.10625 42.34332, -71.10623 42.34337, -71.10622 42.34343, -71.10617 42.34349, -71.10607 42.34358, -71.10606 42.34359, -71.10586 42.34369, -71.10569 42.34375, -71.10561 42.34379, -71.10552 42.34381, -71.10537 42.34396, -71.10529 42.344, -71.10524 42.34403, -71.10518 42.34407, -71.10506 42.34413, -71.10492 42.34419, -71.10462 42.34439, -71.10434 42.34417, -71.10439 42.34412, -71.10431 42.34408, -71.10421 42.34411, -71.10405 42.34412, -71.10389 42.34411, -71.10374 42.34409, -71.10361 42.34406, -71.1034 42.34396, -71.1031 42.34371, -71.10282 42.34352, -71.10252 42.34338, -71.10247 42.34319, -71.10235 42.34306, -71.10207 42.34275, -71.10182 42.3425, -71.10107 42.34174, -71.10082 42.34149, -71.10077 42.34144, -71.10045 42.34116, -71.10041 42.34113, -71.10031 42.34105, -71.10018 42.34097, -71.09999 42.34088, -71.0998 42.3408, -71.09954 42.3407, -71.09926 42.34063, -71.09906 42.34061, -71.09888 42.34063, -71.09863 42.3407, -71.09841 42.34079, -71.09836 42.34081, -71.09819 42.34092, -71.09789 42.34115, -71.09752 42.34146, -71.09735 42.34159, -71.09716 42.34167, -71.09649 42.34184, -71.0959 42.34201, -71.09562 42.34208, -71.09549 42.34213, -71.09531 42.34222, -71.09507 42.34235, -71.09484 42.34256, -71.09469 42.34276, -71.09461 42.34294, -71.09458 42.34309, -71.09458 42.34313, -71.09459 42.34327, -71.09461 42.34351, -71.09468 42.3438, -71.0947 42.34404, -71.0947 42.34425, -71.09464 42.34455, -71.09461 42.34469, -71.09457 42.34485, -71.09445 42.34519, -71.0944 42.34533, -71.0943 42.34558, -71.09418 42.3457, -71.09329 42.34651, -71.0931 42.34667, -71.0929 42.34676, -71.0927 42.34684, -71.09249 42.34691, -71.09239 42.34696, -71.09229 42.34704, -71.09227 42.34711, -71.09223 42.34699, -71.09216 42.34693, -71.09212 42.3469, -71.09208 42.34687, -71.09204 42.34685, -71.09201 42.34683, -71.09185 42.34676, -71.0916 42.34668, -71.09137 42.34662, -71.09109 42.34657, -71.0909 42.34654, -71.09085 42.34649, -71.09082 42.34643, -71.09079 42.34631, -71.09067 42.34578, -71.09064 42.34562, -71.09063 42.34544, -71.09064 42.34526, -71.09076 42.34486, -71.0908 42.34464, -71.09078 42.34449, -71.0908 42.34436, -71.09084 42.34408, -71.09088 42.344, -71.09092 42.34388, -71.09102 42.34372, -71.09122 42.34349, -71.09135 42.34335, -71.09145 42.34318, -71.0915 42.34305, -71.09151 42.34296, -71.09152 42.34277, -71.09152 42.34266, -71.09152 42.34254, -71.09153 42.34232, -71.09159 42.34211, -71.09167 42.34197, -71.09172 42.34187, -71.09199 42.34154, -71.09203 42.3415, -71.09215 42.34139, -71.09221 42.34134, -71.09245 42.34118, -71.09267 42.34107, -71.09279 42.34102, -71.09299 42.34096, -71.09322 42.34089, -71.09375 42.34077, -71.09404 42.3407, -71.09455 42.34056, -71.09497 42.3404, -71.09572 42.3401, -71.09602 42.33994, -71.09621 42.33983, -71.09634 42.33971, -71.09668 42.33926, -71.09689 42.33903, -71.09708 42.33889, -71.09729 42.33878, -71.09754 42.33871, -71.09774 42.3387, -71.09793 42.33872, -71.09824 42.33877, -71.09838 42.33882, -71.09867 42.33894, -71.09899 42.3391, -71.09954 42.3394, -71.0998 42.33958, -71.10023 42.3399, -71.1006 42.3402, -71.10082 42.34038, -71.10105 42.34057, -71.10156 42.34104, -71.1017 42.34116, -71.10295 42.34243, -71.10327 42.34274, -71.10379 42.34314, -71.10417 42.34332, -71.10436 42.34336, -71.1045 42.34337, -71.10455 42.34337, -71.10472 42.34337, -71.10493 42.34335, -71.10513 42.34332, -71.10536 42.34329, -71.10546 42.34326, -71.10553 42.34324, -71.10575 42.34307, -71.10592 42.34293, -71.10605 42.34278, -71.10616 42.34264, -71.10633 42.3424, -71.10656 42.34211, -71.10677 42.34189, -71.10691 42.34177, -71.10708 42.34165, -71.10726 42.34156, -71.10756 42.34142, -71.1078 42.34133, -71.10822 42.3412, -71.10832 42.34117, -71.10908 42.34101, -71.10929 42.34094, -71.10947 42.34084, -71.10963 42.34072, -71.11 42.34032, -71.11016 42.34007, -71.11035 42.33967, -71.11039 42.33957, -71.11042 42.33944, -71.11044 42.3392, -71.11044 42.3389, -71.11045 42.33873, -71.11045 42.33861, -71.11049 42.33838, -71.11053 42.33822, -71.1106 42.33804, -71.11067 42.33786, -71.11073 42.33765, -71.11076 42.33751, -71.11074 42.33734, -71.1107 42.33718, -71.11064 42.33706, -71.11056 42.33693, -71.11041 42.33673, -71.11029 42.33659, -71.11006 42.33631, -71.10993 42.33601, -71.10989 42.33584, -71.10987 42.3357, -71.10987 42.33552, -71.10989 42.33538, -71.10997 42.33523, -71.11009 42.33504, -71.11026 42.33487, -71.11044 42.33473, -71.11075 42.33451, -71.11107 42.33428, -71.11137 42.33407, -71.11156 42.33392, -71.11179 42.33373, -71.11209 42.33343, -71.11223 42.33326, -71.11241 42.33307, -71.11274 42.3327, -71.11284 42.33254, -71.1129 42.33238, -71.11297 42.33217, -71.11302 42.33193, -71.11306 42.3318, -71.11306 42.33177, -71.11311 42.33153, -71.11315 42.33132, -71.11314 42.33115, -71.11307 42.33091, -71.11306 42.33085, -71.11299 42.33073, -71.11289 42.33059, -71.11255 42.33016, -71.11228 42.32981, -71.11203 42.32936, -71.11198 42.32921, -71.11194 42.32891, -71.11194 42.32878, -71.11193 42.32865, -71.11196 42.32839, -71.11197 42.32836, -71.11209 42.32793, -71.1122 42.32771, -71.11223 42.32766, -71.11236 42.32744, -71.11262 42.32706, -71.11275 42.32682, -71.11281 42.32664, -71.11282 42.32652, -71.11283 42.32588, -71.11286 42.32571, -71.11292 42.32554, -71.11303 42.3254, -71.11317 42.32529, -71.11335 42.32518, -71.1136 42.32507, -71.11404 42.32487, -71.11431 42.32473, -71.1145 42.32459, -71.11466 42.32439, -71.11471 42.32431, -71.11481 42.32406, -71.11491 42.32382, -71.11502 42.32364, -71.11508 42.32357, -71.1153 42.32336, -71.11555 42.32322, -71.11569 42.32315, -71.11629 42.32294, -71.1165 42.32283, -71.11663 42.32274, -71.11674 42.32263, -71.11683 42.32246, -71.11685 42.32228, -71.11683 42.32201, -71.11679 42.32173, -71.11669 42.32142, -71.11661 42.3212, -71.11657 42.32102, -71.11659 42.32085, -71.11661 42.32075, -71.11668 42.32062, -71.11678 42.32047, -71.11697 42.32018, -71.11702 42.32012, -71.11711 42.31998, -71.11716 42.31983, -71.11717 42.31967, -71.11715 42.31954, -71.11708 42.31938, -71.11699 42.31925, -71.11686 42.3191, -71.11667 42.31892, -71.11655 42.31877, -71.11649 42.31865, -71.11647 42.31858, -71.11646 42.31844, -71.11648 42.3183, -71.11655 42.31811, -71.11668 42.31783, -71.11674 42.31764, -71.11675 42.31748, -71.11674 42.31708, -71.11673 42.31669, -71.11675 42.31638, -71.11679 42.31609, -71.1169 42.31575, -71.117 42.31558, -71.11709 42.31548, -71.11718 42.31541, -71.11741 42.31527, -71.11771 42.31509, -71.11798 42.31492, -71.1185 42.3145, -71.11883 42.31429, -71.1191 42.3141, -71.11946 42.31386, -71.11962 42.31379, -71.12031 42.31346, -71.12059 42.31334, -71.12082 42.31323, -71.12101 42.31316, -71.12111 42.31314, -71.12132 42.31309, -71.12174 42.31303, -71.1219 42.31291, -71.12211 42.31276, -71.12219 42.31273, -71.12228 42.31273, -71.12235 42.31273, -71.12241 42.31276, -71.12244 42.3128, -71.12248 42.31293, -71.12246 42.31305, -71.12224 42.31333, -71.12254 42.31366, -71.12326 42.31437, -71.1233 42.31441, -71.12337 42.31452, -71.12345 42.31466, -71.12349 42.31482, -71.1235 42.31503, -71.12345 42.31563, -71.12346 42.31573, -71.1235 42.31584, -71.12363 42.3161, -71.12388 42.31652, -71.12417 42.31696, -71.12443 42.3173, -71.12475 42.31766, -71.12502 42.318, -71.12518 42.31816, -71.12541 42.31829, -71.12572 42.31843, -71.12578 42.31847, -71.12583 42.31853, -71.12584 42.31858, -71.12584 42.3186, -71.12585 42.31869)))"
250259819001,"MULTIPOLYGON (((-71.18531 42.2795, -71.18525 42.27951, -71.18506 42.27952, -71.18465 42.27957, -71.1805 42.28007, -71.17821 42.28037, -71.17765 42.28041, -71.17702 42.2804, -71.17652 42.27997, -71.17616 42.27969, -71.17576 42.2793, -71.17554 42.27905, -71.17557 42.27896, -71.17554 42.27883, -71.17543 42.27859, -71.1752 42.2783, -71.17494 42.27809, -71.17447 42.27779, -71.17413 42.27755, -71.17379 42.27731, -71.17344 42.27712, -71.17315 42.27703, -71.17238 42.27687, -71.17252 42.2765, -71.17278 42.27603, -71.17305 42.27561, -71.17322 42.27535, -71.1738 42.27549, -71.17447 42.27575, -71.17457 42.27558, -71.1746 42.27566, -71.17476 42.27584, -71.17497 42.276, -71.17544 42.27624, -71.17593 42.27647, -71.17636 42.27665, -71.17678 42.2768, -71.17692 42.27684, -71.17711 42.27686, -71.17746 42.27687, -71.17855 42.27671, -71.17914 42.2766, -71.17977 42.27649, -71.18041 42.27637, -71.18124 42.27621, -71.1825 42.27597, -71.18278 42.27588, -71.1829 42.27585, -71.18305 42.27585, -71.18316 42.27591, -71.18326 42.27599, -71.18349 42.2764, -71.18379 42.2769, -71.18386 42.27703, -71.18389 42.27707, -71.18393 42.27714, -71.18455 42.2782, -71.18465 42.27837, -71.18478 42.27858, -71.18495 42.27888, -71.185 42.27897, -71.18504 42.27903, -71.18506 42.27908, -71.1851 42.27914, -71.18525 42.27939, -71.18529 42.27947, -71.18531 42.2795)))"
