ward_precinct,wkt,ward,precinct,voted_biden,voted_trump,voter_turnout
0113,"MULTIPOLYGON (((-71.01305 42.38532, -71.01328 42.38563, -71.01333 42.38561, -71.01367 42.38611, -71.01589 42.38662, -71.01482 42.38719, -71.01752 42.38886, -71.01661 42.38996, -71.01665 42.39006, -71.01658 42.39017, -71.01646 42.39014, -71.01478 42.39215, -71.01478 42.39228, -71.01554 42.39285, -71.01576 42.3932, -71.01573 42.39354, -71.01139 42.39204, -71.00883 42.39108, -71.0077 42.39081, -71.00646 42.39058, -71.00489 42.39029, -71.00389 42.39019, -71.00247 42.39014, -71.00193 42.39012, -71.00005 42.39003, -70.99938 42.38978, -70.99907 42.38948, -70.9993 42.38919, -70.99999 42.38879, -71.00023 42.38867, -71.00011 42.3885, -71.00051 42.3883, -71.00608 42.38642, -71.00681 42.38668, -71.01258 42.38473, -71.01297 42.38534, -71.01305 42.38532)))",01,13,69.8,28.4,65.5
0102,"MULTIPOLYGON (((-71.03131 42.37025, -71.03005 42.36939, -71.03204 42.36714, -71.03249 42.36655, -71.03522 42.36773, -71.03749 42.36872, -71.0371 42.36923, -71.03393 42.37193, -71.03131 42.37025)))",01,02,79.1,18.5,70.3
0105,"MULTIPOLYGON (((-71.02716 42.3703, -71.02786 42.36979, -71.02812 42.36969, -71.02956 42.3691, -71.03005 42.36939, -71.03131 42.37025, -71.03393 42.37193, -71.03473 42.37247, -71.03706 42.37396, -71.03369 42.37685, -71.03152 42.37765, -71.03057 42.37703, -71.02994 42.37664, -71.02921 42.3762, -71.02732 42.37504, -71.03016 42.374, -71.0267 42.37064, -71.02666 42.3706, -71.02716 42.3703)))",01,05,78.1,19.1,66.4
0203,"MULTIPOLYGON (((-71.05734 42.37463, -71.05784 42.37426, -71.05805 42.37441, -71.05894 42.37428, -71.05931 42.37436, -71.06005 42.37404, -71.06031 42.37393, -71.06079 42.37434, -71.06161 42.37367, -71.06188 42.37388, -71.06226 42.37415, -71.06279 42.37451, -71.06312 42.37474, -71.06371 42.37514, -71.06441 42.3756, -71.06343 42.37651, -71.06352 42.37657, -71.06261 42.37768, -71.06218 42.37746, -71.06178 42.3773, -71.06126 42.37714, -71.0612 42.3772, -71.05972 42.37668, -71.05911 42.37651, -71.05859 42.37639, -71.05826 42.37592, -71.05734 42.37463)))",02,03,81.3,16.3,80.6
0205,"MULTIPOLYGON (((-71.06329 42.38153, -71.06182 42.38092, -71.06314 42.3792, -71.06265 42.379, -71.06336 42.378, -71.06261 42.37768, -71.06352 42.37657, -71.06343 42.37651, -71.06377 42.37668, -71.06423 42.37686, -71.06496 42.37734, -71.06553 42.37781, -71.06491 42.37807, -71.06472 42.37828, -71.06446 42.37857, -71.06524 42.37892, -71.06496 42.3793, -71.0647 42.37965, -71.06613 42.38005, -71.06637 42.37974, -71.0672 42.38012, -71.06793 42.38051, -71.06719 42.38123, -71.06708 42.38118, -71.06679 42.38156, -71.06596 42.38265, -71.06329 42.38153)))",02,05,76.8,20.8,80
0204,"MULTIPOLYGON (((-71.05818 42.37937, -71.05886 42.37805, -71.05901 42.37778, -71.05876 42.37769, -71.05885 42.37715, -71.05882 42.37713, -71.05747 42.37647, -71.05786 42.37619, -71.05826 42.37592, -71.05859 42.37639, -71.05911 42.37651, -71.05972 42.37668, -71.0612 42.3772, -71.06126 42.37714, -71.06178 42.3773, -71.06218 42.37746, -71.06261 42.37768, -71.06336 42.378, -71.06265 42.379, -71.06314 42.3792, -71.06182 42.38092, -71.06158 42.38082, -71.05818 42.37937)))",02,04,78.4,19.3,70
0206,"MULTIPOLYGON (((-71.06637 42.37974, -71.06613 42.38005, -71.0647 42.37965, -71.06496 42.3793, -71.06524 42.37892, -71.06446 42.37857, -71.06472 42.37828, -71.06491 42.37807, -71.06553 42.37781, -71.06496 42.37734, -71.06586 42.37656, -71.06678 42.37729, -71.06733 42.37707, -71.06745 42.37718, -71.06795 42.37684, -71.06817 42.37705, -71.06869 42.37671, -71.06917 42.37659, -71.06981 42.37767, -71.07093 42.37956, -71.07105 42.3798, -71.0705 42.38007, -71.06998 42.38031, -71.06914 42.38123, -71.06855 42.3819, -71.06719 42.38123, -71.06793 42.38051, -71.0672 42.38012, -71.06637 42.37974)))",02,06,74,24,78.6
0303,"MULTIPOLYGON (((-71.05724 42.36349, -71.05725 42.36386, -71.05665 42.36389, -71.05587 42.36362, -71.05556 42.36413, -71.05555 42.36439, -71.05549 42.36524, -71.05656 42.36586, -71.05716 42.36625, -71.05804 42.36728, -71.05738 42.36778, -71.05667 42.36715, -71.05651 42.36702, -71.05654 42.36665, -71.05501 42.36599, -71.05507 42.36587, -71.05456 42.36552, -71.05426 42.36576, -71.05318 42.36507, -71.05347 42.36478, -71.05317 42.36468, -71.05178 42.3642, -71.05184 42.36401, -71.05201 42.36376, -71.05211 42.36368, -71.05221 42.36362, -71.05242 42.36355, -71.05264 42.36351, -71.05376 42.36336, -71.05407 42.36312, -71.05432 42.36282, -71.05472 42.36214, -71.0548 42.36198, -71.05523 42.36151, -71.05557 42.36115, -71.05592 42.36134, -71.05619 42.36155, -71.05672 42.36205, -71.0572 42.36242, -71.05724 42.36349)))",03,03,77.6,20.5,71.5
0304,"MULTIPOLYGON (((-71.05665 42.36389, -71.05725 42.36386, -71.05724 42.36349, -71.0572 42.36242, -71.05789 42.3631, -71.05828 42.36345, -71.0584 42.36374, -71.0594 42.36465, -71.06064 42.3658, -71.05849 42.36691, -71.05804 42.36728, -71.05716 42.36625, -71.05655 42.36586, -71.05549 42.36524, -71.05555 42.36439, -71.05556 42.36413, -71.05587 42.36362, -71.05665 42.36389)))",03,04,75.5,22.2,71.3
0307,"MULTIPOLYGON (((-71.06705 42.34435, -71.06436 42.34351, -71.06251 42.34297, -71.06372 42.34048, -71.06496 42.3396, -71.06811 42.34063, -71.06804 42.34068, -71.06941 42.34112, -71.06967 42.34133, -71.07021 42.34111, -71.07067 42.34082, -71.07159 42.3416, -71.0714 42.34171, -71.07316 42.34319, -71.07185 42.34388, -71.07044 42.34462, -71.06986 42.34535, -71.06705 42.34435)))",03,07,90.3,8,70
0402,"MULTIPOLYGON (((-71.07833 42.34557, -71.07936 42.34475, -71.07977 42.34503, -71.08025 42.34535, -71.08094 42.34481, -71.08234 42.34576, -71.08444 42.34606, -71.08471 42.3461, -71.08503 42.34674, -71.08556 42.34786, -71.08373 42.34837, -71.0795 42.34953, -71.07736 42.3501, -71.07521 42.35068, -71.07306 42.35125, -71.0727 42.35047, -71.07179 42.34868, -71.07353 42.34728, -71.07526 42.34587, -71.0765 42.34485, -71.07689 42.34509, -71.07722 42.34481, -71.07833 42.34557)))",04,02,84.4,13.8,72.8
0401,"MULTIPOLYGON (((-71.07588 42.34391, -71.07634 42.34473, -71.0765 42.34485, -71.07526 42.34587, -71.07353 42.34728, -71.07312 42.34643, -71.07185 42.34388, -71.07316 42.34319, -71.07536 42.34199, -71.07566 42.34228, -71.07614 42.34275, -71.07661 42.34323, -71.07614 42.34337, -71.07568 42.34349, -71.07581 42.34373, -71.07588 42.34391)))",04,01,88.2,9.8,78.1
0403,"MULTIPOLYGON (((-71.0765 42.34485, -71.07634 42.34473, -71.07588 42.34391, -71.07581 42.34373, -71.07568 42.34349, -71.07614 42.34337, -71.07661 42.34323, -71.07614 42.34275, -71.07566 42.34228, -71.07536 42.34199, -71.07659 42.34133, -71.07686 42.34163, -71.07722 42.34142, -71.07839 42.34263, -71.07807 42.34288, -71.07853 42.3432, -71.0799 42.34411, -71.08002 42.34419, -71.07936 42.34475, -71.07833 42.34557, -71.07722 42.34481, -71.07689 42.34509, -71.0765 42.34485)))",04,03,90.2,8.1,77.6
0405,"MULTIPOLYGON (((-71.08094 42.34481, -71.08025 42.34535, -71.07977 42.34503, -71.07936 42.34475, -71.08002 42.34419, -71.08066 42.34366, -71.08129 42.34313, -71.08196 42.3426, -71.08261 42.34209, -71.08321 42.3416, -71.0841 42.34222, -71.08493 42.34277, -71.08576 42.34332, -71.08635 42.34446, -71.08718 42.3443, -71.08816 42.34438, -71.08786 42.34518, -71.08764 42.3452, -71.08737 42.34469, -71.08624 42.34497, -71.08425 42.34467, -71.08392 42.34494, -71.08416 42.34546, -71.08444 42.34606, -71.08234 42.34576, -71.08094 42.34481)))",04,05,87.5,11.1,65.7
0406,"MULTIPOLYGON (((-71.08392 42.34494, -71.08425 42.34467, -71.08624 42.34497, -71.08737 42.34469, -71.08764 42.3452, -71.08786 42.34518, -71.08816 42.34438, -71.08973 42.34462, -71.08908 42.34694, -71.08777 42.3473, -71.08556 42.34786, -71.08503 42.34674, -71.08471 42.3461, -71.08444 42.34606, -71.08416 42.34546, -71.08392 42.34494)))",04,06,84.3,14,60.4
0404,"MULTIPOLYGON (((-71.08113 42.34111, -71.0815 42.34135, -71.08227 42.34186, -71.08261 42.34209, -71.08196 42.3426, -71.08129 42.34313, -71.08066 42.34366, -71.08002 42.34419, -71.0799 42.34411, -71.07853 42.3432, -71.07807 42.34288, -71.07839 42.34263, -71.07722 42.34142, -71.07686 42.34163, -71.07659 42.34133, -71.07732 42.34096, -71.07961 42.33971, -71.08062 42.34077, -71.08113 42.34111)))",04,04,89.8,7.8,73.3
0408,"MULTIPOLYGON (((-71.09061 42.33968, -71.09123 42.34089, -71.09042 42.34215, -71.09011 42.34323, -71.08685 42.34273, -71.08664 42.34264, -71.08576 42.34332, -71.08493 42.34277, -71.0841 42.34222, -71.08321 42.3416, -71.08478 42.34027, -71.09046 42.33566, -71.0906 42.33586, -71.08941 42.33691, -71.09004 42.33845, -71.09061 42.33968)))",04,08,81,15.8,48.2
0409,"MULTIPOLYGON (((-71.0956 42.33769, -71.09731 42.33845, -71.09689 42.33907, -71.09731 42.33955, -71.09679 42.34003, -71.09653 42.34033, -71.09517 42.34075, -71.09405 42.34109, -71.09295 42.34173, -71.09238 42.34123, -71.09219 42.34134, -71.09154 42.34107, -71.09084 42.34222, -71.09042 42.34215, -71.09123 42.34089, -71.09061 42.33968, -71.09004 42.33845, -71.08941 42.33691, -71.0906 42.33586, -71.09046 42.33566, -71.09223 42.33416, -71.0927 42.33374, -71.09335 42.33395, -71.09372 42.33427, -71.09507 42.33479, -71.09639 42.3353, -71.09708 42.3355, -71.09796 42.33568, -71.09702 42.33716, -71.0956 42.33769)))",04,09,90.6,8.7,41.9
0504,"MULTIPOLYGON (((-71.06771 42.35931, -71.06769 42.35888, -71.06995 42.35885, -71.07013 42.35952, -71.07002 42.36027, -71.07007 42.36112, -71.06639 42.3612, -71.06635 42.35935, -71.06771 42.35931)))",05,04,87.2,10.5,71
0503,"MULTIPOLYGON (((-71.06751 42.3526, -71.07073 42.35189, -71.07247 42.35544, -71.07132 42.35575, -71.06941 42.35617, -71.06988 42.35701, -71.06911 42.35718, -71.06995 42.35885, -71.06769 42.35888, -71.06771 42.35931, -71.06635 42.35935, -71.06438 42.35938, -71.06437 42.35943, -71.06284 42.35949, -71.06289 42.3591, -71.06285 42.35862, -71.06268 42.35795, -71.06319 42.35772, -71.06199 42.35653, -71.06221 42.35627, -71.0628 42.35565, -71.06329 42.35519, -71.06424 42.35341, -71.06456 42.35238, -71.06684 42.35254, -71.06751 42.3526)))",05,03,84.9,12,77
0501,"MULTIPOLYGON (((-71.06986 42.34535, -71.07044 42.34462, -71.07185 42.34388, -71.07312 42.34643, -71.07353 42.34728, -71.07179 42.34868, -71.0727 42.35047, -71.07306 42.35125, -71.07073 42.35189, -71.06751 42.3526, -71.06684 42.35254, -71.06456 42.35238, -71.06489 42.35116, -71.06497 42.351, -71.06554 42.34866, -71.0657 42.34774, -71.06586 42.3469, -71.06603 42.34648, -71.06705 42.34435, -71.06986 42.34535)))",05,01,85.7,12.1,66.6
0902,"MULTIPOLYGON (((-71.08062 42.34077, -71.07961 42.33971, -71.07732 42.34096, -71.07695 42.34062, -71.07559 42.3395, -71.07525 42.33918, -71.07431 42.33843, -71.07701 42.33653, -71.08033 42.33928, -71.08138 42.34036, -71.08179 42.34062, -71.08321 42.3416, -71.08261 42.34209, -71.08227 42.34186, -71.0815 42.34135, -71.08113 42.34111, -71.08062 42.34077)))",09,02,90.7,7.2,69.8
0901,"MULTIPOLYGON (((-71.07249 42.33964, -71.07431 42.33843, -71.07525 42.33918, -71.07559 42.3395, -71.07695 42.34062, -71.07732 42.34096, -71.07659 42.34133, -71.07534 42.342, -71.07316 42.34319, -71.0714 42.34171, -71.07159 42.3416, -71.07067 42.34082, -71.07249 42.33964)))",09,01,87.5,10.8,63.8
0502,"MULTIPOLYGON (((-71.09847 42.34086, -71.09827 42.34095, -71.09809 42.34107, -71.09795 42.34121, -71.09783 42.34134, -71.0977 42.34146, -71.09757 42.34156, -71.09743 42.34163, -71.09719 42.34172, -71.0965 42.34191, -71.09894 42.34682, -71.09806 42.34764, -71.09233 42.34767, -71.09238 42.34718, -71.09217 42.34683, -71.0921 42.34681, -71.09208 42.34657, -71.09165 42.3448, -71.09192 42.34406, -71.09236 42.34375, -71.09295 42.3439, -71.09421 42.34393, -71.09418 42.34341, -71.09405 42.34306, -71.09394 42.34284, -71.09315 42.34276, -71.0926 42.34194, -71.09295 42.34173, -71.09405 42.34109, -71.09517 42.34075, -71.09653 42.34033, -71.09679 42.34003, -71.09731 42.33955, -71.09847 42.34086)))",05,02,90.2,8.5,66
0603,"MULTIPOLYGON (((-71.05084 42.33881, -71.05011 42.33943, -71.0493 42.34014, -71.04772 42.33914, -71.04806 42.33887, -71.04654 42.33789, -71.04859 42.33611, -71.05007 42.33487, -71.0508 42.33425, -71.05232 42.33524, -71.05159 42.33587, -71.05085 42.33648, -71.05239 42.33748, -71.05084 42.33881)))",06,03,74.2,23.8,70.8
0605,"MULTIPOLYGON (((-71.04275 42.33642, -71.04397 42.33674, -71.04247 42.33803, -71.04114 42.33912, -71.03894 42.34175, -71.03568 42.34178, -71.03557 42.33987, -71.03545 42.33652, -71.03542 42.33476, -71.0374 42.33475, -71.03996 42.3347, -71.03997 42.33561, -71.04157 42.33612, -71.04275 42.33642)))",06,05,72.5,25.1,75
0606,"MULTIPOLYGON (((-71.0353 42.3331, -71.03738 42.33307, -71.04149 42.33302, -71.04154 42.33467, -71.03996 42.3347, -71.0374 42.33475, -71.03542 42.33476, -71.03538 42.33438, -71.03332 42.33464, -71.03328 42.33317, -71.03325 42.33234, -71.03529 42.33232, -71.0353 42.3331)))",06,06,65,32.6,75.3
0602,"MULTIPOLYGON (((-71.0508 42.33425, -71.05182 42.3334, -71.05238 42.33387, -71.05361 42.33488, -71.05466 42.33559, -71.05523 42.33511, -71.05616 42.3366, -71.05541 42.33722, -71.05511 42.33748, -71.0548 42.33759, -71.05453 42.33778, -71.05379 42.33841, -71.05413 42.33863, -71.05341 42.33924, -71.0529 42.33952, -71.05263 42.33967, -71.05243 42.33982, -71.05084 42.33881, -71.05239 42.33748, -71.05085 42.33648, -71.05159 42.33587, -71.05232 42.33524, -71.0508 42.33425)))",06,02,74.4,22.4,65.4
0608,"MULTIPOLYGON (((-71.03119 42.33237, -71.03325 42.33234, -71.03328 42.33317, -71.03332 42.33464, -71.03335 42.33568, -71.02925 42.33573, -71.02919 42.33405, -71.02913 42.33242, -71.03119 42.33237)))",06,08,64.7,32.9,75.8
0702,"MULTIPOLYGON (((-71.03981 42.33057, -71.04138 42.33056, -71.04149 42.33302, -71.03738 42.33307, -71.0353 42.3331, -71.03529 42.33232, -71.03525 42.33066, -71.0373 42.33061, -71.03981 42.33057)))",07,02,66.7,31.3,76.1
0706,"MULTIPOLYGON (((-71.05717 42.32926, -71.05772 42.32839, -71.05796 42.32789, -71.05816 42.3275, -71.05883 42.32854, -71.05909 42.32915, -71.05922 42.32991, -71.05916 42.33184, -71.05699 42.33187, -71.05638 42.33168, -71.05527 42.33048, -71.0545 42.3308, -71.05391 42.33108, -71.05354 42.33133, -71.05309 42.33164, -71.05295 42.3314, -71.0528 42.33106, -71.05196 42.33183, -71.05128 42.33141, -71.05076 42.33187, -71.04954 42.33108, -71.04901 42.33151, -71.04854 42.33122, -71.04935 42.33036, -71.05025 42.33029, -71.05077 42.33011, -71.05137 42.32982, -71.05177 42.32958, -71.0518 42.32924, -71.05224 42.32905, -71.05262 42.32861, -71.05459 42.32859, -71.05693 42.32859, -71.05695 42.32921, -71.05696 42.32951, -71.05717 42.32926)))",07,06,72.7,24.7,65.5
0805,"MULTIPOLYGON (((-71.07006 42.31907, -71.07039 42.31924, -71.07086 42.31975, -71.07132 42.32017, -71.07207 42.32087, -71.07216 42.32106, -71.07222 42.32139, -71.0741 42.32076, -71.07552 42.32059, -71.07542 42.32126, -71.07621 42.32143, -71.07597 42.32192, -71.07565 42.32218, -71.07531 42.32254, -71.07469 42.32319, -71.07516 42.32364, -71.07587 42.32413, -71.07516 42.32518, -71.07493 42.32521, -71.07349 42.32556, -71.07321 42.32572, -71.07281 42.32595, -71.07214 42.32635, -71.07189 42.32609, -71.07045 42.32513, -71.07166 42.32465, -71.07118 42.32398, -71.07087 42.32349, -71.07194 42.32325, -71.07302 42.32282, -71.07269 42.32237, -71.07081 42.32292, -71.07057 42.32242, -71.07032 42.32192, -71.06951 42.32213, -71.06916 42.32211, -71.06923 42.32148, -71.06856 42.32133, -71.06808 42.32129, -71.06844 42.31991, -71.06861 42.31921, -71.0688 42.31863, -71.07006 42.31907)))",08,05,89.5,9,60.1
0803,"MULTIPOLYGON (((-71.07502 42.33349, -71.07476 42.33314, -71.07442 42.33281, -71.07388 42.33257, -71.07357 42.3324, -71.07303 42.33196, -71.07209 42.33267, -71.07169 42.33245, -71.07176 42.33209, -71.07197 42.33136, -71.07195 42.3313, -71.07241 42.32931, -71.07286 42.32763, -71.07151 42.3267, -71.07214 42.32635, -71.07281 42.32595, -71.07321 42.32572, -71.07358 42.32605, -71.07469 42.3266, -71.07525 42.32706, -71.07592 42.32758, -71.07686 42.3283, -71.07752 42.32776, -71.07745 42.32771, -71.07822 42.3271, -71.07739 42.32652, -71.0782 42.32589, -71.07955 42.32684, -71.0794 42.32785, -71.07928 42.32854, -71.079 42.32928, -71.07868 42.33015, -71.07698 42.33122, -71.07725 42.3313, -71.0778 42.33147, -71.07871 42.33179, -71.07939 42.33208, -71.08006 42.33237, -71.08104 42.33291, -71.08088 42.33317, -71.08064 42.3335, -71.08043 42.33377, -71.07883 42.33507, -71.07768 42.33603, -71.07591 42.33461, -71.0757 42.33441, -71.07502 42.33349)))",08,03,89.9,8.5,50.6
1201,"MULTIPOLYGON (((-71.07962 42.32415, -71.0788 42.32379, -71.07908 42.32344, -71.07963 42.32298, -71.07997 42.32271, -71.08038 42.32238, -71.08059 42.32236, -71.08195 42.32169, -71.08172 42.32075, -71.08233 42.32069, -71.08283 42.32066, -71.0829 42.32123, -71.08282 42.32183, -71.08339 42.32192, -71.08369 42.322, -71.08416 42.32217, -71.08488 42.32249, -71.08418 42.32341, -71.08418 42.32355, -71.08422 42.32368, -71.08437 42.32378, -71.0846 42.32377, -71.08499 42.32371, -71.08554 42.32358, -71.08571 42.32394, -71.0862 42.32428, -71.08679 42.32379, -71.08707 42.32437, -71.08712 42.32468, -71.08713 42.32521, -71.08726 42.32544, -71.08748 42.32561, -71.08789 42.32571, -71.08741 42.3269, -71.08701 42.32783, -71.08682 42.32807, -71.08649 42.3283, -71.08516 42.32887, -71.08348 42.32868, -71.08245 42.32858, -71.08166 42.32851, -71.08091 42.3285, -71.08031 42.32601, -71.07869 42.32487, -71.07962 42.32415)))",12,01,93,5.5,62.7
0905,"MULTIPOLYGON (((-71.08966 42.32339, -71.09067 42.32383, -71.09005 42.3247, -71.09105 42.32506, -71.09136 42.32532, -71.09181 42.32598, -71.09069 42.32687, -71.0918 42.32738, -71.09257 42.32765, -71.09252 42.32782, -71.09421 42.32822, -71.09482 42.32843, -71.095 42.32864, -71.09474 42.32889, -71.09447 42.32913, -71.09416 42.32932, -71.09392 42.32945, -71.0946 42.3303, -71.09479 42.33035, -71.0953 42.33064, -71.09445 42.33142, -71.09368 42.33209, -71.09312 42.33247, -71.09232 42.3329, -71.08948 42.33447, -71.08827 42.33316, -71.08817 42.33305, -71.08811 42.333, -71.08802 42.33298, -71.08789 42.33299, -71.08777 42.33305, -71.08761 42.33324, -71.08707 42.33386, -71.08668 42.33368, -71.08508 42.33272, -71.08535 42.33229, -71.08423 42.33182, -71.08407 42.33202, -71.08274 42.33107, -71.08306 42.33074, -71.08314 42.33041, -71.08317 42.33009, -71.08335 42.32942, -71.08348 42.32868, -71.08516 42.32887, -71.08649 42.3283, -71.08682 42.32807, -71.08701 42.32783, -71.08741 42.3269, -71.08789 42.32571, -71.08748 42.32561, -71.08726 42.32544, -71.08713 42.32521, -71.08712 42.32468, -71.08707 42.32437, -71.08679 42.32379, -71.08733 42.32358, -71.08754 42.32344, -71.08793 42.32292, -71.08832 42.32234, -71.08863 42.32259, -71.08955 42.32346, -71.08966 42.32339)))",09,05,93.6,5.1,64.9
1002,"MULTIPOLYGON (((-71.10268 42.33344, -71.10333 42.33367, -71.10254 42.33501, -71.10184 42.33473, -71.10177 42.33485, -71.10147 42.33473, -71.10137 42.33489, -71.10033 42.33452, -71.10047 42.33427, -71.09779 42.33329, -71.09689 42.33461, -71.09622 42.33434, -71.09554 42.33408, -71.09712 42.33179, -71.0975 42.33098, -71.09766 42.33068, -71.09813 42.33039, -71.09851 42.33007, -71.10142 42.33139, -71.10111 42.33193, -71.10061 42.33266, -71.10268 42.33344)))",10,02,87.8,10.6,59.2
1001,"MULTIPOLYGON (((-71.09507 42.33479, -71.09534 42.33439, -71.09554 42.33408, -71.09622 42.33434, -71.09689 42.33461, -71.09779 42.33329, -71.10047 42.33427, -71.10033 42.33452, -71.10137 42.33489, -71.10147 42.33473, -71.10177 42.33485, -71.10184 42.33473, -71.10254 42.33501, -71.10139 42.33544, -71.10029 42.33588, -71.09972 42.3361, -71.09931 42.336, -71.09796 42.33568, -71.09708 42.3355, -71.09639 42.3353, -71.09507 42.33479)))",10,01,90.5,8.6,66.1
0904,"MULTIPOLYGON (((-71.09445 42.33142, -71.09526 42.33152, -71.09614 42.33162, -71.09712 42.33179, -71.09554 42.33408, -71.09507 42.33479, -71.09372 42.33427, -71.09335 42.33395, -71.0927 42.33374, -71.09223 42.33416, -71.09046 42.33566, -71.08478 42.34027, -71.08201 42.33842, -71.08393 42.33732, -71.08443 42.33676, -71.08543 42.33572, -71.08489 42.33545, -71.08228 42.33409, -71.08237 42.33397, -71.08088 42.33317, -71.08104 42.33291, -71.08162 42.33203, -71.08221 42.3315, -71.08274 42.33107, -71.08407 42.33202, -71.08423 42.33182, -71.08535 42.33229, -71.08508 42.33272, -71.08668 42.33368, -71.08707 42.33386, -71.08777 42.33305, -71.08789 42.33299, -71.08802 42.33298, -71.08811 42.333, -71.08817 42.33305, -71.08827 42.33316, -71.08948 42.33447, -71.09232 42.3329, -71.09312 42.33247, -71.09368 42.33209, -71.09445 42.33142)))",09,04,90.5,8.5,54.7
0903,"MULTIPOLYGON (((-71.07883 42.33507, -71.08043 42.33377, -71.08064 42.3335, -71.08088 42.33317, -71.08237 42.33397, -71.08228 42.33409, -71.08489 42.33545, -71.08543 42.33572, -71.08443 42.33676, -71.08393 42.33732, -71.08201 42.33842, -71.08478 42.34027, -71.08321 42.3416, -71.08179 42.34062, -71.08138 42.34036, -71.08033 42.33928, -71.07701 42.33653, -71.07768 42.33603, -71.07883 42.33507)))",09,03,91.8,7.3,59.3
0804,"MULTIPOLYGON (((-71.07868 42.33015, -71.079 42.32928, -71.07928 42.32854, -71.0794 42.32785, -71.07955 42.32684, -71.0782 42.32589, -71.07777 42.32558, -71.07869 42.32487, -71.08031 42.32601, -71.08091 42.3285, -71.08166 42.32851, -71.08245 42.32858, -71.08348 42.32868, -71.08335 42.32942, -71.08317 42.33009, -71.08314 42.33041, -71.08306 42.33074, -71.08274 42.33107, -71.08221 42.3315, -71.08162 42.33203, -71.08104 42.33291, -71.08006 42.33237, -71.07939 42.33208, -71.07871 42.33179, -71.0778 42.33147, -71.07725 42.3313, -71.07698 42.33122, -71.07868 42.33015)))",08,04,90.4,7.8,59.6
0806,"MULTIPOLYGON (((-71.07087 42.32349, -71.07118 42.32398, -71.07166 42.32465, -71.07045 42.32513, -71.07189 42.32609, -71.07214 42.32635, -71.07151 42.3267, -71.07286 42.32763, -71.07241 42.32931, -71.07195 42.3313, -71.07197 42.33136, -71.07176 42.33209, -71.07169 42.33245, -71.07116 42.33231, -71.0636 42.33084, -71.06659 42.32646, -71.06707 42.32502, -71.06756 42.32334, -71.06808 42.32129, -71.06856 42.32133, -71.06923 42.32148, -71.06916 42.32211, -71.06951 42.32213, -71.07032 42.32192, -71.07057 42.32242, -71.07081 42.32292, -71.07269 42.32237, -71.07302 42.32282, -71.07194 42.32325, -71.07087 42.32349)))",08,06,87.7,10.2,60.8
0709,"MULTIPOLYGON (((-71.06102 42.31821, -71.0617 42.31837, -71.06146 42.31889, -71.06121 42.31934, -71.06086 42.31992, -71.06118 42.32017, -71.06193 42.32047, -71.06298 42.32096, -71.06335 42.32106, -71.06404 42.32108, -71.0654 42.32124, -71.06585 42.32138, -71.06756 42.32333, -71.06707 42.32502, -71.06659 42.32646, -71.06509 42.32468, -71.06425 42.32366, -71.06402 42.32366, -71.06307 42.32345, -71.06109 42.32238, -71.06084 42.32284, -71.06025 42.32364, -71.05686 42.32249, -71.05681 42.32159, -71.05676 42.32073, -71.05677 42.31988, -71.05771 42.31953, -71.05894 42.31933, -71.05924 42.31934, -71.05883 42.31887, -71.05888 42.31855, -71.05929 42.3187, -71.05962 42.31886, -71.05989 42.31798, -71.06047 42.31809, -71.06102 42.31821)))",07,09,76.4,21.3,70.1
0710,"MULTIPOLYGON (((-71.06808 42.32129, -71.06756 42.32333, -71.06585 42.32138, -71.0654 42.32124, -71.06404 42.32108, -71.06335 42.32106, -71.06298 42.32096, -71.06193 42.32047, -71.06118 42.32017, -71.06086 42.31992, -71.06121 42.31934, -71.06146 42.31889, -71.0617 42.31837, -71.06195 42.31785, -71.06227 42.3171, -71.06244 42.31669, -71.06262 42.31628, -71.06274 42.31602, -71.06358 42.31641, -71.06429 42.3167, -71.065 42.31697, -71.06528 42.31708, -71.06623 42.31754, -71.06652 42.31767, -71.06687 42.31782, -71.06731 42.31799, -71.068 42.31828, -71.06824 42.31839, -71.0688 42.31863, -71.06861 42.31921, -71.06844 42.31991, -71.06808 42.32129)))",07,10,90,9.3,52.8
0807,"MULTIPOLYGON (((-71.07516 42.32364, -71.07469 42.32319, -71.07531 42.32254, -71.07565 42.32218, -71.07597 42.32192, -71.07621 42.32143, -71.07542 42.32126, -71.07552 42.32059, -71.0771 42.32045, -71.07779 42.32042, -71.07756 42.3211, -71.07715 42.32217, -71.0767 42.32289, -71.0788 42.32379, -71.07962 42.32415, -71.07869 42.32487, -71.07777 42.32558, -71.0782 42.32589, -71.07739 42.32652, -71.07822 42.3271, -71.07745 42.32771, -71.07752 42.32776, -71.07686 42.3283, -71.07592 42.32758, -71.07525 42.32706, -71.07469 42.3266, -71.07358 42.32605, -71.07321 42.32572, -71.07349 42.32556, -71.07493 42.32521, -71.07516 42.32518, -71.07587 42.32413, -71.07516 42.32364)))",08,07,92.8,5.8,58.3
1006,"MULTIPOLYGON (((-71.10228 42.32539, -71.10136 42.32547, -71.10253 42.32291, -71.10333 42.32291, -71.10492 42.32272, -71.10583 42.32263, -71.10599 42.32372, -71.10685 42.32367, -71.10786 42.32378, -71.10777 42.32393, -71.10775 42.32405, -71.10783 42.32419, -71.10824 42.32448, -71.10804 42.32461, -71.1079 42.32476, -71.10783 42.32491, -71.10782 42.32507, -71.10778 42.32524, -71.10769 42.3254, -71.10755 42.32549, -71.10654 42.32651, -71.10692 42.32676, -71.10719 42.32688, -71.10832 42.32733, -71.1079 42.32775, -71.10758 42.32807, -71.10734 42.32846, -71.10654 42.32818, -71.10588 42.32802, -71.10546 42.32796, -71.10511 42.32793, -71.10403 42.32786, -71.10419 42.32743, -71.10258 42.32731, -71.10228 42.32635, -71.10269 42.32631, -71.10351 42.32535, -71.10228 42.32539)))",10,06,88.2,8.4,62
1003,"MULTIPOLYGON (((-71.10517 42.33102, -71.10597 42.33122, -71.10673 42.33141, -71.10654 42.33193, -71.10727 42.33213, -71.10701 42.33326, -71.10712 42.33328, -71.10712 42.33379, -71.10706 42.33402, -71.10696 42.33421, -71.10665 42.33448, -71.10802 42.33534, -71.10746 42.33583, -71.10488 42.33419, -71.10341 42.33471, -71.10254 42.33501, -71.10333 42.33367, -71.10268 42.33344, -71.10061 42.33266, -71.10111 42.33193, -71.10142 42.33139, -71.10183 42.33089, -71.1023 42.33034, -71.10308 42.33054, -71.10517 42.33102)))",10,03,88,10.1,55.7
1101,"MULTIPOLYGON (((-71.09745 42.32867, -71.09714 42.32916, -71.09694 42.32946, -71.09633 42.33031, -71.09526 42.33152, -71.09445 42.33142, -71.0953 42.33064, -71.09479 42.33035, -71.0946 42.3303, -71.09392 42.32945, -71.09416 42.32932, -71.09447 42.32913, -71.09474 42.32889, -71.095 42.32864, -71.09482 42.32843, -71.09421 42.32822, -71.09252 42.32782, -71.09257 42.32765, -71.09313 42.32639, -71.09328 42.32509, -71.09328 42.32388, -71.09328 42.32369, -71.0933 42.32361, -71.09356 42.3232, -71.09376 42.32315, -71.09445 42.32308, -71.09512 42.3232, -71.09539 42.32328, -71.0953 42.32224, -71.09535 42.32208, -71.09553 42.32201, -71.09621 42.32189, -71.09651 42.3219, -71.09676 42.32198, -71.09754 42.32225, -71.09848 42.32257, -71.09852 42.32296, -71.09852 42.32348, -71.09856 42.3241, -71.09853 42.32439, -71.09834 42.32492, -71.09886 42.32501, -71.0984 42.32631, -71.09745 42.32867)))",11,01,92.6,5,66.2
1007,"MULTIPOLYGON (((-71.10465 42.32083, -71.10476 42.32176, -71.10492 42.32272, -71.10333 42.32291, -71.10253 42.32291, -71.10136 42.32547, -71.10228 42.32539, -71.10351 42.32535, -71.10269 42.32631, -71.10228 42.32635, -71.10134 42.32641, -71.10046 42.32643, -71.09991 42.32641, -71.09891 42.32635, -71.0984 42.32631, -71.09886 42.32501, -71.0995 42.32394, -71.10001 42.32277, -71.10098 42.32141, -71.10292 42.31928, -71.10324 42.31948, -71.104 42.32, -71.10465 42.32083)))",10,07,92.2,6.7,54.5
1209,"MULTIPOLYGON (((-71.08586 42.3117, -71.08618 42.31121, -71.08646 42.31082, -71.08696 42.31027, -71.08725 42.30988, -71.08869 42.31104, -71.08938 42.31143, -71.09051 42.31192, -71.0911 42.31118, -71.09196 42.3116, -71.09287 42.31059, -71.09312 42.31086, -71.09324 42.3111, -71.09349 42.31216, -71.09321 42.31224, -71.09304 42.3124, -71.09258 42.31295, -71.09202 42.31367, -71.09131 42.31331, -71.08992 42.31263, -71.08939 42.31328, -71.0888 42.31403, -71.08833 42.31462, -71.0871 42.31424, -71.08564 42.3138, -71.08365 42.31321, -71.08386 42.31296, -71.08409 42.31274, -71.08437 42.31258, -71.08468 42.3125, -71.08511 42.31241, -71.08543 42.31221, -71.08586 42.3117)))",12,09,93.7,5.3,64.4
1103,"MULTIPOLYGON (((-71.0953 42.31881, -71.09409 42.31998, -71.09386 42.32025, -71.09316 42.32082, -71.09251 42.32128, -71.09161 42.32066, -71.0914 42.32042, -71.09091 42.31986, -71.09026 42.31917, -71.0908 42.31875, -71.091 42.31818, -71.09128 42.3176, -71.0916 42.31707, -71.09178 42.31697, -71.09259 42.3169, -71.09287 42.31681, -71.0931 42.31668, -71.09326 42.3164, -71.09338 42.31607, -71.09353 42.31556, -71.09383 42.31451, -71.09391 42.31434, -71.09408 42.31417, -71.0955 42.31506, -71.09644 42.31563, -71.0977 42.31643, -71.09679 42.31732, -71.0953 42.31881)))",11,03,91.9,6.8,63.5
1105,"MULTIPOLYGON (((-71.09962 42.31046, -71.10171 42.31098, -71.10199 42.3111, -71.10263 42.31142, -71.10176 42.3123, -71.10051 42.31358, -71.0995 42.3146, -71.09865 42.31544, -71.09825 42.31587, -71.0977 42.31643, -71.09644 42.31563, -71.0955 42.31506, -71.09408 42.31417, -71.09465 42.31369, -71.09505 42.31336, -71.09644 42.31237, -71.09731 42.31205, -71.09763 42.31172, -71.0978 42.31148, -71.09786 42.31127, -71.09795 42.31003, -71.0989 42.31022, -71.09962 42.31046)))",11,05,90.5,8,65.7
1106,"MULTIPOLYGON (((-71.1023 42.31527, -71.10185 42.31471, -71.10122 42.31399, -71.10051 42.31358, -71.10176 42.3123, -71.10263 42.31142, -71.10199 42.3111, -71.1023 42.31073, -71.10236 42.31044, -71.10242 42.30965, -71.104 42.31001, -71.10457 42.30943, -71.10589 42.30999, -71.1073 42.31059, -71.10652 42.31193, -71.10609 42.31286, -71.10582 42.3135, -71.10542 42.31446, -71.10536 42.31463, -71.10519 42.31503, -71.1045 42.31667, -71.10428 42.31705, -71.10311 42.31669, -71.10286 42.316, -71.10272 42.3158, -71.1023 42.31527)))",11,06,93,4.6,75.3
1107,"MULTIPOLYGON (((-71.10242 42.30965, -71.10236 42.31044, -71.1023 42.31073, -71.10199 42.3111, -71.10171 42.31098, -71.09962 42.31046, -71.0989 42.31022, -71.09795 42.31003, -71.09816 42.3096, -71.09837 42.30947, -71.09939 42.3091, -71.09924 42.30885, -71.09944 42.30866, -71.09985 42.30813, -71.09995 42.30792, -71.10014 42.30793, -71.10027 42.30787, -71.1005 42.3073, -71.1004 42.30727, -71.10072 42.30656, -71.10115 42.30662, -71.10116 42.30654, -71.1015 42.30657, -71.10199 42.30598, -71.10273 42.30596, -71.10274 42.30529, -71.10284 42.3051, -71.10299 42.30496, -71.10312 42.30471, -71.1032 42.30447, -71.10321 42.30421, -71.10328 42.30394, -71.10346 42.30365, -71.10381 42.30331, -71.10446 42.30372, -71.10752 42.30648, -71.10906 42.30739, -71.10942 42.30756, -71.10781 42.30989, -71.1073 42.31059, -71.10589 42.30999, -71.10457 42.30943, -71.104 42.31001, -71.10242 42.30965)))",11,07,91.7,6.7,69.5
1104,"MULTIPOLYGON (((-71.10311 42.31669, -71.10428 42.31705, -71.10398 42.3177, -71.10292 42.31928, -71.10098 42.32141, -71.10001 42.32277, -71.0995 42.32394, -71.09886 42.32501, -71.09834 42.32492, -71.09853 42.32439, -71.09856 42.3241, -71.09852 42.32348, -71.09852 42.32296, -71.09848 42.32257, -71.09842 42.32086, -71.09835 42.31955, -71.09781 42.3195, -71.09686 42.3195, -71.09651 42.31947, -71.09588 42.31929, -71.09564 42.31917, -71.0953 42.31881, -71.09679 42.31732, -71.0977 42.31643, -71.09825 42.31587, -71.09865 42.31544, -71.0995 42.3146, -71.10051 42.31358, -71.10122 42.31399, -71.10185 42.31471, -71.1023 42.31527, -71.10272 42.3158, -71.10286 42.316, -71.10311 42.31669)))",11,04,92.1,5.4,61.7
1206,"MULTIPOLYGON (((-71.07983 42.31307, -71.08035 42.31243, -71.08082 42.31262, -71.08097 42.31272, -71.08104 42.31288, -71.08102 42.31302, -71.08083 42.31351, -71.08149 42.31371, -71.08365 42.31355, -71.08374 42.31407, -71.08369 42.31439, -71.08336 42.3153, -71.08291 42.31638, -71.08435 42.31676, -71.08477 42.3168, -71.08518 42.31676, -71.08561 42.31675, -71.08653 42.31704, -71.08642 42.31736, -71.08632 42.31768, -71.08622 42.31824, -71.08561 42.31804, -71.08473 42.31782, -71.08242 42.31726, -71.08186 42.31829, -71.08089 42.31778, -71.07896 42.31626, -71.07826 42.31586, -71.07829 42.31568, -71.07854 42.31521, -71.07883 42.31461, -71.07917 42.31404, -71.07946 42.3136, -71.07983 42.31307)))",12,06,92.1,6.6,65.2
1204,"MULTIPOLYGON (((-71.07896 42.31626, -71.08089 42.31778, -71.08186 42.31829, -71.08153 42.31905, -71.08145 42.31944, -71.08146 42.31981, -71.08172 42.32075, -71.08195 42.32169, -71.08059 42.32236, -71.08038 42.32238, -71.07997 42.32271, -71.07963 42.32298, -71.07908 42.32344, -71.0788 42.32379, -71.0767 42.32289, -71.07715 42.32217, -71.07756 42.3211, -71.07779 42.32042, -71.07776 42.3189, -71.07786 42.31819, -71.07796 42.31759, -71.0781 42.31678, -71.07817 42.31624, -71.07826 42.31586, -71.07896 42.31626)))",12,04,92.1,6.9,60.3
1205,"MULTIPOLYGON (((-71.08549 42.31981, -71.08519 42.32011, -71.08448 42.32083, -71.08427 42.32079, -71.08319 42.32064, -71.08283 42.32066, -71.08233 42.32069, -71.08172 42.32075, -71.08146 42.31981, -71.08145 42.31944, -71.08153 42.31905, -71.08186 42.31829, -71.08242 42.31726, -71.08473 42.31782, -71.08522 42.31794, -71.08561 42.31804, -71.08622 42.31824, -71.08916 42.31894, -71.08899 42.31922, -71.08884 42.31936, -71.08873 42.31941, -71.08824 42.31939, -71.0876 42.31962, -71.08841 42.32001, -71.08771 42.32022, -71.08688 42.32043, -71.08603 42.32061, -71.08599 42.31982, -71.08567 42.31984, -71.08549 42.31981)))",12,05,94.9,4.7,66
1301,"MULTIPOLYGON (((-71.07552 42.32059, -71.0741 42.32076, -71.07408 42.32034, -71.074 42.32021, -71.07387 42.32015, -71.07406 42.3195, -71.07333 42.31904, -71.0736 42.31875, -71.07418 42.31832, -71.07424 42.3182, -71.07455 42.31718, -71.07464 42.31656, -71.0748 42.31629, -71.07512 42.31615, -71.07534 42.31605, -71.07542 42.31591, -71.07544 42.31569, -71.07507 42.31561, -71.07475 42.31539, -71.07455 42.31496, -71.07445 42.31465, -71.07449 42.31434, -71.07523 42.31439, -71.07528 42.31382, -71.07534 42.31361, -71.07566 42.31323, -71.07464 42.31281, -71.07513 42.31206, -71.07593 42.31245, -71.07684 42.3129, -71.07917 42.31404, -71.07883 42.31461, -71.07854 42.31521, -71.07829 42.31568, -71.07826 42.31586, -71.07817 42.31624, -71.0781 42.31678, -71.07796 42.31759, -71.07786 42.31819, -71.07776 42.3189, -71.07779 42.32042, -71.0771 42.32045, -71.07552 42.32059)))",13,01,91.4,7.3,58.9
1306,"MULTIPOLYGON (((-71.06329 42.31369, -71.06352 42.31332, -71.06354 42.31323, -71.06346 42.31312, -71.06215 42.31261, -71.06239 42.31226, -71.0624 42.31217, -71.06229 42.3121, -71.0611 42.31147, -71.05939 42.31105, -71.05947 42.31076, -71.05966 42.31038, -71.05985 42.31014, -71.05997 42.31007, -71.06019 42.31004, -71.06043 42.3101, -71.06156 42.31053, -71.06223 42.31074, -71.06272 42.31126, -71.06324 42.31176, -71.06359 42.31201, -71.06441 42.31256, -71.06426 42.31271, -71.06417 42.3129, -71.06415 42.31307, -71.06419 42.31322, -71.06446 42.31372, -71.06444 42.31389, -71.06438 42.31401, -71.06426 42.31412, -71.06441 42.3143, -71.0645 42.31448, -71.06463 42.31477, -71.06424 42.31471, -71.0634 42.31455, -71.06274 42.31602, -71.06262 42.31628, -71.06244 42.31669, -71.06227 42.3171, -71.06195 42.31785, -71.0617 42.31837, -71.06102 42.31821, -71.06047 42.31809, -71.05989 42.31798, -71.05962 42.31886, -71.05929 42.3187, -71.05888 42.31855, -71.05899 42.31813, -71.05912 42.31757, -71.05961 42.316, -71.05987 42.31522, -71.06003 42.3147, -71.0609 42.31513, -71.0618 42.31403, -71.06239 42.31334, -71.06299 42.31358, -71.06329 42.31369)))",13,06,86.4,11.6,64.3
1308,"MULTIPOLYGON (((-71.05671 42.31757, -71.05561 42.31737, -71.05431 42.31711, -71.05261 42.31689, -71.05255 42.31769, -71.05266 42.31936, -71.05241 42.31948, -71.05226 42.31878, -71.05215 42.31506, -71.05255 42.31508, -71.05255 42.31503, -71.05379 42.31526, -71.05391 42.31493, -71.05459 42.31505, -71.05532 42.31517, -71.05667 42.3154, -71.0567 42.31523, -71.05682 42.31465, -71.05987 42.31522, -71.05961 42.316, -71.05912 42.31757, -71.05899 42.31813, -71.05671 42.31773, -71.05671 42.31757)))",13,08,75.2,22.5,67.5
1304,"MULTIPOLYGON (((-71.06954 42.31779, -71.06897 42.31771, -71.06923 42.3168, -71.06945 42.31627, -71.07045 42.31425, -71.07102 42.31324, -71.07085 42.31324, -71.07153 42.31185, -71.07193 42.312, -71.07315 42.31221, -71.07464 42.31281, -71.07566 42.31323, -71.07534 42.31361, -71.07528 42.31382, -71.07523 42.31439, -71.07449 42.31434, -71.07445 42.31465, -71.07455 42.31496, -71.07475 42.31539, -71.07507 42.31561, -71.07544 42.31569, -71.07542 42.31591, -71.07534 42.31605, -71.07512 42.31615, -71.0748 42.31629, -71.07464 42.31656, -71.07455 42.31718, -71.07424 42.3182, -71.07364 42.31785, -71.07345 42.3177, -71.0733 42.31749, -71.07304 42.31704, -71.07207 42.31773, -71.07191 42.31778, -71.07171 42.31779, -71.07041 42.31744, -71.07018 42.31794, -71.06954 42.31779)))",13,04,90.9,8.3,60.3
1302,"MULTIPOLYGON (((-71.07006 42.31907, -71.0688 42.31863, -71.06883 42.31839, -71.06897 42.31771, -71.06954 42.31779, -71.07018 42.31794, -71.07041 42.31744, -71.07171 42.31779, -71.07191 42.31778, -71.07207 42.31773, -71.07304 42.31704, -71.0733 42.31749, -71.07345 42.3177, -71.07364 42.31785, -71.07424 42.3182, -71.07418 42.31832, -71.0736 42.31875, -71.07333 42.31904, -71.07406 42.3195, -71.07387 42.32015, -71.074 42.32021, -71.07408 42.32034, -71.0741 42.32076, -71.07222 42.32139, -71.07216 42.32106, -71.07207 42.32087, -71.07132 42.32017, -71.07086 42.31975, -71.07039 42.31924, -71.07006 42.31907)))",13,02,89.6,8.5,60.1
1307,"MULTIPOLYGON (((-71.05671 42.31773, -71.05899 42.31813, -71.05888 42.31855, -71.05883 42.31887, -71.05924 42.31934, -71.05894 42.31933, -71.05771 42.31953, -71.05677 42.31988, -71.05676 42.32073, -71.05587 42.32118, -71.05496 42.32139, -71.0539 42.32146, -71.05294 42.3215, -71.05276 42.3215, -71.05241 42.31948, -71.05266 42.31936, -71.05255 42.31769, -71.05258 42.31735, -71.05261 42.31689, -71.05431 42.31711, -71.05561 42.31737, -71.05671 42.31757, -71.05671 42.31773)))",13,07,74,24.2,69.2
1309,"MULTIPOLYGON (((-71.06215 42.31261, -71.06346 42.31312, -71.06354 42.31323, -71.06352 42.31332, -71.06329 42.31369, -71.06299 42.31358, -71.06239 42.31334, -71.0618 42.31403, -71.0609 42.31513, -71.06003 42.3147, -71.05987 42.31522, -71.05682 42.31465, -71.0567 42.31523, -71.05667 42.3154, -71.05532 42.31517, -71.05459 42.31505, -71.05479 42.31439, -71.05412 42.31427, -71.05444 42.31329, -71.05465 42.31284, -71.05499 42.31229, -71.05504 42.31233, -71.05542 42.31257, -71.05604 42.31287, -71.05721 42.31296, -71.05806 42.31287, -71.05885 42.31278, -71.05904 42.31215, -71.05939 42.31105, -71.0611 42.31147, -71.06229 42.3121, -71.0624 42.31217, -71.06239 42.31226, -71.06215 42.31261)))",13,09,79.3,19.4,72.5
1305,"MULTIPOLYGON (((-71.0659 42.31484, -71.06725 42.31461, -71.06865 42.31465, -71.06914 42.31457, -71.06931 42.31449, -71.06963 42.31444, -71.07044 42.31428, -71.06945 42.31627, -71.06923 42.3168, -71.06897 42.31771, -71.06883 42.31839, -71.0688 42.31863, -71.06824 42.31839, -71.068 42.31828, -71.06731 42.31799, -71.06687 42.31782, -71.06652 42.31767, -71.06623 42.31754, -71.06528 42.31708, -71.065 42.31697, -71.06429 42.3167, -71.06358 42.31641, -71.06274 42.31602, -71.0634 42.31455, -71.06463 42.31477, -71.0645 42.31448, -71.06441 42.3143, -71.06426 42.31412, -71.06438 42.31401, -71.06444 42.31389, -71.06446 42.31372, -71.06419 42.31322, -71.06415 42.31307, -71.06417 42.3129, -71.06426 42.31271, -71.06441 42.31256, -71.06478 42.31284, -71.06497 42.3131, -71.06528 42.31368, -71.06568 42.31437, -71.0659 42.31484)))",13,05,90.2,7.7,57.7
1401,"MULTIPOLYGON (((-71.07316 42.30851, -71.07345 42.3081, -71.07382 42.30765, -71.07264 42.30714, -71.072 42.30687, -71.07152 42.30668, -71.0718 42.30624, -71.07213 42.30557, -71.07249 42.30556, -71.07302 42.30545, -71.07345 42.30531, -71.07406 42.30492, -71.07632 42.30508, -71.07668 42.30516, -71.07712 42.3053, -71.0784 42.30614, -71.07973 42.3071, -71.0812 42.30821, -71.08151 42.30836, -71.08306 42.3087, -71.08279 42.30931, -71.08203 42.31027, -71.08116 42.31137, -71.08035 42.31243, -71.07983 42.31307, -71.07946 42.3136, -71.07917 42.31404, -71.07684 42.3129, -71.07593 42.31245, -71.07513 42.31206, -71.07464 42.31281, -71.07315 42.31221, -71.07193 42.312, -71.07153 42.31185, -71.07181 42.31125, -71.0722 42.31043, -71.07275 42.30934, -71.07316 42.30851)))",14,01,91.5,7.3,53.4
1406,"MULTIPOLYGON (((-71.08292 42.29869, -71.08308 42.29903, -71.08472 42.30044, -71.08582 42.30133, -71.08563 42.30192, -71.08521 42.30175, -71.08374 42.30092, -71.08291 42.30135, -71.08225 42.30172, -71.08451 42.30345, -71.08384 42.30346, -71.08347 42.3035, -71.08308 42.30365, -71.08263 42.304, -71.08178 42.30463, -71.08053 42.30539, -71.07976 42.3048, -71.07956 42.30463, -71.08027 42.30417, -71.08071 42.30388, -71.07986 42.30319, -71.07947 42.30285, -71.079 42.30304, -71.07939 42.30221, -71.07972 42.30126, -71.08286 42.30043, -71.0819 42.2999, -71.08169 42.29969, -71.08144 42.299, -71.08225 42.29882, -71.08321 42.29862, -71.08292 42.29869)))",14,06,91.4,7,59.7
1404,"MULTIPOLYGON (((-71.08053 42.30539, -71.07981 42.30579, -71.0784 42.30614, -71.07712 42.3053, -71.07668 42.30516, -71.07632 42.30508, -71.07406 42.30492, -71.07328 42.30471, -71.07281 42.30456, -71.07211 42.30406, -71.07158 42.30345, -71.07148 42.30321, -71.07156 42.30243, -71.07183 42.30191, -71.07199 42.30155, -71.07203 42.30063, -71.07209 42.30014, -71.07251 42.29977, -71.07294 42.29958, -71.07362 42.2994, -71.07412 42.2998, -71.07463 42.3002, -71.07624 42.30102, -71.07743 42.3019, -71.07767 42.30219, -71.07858 42.30335, -71.07873 42.30317, -71.079 42.30304, -71.07947 42.30285, -71.07986 42.30319, -71.08071 42.30388, -71.08027 42.30417, -71.07956 42.30463, -71.07976 42.3048, -71.08053 42.30539)))",14,04,91.8,6.5,55.1
1403,"MULTIPOLYGON (((-71.07973 42.3071, -71.0784 42.30614, -71.07981 42.30579, -71.08053 42.30539, -71.08178 42.30463, -71.08263 42.304, -71.08308 42.30365, -71.08347 42.3035, -71.08384 42.30346, -71.08451 42.30345, -71.08225 42.30172, -71.08291 42.30135, -71.08374 42.30092, -71.08521 42.30175, -71.08563 42.30192, -71.08529 42.30292, -71.08516 42.3034, -71.08472 42.30478, -71.08466 42.30538, -71.08456 42.30599, -71.08441 42.30656, -71.08423 42.30695, -71.08383 42.30756, -71.08326 42.30839, -71.08306 42.3087, -71.08151 42.30836, -71.0812 42.30821, -71.07973 42.3071)))",14,03,93.1,5.7,58.6
1503,"MULTIPOLYGON (((-71.06864 42.30744, -71.06989 42.30834, -71.06993 42.30838, -71.06887 42.30916, -71.06868 42.3092, -71.06858 42.30926, -71.06786 42.31031, -71.06729 42.30994, -71.06686 42.30968, -71.06633 42.30917, -71.06508 42.30802, -71.06462 42.30812, -71.06399 42.30824, -71.06378 42.30816, -71.06351 42.3079, -71.06316 42.3077, -71.06283 42.30758, -71.0626 42.3074, -71.06221 42.3068, -71.06362 42.30627, -71.06489 42.30592, -71.06535 42.30669, -71.06581 42.30735, -71.06649 42.30671, -71.06702 42.30624, -71.06864 42.30744)))",15,03,87.9,10.9,51.6
1501,"MULTIPOLYGON (((-71.07275 42.30934, -71.0722 42.31043, -71.07181 42.31125, -71.07153 42.31185, -71.07085 42.31324, -71.07102 42.31324, -71.07044 42.31428, -71.06963 42.31444, -71.06931 42.31449, -71.06914 42.31457, -71.06865 42.31465, -71.06725 42.31461, -71.0659 42.31484, -71.06568 42.31437, -71.06528 42.31368, -71.06497 42.3131, -71.06478 42.31284, -71.06525 42.31261, -71.06617 42.31217, -71.06753 42.31153, -71.06758 42.3112, -71.06786 42.31031, -71.06858 42.30926, -71.06868 42.3092, -71.06887 42.30916, -71.06993 42.30838, -71.06989 42.30834, -71.07055 42.30784, -71.07029 42.30738, -71.07076 42.30723, -71.07095 42.30758, -71.07118 42.30779, -71.07157 42.3075, -71.072 42.30687, -71.07264 42.30714, -71.07382 42.30765, -71.07345 42.3081, -71.07316 42.30851, -71.07275 42.30934)))",15,01,91.3,7.8,59.2
1502,"MULTIPOLYGON (((-71.07076 42.30723, -71.07029 42.30738, -71.07055 42.30784, -71.06989 42.30834, -71.06864 42.30744, -71.06702 42.30624, -71.0669 42.30619, -71.06668 42.30597, -71.06636 42.30549, -71.06692 42.30523, -71.06703 42.3051, -71.06709 42.30492, -71.06846 42.30401, -71.06837 42.30367, -71.06926 42.3035, -71.06989 42.30336, -71.07028 42.30395, -71.07066 42.30382, -71.07133 42.30362, -71.07158 42.30345, -71.07211 42.30406, -71.07281 42.30456, -71.07328 42.30471, -71.07406 42.30492, -71.07345 42.30531, -71.07302 42.30545, -71.07249 42.30556, -71.07213 42.30557, -71.0718 42.30624, -71.07152 42.30668, -71.072 42.30687, -71.07157 42.3075, -71.07118 42.30779, -71.07095 42.30758, -71.07076 42.30723)))",15,02,92.4,7,59.6
1504,"MULTIPOLYGON (((-71.06206 42.30659, -71.06221 42.3068, -71.0626 42.3074, -71.06283 42.30758, -71.06316 42.3077, -71.06351 42.3079, -71.06378 42.30816, -71.06399 42.30824, -71.06462 42.30812, -71.06508 42.30802, -71.06633 42.30917, -71.06686 42.30968, -71.06729 42.30994, -71.06786 42.31031, -71.06758 42.3112, -71.06753 42.31153, -71.06617 42.31217, -71.06525 42.31261, -71.06478 42.31284, -71.06441 42.31256, -71.06359 42.31201, -71.06324 42.31176, -71.06272 42.31126, -71.06223 42.31074, -71.06156 42.31053, -71.06043 42.3101, -71.06019 42.31004, -71.05997 42.31007, -71.05985 42.31014, -71.05966 42.31038, -71.05947 42.31076, -71.05939 42.31105, -71.05904 42.31215, -71.05885 42.31278, -71.05806 42.31287, -71.05721 42.31296, -71.05746 42.3119, -71.05778 42.31049, -71.05789 42.30994, -71.05827 42.30829, -71.05845 42.30755, -71.05864 42.30676, -71.06177 42.30601, -71.06206 42.30659)))",15,04,82.1,16.3,58.8
1505,"MULTIPOLYGON (((-71.07203 42.30063, -71.07199 42.30155, -71.07183 42.30191, -71.07156 42.30243, -71.07148 42.30321, -71.07158 42.30345, -71.07133 42.30362, -71.07066 42.30382, -71.07028 42.30395, -71.06989 42.30336, -71.06926 42.3035, -71.06837 42.30367, -71.06802 42.30263, -71.06767 42.30159, -71.06385 42.3026, -71.06365 42.30226, -71.06348 42.302, -71.06435 42.30177, -71.06733 42.30101, -71.06667 42.30059, -71.06624 42.30034, -71.06745 42.30003, -71.06859 42.29974, -71.07141 42.29893, -71.07214 42.29876, -71.07294 42.29958, -71.07251 42.29977, -71.07209 42.30014, -71.07203 42.30063)))",15,05,89.7,9,59.1
1507,"MULTIPOLYGON (((-71.06846 42.30401, -71.06709 42.30492, -71.06703 42.3051, -71.06692 42.30523, -71.06636 42.30549, -71.06668 42.30597, -71.0669 42.30619, -71.06702 42.30624, -71.06649 42.30671, -71.06581 42.30735, -71.06535 42.30669, -71.06489 42.30592, -71.06432 42.30503, -71.06389 42.30422, -71.06459 42.30403, -71.06418 42.30319, -71.06385 42.3026, -71.06767 42.30159, -71.06802 42.30263, -71.06837 42.30367, -71.06846 42.30401)))",15,07,90.4,8.4,57.4
1508,"MULTIPOLYGON (((-71.05905 42.30032, -71.06017 42.30032, -71.06075 42.30029, -71.0625 42.29985, -71.0635 42.29958, -71.06392 42.29942, -71.06433 42.29922, -71.06528 42.29976, -71.06624 42.30034, -71.06667 42.30059, -71.06733 42.30101, -71.06435 42.30177, -71.06348 42.302, -71.06232 42.3023, -71.06193 42.30168, -71.06015 42.30214, -71.05979 42.30151, -71.05961 42.30125, -71.05817 42.30164, -71.05786 42.30169, -71.05815 42.30222, -71.05634 42.30295, -71.05636 42.3025, -71.05571 42.30253, -71.05571 42.3018, -71.05575 42.3016, -71.05578 42.30149, -71.05593 42.30122, -71.05599 42.30119, -71.05659 42.30075, -71.05683 42.30062, -71.05716 42.3005, -71.0577 42.30036, -71.05807 42.30033, -71.05893 42.30031, -71.05905 42.30032)))",15,08,72.9,25.9,60.1
1506,"MULTIPOLYGON (((-71.05943 42.30314, -71.05922 42.30404, -71.05883 42.30594, -71.05864 42.30676, -71.05845 42.30755, -71.05827 42.30829, -71.05789 42.30994, -71.05778 42.31049, -71.05746 42.3119, -71.05721 42.31296, -71.05604 42.31287, -71.05542 42.31257, -71.05504 42.31233, -71.05559 42.31098, -71.05483 42.31079, -71.05396 42.31058, -71.05343 42.31046, -71.0536 42.31002, -71.05389 42.30914, -71.05408 42.30824, -71.05479 42.3056, -71.05485 42.30561, -71.05494 42.30525, -71.05519 42.30424, -71.05547 42.30436, -71.0556 42.30383, -71.05569 42.30337, -71.05573 42.30286, -71.05571 42.30253, -71.05636 42.3025, -71.05634 42.30295, -71.05815 42.30222, -71.05786 42.30169, -71.05817 42.30164, -71.05961 42.30125, -71.05979 42.30151, -71.05943 42.30314)))",15,06,57.8,40.6,63
1509,"MULTIPOLYGON (((-71.06365 42.30226, -71.06385 42.3026, -71.06418 42.30319, -71.06459 42.30403, -71.06389 42.30422, -71.06432 42.30503, -71.06489 42.30592, -71.06362 42.30627, -71.06221 42.3068, -71.06206 42.30659, -71.06177 42.30601, -71.05864 42.30676, -71.05883 42.30594, -71.05922 42.30404, -71.05943 42.30314, -71.05979 42.30151, -71.06015 42.30214, -71.06193 42.30168, -71.06232 42.3023, -71.06348 42.302, -71.06365 42.30226)))",15,09,75.2,23,57.2
1009,"MULTIPOLYGON (((-71.11393 42.32414, -71.11229 42.32396, -71.11224 42.32458, -71.11169 42.32448, -71.10915 42.32383, -71.10958 42.32336, -71.10898 42.32324, -71.10875 42.32325, -71.10829 42.3232, -71.10817 42.32347, -71.10786 42.32378, -71.10685 42.32367, -71.10599 42.32372, -71.10583 42.32263, -71.10492 42.32272, -71.10476 42.32176, -71.10465 42.32083, -71.104 42.32, -71.10504 42.31943, -71.10519 42.31927, -71.10559 42.31959, -71.10652 42.32086, -71.10684 42.32119, -71.10835 42.3224, -71.10956 42.32209, -71.10974 42.32203, -71.11206 42.32159, -71.11279 42.3215, -71.11389 42.32132, -71.11449 42.32123, -71.11628 42.32101, -71.11653 42.32103, -71.1175 42.32112, -71.11954 42.32151, -71.11951 42.32195, -71.1195 42.32215, -71.11954 42.3224, -71.11962 42.32273, -71.11885 42.32291, -71.11853 42.32344, -71.11651 42.32407, -71.116 42.32583, -71.11551 42.32561, -71.11522 42.32531, -71.11499 42.32493, -71.11481 42.32454, -71.11463 42.32436, -71.11393 42.32414)))",10,09,92.9,4.9,72.7
1908,"MULTIPOLYGON (((-71.11558 42.30976, -71.11646 42.30919, -71.1169 42.30906, -71.11828 42.30876, -71.11853 42.30874, -71.11869 42.30876, -71.12014 42.30896, -71.12021 42.31068, -71.1205 42.31181, -71.12059 42.31331, -71.11957 42.3138, -71.11845 42.31449, -71.11769 42.31393, -71.11704 42.31347, -71.11585 42.31262, -71.11439 42.31158, -71.11463 42.31089, -71.11473 42.31057, -71.11486 42.3104, -71.11517 42.31006, -71.11558 42.30976)))",19,08,93.1,4.8,80.5
1906,"MULTIPOLYGON (((-71.11409 42.31417, -71.11243 42.31406, -71.1122 42.314, -71.11083 42.31321, -71.11026 42.3138, -71.11019 42.31377, -71.10986 42.31359, -71.10972 42.31372, -71.10903 42.31333, -71.10884 42.31345, -71.10784 42.31286, -71.10686 42.31394, -71.10606 42.31481, -71.10605 42.31485, -71.10536 42.31463, -71.10542 42.31446, -71.10582 42.3135, -71.10609 42.31286, -71.10652 42.31193, -71.1073 42.31059, -71.10781 42.30989, -71.10942 42.30756, -71.10989 42.30778, -71.1103 42.30791, -71.11117 42.30798, -71.11151 42.30799, -71.11535 42.3077, -71.11549 42.30765, -71.11556 42.30846, -71.11302 42.30868, -71.1128 42.30865, -71.11199 42.30841, -71.11185 42.30843, -71.11142 42.30903, -71.11329 42.30971, -71.11366 42.30996, -71.11389 42.31003, -71.11517 42.31006, -71.11486 42.3104, -71.11473 42.31057, -71.11463 42.31089, -71.11439 42.31158, -71.11416 42.3123, -71.11413 42.31254, -71.1141 42.31287, -71.11409 42.31417)))",19,06,95.3,3.6,81.3
1901,"MULTIPOLYGON (((-71.10787 42.31782, -71.10939 42.31836, -71.11055 42.31888, -71.11168 42.31954, -71.1111 42.32031, -71.11052 42.32101, -71.10974 42.32203, -71.10956 42.32209, -71.10835 42.3224, -71.10684 42.32119, -71.10652 42.32086, -71.10559 42.31959, -71.10519 42.31927, -71.10671 42.31725, -71.10708 42.31746, -71.10733 42.31759, -71.10787 42.31782)))",19,01,94,3.6,73.7
2104,"MULTIPOLYGON (((-71.12926 42.35265, -71.13406 42.35322, -71.13573 42.35342, -71.13731 42.35361, -71.13666 42.3539, -71.13158 42.35606, -71.12976 42.3558, -71.12766 42.35549, -71.12511 42.35517, -71.12518 42.35493, -71.12499 42.3549, -71.12516 42.35435, -71.12474 42.35429, -71.12494 42.35336, -71.12805 42.35373, -71.12839 42.35254, -71.12926 42.35265)))",21,04,89,7,60.4
2105,"MULTIPOLYGON (((-71.12989 42.35061, -71.13067 42.3505, -71.13105 42.35037, -71.13077 42.34995, -71.13006 42.3492, -71.12973 42.34886, -71.13201 42.34772, -71.13231 42.34811, -71.13369 42.34748, -71.134 42.34727, -71.13493 42.3481, -71.13518 42.34832, -71.13286 42.34942, -71.13351 42.35019, -71.13331 42.35034, -71.13369 42.35074, -71.13418 42.35211, -71.13406 42.35322, -71.12926 42.35265, -71.12989 42.35061)))",21,05,89.9,7.4,59.6
2107,"MULTIPOLYGON (((-71.13774 42.3485, -71.13857 42.34879, -71.13892 42.34887, -71.13937 42.34887, -71.13963 42.34882, -71.13991 42.34941, -71.14007 42.35035, -71.14009 42.35149, -71.13977 42.35142, -71.13929 42.35129, -71.13903 42.35128, -71.13882 42.35132, -71.13836 42.35147, -71.13871 42.35229, -71.13724 42.35253, -71.13703 42.3518, -71.13693 42.35184, -71.13679 42.35163, -71.1366 42.35136, -71.1356 42.35176, -71.13572 42.35159, -71.13465 42.35124, -71.13474 42.35107, -71.13369 42.35074, -71.13331 42.35034, -71.13351 42.35019, -71.13286 42.34942, -71.13518 42.34832, -71.13585 42.34813, -71.13638 42.34813, -71.13705 42.34827, -71.13774 42.3485)))",21,07,87.2,10.2,62.9
2108,"MULTIPOLYGON (((-71.13472 42.34627, -71.13591 42.34535, -71.13778 42.34385, -71.13982 42.3451, -71.13959 42.34534, -71.13937 42.34567, -71.13896 42.3464, -71.13794 42.34808, -71.13774 42.3485, -71.13705 42.34827, -71.13638 42.34813, -71.13585 42.34813, -71.13518 42.34832, -71.13493 42.3481, -71.134 42.34727, -71.13369 42.34748, -71.13231 42.34811, -71.13201 42.34772, -71.13341 42.34711, -71.13472 42.34627)))",21,08,89.9,7.2,67.1
2106,"MULTIPOLYGON (((-71.1366 42.35136, -71.13679 42.35163, -71.13693 42.35184, -71.13703 42.3518, -71.13724 42.35253, -71.13871 42.35229, -71.13836 42.35147, -71.13882 42.35132, -71.13903 42.35128, -71.13929 42.35129, -71.13977 42.35142, -71.14009 42.35149, -71.14282 42.3511, -71.14302 42.35163, -71.14428 42.35134, -71.14564 42.35079, -71.14599 42.35111, -71.14606 42.3512, -71.1461 42.35128, -71.14611 42.35134, -71.14611 42.35143, -71.14607 42.35152, -71.1442 42.35493, -71.1407 42.35399, -71.13908 42.35381, -71.13731 42.35361, -71.13573 42.35342, -71.13406 42.35322, -71.13418 42.35211, -71.13369 42.35074, -71.13474 42.35107, -71.13465 42.35124, -71.13572 42.35159, -71.1356 42.35176, -71.1366 42.35136)))",21,06,87.9,9,69.4
2110,"MULTIPOLYGON (((-71.14297 42.34381, -71.14348 42.34314, -71.14448 42.34371, -71.14513 42.34412, -71.14457 42.34462, -71.1453 42.34515, -71.14556 42.34542, -71.14462 42.34606, -71.14449 42.34619, -71.14431 42.34625, -71.14417 42.34624, -71.14409 42.34621, -71.14403 42.34617, -71.14382 42.34592, -71.14348 42.34568, -71.14306 42.34537, -71.14288 42.34529, -71.14212 42.34499, -71.14144 42.34593, -71.14081 42.34567, -71.13982 42.3451, -71.13778 42.34385, -71.13997 42.34213, -71.14056 42.34246, -71.14112 42.34272, -71.14214 42.34333, -71.14274 42.34369, -71.14297 42.34381)))",21,10,84.6,13.6,63.9
2115,"MULTIPOLYGON (((-71.15379 42.34086, -71.15317 42.34071, -71.15264 42.34062, -71.15207 42.3406, -71.15165 42.34053, -71.15087 42.3401, -71.15023 42.33988, -71.14999 42.33976, -71.14967 42.33947, -71.14927 42.33936, -71.14884 42.33936, -71.14985 42.33767, -71.15084 42.33601, -71.15227 42.33716, -71.15072 42.33749, -71.15072 42.33829, -71.1511 42.33838, -71.15146 42.33841, -71.15191 42.3384, -71.15232 42.33848, -71.15264 42.33866, -71.15251 42.33889, -71.15293 42.33899, -71.1533 42.3392, -71.15358 42.33954, -71.15391 42.33992, -71.1543 42.34021, -71.15463 42.34036, -71.15501 42.34038, -71.15527 42.34044, -71.15483 42.34109, -71.15468 42.34135, -71.15428 42.3411, -71.15379 42.34086)))",21,15,88.9,7.8,66.4
2202,"MULTIPOLYGON (((-71.13005 42.35764, -71.12968 42.35709, -71.12952 42.3568, -71.13056 42.3564, -71.13158 42.35606, -71.13666 42.3539, -71.13731 42.35361, -71.13908 42.35381, -71.13772 42.35756, -71.14079 42.35798, -71.13896 42.36133, -71.13841 42.36225, -71.13849 42.36278, -71.13739 42.36292, -71.13528 42.36316, -71.13428 42.36334, -71.13337 42.36339, -71.13266 42.36334, -71.13211 42.36324, -71.13134 42.36308, -71.13024 42.36266, -71.13042 42.36213, -71.13243 42.36046, -71.13288 42.36005, -71.13306 42.35978, -71.13315 42.35937, -71.13313 42.35894, -71.1331 42.35855, -71.13235 42.35857, -71.13161 42.3588, -71.13148 42.35861, -71.13118 42.35875, -71.13084 42.35904, -71.13063 42.35851, -71.13019 42.35796, -71.13005 42.35764)))",22,02,85.6,11.9,64.4
2203,"MULTIPOLYGON (((-71.14788 42.35036, -71.14713 42.35017, -71.15039 42.34893, -71.14977 42.34816, -71.14906 42.34747, -71.14845 42.34707, -71.14777 42.34677, -71.14886 42.34523, -71.15244 42.3461, -71.15307 42.34623, -71.15379 42.34727, -71.15397 42.34749, -71.15523 42.34781, -71.15479 42.34915, -71.15708 42.34909, -71.15691 42.35088, -71.15529 42.35058, -71.15493 42.35158, -71.15441 42.3524, -71.15357 42.35215, -71.15406 42.35134, -71.15241 42.35089, -71.15193 42.35164, -71.15089 42.35333, -71.14813 42.35264, -71.14681 42.35228, -71.1474 42.35122, -71.14788 42.35036)))",22,03,79.5,17.5,69.6
2207,"MULTIPOLYGON (((-71.16777 42.3506, -71.16748 42.35057, -71.16784 42.3532, -71.16763 42.35378, -71.16691 42.35593, -71.16649 42.35617, -71.16619 42.35624, -71.16573 42.35623, -71.16539 42.3561, -71.16279 42.35481, -71.16256 42.35553, -71.1617 42.35536, -71.16187 42.35471, -71.16238 42.3525, -71.16201 42.35255, -71.16214 42.349, -71.16277 42.34899, -71.16338 42.34911, -71.16362 42.34888, -71.16369 42.34854, -71.1639 42.34856, -71.16501 42.34885, -71.1649 42.34868, -71.16534 42.34855, -71.16684 42.34898, -71.16854 42.34944, -71.16783 42.34998, -71.16777 42.3506)))",22,07,84.8,12.2,70.9
2213,"MULTIPOLYGON (((-71.174 42.35343, -71.17276 42.35465, -71.17116 42.35629, -71.17042 42.35713, -71.16653 42.35721, -71.1666 42.35679, -71.16691 42.35593, -71.16763 42.35378, -71.16784 42.3532, -71.16748 42.35057, -71.16777 42.3506, -71.1683 42.35065, -71.16873 42.35085, -71.17039 42.35158, -71.174 42.35343)))",22,13,82.3,14.9,69.9
2204,"MULTIPOLYGON (((-71.17486 42.3503, -71.174 42.35343, -71.17039 42.35158, -71.16873 42.35085, -71.1683 42.35065, -71.16777 42.3506, -71.16783 42.34998, -71.16854 42.34944, -71.16684 42.34898, -71.16534 42.34855, -71.16539 42.34851, -71.16584 42.34807, -71.16617 42.34752, -71.16648 42.34699, -71.16562 42.3467, -71.16484 42.34641, -71.16967 42.3468, -71.17008 42.34681, -71.17043 42.34681, -71.17193 42.34666, -71.17486 42.3503)))",22,04,82.5,14.4,77.7
2210,"MULTIPOLYGON (((-71.16131 42.34755, -71.16214 42.34636, -71.16484 42.34641, -71.16562 42.3467, -71.16648 42.34699, -71.16617 42.34752, -71.16584 42.34807, -71.16539 42.34851, -71.16534 42.34855, -71.1649 42.34868, -71.16501 42.34885, -71.1639 42.34856, -71.16369 42.34854, -71.16362 42.34888, -71.16338 42.34911, -71.16277 42.34899, -71.16214 42.349, -71.16201 42.35255, -71.16238 42.3525, -71.16187 42.35471, -71.15874 42.35417, -71.1586 42.35383, -71.15807 42.35408, -71.15808 42.35338, -71.15808 42.35188, -71.15688 42.35191, -71.15611 42.35182, -71.15493 42.35158, -71.15529 42.35058, -71.15691 42.35088, -71.15708 42.34909, -71.15748 42.34822, -71.15756 42.34744, -71.15805 42.3469, -71.1582 42.34663, -71.15941 42.34695, -71.1596 42.34707, -71.16042 42.34729, -71.16131 42.34755)))",22,10,83.1,14.2,70.6
1108,"MULTIPOLYGON (((-71.11431 42.30016, -71.11367 42.30112, -71.11331 42.3017, -71.11032 42.30608, -71.10942 42.30756, -71.10906 42.30739, -71.10752 42.30648, -71.10446 42.30372, -71.10381 42.30331, -71.10446 42.3027, -71.1049 42.30235, -71.10463 42.30159, -71.10458 42.3012, -71.10464 42.30025, -71.10595 42.3003, -71.10563 42.29979, -71.10553 42.29952, -71.10549 42.29924, -71.1055 42.299, -71.10555 42.29889, -71.10564 42.29876, -71.10583 42.29861, -71.10599 42.29854, -71.10623 42.29849, -71.10645 42.29848, -71.10648 42.29866, -71.10738 42.29867, -71.10739 42.29878, -71.10807 42.29893, -71.10826 42.29904, -71.10871 42.29913, -71.10868 42.29918, -71.10937 42.29931, -71.10961 42.2993, -71.11003 42.29845, -71.11015 42.29835, -71.10997 42.29823, -71.11023 42.29802, -71.11126 42.29713, -71.11187 42.29752, -71.11314 42.29844, -71.11405 42.29908, -71.11382 42.29944, -71.11358 42.29992, -71.11431 42.30016)))",11,08,93.3,4.7,75.5
0705,"MULTIPOLYGON (((-71.0571 42.33814, -71.05697 42.33787, -71.05616 42.3366, -71.05523 42.33511, -71.05466 42.33559, -71.05361 42.33488, -71.05238 42.33387, -71.05182 42.3334, -71.0508 42.33425, -71.05007 42.33487, -71.04877 42.33403, -71.04908 42.33391, -71.04903 42.33296, -71.04901 42.33151, -71.04954 42.33108, -71.05076 42.33187, -71.05128 42.33141, -71.05196 42.33183, -71.0528 42.33106, -71.05295 42.3314, -71.05309 42.33164, -71.05354 42.33133, -71.05391 42.33108, -71.0545 42.3308, -71.05527 42.33048, -71.05638 42.33168, -71.05699 42.33187, -71.05916 42.33184, -71.05922 42.32991, -71.06126 42.33033, -71.0636 42.33084, -71.06275 42.33216, -71.06106 42.3348, -71.06102 42.3355, -71.06014 42.33645, -71.05941 42.33706, -71.05891 42.3374, -71.05806 42.33809, -71.05711 42.33889, -71.0571 42.33814)))",07,05,76.6,20.9,65.3
2209,"MULTIPOLYGON (((-71.15981 42.34001, -71.15829 42.34262, -71.15793 42.34322, -71.15784 42.34356, -71.15787 42.34411, -71.15776 42.34449, -71.15767 42.34488, -71.15773 42.3453, -71.15784 42.34568, -71.1581 42.34611, -71.15925 42.346, -71.15931 42.34632, -71.16072 42.34667, -71.16042 42.34729, -71.1596 42.34707, -71.15941 42.34695, -71.1582 42.34663, -71.15805 42.3469, -71.15756 42.34744, -71.15748 42.34822, -71.15708 42.34909, -71.15479 42.34915, -71.15523 42.34781, -71.15397 42.34749, -71.15379 42.34727, -71.15436 42.3464, -71.15511 42.34522, -71.15331 42.34466, -71.15346 42.34433, -71.15351 42.34413, -71.15341 42.34363, -71.15345 42.34332, -71.15468 42.34135, -71.15483 42.34109, -71.15527 42.34044, -71.15549 42.34028, -71.15812 42.3397, -71.1592 42.33992, -71.15981 42.34001)))",22,09,75.8,20.8,71.5
2111,"MULTIPOLYGON (((-71.14348 42.34314, -71.14391 42.34271, -71.14449 42.34232, -71.14504 42.34206, -71.14545 42.34191, -71.14589 42.34178, -71.14653 42.34165, -71.14699 42.34162, -71.14862 42.34166, -71.14875 42.34197, -71.14897 42.34215, -71.14919 42.34224, -71.14894 42.34288, -71.14961 42.34292, -71.15006 42.34306, -71.15018 42.3433, -71.15002 42.3438, -71.14999 42.34438, -71.15013 42.34462, -71.15041 42.34483, -71.15079 42.34497, -71.15099 42.345, -71.15113 42.34495, -71.15107 42.34505, -71.15088 42.34534, -71.15066 42.34567, -71.14886 42.34523, -71.14777 42.34677, -71.14632 42.34617, -71.14556 42.34542, -71.1453 42.34515, -71.14457 42.34462, -71.14513 42.34412, -71.14448 42.34371, -71.14348 42.34314)))",21,11,88.1,9.4,68.5
2113,"MULTIPOLYGON (((-71.14653 42.34165, -71.14678 42.3414, -71.14758 42.34063, -71.14768 42.34055, -71.14837 42.33991, -71.14865 42.33957, -71.14884 42.33936, -71.14927 42.33936, -71.14967 42.33947, -71.14999 42.33976, -71.15023 42.33988, -71.15087 42.3401, -71.15165 42.34053, -71.15207 42.3406, -71.15264 42.34062, -71.15317 42.34071, -71.15379 42.34086, -71.15431 42.34111, -71.15468 42.34135, -71.15345 42.34332, -71.15341 42.34363, -71.15351 42.34413, -71.15346 42.34433, -71.15331 42.34466, -71.15511 42.34522, -71.15436 42.3464, -71.15379 42.34727, -71.15307 42.34623, -71.15244 42.3461, -71.15066 42.34567, -71.15087 42.34535, -71.15107 42.34505, -71.15113 42.34495, -71.15099 42.345, -71.15079 42.34497, -71.15041 42.34483, -71.15013 42.34462, -71.14999 42.34438, -71.15002 42.3438, -71.15018 42.3433, -71.15006 42.34306, -71.14961 42.34292, -71.14894 42.34288, -71.14919 42.34224, -71.14897 42.34215, -71.14875 42.34197, -71.14862 42.34166, -71.14699 42.34162, -71.14653 42.34165)))",21,13,71.7,25.8,69.4
2206,"MULTIPOLYGON (((-71.14607 42.35152, -71.14611 42.35143, -71.14611 42.35134, -71.1461 42.35128, -71.14606 42.3512, -71.14599 42.35111, -71.14564 42.35079, -71.14713 42.35017, -71.14788 42.35036, -71.1474 42.35122, -71.14681 42.35228, -71.14813 42.35264, -71.15089 42.35333, -71.14908 42.35617, -71.1442 42.35493, -71.14607 42.35152)))",22,06,82.6,14.4,70.6
2109,"MULTIPOLYGON (((-71.14556 42.34542, -71.14632 42.34617, -71.14777 42.34677, -71.14845 42.34707, -71.14906 42.34747, -71.14977 42.34816, -71.15039 42.34893, -71.14713 42.35017, -71.14564 42.35079, -71.14428 42.35134, -71.14302 42.35163, -71.14282 42.3511, -71.14009 42.35149, -71.14007 42.35035, -71.13991 42.34941, -71.13963 42.34882, -71.13937 42.34887, -71.13892 42.34887, -71.13857 42.34879, -71.13774 42.3485, -71.13794 42.34808, -71.13896 42.3464, -71.13937 42.34567, -71.13959 42.34534, -71.13982 42.3451, -71.14081 42.34567, -71.14144 42.34593, -71.14212 42.34499, -71.14288 42.34529, -71.14306 42.34537, -71.14348 42.34568, -71.14382 42.34592, -71.14403 42.34617, -71.14409 42.34621, -71.14417 42.34624, -71.14431 42.34625, -71.14449 42.34619, -71.14462 42.34606, -71.14556 42.34542)))",21,09,86.6,11.1,65.7
2101,"MULTIPOLYGON (((-71.09988 42.34041, -71.1018 42.34178, -71.10204 42.34223, -71.10235 42.34242, -71.10301 42.34306, -71.10379 42.34364, -71.10462 42.3444, -71.10494 42.34419, -71.10525 42.34405, -71.10554 42.34388, -71.10585 42.34446, -71.10626 42.34519, -71.10676 42.34609, -71.10716 42.347, -71.10684 42.34855, -71.10597 42.34838, -71.10554 42.34751, -71.10507 42.34665, -71.10334 42.34712, -71.10283 42.34611, -71.09994 42.34764, -71.09979 42.34763, -71.09806 42.34764, -71.09894 42.34682, -71.10083 42.34505, -71.10039 42.3448, -71.10003 42.34397, -71.09847 42.34085, -71.09731 42.33955, -71.09734 42.33928, -71.09776 42.33907, -71.09794 42.33918, -71.09806 42.33937, -71.0983 42.33947, -71.09848 42.33938, -71.09873 42.33942, -71.09895 42.33966, -71.09912 42.33995, -71.09908 42.34016, -71.0993 42.34031, -71.09988 42.34041)))",21,01,91.2,6.8,65.8
1005,"MULTIPOLYGON (((-71.10228 42.32635, -71.10258 42.32731, -71.10419 42.32743, -71.10403 42.32786, -71.10511 42.32793, -71.10546 42.32796, -71.10588 42.32802, -71.10654 42.32818, -71.10734 42.32846, -71.1077 42.3286, -71.10812 42.32884, -71.1084 42.32905, -71.10871 42.3294, -71.10886 42.32966, -71.10884 42.32993, -71.10854 42.33062, -71.10846 42.3306, -71.1072 42.33027, -71.10652 42.3301, -71.10612 42.33095, -71.10597 42.33122, -71.10517 42.33102, -71.10308 42.33054, -71.1023 42.33034, -71.10183 42.33089, -71.10142 42.33139, -71.09851 42.33007, -71.09813 42.33039, -71.09766 42.33068, -71.0975 42.33098, -71.09712 42.33179, -71.09615 42.33162, -71.09526 42.33152, -71.09584 42.33086, -71.09633 42.33031, -71.09694 42.32946, -71.09714 42.32916, -71.09745 42.32867, -71.0984 42.32631, -71.09891 42.32635, -71.09991 42.32641, -71.10046 42.32643, -71.10134 42.32641, -71.10228 42.32635)))",10,05,87.4,9.2,60.5
0704,"MULTIPOLYGON (((-71.04559 42.33454, -71.04558 42.33365, -71.04591 42.33364, -71.04624 42.33359, -71.04669 42.33348, -71.04694 42.33334, -71.04717 42.33315, -71.04727 42.33294, -71.04723 42.33272, -71.04702 42.33244, -71.04676 42.3323, -71.04642 42.33218, -71.04617 42.33214, -71.04621 42.33178, -71.04618 42.33128, -71.04618 42.33046, -71.04742 42.33044, -71.04935 42.33036, -71.04854 42.33122, -71.04901 42.33151, -71.04903 42.33296, -71.04908 42.33391, -71.04877 42.33403, -71.05007 42.33487, -71.04859 42.33611, -71.04635 42.33466, -71.04619 42.33457, -71.04602 42.33454, -71.04559 42.33454)))",07,04,70.8,27.2,70.8
0708,"MULTIPOLYGON (((-71.05294 42.3215, -71.0539 42.32146, -71.05496 42.32139, -71.05587 42.32118, -71.05676 42.32073, -71.05681 42.32159, -71.05686 42.32249, -71.06025 42.32364, -71.06084 42.32284, -71.06109 42.32238, -71.06307 42.32345, -71.06402 42.32366, -71.06425 42.32366, -71.06509 42.32468, -71.06659 42.32646, -71.0636 42.33084, -71.06126 42.33033, -71.05922 42.32991, -71.05909 42.32915, -71.05883 42.32854, -71.05816 42.3275, -71.05796 42.32789, -71.05772 42.32839, -71.05717 42.32926, -71.05696 42.32951, -71.05695 42.32921, -71.05693 42.32859, -71.05692 42.32803, -71.05626 42.32804, -71.05606 42.32796, -71.05601 42.32783, -71.05598 42.32733, -71.05596 42.32686, -71.05689 42.32684, -71.05688 42.32635, -71.0558 42.3256, -71.05385 42.32405, -71.05325 42.32335, -71.05304 42.32244, -71.05294 42.3215)))",07,08,76.1,21.3,72
1203,"MULTIPOLYGON (((-71.08679 42.32379, -71.0862 42.32428, -71.08571 42.32394, -71.08554 42.32358, -71.08499 42.32371, -71.0846 42.32377, -71.08437 42.32378, -71.08422 42.32368, -71.08418 42.32355, -71.08418 42.32341, -71.08488 42.32249, -71.08416 42.32217, -71.08369 42.322, -71.08339 42.32192, -71.08282 42.32183, -71.0829 42.32123, -71.08283 42.32066, -71.08319 42.32064, -71.08427 42.32079, -71.08448 42.32083, -71.08519 42.32011, -71.08549 42.31981, -71.08567 42.31984, -71.08599 42.31982, -71.08603 42.32061, -71.08688 42.32043, -71.08771 42.32022, -71.08841 42.32001, -71.0876 42.31962, -71.08824 42.31939, -71.08873 42.31941, -71.08884 42.31936, -71.08899 42.31922, -71.08916 42.31894, -71.09023 42.3192, -71.09026 42.31917, -71.09091 42.31986, -71.0914 42.32042, -71.09064 42.32099, -71.08863 42.32259, -71.08832 42.32234, -71.08793 42.32292, -71.08754 42.32344, -71.08733 42.32358, -71.08679 42.32379)))",12,03,93.1,5.8,57.5
1202,"MULTIPOLYGON (((-71.08083 42.31351, -71.08102 42.31302, -71.08104 42.31288, -71.08097 42.31272, -71.08082 42.31262, -71.08035 42.31243, -71.08116 42.31137, -71.08203 42.31027, -71.08279 42.30931, -71.08366 42.30969, -71.08478 42.31015, -71.08531 42.30943, -71.08638 42.30999, -71.08696 42.31027, -71.08646 42.31082, -71.08618 42.31121, -71.08586 42.3117, -71.08543 42.31221, -71.08511 42.31241, -71.08468 42.3125, -71.08437 42.31258, -71.08409 42.31274, -71.08386 42.31296, -71.08365 42.31321, -71.08564 42.3138, -71.0871 42.31424, -71.08833 42.31462, -71.09074 42.31533, -71.09043 42.31596, -71.08988 42.3172, -71.08955 42.31802, -71.08916 42.31894, -71.08622 42.31824, -71.08632 42.31768, -71.08642 42.31736, -71.08653 42.31704, -71.08561 42.31675, -71.08518 42.31676, -71.08477 42.3168, -71.08435 42.31676, -71.08291 42.31638, -71.08336 42.3153, -71.08369 42.31439, -71.08374 42.31407, -71.08365 42.31355, -71.08149 42.31371, -71.08083 42.31351)))",12,02,93.2,5.6,60.1
1102,"MULTIPOLYGON (((-71.09257 42.32765, -71.0918 42.32738, -71.09069 42.32687, -71.09181 42.32598, -71.09136 42.32532, -71.09105 42.32506, -71.09005 42.3247, -71.09067 42.32383, -71.08966 42.32339, -71.08955 42.32346, -71.08863 42.32259, -71.09064 42.32099, -71.0914 42.32042, -71.09161 42.32066, -71.09251 42.32128, -71.09316 42.32082, -71.09386 42.32025, -71.09409 42.31998, -71.0953 42.31881, -71.09564 42.31917, -71.09588 42.31929, -71.09651 42.31947, -71.09686 42.3195, -71.09781 42.3195, -71.09835 42.31955, -71.09842 42.32086, -71.09848 42.32257, -71.09754 42.32225, -71.09676 42.32198, -71.09651 42.3219, -71.09621 42.32189, -71.09553 42.32201, -71.09535 42.32208, -71.0953 42.32224, -71.09539 42.32328, -71.09512 42.3232, -71.09445 42.32308, -71.09376 42.32315, -71.09356 42.3232, -71.0933 42.32361, -71.09328 42.32369, -71.09328 42.32388, -71.09328 42.32509, -71.09313 42.32639, -71.09257 42.32765)))",11,02,93.8,5.4,65
1904,"MULTIPOLYGON (((-71.10428 42.31705, -71.1045 42.31667, -71.10536 42.31463, -71.10605 42.31485, -71.10606 42.31481, -71.10686 42.31394, -71.10784 42.31286, -71.10884 42.31345, -71.10903 42.31333, -71.10972 42.31372, -71.10986 42.31359, -71.11019 42.31377, -71.11026 42.3138, -71.10965 42.31512, -71.11041 42.3154, -71.11073 42.31554, -71.11065 42.31577, -71.11064 42.31591, -71.11066 42.31602, -71.11077 42.3161, -71.11133 42.31629, -71.11156 42.31631, -71.11176 42.31629, -71.11192 42.31626, -71.11215 42.31646, -71.11229 42.31655, -71.11248 42.31665, -71.1127 42.31674, -71.11283 42.31681, -71.11304 42.31693, -71.11337 42.31705, -71.11308 42.31748, -71.11276 42.3179, -71.11053 42.31675, -71.11038 42.31668, -71.11007 42.31724, -71.10939 42.31836, -71.10787 42.31782, -71.10733 42.31759, -71.10708 42.31746, -71.10671 42.31725, -71.10519 42.31927, -71.10504 42.31943, -71.104 42.32, -71.10324 42.31948, -71.10292 42.31928, -71.10398 42.3177, -71.10428 42.31705)))",19,04,96,2.2,78
1905,"MULTIPOLYGON (((-71.11083 42.31321, -71.1122 42.314, -71.11243 42.31406, -71.11409 42.31417, -71.1141 42.31287, -71.11413 42.31254, -71.11416 42.3123, -71.11439 42.31158, -71.11585 42.31262, -71.11704 42.31347, -71.11769 42.31393, -71.11845 42.31449, -71.11798 42.3149, -71.11725 42.31533, -71.117 42.31549, -71.11685 42.31574, -71.11672 42.31623, -71.11666 42.31668, -71.11672 42.31735, -71.11666 42.31777, -71.11645 42.31828, -71.11643 42.31859, -71.11308 42.31748, -71.11337 42.31705, -71.11304 42.31693, -71.11283 42.31681, -71.1127 42.31674, -71.11248 42.31665, -71.11229 42.31655, -71.11215 42.31646, -71.11192 42.31626, -71.11176 42.31629, -71.11156 42.31631, -71.11133 42.31629, -71.11077 42.3161, -71.11066 42.31602, -71.11064 42.31591, -71.11065 42.31577, -71.11073 42.31554, -71.11041 42.3154, -71.10965 42.31512, -71.11026 42.3138, -71.11083 42.31321)))",19,05,91.5,6.9,76.1
1903,"MULTIPOLYGON (((-71.12219 42.31336, -71.12203 42.3136, -71.12213 42.31375, -71.12301 42.31439, -71.12323 42.31473, -71.12325 42.31509, -71.12317 42.31576, -71.12351 42.31676, -71.12359 42.31772, -71.12391 42.3186, -71.12383 42.31936, -71.12526 42.31878, -71.12601 42.3186, -71.12712 42.31861, -71.12376 42.32273, -71.12347 42.32257, -71.12166 42.32398, -71.12017 42.32299, -71.11962 42.32273, -71.11954 42.3224, -71.1195 42.32215, -71.11951 42.32195, -71.11954 42.32151, -71.1175 42.32112, -71.11653 42.32103, -71.11628 42.32101, -71.11449 42.32123, -71.11389 42.32132, -71.11279 42.3215, -71.11206 42.32159, -71.10974 42.32203, -71.11052 42.32101, -71.1111 42.32031, -71.11168 42.31954, -71.11055 42.31888, -71.10939 42.31836, -71.11007 42.31724, -71.11038 42.31668, -71.11053 42.31675, -71.11276 42.3179, -71.11308 42.31748, -71.11643 42.31859, -71.11645 42.31828, -71.11666 42.31777, -71.11672 42.31735, -71.11666 42.31668, -71.11672 42.31623, -71.11685 42.31574, -71.117 42.31549, -71.11725 42.31533, -71.11798 42.3149, -71.11845 42.31449, -71.11957 42.3138, -71.12059 42.31331, -71.12106 42.31312, -71.12135 42.31312, -71.12149 42.31319, -71.12185 42.31297, -71.1221 42.31279, -71.12224 42.31273, -71.12237 42.31275, -71.12251 42.31285, -71.1224 42.3131, -71.12219 42.31336)))",19,03,92.6,5.8,81.3
1402,"MULTIPOLYGON (((-71.08086 42.29282, -71.083 42.29346, -71.08324 42.29387, -71.08027 42.29444, -71.08053 42.2951, -71.08076 42.29574, -71.08309 42.29528, -71.08405 42.29516, -71.08437 42.29591, -71.08229 42.29632, -71.08321 42.29862, -71.08225 42.29882, -71.08144 42.299, -71.08169 42.29969, -71.0819 42.2999, -71.08286 42.30043, -71.07972 42.30126, -71.07939 42.30221, -71.079 42.30304, -71.07873 42.30317, -71.07858 42.30335, -71.07767 42.30219, -71.07743 42.3019, -71.07624 42.30102, -71.07463 42.3002, -71.07412 42.2998, -71.07362 42.2994, -71.07504 42.29897, -71.07538 42.29886, -71.07559 42.29871, -71.07604 42.29793, -71.07618 42.29752, -71.07629 42.29735, -71.0765 42.29722, -71.07813 42.29687, -71.07849 42.2968, -71.07896 42.2967, -71.07844 42.29441, -71.07824 42.29245, -71.07822 42.29206, -71.07818 42.29132, -71.07832 42.29032, -71.07845 42.28986, -71.07857 42.2894, -71.07861 42.28992, -71.07912 42.29098, -71.07919 42.29138, -71.07921 42.29147, -71.08125 42.291, -71.08086 42.29282)))",14,02,92.7,6.5,58.7
1407,"MULTIPOLYGON (((-71.08405 42.29516, -71.08309 42.29528, -71.08076 42.29574, -71.08053 42.2951, -71.08027 42.29444, -71.08324 42.29387, -71.083 42.29346, -71.0859 42.2943, -71.08777 42.29488, -71.08623 42.29535, -71.08539 42.29569, -71.08592 42.29707, -71.08607 42.29721, -71.08702 42.29782, -71.0869 42.29822, -71.08636 42.29987, -71.08582 42.30133, -71.08472 42.30044, -71.08308 42.29903, -71.08292 42.29869, -71.08321 42.29862, -71.08229 42.29632, -71.08437 42.29591, -71.08405 42.29516)))",14,07,92.3,6.6,56.5
1409,"MULTIPOLYGON (((-71.08977 42.29286, -71.09117 42.29357, -71.09326 42.29458, -71.09245 42.29572, -71.09161 42.29683, -71.09122 42.29707, -71.08979 42.29754, -71.08851 42.29782, -71.0869 42.29822, -71.08702 42.29782, -71.08607 42.29721, -71.08592 42.29707, -71.08539 42.29569, -71.08623 42.29535, -71.08777 42.29488, -71.08797 42.29479, -71.08884 42.29214, -71.09001 42.29236, -71.08977 42.29286)))",14,09,92.7,6,55.7
1413,"MULTIPOLYGON (((-71.09144 42.28424, -71.09108 42.28533, -71.08999 42.28514, -71.08915 42.28499, -71.08931 42.28447, -71.08767 42.28518, -71.08634 42.28547, -71.08631 42.28602, -71.08652 42.28661, -71.08598 42.28673, -71.08329 42.28732, -71.08291 42.28642, -71.08118 42.28684, -71.08112 42.28681, -71.08054 42.28738, -71.08016 42.28719, -71.08045 42.28686, -71.08076 42.28659, -71.08162 42.28584, -71.08234 42.28519, -71.08312 42.28436, -71.08404 42.28318, -71.0847 42.28291, -71.0857 42.28251, -71.08621 42.2823, -71.08679 42.28397, -71.08725 42.28451, -71.08927 42.28361, -71.08979 42.28394, -71.09144 42.28424)))",14,13,94.1,4.6,60.9
1412,"MULTIPOLYGON (((-71.09003 42.28855, -71.08907 42.29137, -71.08839 42.29048, -71.08775 42.2899, -71.087 42.28943, -71.08799 42.28834, -71.08728 42.28801, -71.0864 42.28772, -71.08598 42.28673, -71.08652 42.28661, -71.08631 42.28602, -71.08634 42.28547, -71.08767 42.28518, -71.08931 42.28447, -71.08915 42.28499, -71.08999 42.28514, -71.09108 42.28533, -71.09101 42.28555, -71.09003 42.28855)))",14,12,93.9,4,62.5
1410,"MULTIPOLYGON (((-71.08118 42.28684, -71.08291 42.28642, -71.08329 42.28732, -71.08598 42.28673, -71.0864 42.28772, -71.08728 42.28801, -71.08799 42.28834, -71.087 42.28943, -71.08775 42.2899, -71.08839 42.29048, -71.08907 42.29137, -71.08884 42.29214, -71.08797 42.29479, -71.08777 42.29488, -71.0859 42.2943, -71.083 42.29346, -71.08086 42.29282, -71.08125 42.291, -71.07921 42.29147, -71.07919 42.29138, -71.07912 42.29098, -71.07861 42.28992, -71.07857 42.2894, -71.07886 42.28875, -71.0792 42.28815, -71.07941 42.2881, -71.07987 42.28751, -71.08016 42.28719, -71.08054 42.28738, -71.08112 42.28681, -71.08118 42.28684)))",14,10,91.4,8,59.7
1405,"MULTIPOLYGON (((-71.08561 42.28105, -71.08618 42.28031, -71.08704 42.27942, -71.08748 42.27964, -71.08847 42.28011, -71.0886 42.27998, -71.09234 42.28168, -71.09204 42.28258, -71.09144 42.28424, -71.08979 42.28394, -71.08927 42.28361, -71.08725 42.28451, -71.08679 42.28397, -71.08621 42.2823, -71.0857 42.28251, -71.0847 42.28291, -71.08404 42.28318, -71.08561 42.28105)))",14,05,96.2,3.2,59.8
1414,"MULTIPOLYGON (((-71.09284 42.28015, -71.09308 42.27941, -71.09333 42.27959, -71.09351 42.27976, -71.09363 42.28002, -71.09367 42.2803, -71.09368 42.28054, -71.09366 42.28079, -71.09362 42.28105, -71.09354 42.28133, -71.0935 42.28158, -71.0938 42.28136, -71.09405 42.28126, -71.09431 42.28119, -71.09467 42.28119, -71.09502 42.28124, -71.09543 42.28138, -71.09573 42.28152, -71.09597 42.28172, -71.09621 42.28194, -71.09636 42.28213, -71.09646 42.28234, -71.09657 42.2826, -71.09654 42.28303, -71.09646 42.28325, -71.09636 42.28345, -71.09622 42.28368, -71.09604 42.28391, -71.09667 42.28426, -71.09609 42.2848, -71.09528 42.28527, -71.09631 42.28582, -71.09604 42.28608, -71.09534 42.28616, -71.09401 42.28639, -71.09345 42.28649, -71.09324 42.28596, -71.09101 42.28555, -71.09108 42.28533, -71.09144 42.28424, -71.09204 42.28258, -71.09234 42.28168, -71.0886 42.27998, -71.08951 42.27904, -71.08994 42.27861, -71.09284 42.28015)))",14,14,95.7,3.5,62
1601,"MULTIPOLYGON (((-71.06141 42.29607, -71.06248 42.29581, -71.06265 42.29658, -71.06453 42.2961, -71.06513 42.29736, -71.06631 42.29706, -71.06621 42.29737, -71.066 42.29773, -71.06574 42.29808, -71.06555 42.2983, -71.06514 42.29867, -71.06479 42.29893, -71.06433 42.29922, -71.06392 42.29942, -71.0635 42.29958, -71.0625 42.29985, -71.06075 42.30029, -71.06017 42.30032, -71.05905 42.30032, -71.05868 42.29978, -71.05812 42.29929, -71.05753 42.29882, -71.0572 42.29842, -71.05678 42.29777, -71.05646 42.29636, -71.05798 42.29594, -71.05888 42.29567, -71.05964 42.29544, -71.06063 42.29523, -71.06171 42.29503, -71.06141 42.29607)))",16,01,70.8,27.8,63.5
1701,"MULTIPOLYGON (((-71.07813 42.29687, -71.0765 42.29722, -71.07629 42.29735, -71.07618 42.29752, -71.07604 42.29793, -71.07559 42.29871, -71.07538 42.29886, -71.07504 42.29897, -71.07362 42.2994, -71.07294 42.29958, -71.07214 42.29876, -71.07141 42.29893, -71.07114 42.29851, -71.07075 42.29766, -71.07148 42.29745, -71.07132 42.2969, -71.07117 42.29575, -71.07213 42.2955, -71.07348 42.2953, -71.07414 42.29518, -71.07564 42.2949, -71.07844 42.29441, -71.07896 42.2967, -71.07849 42.2968, -71.07813 42.29687)))",17,01,91.6,7.6,57
1702,"MULTIPOLYGON (((-71.07114 42.29851, -71.07141 42.29893, -71.06859 42.29974, -71.06745 42.30003, -71.06624 42.30034, -71.06528 42.29976, -71.06433 42.29922, -71.06479 42.29893, -71.06514 42.29867, -71.06555 42.2983, -71.06574 42.29808, -71.066 42.29773, -71.06621 42.29737, -71.06631 42.29706, -71.06698 42.29689, -71.06673 42.29758, -71.06941 42.29678, -71.06981 42.29674, -71.07016 42.29677, -71.0705 42.2969, -71.07058 42.2972, -71.07075 42.29766, -71.07114 42.29851)))",17,02,87.9,10.8,67.6
1607,"MULTIPOLYGON (((-71.04838 42.29007, -71.05148 42.28931, -71.05369 42.28873, -71.05537 42.28826, -71.05552 42.28861, -71.05579 42.28939, -71.05659 42.29069, -71.05708 42.29121, -71.05725 42.29143, -71.05737 42.29169, -71.05737 42.29242, -71.05658 42.2926, -71.05584 42.29278, -71.0544 42.29316, -71.05409 42.29261, -71.05389 42.29221, -71.0531 42.29244, -71.05272 42.29257, -71.05092 42.29312, -71.05069 42.29285, -71.04993 42.29306, -71.04853 42.2934, -71.04828 42.29313, -71.04811 42.29201, -71.04814 42.29173, -71.04828 42.29059, -71.04838 42.29007)))",16,07,64.3,32.7,75.7
1605,"MULTIPOLYGON (((-71.05584 42.29278, -71.05658 42.2926, -71.05737 42.29242, -71.05737 42.29257, -71.05734 42.29309, -71.05716 42.29365, -71.05692 42.29399, -71.05882 42.29353, -71.05919 42.29441, -71.05834 42.29464, -71.05888 42.29567, -71.05798 42.29594, -71.05646 42.29636, -71.05626 42.29574, -71.05451 42.29594, -71.05373 42.29597, -71.05279 42.29604, -71.05148 42.29735, -71.05097 42.29696, -71.04816 42.29451, -71.04772 42.29414, -71.04763 42.29405, -71.0473 42.2938, -71.04747 42.29352, -71.0477 42.29316, -71.048 42.29302, -71.04828 42.29313, -71.04853 42.2934, -71.04993 42.29306, -71.05069 42.29285, -71.05092 42.29312, -71.05272 42.29257, -71.0531 42.29244, -71.05389 42.29221, -71.05409 42.29261, -71.0544 42.29316, -71.05584 42.29278)))",16,05,74.8,24.2,66.6
1603,"MULTIPOLYGON (((-71.06619 42.29188, -71.06459 42.29234, -71.06504 42.2938, -71.06523 42.2942, -71.0647 42.29443, -71.06313 42.2947, -71.06319 42.29514, -71.06307 42.29564, -71.06248 42.29581, -71.06141 42.29607, -71.06171 42.29503, -71.06225 42.29313, -71.06283 42.29113, -71.06316 42.28994, -71.06357 42.28849, -71.06395 42.28704, -71.06432 42.28578, -71.06504 42.28727, -71.06557 42.28801, -71.06623 42.28859, -71.06704 42.28907, -71.06828 42.2896, -71.06969 42.29, -71.06725 42.29077, -71.06758 42.29144, -71.06619 42.29188)))",16,03,77.8,20.5,64.4
1609,"MULTIPOLYGON (((-71.04994 42.28332, -71.05158 42.28325, -71.05228 42.28317, -71.05364 42.28293, -71.05488 42.2827, -71.05576 42.28266, -71.05598 42.28276, -71.05565 42.28361, -71.05508 42.28537, -71.05466 42.28635, -71.05453 42.28678, -71.05453 42.28702, -71.05464 42.2873, -71.05482 42.28755, -71.05537 42.28826, -71.05369 42.28873, -71.05148 42.28931, -71.05114 42.28863, -71.05073 42.28779, -71.04939 42.28803, -71.04911 42.28739, -71.04855 42.28614, -71.04748 42.28641, -71.04714 42.28569, -71.04699 42.28572, -71.04652 42.28472, -71.0467 42.28414, -71.04675 42.28395, -71.04736 42.28374, -71.04827 42.28355, -71.04899 42.28343, -71.04994 42.28332)))",16,09,56.5,41.5,78.4
1706,"MULTIPOLYGON (((-71.06969 42.29, -71.06828 42.2896, -71.06704 42.28907, -71.0688 42.28861, -71.0699 42.28831, -71.07119 42.28795, -71.07113 42.28861, -71.07123 42.28912, -71.07153 42.28986, -71.0716 42.29022, -71.07164 42.29038, -71.0717 42.291, -71.07178 42.29245, -71.07185 42.29334, -71.07122 42.2935, -71.0693 42.29401, -71.06307 42.29564, -71.06319 42.29514, -71.06313 42.2947, -71.0647 42.29443, -71.06523 42.2942, -71.06504 42.2938, -71.06459 42.29234, -71.06619 42.29188, -71.06758 42.29144, -71.06725 42.29077, -71.06969 42.29)))",17,06,91,7.8,67
1709,"MULTIPOLYGON (((-71.07118 42.28598, -71.0712 42.28729, -71.07119 42.28795, -71.0699 42.28831, -71.0688 42.28861, -71.06704 42.28907, -71.06623 42.28859, -71.06557 42.28801, -71.06504 42.28727, -71.06432 42.28578, -71.06433 42.28575, -71.06592 42.28524, -71.06625 42.28517, -71.06716 42.28505, -71.06766 42.28491, -71.06809 42.28472, -71.06839 42.2845, -71.07152 42.28355, -71.07156 42.28387, -71.07161 42.28427, -71.07152 42.28463, -71.07126 42.28517, -71.07118 42.28555, -71.07118 42.28598)))",17,09,91.3,6.8,72.1
1711,"MULTIPOLYGON (((-71.06457 42.28483, -71.06478 42.28403, -71.0673 42.28321, -71.0687 42.28281, -71.07125 42.28203, -71.07135 42.28244, -71.07139 42.28299, -71.07152 42.28355, -71.06839 42.2845, -71.06809 42.28472, -71.06766 42.28491, -71.06716 42.28505, -71.06625 42.28517, -71.06592 42.28524, -71.06433 42.28575, -71.06457 42.28483)))",17,11,92.9,4.9,59.1
1604,"MULTIPOLYGON (((-71.0601 42.29071, -71.06316 42.28994, -71.06283 42.29113, -71.06225 42.29313, -71.06171 42.29503, -71.06063 42.29523, -71.05964 42.29544, -71.05888 42.29567, -71.05834 42.29464, -71.05919 42.29441, -71.05882 42.29353, -71.05692 42.29399, -71.05716 42.29365, -71.05734 42.29309, -71.05737 42.29257, -71.05737 42.29242, -71.05737 42.29169, -71.05725 42.29143, -71.0601 42.29071)))",16,04,78.1,20.8,68.5
1606,"MULTIPOLYGON (((-71.06058 42.28676, -71.06194 42.28651, -71.06252 42.28631, -71.06313 42.2861, -71.06375 42.28591, -71.06433 42.28575, -71.06432 42.28578, -71.06395 42.28704, -71.06357 42.28849, -71.06316 42.28994, -71.0601 42.29071, -71.05725 42.29143, -71.05708 42.29121, -71.05659 42.29069, -71.05579 42.28939, -71.05552 42.28861, -71.05537 42.28826, -71.05743 42.28756, -71.058 42.28741, -71.06058 42.28676)))",16,06,75.8,22,64.8
1608,"MULTIPOLYGON (((-71.06206 42.28297, -71.06282 42.28275, -71.06471 42.28218, -71.06535 42.28198, -71.06506 42.28305, -71.06478 42.28403, -71.06457 42.28483, -71.06433 42.28575, -71.06375 42.28591, -71.06313 42.2861, -71.06252 42.28631, -71.06194 42.28651, -71.06058 42.28676, -71.058 42.28741, -71.05743 42.28756, -71.05537 42.28826, -71.05482 42.28755, -71.05464 42.2873, -71.05453 42.28702, -71.05453 42.28678, -71.05466 42.28635, -71.05508 42.28537, -71.05565 42.28361, -71.05694 42.28356, -71.05897 42.28353, -71.0608 42.28335, -71.06206 42.28297)))",16,08,72.1,25.3,76.9
1611,"MULTIPOLYGON (((-71.06206 42.28297, -71.0608 42.28335, -71.05897 42.28353, -71.05694 42.28356, -71.05565 42.28361, -71.05598 42.28276, -71.05576 42.28266, -71.0554 42.28184, -71.05475 42.28035, -71.0542 42.27892, -71.05381 42.27809, -71.05535 42.27732, -71.05706 42.27617, -71.05901 42.27481, -71.05942 42.27438, -71.06144 42.27565, -71.06181 42.27594, -71.06551 42.27481, -71.06733 42.27507, -71.06715 42.27567, -71.0665 42.27799, -71.06609 42.27945, -71.06588 42.28021, -71.06535 42.28198, -71.06471 42.28218, -71.06282 42.28275, -71.06206 42.28297)))",16,11,66.5,31.8,75.5
1705,"MULTIPOLYGON (((-71.0726 42.2897, -71.0729 42.28937, -71.07317 42.28923, -71.07517 42.28877, -71.07561 42.28861, -71.07614 42.28839, -71.0773 42.28811, -71.07783 42.28799, -71.0783 42.28807, -71.0792 42.28815, -71.07886 42.28875, -71.07857 42.2894, -71.07832 42.29032, -71.07818 42.29132, -71.07822 42.29206, -71.07824 42.29245, -71.0779 42.29251, -71.0766 42.29279, -71.075 42.29311, -71.07436 42.29135, -71.07397 42.29045, -71.0733 42.29061, -71.0717 42.291, -71.07164 42.29038, -71.0716 42.29022, -71.07209 42.29023, -71.07234 42.28994, -71.0726 42.2897)))",17,05,93.9,5.3,59.6
1708,"MULTIPOLYGON (((-71.07113 42.28861, -71.07119 42.28795, -71.0712 42.28729, -71.07118 42.28598, -71.07118 42.28555, -71.07126 42.28517, -71.07152 42.28463, -71.07161 42.28427, -71.07156 42.28387, -71.07622 42.28292, -71.07627 42.28319, -71.07708 42.2844, -71.07729 42.28501, -71.07818 42.28774, -71.07783 42.28799, -71.0773 42.28811, -71.07614 42.28839, -71.07561 42.28861, -71.07517 42.28877, -71.07317 42.28923, -71.0729 42.28937, -71.0726 42.2897, -71.07234 42.28994, -71.07209 42.29023, -71.0716 42.29022, -71.07153 42.28986, -71.07123 42.28912, -71.07113 42.28861)))",17,08,92.4,6.3,63.1
1707,"MULTIPOLYGON (((-71.08312 42.28436, -71.08234 42.28519, -71.08162 42.28584, -71.08076 42.28659, -71.08045 42.28686, -71.08016 42.28719, -71.07987 42.28751, -71.07941 42.2881, -71.0792 42.28815, -71.0783 42.28807, -71.07783 42.28799, -71.07818 42.28774, -71.07729 42.28501, -71.07708 42.2844, -71.07627 42.28319, -71.07725 42.28298, -71.07841 42.28274, -71.07933 42.28258, -71.0802 42.28248, -71.08063 42.28303, -71.0809 42.28367, -71.08114 42.28423, -71.0823 42.28385, -71.08404 42.28318, -71.08312 42.28436)))",17,07,93.8,5.4,60.3
1710,"MULTIPOLYGON (((-71.07622 42.28292, -71.07156 42.28387, -71.07152 42.28355, -71.07139 42.28299, -71.07135 42.28244, -71.07125 42.28203, -71.07531 42.28119, -71.07572 42.28104, -71.079 42.28031, -71.08153 42.27973, -71.08248 42.28038, -71.08265 42.28046, -71.08505 42.28093, -71.08561 42.28105, -71.08404 42.28318, -71.0823 42.28385, -71.08114 42.28423, -71.0809 42.28367, -71.08063 42.28303, -71.0802 42.28248, -71.07933 42.28258, -71.07841 42.28274, -71.07725 42.28298, -71.07627 42.28319, -71.07622 42.28292)))",17,10,93.3,5.9,60.5
1712,"MULTIPOLYGON (((-71.07526 42.27637, -71.07725 42.27722, -71.07878 42.27792, -71.07924 42.27819, -71.08029 42.27889, -71.08153 42.27973, -71.079 42.28031, -71.07572 42.28104, -71.07546 42.28034, -71.07497 42.27886, -71.07472 42.27815, -71.07389 42.27804, -71.07357 42.27803, -71.07314 42.27804, -71.0728 42.27805, -71.07255 42.27736, -71.07205 42.27603, -71.07209 42.27568, -71.07222 42.27502, -71.07342 42.27569, -71.07526 42.27637)))",17,12,92,7.3,75.2
1704,"MULTIPOLYGON (((-71.06944 42.27628, -71.06958 42.27577, -71.07082 42.27594, -71.07209 42.27568, -71.07205 42.27603, -71.07255 42.27736, -71.0728 42.27805, -71.07314 42.27804, -71.07357 42.27803, -71.07389 42.27804, -71.07472 42.27815, -71.07497 42.27886, -71.07546 42.28034, -71.07572 42.28104, -71.07531 42.28119, -71.07125 42.28203, -71.0687 42.28281, -71.0673 42.28321, -71.06478 42.28403, -71.06506 42.28305, -71.06535 42.28198, -71.06588 42.28021, -71.06609 42.27945, -71.0665 42.27799, -71.0675 42.2777, -71.06783 42.2765, -71.06792 42.27642, -71.06894 42.27624, -71.06944 42.27628)))",17,04,86.4,12,73
1802,"MULTIPOLYGON (((-71.09265 42.27651, -71.09351 42.27609, -71.0935 42.27715, -71.09342 42.2782, -71.09324 42.2789, -71.09308 42.27941, -71.09284 42.28015, -71.08994 42.27861, -71.08951 42.27904, -71.0886 42.27998, -71.08847 42.28011, -71.08748 42.27964, -71.08704 42.27942, -71.08618 42.28031, -71.08561 42.28105, -71.08505 42.28093, -71.08265 42.28046, -71.08359 42.27988, -71.08487 42.27855, -71.08723 42.27593, -71.0899 42.27302, -71.08951 42.27272, -71.08939 42.27256, -71.08937 42.27235, -71.08954 42.27216, -71.09024 42.27181, -71.09145 42.27071, -71.09239 42.2712, -71.09199 42.2724, -71.09194 42.2727, -71.09203 42.27404, -71.09213 42.27442, -71.09265 42.27651)))",,,,,
1821,"MULTIPOLYGON (((-71.10482 42.27135, -71.10635 42.2717, -71.10676 42.27187, -71.10715 42.27222, -71.10843 42.27354, -71.10887 42.27399, -71.10921 42.27436, -71.10862 42.27533, -71.10832 42.2762, -71.10774 42.27759, -71.10766 42.27788, -71.10754 42.27831, -71.10602 42.2775, -71.10464 42.27682, -71.10495 42.27655, -71.10504 42.27646, -71.10436 42.27609, -71.10283 42.27531, -71.10173 42.27473, -71.09981 42.27361, -71.09768 42.27237, -71.0968 42.27188, -71.09637 42.27233, -71.09601 42.27264, -71.09555 42.27287, -71.09362 42.27339, -71.09361 42.27309, -71.09213 42.27442, -71.09202 42.27406, -71.09194 42.2727, -71.09199 42.2724, -71.09239 42.2712, -71.09366 42.27188, -71.09366 42.27118, -71.09404 42.27116, -71.09622 42.26897, -71.09676 42.2694, -71.0972 42.26974, -71.09783 42.27007, -71.10131 42.26687, -71.10161 42.26715, -71.10291 42.26825, -71.10438 42.26956, -71.10406 42.27005, -71.10386 42.27025, -71.1052 42.27095, -71.10482 42.27135)))",,,,,
1807,"MULTIPOLYGON (((-71.10329 42.28502, -71.10041 42.28283, -71.09967 42.2823, -71.10002 42.28203, -71.10089 42.28176, -71.10404 42.28121, -71.10542 42.28047, -71.10596 42.28024, -71.10635 42.27986, -71.10738 42.27891, -71.10774 42.27759, -71.10832 42.2762, -71.10862 42.27533, -71.10921 42.27436, -71.10957 42.27463, -71.11039 42.27505, -71.11109 42.27549, -71.11412 42.27705, -71.11582 42.27843, -71.11626 42.27873, -71.11693 42.27912, -71.11892 42.27994, -71.11972 42.28029, -71.11968 42.28136, -71.11966 42.28247, -71.11962 42.284, -71.11947 42.28551, -71.11885 42.2855, -71.11869 42.2864, -71.11725 42.28643, -71.11472 42.28647, -71.11236 42.28652, -71.11206 42.28655, -71.11068 42.2869, -71.11046 42.28703, -71.11009 42.28737, -71.10957 42.28778, -71.10811 42.28849, -71.10794 42.28862, -71.10677 42.28773, -71.10544 42.28671, -71.10329 42.28502)))",,,,,
1808,"MULTIPOLYGON (((-71.12002 42.27884, -71.11972 42.28029, -71.11892 42.27994, -71.11693 42.27912, -71.11626 42.27873, -71.11582 42.27843, -71.11412 42.27705, -71.11109 42.27549, -71.11039 42.27505, -71.11222 42.27191, -71.11017 42.27073, -71.11019 42.27043, -71.11106 42.26893, -71.11163 42.26766, -71.11169 42.2674, -71.11079 42.26606, -71.11234 42.26559, -71.11564 42.26455, -71.11695 42.26425, -71.11791 42.26402, -71.1183 42.26666, -71.12061 42.27033, -71.12076 42.27042, -71.12164 42.27107, -71.12002 42.27884)))",,,,,
1809,"MULTIPOLYGON (((-71.12189 42.27101, -71.12344 42.27134, -71.12369 42.27149, -71.12575 42.27346, -71.12589 42.27352, -71.12825 42.27423, -71.12755 42.27494, -71.12696 42.27517, -71.12567 42.27591, -71.12638 42.27656, -71.12705 42.27723, -71.12756 42.27773, -71.12812 42.27822, -71.12868 42.27862, -71.12948 42.27912, -71.13062 42.27969, -71.12911 42.28096, -71.12759 42.28223, -71.12664 42.28126, -71.12543 42.28078, -71.12504 42.28059, -71.12486 42.28041, -71.12449 42.27994, -71.12415 42.27961, -71.12401 42.27951, -71.12372 42.27892, -71.12367 42.27856, -71.12368 42.27808, -71.12153 42.27805, -71.1211 42.27855, -71.12002 42.27884, -71.12164 42.27107, -71.12189 42.27101)))",,,,,
1810,"MULTIPOLYGON (((-71.13404 42.28095, -71.13306 42.28187, -71.13269 42.2822, -71.131 42.28379, -71.12895 42.2857, -71.12871 42.28496, -71.12814 42.2831, -71.12796 42.28269, -71.12759 42.28223, -71.12911 42.28096, -71.13062 42.27969, -71.12948 42.27912, -71.12868 42.27862, -71.12812 42.27822, -71.12756 42.27773, -71.12705 42.27723, -71.12638 42.27656, -71.12567 42.27591, -71.12696 42.27517, -71.12755 42.27494, -71.12825 42.27423, -71.12868 42.2739, -71.12936 42.27348, -71.13167 42.27493, -71.1347 42.27684, -71.137 42.27831, -71.13548 42.27958, -71.13404 42.28095)))",,,,,
1811,"MULTIPOLYGON (((-71.13167 42.27493, -71.12936 42.27348, -71.13058 42.27305, -71.13126 42.27266, -71.13162 42.27235, -71.13173 42.27217, -71.13182 42.27154, -71.13213 42.27034, -71.13215 42.27001, -71.13194 42.26923, -71.13177 42.2689, -71.13154 42.26855, -71.13754 42.26588, -71.14148 42.26384, -71.14162 42.26411, -71.1418 42.26429, -71.14239 42.2646, -71.1427 42.26484, -71.14285 42.26501, -71.14309 42.26519, -71.14351 42.26545, -71.14425 42.26594, -71.1449 42.26649, -71.14508 42.26681, -71.14514 42.26718, -71.14508 42.26761, -71.14506 42.26776, -71.14506 42.26807, -71.14514 42.26852, -71.1452 42.26869, -71.14542 42.26926, -71.14547 42.26953, -71.14544 42.26985, -71.14536 42.2701, -71.14525 42.27029, -71.14496 42.27076, -71.14473 42.27133, -71.14455 42.27165, -71.1444 42.27178, -71.14423 42.2719, -71.14403 42.27199, -71.14387 42.27205, -71.14307 42.27216, -71.1428 42.2722, -71.14259 42.27227, -71.14264 42.27234, -71.14282 42.27242, -71.14329 42.27253, -71.14359 42.2727, -71.14371 42.27293, -71.14071 42.27517, -71.14008 42.27571, -71.13962 42.27607, -71.13915 42.27648, -71.13866 42.27689, -71.13817 42.27731, -71.137 42.27831, -71.13167 42.27493)))",,,,,
1813,"MULTIPOLYGON (((-71.12232 42.25673, -71.12394 42.25657, -71.12411 42.25584, -71.12536 42.25569, -71.12476 42.25767, -71.12358 42.26224, -71.12342 42.26216, -71.12217 42.26161, -71.1203 42.26063, -71.11985 42.26028, -71.11895 42.25952, -71.11792 42.25865, -71.11757 42.25838, -71.11716 42.25818, -71.11643 42.25784, -71.11682 42.25743, -71.11746 42.2569, -71.11802 42.25643, -71.11764 42.25622, -71.11694 42.25583, -71.11755 42.25537, -71.1194 42.25362, -71.11972 42.25402, -71.12029 42.25504, -71.12119 42.2558, -71.12064 42.25628, -71.12028 42.25678, -71.12069 42.2569, -71.1219 42.25679, -71.1219 42.25673, -71.12218 42.2567, -71.12218 42.25674, -71.12232 42.25673)))",,,,,
1814,"MULTIPOLYGON (((-71.12342 42.26216, -71.12358 42.26224, -71.12314 42.26441, -71.12183 42.27024, -71.12164 42.27107, -71.12076 42.27042, -71.12061 42.27033, -71.1183 42.26666, -71.11791 42.26402, -71.11813 42.26377, -71.119 42.26193, -71.11869 42.26183, -71.11768 42.26095, -71.11895 42.25952, -71.11985 42.26028, -71.1203 42.26063, -71.12217 42.26161, -71.12342 42.26216)))",,,,,
1822,"MULTIPOLYGON (((-71.12344 42.27134, -71.12189 42.27101, -71.12164 42.27107, -71.12183 42.27024, -71.12314 42.26441, -71.12358 42.26224, -71.12468 42.26279, -71.12602 42.26348, -71.12633 42.26368, -71.12712 42.26432, -71.12875 42.26551, -71.129 42.26573, -71.12938 42.26609, -71.13019 42.26686, -71.13112 42.26789, -71.13177 42.2689, -71.13194 42.26923, -71.13208 42.2697, -71.13215 42.27001, -71.13213 42.27034, -71.13182 42.27154, -71.13173 42.27217, -71.13162 42.27235, -71.13126 42.27266, -71.13058 42.27305, -71.12936 42.27348, -71.12868 42.2739, -71.12825 42.27423, -71.12589 42.27352, -71.12575 42.27346, -71.12369 42.27149, -71.12344 42.27134)))",,,,,
1805,"MULTIPOLYGON (((-71.10564 42.2668, -71.10482 42.26637, -71.10439 42.2668, -71.10291 42.26825, -71.10161 42.26715, -71.10131 42.26687, -71.1006 42.26619, -71.10024 42.26592, -71.09914 42.26514, -71.09968 42.26486, -71.09806 42.26321, -71.09774 42.26281, -71.09859 42.26275, -71.10012 42.26148, -71.10279 42.25987, -71.10334 42.25979, -71.1039 42.2598, -71.10523 42.26089, -71.10572 42.26095, -71.10653 42.26079, -71.10751 42.26069, -71.1085 42.26107, -71.10682 42.26197, -71.1077 42.26299, -71.10713 42.26322, -71.1065 42.26341, -71.10735 42.26533, -71.10758 42.26582, -71.10721 42.2662, -71.1067 42.26592, -71.10657 42.26591, -71.10645 42.26596, -71.10633 42.26607, -71.10629 42.26619, -71.10564 42.2668)))",,,,,
1806,"MULTIPOLYGON (((-71.11163 42.26766, -71.11106 42.26893, -71.11019 42.27043, -71.11017 42.27073, -71.11222 42.27191, -71.11039 42.27505, -71.10957 42.27463, -71.10921 42.27436, -71.10887 42.27399, -71.10846 42.27357, -71.10715 42.27222, -71.10676 42.27187, -71.10635 42.2717, -71.10482 42.27135, -71.1052 42.27095, -71.10386 42.27025, -71.10406 42.27005, -71.10438 42.26956, -71.10291 42.26825, -71.10439 42.2668, -71.10482 42.26637, -71.10564 42.2668, -71.10629 42.26619, -71.10633 42.26607, -71.10645 42.26596, -71.10657 42.26591, -71.1067 42.26592, -71.10721 42.2662, -71.10758 42.26583, -71.10736 42.26535, -71.1065 42.26341, -71.10713 42.26323, -71.1077 42.263, -71.10818 42.2628, -71.10842 42.26264, -71.10962 42.26431, -71.11079 42.26606, -71.11169 42.2674, -71.11163 42.26766)))",,,,,
1815,"MULTIPOLYGON (((-71.11694 42.25583, -71.11764 42.25622, -71.11802 42.25643, -71.11746 42.2569, -71.11682 42.25743, -71.11643 42.25784, -71.11716 42.25818, -71.11757 42.25838, -71.11792 42.25865, -71.11895 42.25952, -71.11768 42.26095, -71.11869 42.26183, -71.119 42.26193, -71.11813 42.26377, -71.11791 42.26402, -71.11695 42.26425, -71.11564 42.26455, -71.11234 42.26559, -71.11079 42.26606, -71.10962 42.26431, -71.10842 42.26264, -71.10818 42.2628, -71.1077 42.263, -71.10682 42.26197, -71.1085 42.26107, -71.10877 42.26117, -71.1105 42.26099, -71.11207 42.26046, -71.11282 42.25961, -71.11357 42.2593, -71.1129 42.25866, -71.114 42.25797, -71.11503 42.25722, -71.11596 42.25653, -71.11671 42.256, -71.11694 42.25583)))",,,,,
1819,"MULTIPOLYGON (((-71.12752 42.25109, -71.12853 42.24909, -71.12923 42.24767, -71.13123 42.24335, -71.13313 42.23953, -71.13378 42.23972, -71.13258 42.24227, -71.13168 42.24405, -71.13361 42.24452, -71.13378 42.24408, -71.13487 42.24438, -71.13546 42.24455, -71.13584 42.24482, -71.1355 42.24386, -71.13529 42.24362, -71.13657 42.24317, -71.13675 42.24289, -71.13676 42.24279, -71.13736 42.24175, -71.13991 42.24256, -71.14083 42.24246, -71.14088 42.24246, -71.14392 42.24206, -71.14616 42.25297, -71.14586 42.25318, -71.14526 42.25341, -71.14491 42.25358, -71.14427 42.25402, -71.1439 42.25433, -71.14355 42.25471, -71.14335 42.25501, -71.14312 42.25547, -71.14204 42.25728, -71.14184 42.25753, -71.14164 42.25771, -71.14132 42.25795, -71.14065 42.25834, -71.14019 42.25847, -71.13957 42.25841, -71.13919 42.25841, -71.13886 42.25845, -71.13847 42.25853, -71.13814 42.25865, -71.13786 42.25877, -71.13757 42.25886, -71.13727 42.2589, -71.13692 42.25889, -71.13657 42.25881, -71.13629 42.25868, -71.13603 42.25854, -71.13544 42.25818, -71.13565 42.25797, -71.13571 42.25789, -71.13572 42.25739, -71.13569 42.25721, -71.13552 42.25698, -71.13527 42.25677, -71.13503 42.25656, -71.13493 42.2564, -71.13491 42.25617, -71.13503 42.25593, -71.1356 42.25515, -71.13571 42.25503, -71.13588 42.25489, -71.13602 42.25481, -71.13564 42.25474, -71.13397 42.25431, -71.13315 42.25409, -71.13266 42.25395, -71.13235 42.25378, -71.1321 42.25358, -71.13152 42.25288, -71.13097 42.25223, -71.13083 42.25237, -71.13016 42.25293, -71.1295 42.25352, -71.12909 42.25394, -71.12857 42.25453, -71.1272 42.25385, -71.12649 42.25346, -71.12631 42.25337, -71.12693 42.25213, -71.12752 42.25109)))",,,,,
1911,"MULTIPOLYGON (((-71.12132 42.29515, -71.11984 42.2943, -71.1198 42.29428, -71.11994 42.29415, -71.11908 42.29368, -71.11844 42.29342, -71.11849 42.29324, -71.11877 42.29249, -71.11896 42.29171, -71.11914 42.29085, -71.11922 42.29048, -71.11962 42.29054, -71.11971 42.29022, -71.11992 42.28903, -71.12 42.28867, -71.12015 42.28829, -71.12041 42.28801, -71.12109 42.28747, -71.12171 42.28787, -71.12181 42.28778, -71.12214 42.28801, -71.12176 42.28832, -71.12165 42.28863, -71.12176 42.28865, -71.12151 42.28881, -71.12103 42.28919, -71.12088 42.28936, -71.12075 42.28982, -71.12324 42.29048, -71.1236 42.2907, -71.12437 42.28997, -71.1256 42.28883, -71.12589 42.28859, -71.12598 42.2885, -71.12639 42.28874, -71.12682 42.28899, -71.12716 42.28918, -71.12624 42.29013, -71.12402 42.29288, -71.12327 42.29361, -71.12314 42.29377, -71.12247 42.29432, -71.1218 42.29482, -71.12132 42.29515)))",19,11,89,9.6,65.5
1913,"MULTIPOLYGON (((-71.12573 42.28492, -71.12622 42.28521, -71.12814 42.28646, -71.12716 42.28735, -71.12688 42.2876, -71.1265 42.28799, -71.12598 42.2885, -71.12589 42.28859, -71.1256 42.28883, -71.12437 42.28997, -71.1236 42.2907, -71.12324 42.29048, -71.12075 42.28982, -71.12088 42.28936, -71.12103 42.28919, -71.12151 42.28881, -71.12176 42.28865, -71.12165 42.28863, -71.12176 42.28832, -71.12214 42.28801, -71.12181 42.28778, -71.12171 42.28787, -71.12109 42.28747, -71.12041 42.28801, -71.12015 42.28829, -71.12 42.28867, -71.11971 42.29022, -71.11962 42.29054, -71.11922 42.29048, -71.11928 42.29022, -71.11931 42.288, -71.11947 42.28551, -71.12018 42.28551, -71.12012 42.28582, -71.1202 42.28616, -71.12074 42.28676, -71.12111 42.28702, -71.1221 42.28615, -71.12277 42.28647, -71.12364 42.28574, -71.1251 42.28448, -71.12573 42.28492)))",19,13,85.9,12.3,69.8
1912,"MULTIPOLYGON (((-71.11907 42.29121, -71.11795 42.29118, -71.117 42.29116, -71.11682 42.29233, -71.11602 42.29227, -71.11559 42.29233, -71.11522 42.29244, -71.11487 42.29266, -71.11445 42.29303, -71.1139 42.29246, -71.11429 42.29193, -71.11444 42.29154, -71.11448 42.29125, -71.11445 42.29076, -71.11438 42.29066, -71.11417 42.28982, -71.11388 42.28929, -71.11346 42.28903, -71.11276 42.28867, -71.11196 42.28833, -71.1116 42.2881, -71.11074 42.2874, -71.11046 42.28703, -71.11068 42.2869, -71.11206 42.28655, -71.11236 42.28652, -71.11472 42.28647, -71.11725 42.28643, -71.11869 42.2864, -71.11885 42.2855, -71.11947 42.28551, -71.11931 42.288, -71.11928 42.29022, -71.11922 42.29048, -71.11907 42.29121)))",19,12,88.1,11.2,79.9
2004,"MULTIPOLYGON (((-71.13652 42.288, -71.13565 42.28832, -71.13476 42.28859, -71.13411 42.28886, -71.13379 42.28925, -71.13252 42.29075, -71.13419 42.29209, -71.13367 42.29253, -71.13165 42.29432, -71.13169 42.29479, -71.13041 42.29483, -71.13059 42.29443, -71.13062 42.29406, -71.13047 42.29343, -71.13047 42.29313, -71.13034 42.29312, -71.12969 42.29275, -71.1296 42.29282, -71.12774 42.29131, -71.12801 42.2911, -71.12787 42.29099, -71.12736 42.29101, -71.12624 42.29013, -71.12716 42.28918, -71.12755 42.28883, -71.12809 42.28847, -71.12939 42.28779, -71.1306 42.28731, -71.13206 42.28701, -71.13333 42.28684, -71.13412 42.2868, -71.13702 42.28676, -71.13682 42.2872, -71.13898 42.28715, -71.13969 42.28706, -71.13977 42.28768, -71.13869 42.28779, -71.13663 42.28788, -71.13652 42.288)))",20,04,88.2,10.3,84.6
2009,"MULTIPOLYGON (((-71.13604 42.28274, -71.1353 42.28331, -71.13463 42.28282, -71.13383 42.28244, -71.13269 42.2822, -71.13306 42.28187, -71.13404 42.28095, -71.13548 42.27958, -71.137 42.27831, -71.13817 42.27731, -71.13866 42.27689, -71.13915 42.27648, -71.13962 42.27607, -71.14008 42.27571, -71.14071 42.27517, -71.14069 42.27602, -71.14111 42.27729, -71.14205 42.27851, -71.14382 42.28037, -71.14342 42.28073, -71.14226 42.28169, -71.14073 42.28298, -71.14022 42.28265, -71.13927 42.28203, -71.1394 42.2836, -71.13741 42.28368, -71.13604 42.28274)))",20,09,78,20.5,78.6
2007,"MULTIPOLYGON (((-71.1496 42.28634, -71.14993 42.28684, -71.15007 42.28723, -71.15001 42.28785, -71.15185 42.28977, -71.15106 42.29009, -71.15028 42.29043, -71.14952 42.29076, -71.14857 42.28959, -71.14752 42.29007, -71.14748 42.29047, -71.14705 42.29012, -71.14559 42.2889, -71.1454 42.28863, -71.14513 42.28811, -71.14447 42.28827, -71.14307 42.2886, -71.14274 42.28876, -71.14175 42.28963, -71.14039 42.29077, -71.13723 42.28869, -71.13652 42.288, -71.13663 42.28788, -71.13869 42.28779, -71.13977 42.28768, -71.13969 42.28706, -71.13965 42.28668, -71.14502 42.2866, -71.14705 42.28655, -71.14775 42.28652, -71.14782 42.28597, -71.1477 42.2851, -71.14874 42.28577, -71.14932 42.28609, -71.1496 42.28634)))",20,07,76.2,20.8,84.5
2019,"MULTIPOLYGON (((-71.14556 42.29687, -71.14566 42.29617, -71.1458 42.29582, -71.14597 42.29529, -71.14606 42.2946, -71.14601 42.29371, -71.14606 42.29332, -71.14658 42.29243, -71.14685 42.29165, -71.147 42.29061, -71.14705 42.29012, -71.14748 42.29047, -71.14752 42.29007, -71.14857 42.28959, -71.14952 42.29076, -71.15028 42.29043, -71.15106 42.29009, -71.15185 42.28977, -71.15273 42.29091, -71.15408 42.29268, -71.15433 42.29296, -71.15391 42.29314, -71.15349 42.29326, -71.15442 42.29415, -71.15378 42.29443, -71.15279 42.29465, -71.15227 42.29468, -71.15151 42.29493, -71.15076 42.29541, -71.1488 42.2964, -71.14803 42.29683, -71.14686 42.29744, -71.14594 42.29802, -71.14592 42.29791, -71.14563 42.29728, -71.14556 42.29687)))",20,19,69.8,27.9,86
2006,"MULTIPOLYGON (((-71.14556 42.29687, -71.14563 42.29728, -71.14592 42.29791, -71.14594 42.29802, -71.14271 42.3005, -71.14107 42.3017, -71.14046 42.30214, -71.14008 42.30214, -71.13958 42.30192, -71.13726 42.30122, -71.13682 42.30121, -71.13487 42.30172, -71.13448 42.30175, -71.13299 42.3015, -71.13196 42.30135, -71.13098 42.3013, -71.12789 42.30015, -71.12984 42.2982, -71.13047 42.29788, -71.13303 42.29676, -71.13333 42.29656, -71.13428 42.29586, -71.13616 42.29431, -71.13792 42.29288, -71.13872 42.29339, -71.14057 42.29184, -71.13976 42.29129, -71.14039 42.29077, -71.14175 42.28963, -71.14274 42.28876, -71.14307 42.2886, -71.14447 42.28827, -71.14513 42.28811, -71.1454 42.28863, -71.14559 42.2889, -71.14705 42.29012, -71.147 42.29061, -71.14685 42.29165, -71.14658 42.29243, -71.14606 42.29332, -71.14601 42.29371, -71.14606 42.2946, -71.14597 42.29529, -71.1458 42.29582, -71.14566 42.29617, -71.14556 42.29687)))",20,06,73.5,23.8,84.6
2020,"MULTIPOLYGON (((-71.16081 42.29183, -71.1626 42.29339, -71.16302 42.29373, -71.16344 42.29383, -71.16405 42.294, -71.16481 42.29435, -71.16504 42.2946, -71.16541 42.2951, -71.1656 42.29526, -71.16716 42.29619, -71.16774 42.29664, -71.16829 42.29721, -71.16889 42.29822, -71.16948 42.2995, -71.1698 42.30039, -71.16462 42.30378, -71.15346 42.29567, -71.15227 42.29468, -71.15279 42.29465, -71.15378 42.29443, -71.15442 42.29415, -71.15349 42.29326, -71.15391 42.29314, -71.15433 42.29296, -71.15408 42.29268, -71.15273 42.29091, -71.15426 42.29027, -71.15569 42.29208, -71.15626 42.29164, -71.15675 42.2915, -71.15736 42.29153, -71.15733 42.29137, -71.15924 42.28999, -71.15993 42.29055, -71.16018 42.29088, -71.16081 42.29183)))",20,20,72.8,25.7,77.8
2013,"MULTIPOLYGON (((-71.15754 42.28294, -71.15902 42.28208, -71.15979 42.28154, -71.16051 42.28094, -71.16114 42.28035, -71.16148 42.28008, -71.16194 42.27976, -71.16247 42.28023, -71.16328 42.27972, -71.16497 42.28116, -71.16568 42.28068, -71.16834 42.28293, -71.1693 42.28372, -71.1678 42.28472, -71.16852 42.28533, -71.16695 42.28637, -71.16644 42.28594, -71.16592 42.2855, -71.16396 42.28387, -71.16255 42.28477, -71.16171 42.28404, -71.16124 42.28326, -71.16081 42.28263, -71.15896 42.2838, -71.15814 42.28313, -71.15754 42.28294)))",20,13,68,30.4,84.1
2016,"MULTIPOLYGON (((-71.1674 42.26218, -71.16855 42.26307, -71.1716 42.26511, -71.1721 42.26601, -71.1743 42.26671, -71.1749 42.26811, -71.1733 42.26961, -71.17339 42.27083, -71.17309 42.27108, -71.17248 42.27167, -71.17166 42.27235, -71.16874 42.27465, -71.16712 42.27584, -71.16569 42.27668, -71.165 42.277, -71.16443 42.27717, -71.164 42.27662, -71.16376 42.27635, -71.16197 42.27488, -71.1613 42.2744, -71.16152 42.27423, -71.16165 42.27379, -71.16186 42.27324, -71.16079 42.2731, -71.16122 42.27245, -71.1619 42.27102, -71.16196 42.2705, -71.16197 42.26912, -71.16176 42.26872, -71.16202 42.26845, -71.16238 42.26813, -71.16268 42.26772, -71.16447 42.26857, -71.16566 42.26897, -71.16626 42.26905, -71.1668 42.26687, -71.16711 42.26506, -71.1674 42.26218)))",20,16,61.7,35.3,78
2010,"MULTIPOLYGON (((-71.15293 42.277, -71.15173 42.27801, -71.15041 42.27716, -71.14836 42.27893, -71.14757 42.27896, -71.1471 42.27912, -71.14663 42.27948, -71.14576 42.28017, -71.14856 42.28206, -71.14775 42.2827, -71.14702 42.28329, -71.14679 42.28299, -71.14658 42.28276, -71.1463 42.28247, -71.14518 42.28155, -71.14382 42.28037, -71.14205 42.27851, -71.14111 42.27729, -71.14069 42.27602, -71.14071 42.27517, -71.14371 42.27293, -71.14541 42.27154, -71.14736 42.27002, -71.14883 42.26882, -71.15041 42.26737, -71.1512 42.26668, -71.15164 42.26697, -71.15322 42.26837, -71.15406 42.26903, -71.15469 42.26931, -71.15864 42.26957, -71.15152 42.27424, -71.15185 42.27444, -71.15241 42.27482, -71.15109 42.2759, -71.15163 42.27611, -71.15236 42.27661, -71.15293 42.277)))",20,10,68.2,29.7,80.8
2005,"MULTIPOLYGON (((-71.1748 42.27541, -71.1781 42.27651, -71.1837 42.27561, -71.1843 42.27681, -71.18517 42.27957, -71.18032 42.28021, -71.18034 42.28033, -71.17808 42.28059, -71.17728 42.28061, -71.17717 42.28051, -71.17587 42.28047, -71.17111 42.27988, -71.16753 42.27946, -71.16803 42.28064, -71.16891 42.28183, -71.16902 42.282, -71.16909 42.28243, -71.16834 42.28293, -71.16568 42.28068, -71.16497 42.28116, -71.16328 42.27972, -71.16247 42.28023, -71.16194 42.27976, -71.16148 42.28008, -71.16114 42.28035, -71.16051 42.28094, -71.15979 42.28154, -71.15902 42.28208, -71.15754 42.28294, -71.15718 42.28313, -71.15786 42.28189, -71.15813 42.28115, -71.15819 42.28046, -71.15839 42.28007, -71.15936 42.27891, -71.15875 42.27835, -71.15806 42.2778, -71.15664 42.27697, -71.15495 42.27652, -71.15405 42.2762, -71.15301 42.27705, -71.15236 42.27661, -71.15163 42.27611, -71.15109 42.2759, -71.15241 42.27482, -71.15185 42.27444, -71.15151 42.27424, -71.15864 42.26957, -71.16 42.26702, -71.16025 42.26681, -71.16031 42.26674, -71.16066 42.267, -71.16094 42.26741, -71.16119 42.26802, -71.16137 42.26833, -71.16159 42.26857, -71.16176 42.26872, -71.16197 42.26912, -71.16196 42.2705, -71.1619 42.27102, -71.16122 42.27245, -71.16079 42.2731, -71.16186 42.27324, -71.16165 42.27379, -71.16152 42.27423, -71.1613 42.2744, -71.16197 42.27488, -71.16376 42.27635, -71.164 42.27662, -71.16443 42.27717, -71.165 42.277, -71.16569 42.27668, -71.16712 42.27584, -71.16874 42.27465, -71.17166 42.27235, -71.17248 42.27167, -71.17309 42.27108, -71.17339 42.27083, -71.1753 42.27361, -71.1748 42.27541)))",20,05,69,29.8,78.7
1703,"MULTIPOLYGON (((-71.07075 42.29766, -71.07058 42.2972, -71.0705 42.2969, -71.07016 42.29677, -71.06981 42.29674, -71.06941 42.29678, -71.06673 42.29758, -71.06698 42.29689, -71.06631 42.29706, -71.06513 42.29736, -71.06453 42.2961, -71.06265 42.29658, -71.06248 42.29581, -71.06307 42.29564, -71.0693 42.29401, -71.07122 42.2935, -71.07185 42.29334, -71.07178 42.29245, -71.0717 42.291, -71.0733 42.29061, -71.07397 42.29045, -71.07436 42.29135, -71.075 42.29311, -71.0766 42.29279, -71.0779 42.29251, -71.07824 42.29245, -71.07844 42.29441, -71.07564 42.2949, -71.07414 42.29518, -71.07348 42.2953, -71.07213 42.2955, -71.07117 42.29575, -71.07132 42.2969, -71.07148 42.29745, -71.07075 42.29766)))",17,03,91.2,7.1,64.6
1110,"MULTIPOLYGON (((-71.11889 42.30412, -71.11871 42.30432, -71.11865 42.30454, -71.11869 42.30486, -71.11634 42.30445, -71.1163 42.30463, -71.11636 42.30504, -71.11622 42.30526, -71.11617 42.30545, -71.11642 42.306, -71.11507 42.30629, -71.11485 42.30591, -71.11164 42.3061, -71.11081 42.30616, -71.11048 42.30612, -71.11032 42.30608, -71.11331 42.3017, -71.11367 42.30112, -71.11431 42.30016, -71.11476 42.30024, -71.11455 42.3012, -71.11444 42.30179, -71.11561 42.3025, -71.11674 42.3028, -71.11705 42.30292, -71.11805 42.30359, -71.11889 42.30412)))",11,10,94.6,3.7,74.8
1109,"MULTIPOLYGON (((-71.11967 42.30532, -71.11934 42.30598, -71.11919 42.30642, -71.11918 42.30695, -71.11813 42.30707, -71.11756 42.3072, -71.11549 42.30765, -71.11535 42.3077, -71.11151 42.30799, -71.11117 42.30798, -71.1103 42.30791, -71.10989 42.30778, -71.10942 42.30756, -71.11032 42.30608, -71.11048 42.30612, -71.11081 42.30616, -71.11164 42.3061, -71.11485 42.30591, -71.11507 42.30629, -71.11642 42.306, -71.11617 42.30545, -71.11622 42.30526, -71.11636 42.30504, -71.1163 42.30463, -71.11634 42.30445, -71.11869 42.30486, -71.11865 42.30454, -71.11871 42.30432, -71.11889 42.30412, -71.11941 42.30446, -71.11963 42.30476, -71.11969 42.30503, -71.11967 42.30532)))",11,09,92.1,5.5,81.2
1902,"MULTIPOLYGON (((-71.12554 42.30028, -71.12545 42.30014, -71.12494 42.29948, -71.12451 42.29922, -71.12388 42.29906, -71.12364 42.29891, -71.12324 42.29846, -71.12288 42.29813, -71.12277 42.29788, -71.12232 42.29775, -71.12174 42.29766, -71.12124 42.29766, -71.12052 42.29783, -71.12028 42.29692, -71.12034 42.29653, -71.12061 42.29614, -71.12015 42.29595, -71.12068 42.29559, -71.12132 42.29515, -71.1218 42.29482, -71.12247 42.29432, -71.12314 42.29377, -71.12327 42.29361, -71.12402 42.29288, -71.12624 42.29013, -71.12736 42.29101, -71.12787 42.29099, -71.12801 42.2911, -71.12774 42.29131, -71.1296 42.29282, -71.12969 42.29275, -71.13034 42.29312, -71.13047 42.29313, -71.13047 42.29343, -71.13062 42.29406, -71.13059 42.29443, -71.13041 42.29483, -71.12979 42.29547, -71.12934 42.29609, -71.12928 42.29651, -71.1297 42.29734, -71.12988 42.29777, -71.12984 42.2982, -71.12789 42.30015, -71.13098 42.3013, -71.13196 42.30135, -71.13299 42.3015, -71.13448 42.30175, -71.13487 42.30172, -71.13682 42.30121, -71.13726 42.30122, -71.13958 42.30192, -71.14008 42.30214, -71.137 42.30573, -71.13646 42.30629, -71.13505 42.30828, -71.13444 42.30909, -71.13281 42.31177, -71.13182 42.31321, -71.13074 42.31439, -71.12712 42.31861, -71.12601 42.3186, -71.12526 42.31878, -71.12383 42.31936, -71.12391 42.3186, -71.12359 42.31772, -71.12351 42.31676, -71.12317 42.31576, -71.12325 42.31509, -71.12323 42.31473, -71.12301 42.31439, -71.12213 42.31375, -71.12203 42.3136, -71.12219 42.31336, -71.1224 42.3131, -71.12251 42.31285, -71.12237 42.31275, -71.12224 42.31273, -71.1221 42.31279, -71.12221 42.31248, -71.12251 42.31199, -71.12237 42.31096, -71.12202 42.31003, -71.12177 42.30967, -71.12153 42.30936, -71.12097 42.30896, -71.12131 42.30857, -71.12078 42.30839, -71.12242 42.30669, -71.12202 42.30652, -71.12321 42.30456, -71.12358 42.30415, -71.12365 42.30338, -71.12355 42.30293, -71.12371 42.30282, -71.12429 42.30274, -71.12489 42.30257, -71.12527 42.30275, -71.12557 42.30247, -71.12543 42.30155, -71.12557 42.30122, -71.12567 42.30079, -71.12554 42.30028)))",19,02,81.6,16.1,85
2017,"MULTIPOLYGON (((-71.1656 42.29526, -71.16541 42.2951, -71.16504 42.2946, -71.16481 42.29435, -71.16405 42.294, -71.16344 42.29383, -71.16302 42.29373, -71.1626 42.29339, -71.16081 42.29183, -71.16018 42.29088, -71.16087 42.29038, -71.16157 42.29011, -71.1625 42.28941, -71.16396 42.28831, -71.16482 42.28778, -71.16532 42.28746, -71.16494 42.28704, -71.16644 42.28594, -71.16695 42.28637, -71.16852 42.28533, -71.1678 42.28472, -71.1693 42.28372, -71.16834 42.28293, -71.16909 42.28243, -71.16902 42.282, -71.16891 42.28183, -71.16803 42.28064, -71.16753 42.27946, -71.17111 42.27988, -71.17587 42.28047, -71.17717 42.28051, -71.17728 42.28061, -71.17808 42.28059, -71.18034 42.28033, -71.18032 42.28021, -71.18517 42.27957, -71.1886 42.28011, -71.1917 42.28261, -71.1789 42.29441, -71.1768 42.29581, -71.1739 42.29771, -71.17092 42.29963, -71.1698 42.30039, -71.16948 42.2995, -71.16889 42.29822, -71.16829 42.29721, -71.16774 42.29664, -71.16716 42.29619, -71.1656 42.29526)))",20,17,67.4,30.9,84
2015,"MULTIPOLYGON (((-71.15774 42.26371, -71.15753 42.2632, -71.1571 42.26141, -71.15704 42.26123, -71.15662 42.25941, -71.15595 42.25643, -71.15858 42.25504, -71.16647 42.26144, -71.16855 42.26307, -71.1674 42.26218, -71.16711 42.26506, -71.1668 42.26687, -71.16626 42.26905, -71.16566 42.26897, -71.16447 42.26857, -71.16268 42.26772, -71.16238 42.26813, -71.16202 42.26845, -71.16176 42.26872, -71.16159 42.26857, -71.16137 42.26833, -71.16119 42.26802, -71.16094 42.26741, -71.16066 42.267, -71.16031 42.26674, -71.15887 42.26571, -71.15841 42.26525, -71.15806 42.2644, -71.15774 42.26371)))",20,15,65.4,33.2,77.1
1910,"MULTIPOLYGON (((-71.12002 42.27884, -71.1211 42.27855, -71.12153 42.27805, -71.12368 42.27808, -71.12367 42.27856, -71.12372 42.27892, -71.12401 42.27951, -71.12415 42.27961, -71.12449 42.27994, -71.12486 42.28041, -71.12504 42.28059, -71.12543 42.28078, -71.12664 42.28126, -71.12759 42.28223, -71.12796 42.28269, -71.12814 42.2831, -71.12871 42.28496, -71.12895 42.2857, -71.12814 42.28646, -71.12622 42.28521, -71.12573 42.28492, -71.1251 42.28448, -71.12364 42.28574, -71.12277 42.28647, -71.1221 42.28615, -71.12111 42.28702, -71.12074 42.28676, -71.1202 42.28616, -71.12012 42.28582, -71.12018 42.28551, -71.11947 42.28551, -71.11962 42.284, -71.11966 42.28247, -71.11968 42.28136, -71.11972 42.28029, -71.12002 42.27884)))",19,10,87.5,11.6,76.8
1801,"MULTIPOLYGON (((-71.07521 42.27026, -71.07612 42.27032, -71.07898 42.26983, -71.08203 42.26888, -71.08263 42.26858, -71.08333 42.26846, -71.0845 42.26886, -71.08771 42.2695, -71.08755 42.27029, -71.08734 42.27035, -71.08643 42.27066, -71.08538 42.27096, -71.08458 42.2711, -71.08376 42.27125, -71.08336 42.27131, -71.08398 42.27242, -71.08451 42.27336, -71.08388 42.27407, -71.08546 42.27496, -71.08571 42.27469, -71.08697 42.27324, -71.08706 42.27303, -71.0871 42.27231, -71.08734 42.27127, -71.08854 42.27141, -71.08857 42.27136, -71.08925 42.27171, -71.08889 42.27211, -71.08937 42.27235, -71.08939 42.27256, -71.08951 42.27272, -71.0899 42.27302, -71.08723 42.27593, -71.08487 42.27855, -71.08359 42.27988, -71.08265 42.28046, -71.08248 42.28038, -71.08153 42.27973, -71.08029 42.27889, -71.07924 42.27819, -71.07878 42.27792, -71.07725 42.27722, -71.07845 42.27573, -71.07834 42.27554, -71.07765 42.27378, -71.0772 42.27262, -71.07717 42.27238, -71.07724 42.27155, -71.07677 42.27152, -71.07625 42.27154, -71.07589 42.27152, -71.07541 42.27145, -71.07528 42.27057, -71.07521 42.27026)))",,,,,
1714,"MULTIPOLYGON (((-71.07528 42.27057, -71.07541 42.27145, -71.07589 42.27152, -71.07625 42.27154, -71.07677 42.27152, -71.07724 42.27155, -71.07717 42.27238, -71.0772 42.27262, -71.07765 42.27378, -71.07834 42.27554, -71.07845 42.27573, -71.07725 42.27722, -71.07526 42.27637, -71.07342 42.27569, -71.07222 42.27502, -71.07021 42.27385, -71.06969 42.27276, -71.06942 42.27247, -71.06793 42.27219, -71.06797 42.27185, -71.06819 42.2714, -71.0682 42.27118, -71.06813 42.27094, -71.06858 42.27077, -71.0692 42.27061, -71.0699 42.27056, -71.07031 42.27058, -71.0709 42.27069, -71.07139 42.27083, -71.07195 42.2708, -71.07309 42.27029, -71.07521 42.27026, -71.07528 42.27057)))",17,14,85.5,12.7,72
1804,"MULTIPOLYGON (((-71.08937 42.27235, -71.08889 42.27211, -71.08925 42.27171, -71.08857 42.27136, -71.08854 42.27141, -71.08734 42.27127, -71.0871 42.27231, -71.08706 42.27303, -71.08697 42.27324, -71.08546 42.27496, -71.08388 42.27407, -71.08451 42.27336, -71.08421 42.27283, -71.08398 42.27242, -71.08368 42.27189, -71.08336 42.27131, -71.08376 42.27125, -71.08458 42.2711, -71.08538 42.27096, -71.08643 42.27066, -71.08734 42.27035, -71.08755 42.27029, -71.08771 42.2695, -71.08879 42.26974, -71.08915 42.26971, -71.08946 42.26963, -71.08983 42.26921, -71.08976 42.26759, -71.0903 42.26628, -71.09277 42.26664, -71.09395 42.26707, -71.09641 42.26469, -71.09774 42.26281, -71.09806 42.26321, -71.09968 42.26486, -71.09914 42.26514, -71.10024 42.26592, -71.1006 42.26619, -71.10131 42.26687, -71.09783 42.27007, -71.0972 42.26974, -71.09676 42.2694, -71.09622 42.26897, -71.09404 42.27116, -71.09366 42.27118, -71.09366 42.27188, -71.09239 42.2712, -71.09145 42.27071, -71.09024 42.27181, -71.08954 42.27216, -71.08937 42.27235)))",,,,,
2012,"MULTIPOLYGON (((-71.15498 42.28437, -71.15572 42.28392, -71.15636 42.28356, -71.15718 42.28313, -71.15754 42.28294, -71.15814 42.28313, -71.15896 42.2838, -71.16081 42.28263, -71.16124 42.28326, -71.16171 42.28404, -71.16255 42.28477, -71.16396 42.28387, -71.16592 42.2855, -71.16644 42.28594, -71.16494 42.28704, -71.16532 42.28746, -71.16482 42.28778, -71.16396 42.28831, -71.1625 42.28941, -71.16157 42.29011, -71.16087 42.29038, -71.16018 42.29088, -71.15993 42.29055, -71.15924 42.28999, -71.15772 42.28875, -71.15898 42.28791, -71.15822 42.28737, -71.15587 42.28569, -71.15469 42.28485, -71.15528 42.28453, -71.15498 42.28437)))",20,12,70.8,26.5,85.9
2014,"MULTIPOLYGON (((-71.15636 42.28356, -71.15598 42.28341, -71.15584 42.28332, -71.15499 42.28215, -71.15386 42.28257, -71.15027 42.2803, -71.14973 42.28076, -71.14919 42.28122, -71.14663 42.27948, -71.1471 42.27912, -71.14757 42.27896, -71.14836 42.27893, -71.15041 42.27716, -71.15173 42.27801, -71.15293 42.277, -71.15301 42.27705, -71.15405 42.2762, -71.15495 42.27652, -71.15664 42.27697, -71.15806 42.2778, -71.15875 42.27835, -71.15936 42.27891, -71.15839 42.28007, -71.15819 42.28046, -71.15813 42.28115, -71.15786 42.28189, -71.15718 42.28313, -71.15636 42.28356)))",20,14,69.5,27.3,86.3
1820,"MULTIPOLYGON (((-71.13254 42.23806, -71.13087 42.23959, -71.12736 42.24492, -71.1272 42.2448, -71.12709 42.24466, -71.12775 42.24332, -71.12815 42.24251, -71.12829 42.24212, -71.12808 42.24167, -71.12788 42.24157, -71.12745 42.24151, -71.1271 42.24135, -71.12684 42.24097, -71.12669 42.24039, -71.12664 42.23986, -71.12656 42.23944, -71.12638 42.23922, -71.12598 42.23862, -71.1246 42.23748, -71.12412 42.23655, -71.12241 42.23525, -71.12227 42.23439, -71.1228 42.23431, -71.12414 42.23396, -71.12425 42.23272, -71.12636 42.23103, -71.12912 42.22875, -71.13059 42.22763, -71.14291 42.23609, -71.14392 42.24206, -71.14088 42.24246, -71.14083 42.24246, -71.13991 42.24256, -71.13736 42.24175, -71.13676 42.24279, -71.13675 42.24289, -71.13657 42.24317, -71.13529 42.24362, -71.1355 42.24386, -71.13584 42.24482, -71.13546 42.24455, -71.13487 42.24438, -71.13378 42.24408, -71.13361 42.24452, -71.13168 42.24405, -71.13258 42.24227, -71.13378 42.23972, -71.13313 42.23953, -71.13213 42.23926, -71.13278 42.23844, -71.13254 42.23806)))",,,,,
2018,"MULTIPOLYGON (((-71.1496 42.28634, -71.15139 42.28592, -71.15293 42.2854, -71.15384 42.28505, -71.15446 42.28471, -71.15454 42.28464, -71.15498 42.28437, -71.15528 42.28453, -71.15469 42.28485, -71.15587 42.28569, -71.15822 42.28737, -71.15898 42.28791, -71.15772 42.28875, -71.15924 42.28999, -71.15733 42.29137, -71.15736 42.29153, -71.15675 42.2915, -71.15626 42.29164, -71.15569 42.29208, -71.15426 42.29027, -71.15273 42.29091, -71.15185 42.28977, -71.15001 42.28785, -71.15007 42.28723, -71.14993 42.28684, -71.1496 42.28634)))",20,18,74.9,23.2,80.2
2001,"MULTIPOLYGON (((-71.13169 42.29479, -71.13165 42.29432, -71.13367 42.29253, -71.13419 42.29209, -71.13252 42.29075, -71.13379 42.28925, -71.13411 42.28886, -71.13476 42.28859, -71.13565 42.28832, -71.13652 42.288, -71.13723 42.28869, -71.14039 42.29077, -71.13976 42.29129, -71.14057 42.29184, -71.13872 42.29339, -71.13792 42.29288, -71.13616 42.29431, -71.13428 42.29586, -71.13333 42.29656, -71.13303 42.29676, -71.13047 42.29788, -71.12984 42.2982, -71.12988 42.29777, -71.1297 42.29734, -71.12928 42.29651, -71.12934 42.29609, -71.12979 42.29547, -71.13041 42.29483, -71.13169 42.29479)))",20,01,79.5,18.5,78.7
1207,"MULTIPOLYGON (((-71.09646 42.29323, -71.09906 42.29575, -71.10332 42.29976, -71.1037 42.3, -71.10419 42.30014, -71.10464 42.30025, -71.10458 42.3012, -71.10463 42.30159, -71.1049 42.30235, -71.10446 42.3027, -71.10381 42.30331, -71.10346 42.30365, -71.10328 42.30394, -71.10321 42.30421, -71.1032 42.30447, -71.10312 42.30471, -71.10299 42.30496, -71.10284 42.3051, -71.10274 42.30529, -71.10273 42.30596, -71.10199 42.30598, -71.1015 42.30657, -71.10116 42.30654, -71.10115 42.30662, -71.10072 42.30656, -71.1004 42.30727, -71.1005 42.3073, -71.10027 42.30787, -71.10014 42.30793, -71.09995 42.30792, -71.09985 42.30813, -71.09944 42.30866, -71.09924 42.30885, -71.09939 42.3091, -71.09837 42.30947, -71.09816 42.3096, -71.09795 42.31003, -71.09786 42.31127, -71.0978 42.31148, -71.09763 42.31172, -71.09731 42.31205, -71.09644 42.31237, -71.09505 42.31336, -71.09465 42.31308, -71.09432 42.31293, -71.09404 42.31283, -71.09381 42.31265, -71.09363 42.31245, -71.09349 42.31216, -71.09324 42.3111, -71.09312 42.31086, -71.09287 42.31059, -71.09196 42.3116, -71.0911 42.31118, -71.09051 42.31192, -71.08938 42.31143, -71.08869 42.31104, -71.08725 42.30988, -71.08696 42.31027, -71.08638 42.30999, -71.08531 42.30943, -71.08478 42.31015, -71.08366 42.30969, -71.08279 42.30931, -71.08306 42.3087, -71.08326 42.30839, -71.08383 42.30756, -71.08423 42.30695, -71.08441 42.30656, -71.08456 42.30599, -71.08466 42.30538, -71.08472 42.30478, -71.08516 42.3034, -71.08529 42.30292, -71.08563 42.30192, -71.08582 42.30133, -71.08636 42.29987, -71.0869 42.29822, -71.08851 42.29782, -71.08979 42.29754, -71.09122 42.29707, -71.09161 42.29683, -71.09245 42.29572, -71.09326 42.29458, -71.09366 42.29409, -71.09421 42.29346, -71.09452 42.29322, -71.09485 42.29309, -71.09519 42.29311, -71.09646 42.29323)))",12,07,91.5,6.8,52.5
1411,"MULTIPOLYGON (((-71.09326 42.29458, -71.09117 42.29357, -71.08977 42.29286, -71.09001 42.29236, -71.08884 42.29214, -71.08907 42.29137, -71.09003 42.28855, -71.09101 42.28555, -71.09324 42.28596, -71.09345 42.28649, -71.09401 42.28639, -71.09534 42.28616, -71.09604 42.28608, -71.09531 42.28685, -71.09499 42.28715, -71.09394 42.28764, -71.09577 42.29175, -71.09646 42.29323, -71.09519 42.29311, -71.09485 42.29309, -71.09452 42.29322, -71.09421 42.29346, -71.09366 42.29409, -71.09326 42.29458)))",14,11,93.6,5.2,60.5
1907,"MULTIPOLYGON (((-71.10794 42.28862, -71.10811 42.28849, -71.10957 42.28778, -71.11009 42.28737, -71.11046 42.28703, -71.11074 42.2874, -71.1116 42.2881, -71.11196 42.28833, -71.11276 42.28867, -71.11346 42.28903, -71.11388 42.28929, -71.11417 42.28982, -71.11438 42.29066, -71.11445 42.29076, -71.11448 42.29125, -71.11444 42.29154, -71.11429 42.29193, -71.1139 42.29246, -71.11445 42.29303, -71.11487 42.29266, -71.11522 42.29244, -71.11559 42.29233, -71.11602 42.29227, -71.11682 42.29233, -71.117 42.29116, -71.11795 42.29118, -71.11907 42.29121, -71.11896 42.29171, -71.11877 42.29249, -71.11849 42.29323, -71.11844 42.29342, -71.11908 42.29367, -71.11994 42.29415, -71.1198 42.29428, -71.11984 42.2943, -71.12132 42.29515, -71.12068 42.29559, -71.12015 42.29595, -71.12061 42.29614, -71.12034 42.29653, -71.12028 42.29692, -71.12052 42.29783, -71.12124 42.29766, -71.12174 42.29766, -71.12232 42.29775, -71.12277 42.29788, -71.12288 42.29813, -71.12324 42.29846, -71.12363 42.29892, -71.12388 42.29906, -71.12451 42.29922, -71.12494 42.29948, -71.12545 42.30014, -71.12554 42.30028, -71.12567 42.30079, -71.12557 42.30122, -71.12542 42.30161, -71.1256 42.30246, -71.12527 42.30275, -71.12489 42.30257, -71.12429 42.30274, -71.12371 42.30282, -71.12355 42.30293, -71.12365 42.30338, -71.12358 42.30415, -71.12321 42.30456, -71.12202 42.30652, -71.12242 42.30669, -71.12078 42.30839, -71.12131 42.30857, -71.12097 42.30896, -71.12032 42.30877, -71.12001 42.30847, -71.1196 42.30798, -71.11938 42.30762, -71.11925 42.30727, -71.11918 42.30695, -71.11919 42.30642, -71.11934 42.30598, -71.11967 42.30532, -71.11969 42.30503, -71.11963 42.30476, -71.11941 42.30446, -71.1189 42.30412, -71.11805 42.30359, -71.11705 42.30292, -71.11674 42.3028, -71.11561 42.3025, -71.11444 42.30179, -71.11455 42.3012, -71.11476 42.30024, -71.11431 42.30016, -71.11358 42.29992, -71.11382 42.29944, -71.11405 42.29908, -71.11314 42.29844, -71.11187 42.29752, -71.11126 42.29713, -71.11023 42.29802, -71.10997 42.29823, -71.11015 42.29835, -71.11003 42.29845, -71.10961 42.2993, -71.10937 42.29931, -71.10868 42.29918, -71.10871 42.29913, -71.10826 42.29904, -71.10807 42.29893, -71.10739 42.29878, -71.10738 42.29867, -71.10648 42.29866, -71.10645 42.29848, -71.10623 42.29849, -71.10599 42.29854, -71.10583 42.29861, -71.10564 42.29876, -71.10555 42.29889, -71.1055 42.299, -71.10549 42.29924, -71.10553 42.29952, -71.10563 42.29979, -71.10595 42.3003, -71.10464 42.30025, -71.10419 42.30014, -71.1037 42.3, -71.10332 42.29976, -71.09906 42.29575, -71.09646 42.29323, -71.09961 42.29298, -71.10003 42.29298, -71.10147 42.29318, -71.10166 42.29316, -71.10184 42.29307, -71.10409 42.29109, -71.10563 42.2898, -71.10609 42.28955, -71.10702 42.28928, -71.10794 42.28862)))",19,07,91.7,6.3,75.3
1803,"MULTIPOLYGON (((-71.09967 42.2823, -71.09832 42.28162, -71.098 42.2813, -71.09715 42.28038, -71.09621 42.27938, -71.09507 42.27832, -71.0935 42.27715, -71.09351 42.27609, -71.09265 42.27651, -71.09213 42.27442, -71.09361 42.27309, -71.09362 42.27339, -71.09555 42.27287, -71.09601 42.27264, -71.09637 42.27233, -71.0968 42.27188, -71.09768 42.27237, -71.09981 42.27361, -71.10173 42.27473, -71.10283 42.27531, -71.10436 42.27609, -71.10504 42.27646, -71.10495 42.27655, -71.10464 42.27682, -71.10602 42.2775, -71.10754 42.27831, -71.10738 42.27891, -71.10635 42.27986, -71.10596 42.28024, -71.10542 42.28047, -71.10404 42.28121, -71.10089 42.28176, -71.10002 42.28203, -71.09967 42.2823)))",,,,,
1408,"MULTIPOLYGON (((-71.09308 42.27941, -71.09324 42.2789, -71.09342 42.2782, -71.0935 42.27715, -71.09507 42.27832, -71.09621 42.27938, -71.09715 42.28038, -71.098 42.2813, -71.09832 42.28162, -71.09967 42.2823, -71.10041 42.28283, -71.10329 42.28502, -71.10544 42.28671, -71.10677 42.28773, -71.10794 42.28862, -71.10702 42.28928, -71.10609 42.28955, -71.10563 42.2898, -71.10409 42.29109, -71.10184 42.29307, -71.10166 42.29316, -71.10147 42.29318, -71.10003 42.29298, -71.09961 42.29298, -71.09646 42.29323, -71.09577 42.29175, -71.09394 42.28764, -71.09499 42.28715, -71.09531 42.28685, -71.09604 42.28608, -71.09631 42.28582, -71.09528 42.28527, -71.09609 42.2848, -71.09667 42.28426, -71.09604 42.28391, -71.09622 42.28368, -71.09636 42.28345, -71.09646 42.28325, -71.09654 42.28303, -71.09657 42.2826, -71.09646 42.28234, -71.09636 42.28213, -71.09621 42.28194, -71.09597 42.28172, -71.09573 42.28152, -71.09543 42.28138, -71.09502 42.28124, -71.09467 42.28119, -71.09431 42.28119, -71.09405 42.28126, -71.0938 42.28136, -71.0935 42.28158, -71.09354 42.28133, -71.09362 42.28105, -71.09366 42.28079, -71.09368 42.28054, -71.09367 42.2803, -71.09363 42.28002, -71.09351 42.27976, -71.09333 42.27959, -71.09308 42.27941)))",14,08,94.3,3.9,67.2
1909,"MULTIPOLYGON (((-71.11517 42.31006, -71.11389 42.31003, -71.11366 42.30996, -71.11329 42.30971, -71.11142 42.30903, -71.11185 42.30843, -71.11199 42.30841, -71.1128 42.30865, -71.11302 42.30868, -71.11556 42.30846, -71.11549 42.30765, -71.11756 42.3072, -71.11813 42.30707, -71.11918 42.30695, -71.11925 42.30727, -71.11938 42.30762, -71.1196 42.30798, -71.12001 42.30847, -71.12032 42.30877, -71.12097 42.30896, -71.12153 42.30936, -71.12177 42.30967, -71.12202 42.31003, -71.12237 42.31096, -71.12251 42.31199, -71.12221 42.31248, -71.1221 42.31279, -71.12185 42.31297, -71.12149 42.31319, -71.12135 42.31312, -71.12106 42.31312, -71.12059 42.31331, -71.1205 42.31181, -71.12021 42.31068, -71.12014 42.30896, -71.11869 42.30876, -71.11853 42.30874, -71.11828 42.30876, -71.1169 42.30906, -71.11646 42.30919, -71.11558 42.30976, -71.11517 42.31006)))",19,09,92,5.9,82.9
1208,"MULTIPOLYGON (((-71.09505 42.31336, -71.09465 42.31369, -71.09408 42.31417, -71.09391 42.31434, -71.09383 42.31451, -71.09353 42.31556, -71.09338 42.31607, -71.09326 42.3164, -71.0931 42.31668, -71.09287 42.31681, -71.09259 42.3169, -71.09178 42.31697, -71.0916 42.31707, -71.09128 42.3176, -71.091 42.31818, -71.0908 42.31875, -71.09026 42.31917, -71.09023 42.3192, -71.08916 42.31894, -71.08955 42.31802, -71.08988 42.3172, -71.09043 42.31596, -71.09074 42.31533, -71.08833 42.31462, -71.0888 42.31403, -71.08939 42.31328, -71.08992 42.31263, -71.09131 42.31331, -71.09202 42.31367, -71.09258 42.31295, -71.09304 42.3124, -71.09321 42.31224, -71.09349 42.31216, -71.09363 42.31245, -71.09381 42.31265, -71.09404 42.31283, -71.09432 42.31293, -71.09465 42.31308, -71.09505 42.31336)))",12,08,93.5,5.9,57.7
0207,"MULTIPOLYGON (((-71.07326 42.3892, -71.0727 42.38823, -71.07272 42.38814, -71.0726 42.3881, -71.0724 42.38773, -71.07207 42.38765, -71.06987 42.38644, -71.07035 42.3861, -71.06994 42.3858, -71.06978 42.38571, -71.0695 42.38563, -71.06914 42.38555, -71.06892 42.38549, -71.06845 42.38537, -71.06828 42.38534, -71.06799 42.38553, -71.06783 42.38567, -71.06615 42.3855, -71.06602 42.38543, -71.06605 42.38533, -71.06496 42.38488, -71.06468 42.38521, -71.06457 42.38527, -71.06371 42.38518, -71.06368 42.3853, -71.06489 42.38542, -71.06487 42.3855, -71.06351 42.38536, -71.06353 42.38529, -71.0636 42.38529, -71.06362 42.38517, -71.06343 42.38516, -71.06335 42.3851, -71.06335 42.385, -71.0642 42.3839, -71.06424 42.38376, -71.06395 42.38362, -71.06356 42.38353, -71.0634 42.38356, -71.06236 42.38492, -71.06222 42.38507, -71.06216 42.38507, -71.06212 42.38522, -71.06047 42.38506, -71.06049 42.38489, -71.06127 42.38497, -71.06128 42.38491, -71.06123 42.3849, -71.06231 42.38351, -71.06228 42.38343, -71.06209 42.38342, -71.06198 42.38355, -71.06189 42.38358, -71.06164 42.38389, -71.06157 42.38387, -71.06137 42.3841, -71.06108 42.38401, -71.06158 42.38337, -71.06139 42.38329, -71.0611 42.38327, -71.05991 42.3848, -71.0596 42.38465, -71.06066 42.38325, -71.06036 42.38318, -71.06031 42.38325, -71.06006 42.38322, -71.06088 42.38169, -71.06158 42.38082, -71.06182 42.38092, -71.06329 42.38153, -71.06596 42.38265, -71.06679 42.38156, -71.06708 42.38118, -71.06719 42.38123, -71.06855 42.3819, -71.06914 42.38123, -71.06998 42.38031, -71.0705 42.38007, -71.07105 42.3798, -71.07093 42.37956, -71.06973 42.37754, -71.07394 42.37614, -71.07405 42.37645, -71.07466 42.3779, -71.07519 42.37906, -71.07569 42.38024, -71.08058 42.38101, -71.08066 42.38139, -71.08076 42.38199, -71.08086 42.3823, -71.08087 42.38239, -71.07992 42.38282, -71.07429 42.39071, -71.07411 42.39052, -71.07326 42.3892)), ((-71.06913 42.39175, -71.0707 42.3896, -71.07121 42.38971, -71.0707 42.39054, -71.07135 42.39143, -71.0714 42.39181, -71.0705 42.3926, -71.07 42.3924, -71.0689 42.3938, -71.06908 42.39383, -71.06738 42.39526, -71.0669 42.39499, -71.06703 42.39455, -71.06692 42.39413, -71.06749 42.39337, -71.06913 42.39175)))",02,07,76.9,20.3,76.5
0202,"MULTIPOLYGON (((-71.05784 42.37426, -71.05734 42.37463, -71.05826 42.37592, -71.05786 42.37619, -71.05747 42.37647, -71.05882 42.37713, -71.05885 42.37715, -71.05876 42.37769, -71.05901 42.37778, -71.05886 42.37805, -71.05818 42.37937, -71.06158 42.38082, -71.06088 42.38169, -71.06004 42.38324, -71.05878 42.3849, -71.05814 42.38484, -71.05094 42.38412, -71.05095 42.38397, -71.05032 42.3839, -71.05004 42.38398, -71.04964 42.38393, -71.04876 42.3837, -71.04799 42.38319, -71.04765 42.38282, -71.04747 42.38241, -71.04753 42.38177, -71.04926 42.38213, -71.04944 42.38202, -71.04978 42.38164, -71.04976 42.38157, -71.04738 42.38119, -71.04736 42.38117, -71.04749 42.38061, -71.04768 42.37995, -71.04773 42.37993, -71.05092 42.38043, -71.05102 42.38056, -71.05784 42.38156, -71.05818 42.38158, -71.0585 42.38142, -71.05858 42.38117, -71.05845 42.38095, -71.05815 42.38078, -71.05668 42.38035, -71.05498 42.38004, -71.05477 42.38012, -71.05419 42.38004, -71.05424 42.37994, -71.05331 42.37997, -71.05224 42.3798, -71.05158 42.3797, -71.05091 42.37944, -71.05074 42.37964, -71.04925 42.37941, -71.04908 42.37943, -71.04882 42.37939, -71.04875 42.37934, -71.04816 42.37923, -71.04751 42.37695, -71.04765 42.37691, -71.04782 42.37701, -71.04901 42.37806, -71.04916 42.37807, -71.04928 42.37799, -71.04928 42.37788, -71.04809 42.37684, -71.04814 42.37679, -71.04898 42.37752, -71.04924 42.37722, -71.04965 42.37677, -71.04972 42.3766, -71.04995 42.37604, -71.04872 42.37523, -71.04892 42.37507, -71.04966 42.37554, -71.04977 42.37546, -71.04983 42.37552, -71.05015 42.37533, -71.05033 42.37549, -71.05071 42.3752, -71.0487 42.37344, -71.04892 42.37306, -71.05058 42.37451, -71.05075 42.37391, -71.04924 42.37256, -71.04935 42.37241, -71.05082 42.37367, -71.05082 42.37349, -71.0512 42.37327, -71.04963 42.37189, -71.05 42.37167, -71.05158 42.37306, -71.05212 42.37273, -71.05053 42.37134, -71.05072 42.37123, -71.05242 42.37272, -71.05236 42.37276, -71.05245 42.37284, -71.05252 42.37282, -71.05266 42.37294, -71.05273 42.3729, -71.05424 42.37425, -71.05462 42.37442, -71.05476 42.37433, -71.05459 42.37407, -71.05304 42.37271, -71.05311 42.37267, -71.05258 42.37219, -71.05252 42.37207, -71.05266 42.37205, -71.05275 42.3721, -71.05376 42.37299, -71.05397 42.37285, -71.0538 42.37269, -71.05368 42.37254, -71.05378 42.37248, -71.05395 42.37259, -71.05424 42.3728, -71.05325 42.37195, -71.05348 42.3719, -71.05442 42.37272, -71.05458 42.37277, -71.05466 42.37286, -71.05507 42.3726, -71.0542 42.37184, -71.0542 42.37181, -71.05478 42.37173, -71.05689 42.37273, -71.05784 42.37426)))",02,02,78.4,19.8,67
0306,"MULTIPOLYGON (((-71.05203 42.35236, -71.05211 42.35225, -71.0522 42.3522, -71.05268 42.35148, -71.05276 42.35136, -71.05399 42.352, -71.05518 42.35256, -71.05634 42.35292, -71.05693 42.35326, -71.05746 42.35335, -71.05801 42.3537, -71.05865 42.35414, -71.05933 42.35463, -71.06028 42.35539, -71.06221 42.35627, -71.06199 42.35653, -71.06297 42.35749, -71.06319 42.35772, -71.06268 42.35795, -71.06285 42.35862, -71.06289 42.3591, -71.06284 42.35949, -71.06437 42.35943, -71.06438 42.35938, -71.06635 42.35935, -71.06639 42.3612, -71.06379 42.36121, -71.06387 42.36297, -71.0632 42.36437, -71.06064 42.3658, -71.0594 42.36465, -71.0584 42.36374, -71.05828 42.36345, -71.05789 42.3631, -71.0572 42.36242, -71.05672 42.36205, -71.05619 42.36155, -71.05591 42.36134, -71.05557 42.36115, -71.05592 42.36074, -71.0557 42.36065, -71.05367 42.36084, -71.05354 42.36079, -71.05265 42.36087, -71.05208 42.36025, -71.0519 42.35997, -71.05181 42.3596, -71.05116 42.35969, -71.05091 42.35973, -71.05091 42.35967, -71.05089 42.35944, -71.05089 42.35919, -71.05048 42.35926, -71.05047 42.35928, -71.04848 42.35957, -71.0484 42.35927, -71.04853 42.35924, -71.04846 42.35897, -71.04874 42.35892, -71.04868 42.35872, -71.04934 42.35862, -71.04945 42.35887, -71.04961 42.35895, -71.05034 42.35883, -71.05018 42.35823, -71.04947 42.35835, -71.0494 42.35813, -71.0495 42.35811, -71.04944 42.3579, -71.04955 42.35787, -71.04948 42.35765, -71.04977 42.35757, -71.04971 42.35736, -71.04909 42.35751, -71.04906 42.35741, -71.04898 42.35738, -71.04895 42.35731, -71.049 42.35725, -71.04897 42.35719, -71.04984 42.35699, -71.04985 42.35687, -71.04925 42.35686, -71.04925 42.35677, -71.04918 42.35674, -71.04919 42.35667, -71.04925 42.35664, -71.04926 42.35657, -71.04987 42.35657, -71.0499 42.35632, -71.04997 42.35633, -71.05001 42.35609, -71.04976 42.35604, -71.04965 42.35619, -71.04967 42.35626, -71.04963 42.35633, -71.04949 42.35633, -71.04943 42.35628, -71.04946 42.3562, -71.04956 42.35615, -71.04991 42.35568, -71.05031 42.35498, -71.05045 42.35478, -71.05035 42.35473, -71.05041 42.35465, -71.05052 42.35469, -71.05068 42.35446, -71.05108 42.3547, -71.05124 42.35455, -71.05124 42.35452, -71.05124 42.35446, -71.05086 42.3542, -71.05171 42.35293, -71.05181 42.35294, -71.05185 42.35298, -71.05223 42.35256, -71.05203 42.35236)))",03,06,79,18.4,69.5
0302,"MULTIPOLYGON (((-71.05925 42.36776, -71.05901 42.36788, -71.05884 42.36766, -71.05885 42.36784, -71.05867 42.36798, -71.05826 42.36796, -71.05821 42.36801, -71.05834 42.36822, -71.05805 42.36839, -71.05801 42.36836, -71.05824 42.36823, -71.05816 42.36809, -71.0578 42.36828, -71.05776 42.36829, -71.05767 42.36848, -71.05728 42.36876, -71.05651 42.36894, -71.05553 42.36904, -71.05513 42.36894, -71.05507 42.36908, -71.05493 42.36905, -71.05495 42.36899, -71.05349 42.3687, -71.0534 42.36881, -71.05331 42.36893, -71.05321 42.3689, -71.05325 42.36884, -71.05285 42.36866, -71.05204 42.36968, -71.0517 42.36954, -71.05219 42.36892, -71.05168 42.3687, -71.05116 42.36936, -71.05091 42.36925, -71.05172 42.36825, -71.0518 42.36814, -71.05174 42.36811, -71.05165 42.36823, -71.05121 42.36804, -71.0513 42.36791, -71.05026 42.36887, -71.05002 42.36872, -71.05134 42.36754, -71.05093 42.36715, -71.04982 42.36783, -71.04934 42.36707, -71.05041 42.36684, -71.05037 42.36669, -71.04999 42.36674, -71.04923 42.36684, -71.04914 42.36658, -71.04959 42.3665, -71.0495 42.36635, -71.05031 42.36632, -71.05035 42.36648, -71.05142 42.3664, -71.05276 42.36626, -71.05252 42.36719, -71.05295 42.36735, -71.05313 42.36712, -71.05323 42.36706, -71.05357 42.3666, -71.05408 42.36615, -71.05438 42.36584, -71.05426 42.36576, -71.05456 42.36552, -71.05507 42.36587, -71.05501 42.36599, -71.05654 42.36665, -71.05651 42.36702, -71.05667 42.36715, -71.05738 42.36778, -71.05804 42.36728, -71.05849 42.36691, -71.05899 42.36749, -71.05925 42.36776)))",03,02,74.5,23.2,72.5
2103,"MULTIPOLYGON (((-71.12257 42.35136, -71.12411 42.35158, -71.12464 42.35122, -71.12529 42.3508, -71.12589 42.35046, -71.12624 42.35028, -71.12702 42.35002, -71.12783 42.34986, -71.12857 42.34986, -71.12882 42.34945, -71.12904 42.34921, -71.12962 42.34892, -71.12973 42.34887, -71.13006 42.3492, -71.13077 42.34995, -71.13105 42.35037, -71.13067 42.3505, -71.12989 42.35061, -71.12926 42.35265, -71.12839 42.35254, -71.12805 42.35373, -71.12494 42.35336, -71.12474 42.35429, -71.12516 42.35435, -71.12499 42.3549, -71.12518 42.35493, -71.12511 42.35517, -71.12069 42.35457, -71.12085 42.35382, -71.12133 42.35157, -71.1225 42.35171, -71.12251 42.35169, -71.12255 42.35147, -71.12257 42.35136)))",21,03,88,8.2,56
2114,"MULTIPOLYGON (((-71.14617 42.33747, -71.14874 42.33689, -71.14873 42.33685, -71.14881 42.33683, -71.14866 42.33651, -71.14837 42.3359, -71.14833 42.3358, -71.15012 42.3354, -71.15009 42.33534, -71.1501 42.33532, -71.15084 42.33601, -71.14985 42.33767, -71.14884 42.33936, -71.14865 42.33957, -71.14837 42.33991, -71.14768 42.34055, -71.14758 42.34063, -71.14725 42.3406, -71.14706 42.34053, -71.14691 42.34045, -71.14673 42.34029, -71.14694 42.34016, -71.14707 42.34002, -71.14713 42.33985, -71.14718 42.3397, -71.14718 42.3395, -71.1471 42.3393, -71.14701 42.33914, -71.14689 42.33899, -71.14677 42.3389, -71.14663 42.33884, -71.14633 42.33878, -71.14623 42.33869, -71.14625 42.33861, -71.14663 42.33854, -71.14657 42.33837, -71.14651 42.33817, -71.14633 42.33805, -71.14632 42.33804, -71.14617 42.33747)))",21,14,87.8,9.4,69.9
2201,"MULTIPOLYGON (((-71.1362 42.36652, -71.13607 42.3666, -71.13569 42.36682, -71.13506 42.36701, -71.1349 42.3671, -71.13405 42.36735, -71.13316 42.36775, -71.13262 42.36811, -71.13168 42.36883, -71.13132 42.36907, -71.13116 42.36931, -71.13105 42.36967, -71.13111 42.37004, -71.1313 42.37052, -71.13163 42.37109, -71.13189 42.37138, -71.13241 42.37184, -71.13257 42.37206, -71.13265 42.37222, -71.13268 42.37257, -71.13263 42.3727, -71.1325 42.3729, -71.13209 42.37316, -71.13133 42.37346, -71.13079 42.37356, -71.13005 42.37361, -71.1295 42.3736, -71.12887 42.37346, -71.12842 42.37328, -71.12788 42.37297, -71.1275 42.37271, -71.12703 42.37231, -71.12674 42.37199, -71.12666 42.37183, -71.1266 42.37172, -71.12651 42.3714, -71.12644 42.37086, -71.12624 42.37055, -71.12573 42.36993, -71.12551 42.37002, -71.12526 42.36967, -71.12549 42.36958, -71.12529 42.36928, -71.1249 42.36899, -71.12423 42.36877, -71.12399 42.36872, -71.12381 42.36874, -71.12318 42.36846, -71.12293 42.36834, -71.12241 42.36821, -71.12157 42.36809, -71.11975 42.36829, -71.1188 42.3682, -71.11836 42.36795, -71.11803 42.3675, -71.11768 42.36659, -71.11755 42.36562, -71.11746 42.36408, -71.11766 42.36334, -71.11736 42.36091, -71.11721 42.3598, -71.11728 42.35909, -71.11797 42.35735, -71.11815 42.35645, -71.11811 42.3558, -71.11786 42.35513, -71.12069 42.35457, -71.12511 42.35517, -71.12766 42.35549, -71.12976 42.3558, -71.13158 42.35606, -71.13056 42.3564, -71.12952 42.3568, -71.12968 42.35709, -71.13005 42.35764, -71.13019 42.35796, -71.13063 42.35851, -71.13084 42.35904, -71.13106 42.35885, -71.13118 42.35875, -71.13148 42.35861, -71.13161 42.3588, -71.13235 42.35857, -71.1331 42.35855, -71.13313 42.35894, -71.13315 42.35937, -71.13306 42.35978, -71.13288 42.36005, -71.13243 42.36046, -71.13042 42.36213, -71.13024 42.36266, -71.13134 42.36308, -71.13211 42.36324, -71.13266 42.36334, -71.13337 42.36339, -71.13428 42.36334, -71.13528 42.36316, -71.1354 42.36458, -71.1362 42.36652)))",22,01,85.6,11.1,62.5
2205,"MULTIPOLYGON (((-71.14686 42.36171, -71.14656 42.36193, -71.14595 42.36231, -71.14542 42.36284, -71.14515 42.36345, -71.14492 42.36385, -71.14479 42.36402, -71.14429 42.36443, -71.14406 42.36455, -71.14383 42.3646, -71.14345 42.36467, -71.14295 42.36467, -71.14269 42.36462, -71.14199 42.36442, -71.14107 42.36412, -71.14037 42.36405, -71.13952 42.36416, -71.13882 42.36438, -71.13849 42.36456, -71.13782 42.36507, -71.13729 42.3656, -71.13683 42.36605, -71.1364 42.36639, -71.1362 42.36652, -71.1354 42.36458, -71.13528 42.36316, -71.13739 42.36292, -71.13849 42.36278, -71.13841 42.36225, -71.13896 42.36133, -71.14079 42.35798, -71.13772 42.35756, -71.13908 42.35381, -71.1407 42.35399, -71.1442 42.35493, -71.14908 42.35617, -71.14733 42.35908, -71.14727 42.35933, -71.14579 42.36157, -71.14686 42.36171)))",22,05,83.2,14.6,66.7
2212,"MULTIPOLYGON (((-71.14686 42.36171, -71.14579 42.36157, -71.14727 42.35933, -71.14733 42.35908, -71.14908 42.35617, -71.15089 42.35333, -71.15193 42.35164, -71.15241 42.35089, -71.15406 42.35134, -71.15357 42.35215, -71.15441 42.3524, -71.15493 42.35158, -71.15611 42.35182, -71.15688 42.35191, -71.15808 42.35188, -71.15808 42.35338, -71.1572 42.35337, -71.15717 42.35374, -71.15697 42.35389, -71.15615 42.35421, -71.1567 42.35472, -71.15611 42.35535, -71.15579 42.3556, -71.15524 42.35574, -71.15439 42.35568, -71.15426 42.35616, -71.15376 42.35733, -71.15423 42.35784, -71.15503 42.35817, -71.1573 42.35825, -71.15853 42.35852, -71.15904 42.35857, -71.16036 42.35851, -71.16087 42.35866, -71.16122 42.35882, -71.16106 42.3589, -71.16005 42.3593, -71.15987 42.3594, -71.15958 42.35948, -71.15952 42.35955, -71.15941 42.35954, -71.15924 42.35959, -71.15891 42.35959, -71.15868 42.35962, -71.15822 42.35963, -71.158 42.3596, -71.15801 42.35952, -71.15785 42.35949, -71.1579 42.3596, -71.15739 42.35961, -71.15715 42.35956, -71.15572 42.35949, -71.15514 42.35951, -71.15431 42.35963, -71.15378 42.35978, -71.15278 42.36024, -71.15223 42.36041, -71.15197 42.36041, -71.15111 42.36052, -71.14988 42.36067, -71.14936 42.3607, -71.14882 42.36078, -71.14843 42.36085, -71.14804 42.36098, -71.14753 42.3612, -71.14748 42.36129, -71.14741 42.36134, -71.14709 42.36149, -71.14697 42.3616, -71.14686 42.36171)))",22,12,80.4,17.8,62.8
2211,"MULTIPOLYGON (((-71.16122 42.35882, -71.16087 42.35866, -71.16036 42.35851, -71.15904 42.35857, -71.15853 42.35852, -71.1573 42.35825, -71.15503 42.35817, -71.15423 42.35784, -71.15376 42.35733, -71.15426 42.35616, -71.15439 42.35568, -71.15524 42.35574, -71.15579 42.3556, -71.15611 42.35535, -71.1567 42.35472, -71.15615 42.35421, -71.15697 42.35389, -71.15717 42.35374, -71.1572 42.35337, -71.15808 42.35338, -71.15807 42.35408, -71.1586 42.35383, -71.15874 42.35417, -71.16187 42.35471, -71.1617 42.35536, -71.16256 42.35553, -71.16279 42.35481, -71.16539 42.3561, -71.16573 42.35623, -71.16619 42.35624, -71.16649 42.35617, -71.16691 42.35593, -71.1666 42.35679, -71.16653 42.35721, -71.17042 42.35713, -71.16854 42.35914, -71.16776 42.35938, -71.16761 42.35945, -71.16703 42.35956, -71.16648 42.35956, -71.16569 42.35899, -71.16519 42.3586, -71.16457 42.3582, -71.164 42.35811, -71.16284 42.3581, -71.16232 42.35815, -71.16168 42.35834, -71.16157 42.35843, -71.16135 42.35875, -71.16122 42.35882)))",22,11,79.5,17.9,75.7
2208,"MULTIPOLYGON (((-71.17193 42.34666, -71.17043 42.34681, -71.17008 42.34681, -71.16967 42.3468, -71.16484 42.34641, -71.16214 42.34636, -71.16131 42.34755, -71.16042 42.34729, -71.16072 42.34667, -71.15931 42.34632, -71.15925 42.346, -71.1581 42.34611, -71.15784 42.34568, -71.15773 42.3453, -71.15767 42.34488, -71.15776 42.34449, -71.15787 42.34411, -71.15784 42.34356, -71.15793 42.34322, -71.15829 42.34262, -71.15981 42.34001, -71.16107 42.34008, -71.16226 42.34013, -71.1643 42.34015, -71.16559 42.34007, -71.16662 42.33992, -71.16668 42.34011, -71.17193 42.34666)))",22,08,76.6,20.6,69.4
2116,"MULTIPOLYGON (((-71.16886 42.33586, -71.16884 42.33633, -71.16905 42.33732, -71.16928 42.33773, -71.16916 42.33804, -71.16882 42.33857, -71.16669 42.33937, -71.16658 42.33978, -71.16662 42.33992, -71.16559 42.34007, -71.1643 42.34015, -71.16226 42.34013, -71.16107 42.34008, -71.15981 42.34001, -71.1592 42.33992, -71.15812 42.3397, -71.15549 42.34028, -71.15527 42.34044, -71.15501 42.34038, -71.15463 42.34036, -71.1543 42.34021, -71.15391 42.33992, -71.15358 42.33954, -71.1533 42.3392, -71.15293 42.33899, -71.15251 42.33889, -71.15264 42.33866, -71.15232 42.33848, -71.15191 42.3384, -71.15146 42.33841, -71.1511 42.33838, -71.15072 42.33829, -71.15072 42.33749, -71.15227 42.33716, -71.15084 42.33601, -71.1501 42.33532, -71.15011 42.33532, -71.15017 42.33524, -71.15056 42.33494, -71.15054 42.33491, -71.15046 42.33473, -71.15015 42.33456, -71.15014 42.33455, -71.15697 42.33041, -71.15867 42.33208, -71.15921 42.33256, -71.15979 42.33299, -71.16048 42.33331, -71.16105 42.33359, -71.16167 42.33378, -71.16258 42.3339, -71.16345 42.3338, -71.16351 42.33379, -71.1661 42.33363, -71.1675 42.33343, -71.16764 42.33345, -71.16823 42.33478, -71.16858 42.33506, -71.16876 42.33549, -71.16886 42.33586)))",21,16,80.9,15.8,73.2
2112,"MULTIPOLYGON (((-71.14383 42.33998, -71.14424 42.33999, -71.14618 42.33873, -71.14622 42.33869, -71.14633 42.33878, -71.14663 42.33884, -71.14677 42.3389, -71.14689 42.33899, -71.14701 42.33914, -71.1471 42.3393, -71.14718 42.3395, -71.14718 42.3397, -71.14713 42.33985, -71.14707 42.34002, -71.14694 42.34016, -71.14673 42.34029, -71.14691 42.34045, -71.14706 42.34053, -71.14725 42.3406, -71.14758 42.34063, -71.14678 42.3414, -71.14653 42.34165, -71.14589 42.34178, -71.14545 42.34191, -71.14504 42.34206, -71.14449 42.34232, -71.14391 42.34271, -71.14348 42.34314, -71.14297 42.34381, -71.14274 42.34369, -71.14214 42.34333, -71.14112 42.34272, -71.14056 42.34246, -71.14014 42.34223, -71.1403 42.3421, -71.14139 42.34102, -71.14153 42.34079, -71.14178 42.34041, -71.14183 42.34027, -71.14195 42.34006, -71.14216 42.34003, -71.14383 42.33998)))",21,12,79.2,17.4,66.9
0510,"MULTIPOLYGON (((-71.10328 42.35146, -71.10138 42.35168, -71.10066 42.35168, -71.10001 42.3516, -71.09872 42.35126, -71.09782 42.35104, -71.09686 42.35102, -71.09576 42.35115, -71.09508 42.35114, -71.0946 42.35104, -71.09453 42.35104, -71.09434 42.35107, -71.09403 42.3512, -71.09394 42.35121, -71.09381 42.35126, -71.09372 42.35132, -71.09355 42.35139, -71.09325 42.35145, -71.09314 42.35147, -71.09308 42.35154, -71.09288 42.35166, -71.09296 42.34899, -71.08861 42.34906, -71.08777 42.3473, -71.08908 42.34694, -71.08953 42.34679, -71.09013 42.34659, -71.091 42.34651, -71.09154 42.3466, -71.0921 42.34681, -71.09217 42.34683, -71.09238 42.34718, -71.09233 42.34767, -71.09806 42.34764, -71.09979 42.34763, -71.09994 42.34764, -71.10043 42.34766, -71.10095 42.34771, -71.10059 42.3493, -71.10365 42.34966, -71.10339 42.35098, -71.10328 42.35146)))",05,10,82.8,13.9,61.7
2102,"MULTIPOLYGON (((-71.11065 42.35223, -71.11056 42.35221, -71.11029 42.35209, -71.10883 42.3521, -71.10802 42.35197, -71.10693 42.35166, -71.10346 42.35143, -71.10328 42.35146, -71.10339 42.35098, -71.10365 42.34966, -71.10059 42.3493, -71.10095 42.34771, -71.10043 42.34766, -71.09994 42.34764, -71.10283 42.34611, -71.10334 42.34712, -71.10507 42.34665, -71.10554 42.34751, -71.10597 42.34838, -71.10682 42.34855, -71.10654 42.34979, -71.12133 42.35157, -71.12085 42.35382, -71.12069 42.35457, -71.11786 42.35513, -71.11736 42.35437, -71.11681 42.354, -71.11605 42.3536, -71.11484 42.353, -71.1134 42.35223, -71.11204 42.35207, -71.11098 42.35213, -71.11065 42.35223)))",21,02,90.8,7.3,43.1
1310,"MULTIPOLYGON (((-71.05379 42.31526, -71.05255 42.31503, -71.05255 42.31508, -71.05215 42.31506, -71.04964 42.31431, -71.04621 42.31464, -71.03291 42.31456, -71.03282 42.31374, -71.03264 42.31354, -71.03282 42.31316, -71.03324 42.31318, -71.03665 42.31058, -71.0373 42.31029, -71.03795 42.3104, -71.04423 42.31427, -71.04451 42.31428, -71.04611 42.31344, -71.04626 42.31326, -71.04625 42.31295, -71.04622 42.31286, -71.04598 42.31285, -71.04566 42.31268, -71.04564 42.31244, -71.0453 42.31257, -71.04498 42.3125, -71.04457 42.31221, -71.04447 42.31205, -71.04418 42.3118, -71.04391 42.31138, -71.0439 42.31094, -71.04417 42.31078, -71.04462 42.31057, -71.04491 42.31052, -71.04488 42.31019, -71.04458 42.31021, -71.04443 42.31013, -71.04412 42.31025, -71.04367 42.31018, -71.04312 42.31037, -71.04231 42.31037, -71.04228 42.31017, -71.0424 42.30975, -71.04386 42.30923, -71.04409 42.30937, -71.04489 42.30884, -71.04574 42.30754, -71.04594 42.30696, -71.04619 42.30581, -71.04651 42.305, -71.04687 42.30465, -71.04741 42.30434, -71.04777 42.30442, -71.04822 42.30533, -71.04821 42.30567, -71.04786 42.30708, -71.04798 42.30751, -71.0489 42.30782, -71.05239 42.30789, -71.05333 42.30743, -71.05321 42.30658, -71.0528 42.3065, -71.05284 42.30639, -71.05332 42.30646, -71.05351 42.30642, -71.05302 42.30533, -71.05479 42.3056, -71.05408 42.30823, -71.05389 42.30914, -71.0536 42.31002, -71.05343 42.31046, -71.05396 42.31058, -71.05483 42.31079, -71.05559 42.31098, -71.05504 42.31233, -71.05499 42.31229, -71.05465 42.31284, -71.05444 42.31329, -71.05412 42.31427, -71.05479 42.31439, -71.05459 42.31505, -71.05391 42.31493, -71.05379 42.31526)))",13,10,72.1,25.3,76.7
1303,"MULTIPOLYGON (((-71.04588 42.32328, -71.04578 42.32318, -71.04525 42.32316, -71.04429 42.32293, -71.04349 42.32253, -71.04345 42.32219, -71.04309 42.32167, -71.04108 42.32083, -71.03931 42.31982, -71.03663 42.31868, -71.03666 42.31852, -71.03729 42.31821, -71.03698 42.31762, -71.03308 42.31646, -71.03291 42.31456, -71.04621 42.31464, -71.04795 42.31448, -71.04964 42.31431, -71.05215 42.31506, -71.05226 42.31878, -71.05241 42.31948, -71.05276 42.3215, -71.05261 42.32152, -71.05144 42.3216, -71.0508 42.32169, -71.05011 42.32193, -71.04969 42.32207, -71.04588 42.32328)))",13,03,83.3,13.8,59.1
1610,"MULTIPOLYGON (((-71.04515 42.2948, -71.04457 42.29368, -71.04422 42.29365, -71.04256 42.29259, -71.04219 42.29194, -71.04217 42.29171, -71.04183 42.29103, -71.04183 42.29077, -71.04197 42.29041, -71.04189 42.28939, -71.04169 42.28938, -71.04162 42.29115, -71.04206 42.29229, -71.0422 42.29334, -71.04196 42.29336, -71.04133 42.29331, -71.04121 42.29326, -71.04122 42.29308, -71.04114 42.29305, -71.04115 42.29295, -71.04109 42.29295, -71.04107 42.29309, -71.04099 42.2931, -71.04101 42.29293, -71.0409 42.29292, -71.04088 42.29317, -71.04079 42.29317, -71.04082 42.29301, -71.04075 42.293, -71.04075 42.29304, -71.03975 42.29299, -71.0397 42.29318, -71.03964 42.29315, -71.03969 42.29298, -71.03969 42.2928, -71.0394 42.29282, -71.0394 42.29274, -71.03963 42.29273, -71.03961 42.29256, -71.03919 42.29258, -71.03961 42.29218, -71.03948 42.29208, -71.03922 42.29231, -71.0391 42.29171, -71.03887 42.29161, -71.03874 42.29172, -71.03866 42.29166, -71.03899 42.29139, -71.03886 42.2913, -71.03871 42.29143, -71.03784 42.29086, -71.03795 42.29072, -71.0379 42.28929, -71.03736 42.28839, -71.03757 42.28806, -71.03756 42.28785, -71.03782 42.28746, -71.0381 42.28711, -71.03911 42.28665, -71.03846 42.28606, -71.03861 42.28596, -71.039 42.28577, -71.04029 42.28476, -71.04109 42.28514, -71.04194 42.28551, -71.0425 42.28561, -71.04281 42.2856, -71.04344 42.28538, -71.04544 42.28442, -71.04595 42.28421, -71.04675 42.28395, -71.0467 42.28414, -71.04652 42.28472, -71.04699 42.28572, -71.04714 42.28569, -71.04748 42.28641, -71.04855 42.28614, -71.04911 42.28739, -71.04939 42.28803, -71.05073 42.28779, -71.05114 42.28863, -71.05148 42.28931, -71.04838 42.29007, -71.04828 42.29059, -71.04814 42.29173, -71.04811 42.29201, -71.04828 42.29313, -71.048 42.29302, -71.0477 42.29316, -71.04747 42.29352, -71.0473 42.2938, -71.04763 42.29405, -71.04772 42.29414, -71.04709 42.29435, -71.04648 42.29446, -71.04515 42.2948)))",16,10,60.7,36.7,72.2
1713,"MULTIPOLYGON (((-71.06426 42.26998, -71.06426 42.27, -71.06425 42.27004, -71.06426 42.27008, -71.06426 42.2701, -71.06426 42.27012, -71.06425 42.27014, -71.06425 42.27017, -71.06423 42.27018, -71.06421 42.27018, -71.06419 42.27019, -71.06417 42.27021, -71.0642 42.27021, -71.06422 42.27021, -71.06425 42.27022, -71.06427 42.27024, -71.06428 42.27026, -71.06429 42.27028, -71.06428 42.27031, -71.06428 42.27034, -71.0643 42.27036, -71.06433 42.27039, -71.06434 42.27042, -71.06434 42.27044, -71.06434 42.27046, -71.06433 42.27049, -71.06433 42.27052, -71.06435 42.27054, -71.06437 42.27056, -71.06438 42.27058, -71.06438 42.27061, -71.06441 42.27064, -71.06444 42.27066, -71.06448 42.27067, -71.06451 42.27069, -71.06453 42.27069, -71.06457 42.27069, -71.06462 42.27071, -71.06468 42.27072, -71.06474 42.27073, -71.06478 42.27073, -71.06481 42.27073, -71.06485 42.27073, -71.06487 42.27073, -71.06491 42.27071, -71.06493 42.27071, -71.06493 42.27074, -71.06491 42.27075, -71.06489 42.27076, -71.06491 42.27081, -71.06504 42.27076, -71.06508 42.27079, -71.06516 42.27075, -71.06533 42.27093, -71.06556 42.27111, -71.06597 42.27124, -71.06659 42.27131, -71.06709 42.27143, -71.06741 42.27149, -71.06762 42.27149, -71.06779 42.27141, -71.06796 42.27111, -71.06814 42.27099, -71.0682 42.27118, -71.06819 42.2714, -71.06797 42.27185, -71.06793 42.27219, -71.06942 42.27247, -71.06969 42.27276, -71.07021 42.27385, -71.07222 42.27502, -71.07209 42.27568, -71.07082 42.27594, -71.06958 42.27577, -71.06944 42.27628, -71.06894 42.27624, -71.06792 42.27642, -71.06783 42.2765, -71.0675 42.2777, -71.0665 42.27799, -71.06715 42.27567, -71.06733 42.27507, -71.06551 42.27481, -71.06181 42.27594, -71.06144 42.27565, -71.05942 42.27438, -71.05901 42.27481, -71.05706 42.27617, -71.05535 42.27732, -71.05381 42.27809, -71.05372 42.27791, -71.05351 42.27768, -71.05456 42.27744, -71.05626 42.27644, -71.05624 42.27643, -71.0562 42.27641, -71.05618 42.27639, -71.05615 42.27637, -71.05614 42.27636, -71.05614 42.27632, -71.05616 42.27629, -71.05614 42.27626, -71.05614 42.27624, -71.05616 42.27622, -71.0562 42.27619, -71.05622 42.27617, -71.05623 42.2761, -71.05623 42.27606, -71.05624 42.27603, -71.05624 42.276, -71.05625 42.27593, -71.05628 42.27582, -71.05629 42.27576, -71.05632 42.27574, -71.05633 42.27572, -71.05633 42.27567, -71.05633 42.27563, -71.05638 42.27546, -71.05634 42.27528, -71.05633 42.27519, -71.05632 42.27512, -71.05631 42.27508, -71.05623 42.27466, -71.05622 42.27465, -71.0562 42.27463, -71.05622 42.27461, -71.05624 42.27461, -71.05628 42.27461, -71.05632 42.27462, -71.05635 42.27464, -71.05641 42.27465, -71.05643 42.27465, -71.05647 42.27467, -71.05649 42.27468, -71.05652 42.27468, -71.05655 42.2747, -71.05658 42.27472, -71.0566 42.27473, -71.05663 42.27474, -71.05666 42.27475, -71.05669 42.27477, -71.0567 42.27481, -71.0567 42.27484, -71.0567 42.27487, -71.05672 42.27491, -71.05673 42.27493, -71.05675 42.27494, -71.05675 42.27497, -71.05681 42.27495, -71.05682 42.27491, -71.05682 42.27489, -71.05681 42.27486, -71.0568 42.27483, -71.05681 42.27481, -71.05682 42.27479, -71.05683 42.27477, -71.05683 42.27476, -71.05683 42.27473, -71.05682 42.27471, -71.05682 42.27469, -71.05683 42.27467, -71.05685 42.27465, -71.05685 42.2746, -71.05686 42.27458, -71.05686 42.27456, -71.05685 42.27454, -71.05682 42.2745, -71.05681 42.27447, -71.05682 42.27444, -71.05679 42.27442, -71.05677 42.2744, -71.05675 42.27438, -71.05672 42.27437, -71.05673 42.2744, -71.05676 42.27443, -71.05676 42.27447, -71.05676 42.2745, -71.05677 42.27453, -71.05677 42.27456, -71.05676 42.27458, -71.05675 42.27464, -71.05673 42.27467, -71.0567 42.27466, -71.05668 42.27466, -71.05664 42.27464, -71.0566 42.27461, -71.05657 42.27459, -71.05651 42.27458, -71.05649 42.27456, -71.05648 42.27454, -71.05646 42.27452, -71.05643 42.27452, -71.0564 42.27451, -71.05637 42.2745, -71.05633 42.27447, -71.05631 42.27445, -71.05627 42.27445, -71.05622 42.27443, -71.05618 42.27443, -71.05616 42.27444, -71.05608 42.27444, -71.05605 42.27444, -71.05601 42.27442, -71.05599 42.27437, -71.05594 42.27431, -71.05589 42.27425, -71.05582 42.27418, -71.05577 42.27412, -71.05571 42.27407, -71.05565 42.27399, -71.05563 42.27397, -71.05558 42.27392, -71.05554 42.2739, -71.05552 42.27387, -71.05551 42.27385, -71.05554 42.27384, -71.05553 42.27382, -71.05549 42.27381, -71.05546 42.2738, -71.05543 42.27379, -71.0554 42.27376, -71.05537 42.27374, -71.05534 42.27373, -71.05535 42.27371, -71.0554 42.27371, -71.05543 42.27371, -71.05537 42.2737, -71.05534 42.2737, -71.05529 42.27367, -71.05525 42.27364, -71.05523 42.27361, -71.05521 42.27358, -71.05517 42.27357, -71.05516 42.27353, -71.05513 42.27352, -71.05511 42.27351, -71.05511 42.27349, -71.05512 42.27347, -71.0551 42.27347, -71.05506 42.27346, -71.05504 42.27345, -71.05502 42.27343, -71.05499 42.27344, -71.05496 42.27342, -71.05494 42.2734, -71.05491 42.27336, -71.05488 42.27334, -71.05484 42.27333, -71.05479 42.2733, -71.05479 42.27328, -71.05477 42.27327, -71.05475 42.27325, -71.05471 42.27323, -71.05467 42.27319, -71.05463 42.27315, -71.0546 42.27311, -71.05457 42.27308, -71.05454 42.27307, -71.05452 42.27305, -71.05449 42.27304, -71.05448 42.27301, -71.05446 42.273, -71.05443 42.27298, -71.05441 42.27293, -71.0544 42.27291, -71.05437 42.2729, -71.05435 42.27287, -71.05432 42.27283, -71.05432 42.2728, -71.05434 42.27279, -71.05431 42.27277, -71.05433 42.27276, -71.05436 42.27275, -71.05439 42.27276, -71.05442 42.27277, -71.05445 42.27277, -71.05447 42.27277, -71.05456 42.27281, -71.05458 42.27281, -71.0546 42.27282, -71.05463 42.27283, -71.05465 42.27286, -71.05468 42.27288, -71.0547 42.2729, -71.0547 42.27292, -71.0547 42.27294, -71.0547 42.27296, -71.0547 42.27298, -71.05472 42.27299, -71.05475 42.273, -71.05477 42.27299, -71.0548 42.27298, -71.05482 42.27296, -71.05484 42.27295, -71.05489 42.27295, -71.05492 42.27297, -71.05497 42.27297, -71.05501 42.27297, -71.05508 42.27298, -71.05512 42.27296, -71.05516 42.27295, -71.05518 42.27295, -71.05521 42.27296, -71.05523 42.27297, -71.05525 42.27295, -71.05529 42.27295, -71.05533 42.27296, -71.05539 42.27298, -71.05545 42.27299, -71.05563 42.2729, -71.0556 42.27289, -71.05556 42.27288, -71.05554 42.27287, -71.05551 42.27286, -71.05549 42.27286, -71.05546 42.27286, -71.05542 42.27285, -71.05535 42.27286, -71.05533 42.27285, -71.05531 42.27285, -71.05526 42.27283, -71.05522 42.27281, -71.05517 42.2728, -71.05515 42.2728, -71.05505 42.27278, -71.05497 42.27277, -71.05496 42.27274, -71.05492 42.27271, -71.05488 42.2727, -71.0549 42.27268, -71.05487 42.27268, -71.05484 42.27268, -71.05481 42.27269, -71.05479 42.27269, -71.05475 42.2727, -71.0547 42.27269, -71.05467 42.27267, -71.05464 42.27265, -71.05459 42.27263, -71.05451 42.27262, -71.05444 42.27258, -71.0544 42.27254, -71.05438 42.27251, -71.05434 42.27248, -71.05433 42.27243, -71.05432 42.27239, -71.05432 42.27234, -71.05432 42.27231, -71.05434 42.27229, -71.05437 42.27227, -71.0544 42.27224, -71.05443 42.27223, -71.05444 42.27221, -71.05446 42.27219, -71.0545 42.27218, -71.05452 42.27217, -71.05454 42.27216, -71.05457 42.27212, -71.05458 42.27208, -71.05461 42.27205, -71.05463 42.27204, -71.05466 42.27202, -71.05471 42.27199, -71.05475 42.27197, -71.05483 42.27194, -71.05489 42.27192, -71.05494 42.27191, -71.055 42.2719, -71.05503 42.27189, -71.05508 42.27189, -71.05513 42.27187, -71.05519 42.27183, -71.05522 42.27181, -71.05524 42.2718, -71.05527 42.27179, -71.05534 42.27175, -71.05545 42.27171, -71.05548 42.27169, -71.05553 42.27168, -71.05561 42.27166, -71.05563 42.27164, -71.05565 42.27164, -71.05568 42.2716, -71.05572 42.27159, -71.05576 42.27157, -71.05584 42.27156, -71.05592 42.27154, -71.05599 42.27152, -71.05609 42.27149, -71.05616 42.27149, -71.05625 42.2715, -71.0563 42.27152, -71.05631 42.27154, -71.05634 42.27155, -71.05635 42.27153, -71.05639 42.27148, -71.05644 42.27146, -71.05647 42.27143, -71.0565 42.27141, -71.05652 42.27138, -71.05654 42.27135, -71.05656 42.27134, -71.05655 42.27131, -71.05659 42.27128, -71.05661 42.27126, -71.05665 42.27126, -71.05664 42.27125, -71.05665 42.27123, -71.05669 42.27122, -71.05675 42.27119, -71.0568 42.27116, -71.05686 42.27114, -71.05689 42.27111, -71.05692 42.2711, -71.05697 42.27108, -71.05699 42.27106, -71.05702 42.27105, -71.05705 42.27104, -71.05708 42.27105, -71.05711 42.27106, -71.05709 42.27103, -71.0571 42.271, -71.05713 42.27099, -71.05717 42.27098, -71.05721 42.27098, -71.05725 42.27098, -71.0573 42.27098, -71.05734 42.27099, -71.05737 42.27099, -71.0574 42.271, -71.05742 42.27101, -71.05745 42.27101, -71.05743 42.27098, -71.0574 42.27096, -71.05738 42.27093, -71.05737 42.2709, -71.05736 42.27089, -71.05736 42.27086, -71.05736 42.27083, -71.05737 42.27081, -71.05741 42.2708, -71.05745 42.27077, -71.05749 42.27074, -71.05755 42.27072, -71.05758 42.2707, -71.0576 42.27069, -71.05763 42.27067, -71.05766 42.27065, -71.05769 42.27065, -71.05771 42.27065, -71.05776 42.27067, -71.05779 42.27068, -71.05776 42.27065, -71.05774 42.27062, -71.05775 42.2706, -71.05777 42.27059, -71.05781 42.27057, -71.05784 42.27057, -71.05786 42.27058, -71.05784 42.27055, -71.05787 42.27056, -71.05789 42.27056, -71.05793 42.27056, -71.05799 42.27059, -71.05804 42.27063, -71.05808 42.27064, -71.05804 42.2706, -71.058 42.27057, -71.05797 42.27056, -71.05795 42.27054, -71.05797 42.27052, -71.05799 42.27051, -71.05798 42.27047, -71.05798 42.27044, -71.05798 42.2704, -71.05799 42.27038, -71.05802 42.27038, -71.058 42.27037, -71.05803 42.2703, -71.05805 42.27024, -71.05807 42.27021, -71.05811 42.27021, -71.05809 42.2702, -71.0581 42.27018, -71.05811 42.27015, -71.05814 42.27014, -71.05816 42.27012, -71.0582 42.2701, -71.05822 42.27008, -71.05825 42.27007, -71.05827 42.27007, -71.0583 42.27008, -71.05834 42.27009, -71.05832 42.27007, -71.05831 42.27005, -71.0583 42.27003, -71.05831 42.27001, -71.05838 42.26995, -71.05841 42.26994, -71.05844 42.26993, -71.05849 42.26993, -71.05854 42.26995, -71.05859 42.26996, -71.05858 42.26995, -71.05856 42.26993, -71.05855 42.26991, -71.05856 42.26989, -71.05855 42.26987, -71.05859 42.26986, -71.05861 42.26985, -71.05858 42.26982, -71.05855 42.26979, -71.05855 42.26977, -71.05857 42.26975, -71.0586 42.26975, -71.05866 42.26976, -71.05861 42.26973, -71.05859 42.26972, -71.0586 42.2697, -71.0586 42.26967, -71.05863 42.26964, -71.05869 42.26966, -71.05866 42.26964, -71.05864 42.26961, -71.05865 42.26959, -71.05868 42.26956, -71.05871 42.26956, -71.05872 42.26955, -71.05872 42.26952, -71.05872 42.2695, -71.05875 42.26951, -71.05878 42.26951, -71.05881 42.26949, -71.05882 42.26945, -71.05882 42.26941, -71.05885 42.26938, -71.05893 42.26938, -71.05896 42.26939, -71.059 42.26939, -71.05908 42.2694, -71.05912 42.26941, -71.05915 42.26941, -71.05917 42.2694, -71.05917 42.26938, -71.0592 42.26937, -71.05929 42.26936, -71.05933 42.26938, -71.05936 42.26937, -71.05938 42.26938, -71.0594 42.26938, -71.05946 42.2694, -71.05948 42.26937, -71.05952 42.26937, -71.05956 42.26937, -71.05961 42.26938, -71.05962 42.2694, -71.05964 42.26942, -71.05968 42.26943, -71.05972 42.26943, -71.05975 42.26945, -71.05978 42.26949, -71.0598 42.26953, -71.05981 42.2695, -71.05986 42.26953, -71.05991 42.26955, -71.05995 42.26957, -71.05997 42.2696, -71.06 42.26962, -71.06002 42.26964, -71.06005 42.26965, -71.06008 42.26964, -71.06011 42.26964, -71.06014 42.26965, -71.06015 42.26967, -71.06017 42.26969, -71.06013 42.2697, -71.0601 42.26973, -71.06013 42.26974, -71.06016 42.26975, -71.06019 42.26977, -71.06021 42.26978, -71.06024 42.26978, -71.06021 42.26976, -71.06019 42.26975, -71.0602 42.26973, -71.0602 42.2697, -71.06023 42.2697, -71.06025 42.26971, -71.06027 42.26973, -71.0603 42.26975, -71.06032 42.26975, -71.06035 42.26976, -71.06033 42.26974, -71.0603 42.2697, -71.0603 42.26968, -71.06029 42.26967, -71.06026 42.26965, -71.06024 42.26964, -71.06019 42.26963, -71.06017 42.26961, -71.06012 42.26958, -71.06009 42.26957, -71.06006 42.26956, -71.06002 42.26954, -71.05998 42.26951, -71.05995 42.26945, -71.05992 42.26943, -71.05991 42.26941, -71.05988 42.26941, -71.05983 42.26941, -71.05982 42.26939, -71.0598 42.26937, -71.05977 42.26936, -71.05974 42.26935, -71.05971 42.26934, -71.05968 42.26931, -71.05966 42.26928, -71.05967 42.26926, -71.0597 42.26925, -71.05968 42.26924, -71.05966 42.26924, -71.05964 42.26923, -71.05962 42.26918, -71.05967 42.26917, -71.05971 42.26914, -71.05975 42.26912, -71.05982 42.2691, -71.05993 42.26906, -71.05998 42.26904, -71.06004 42.26902, -71.0601 42.26901, -71.06016 42.269, -71.06019 42.26899, -71.06025 42.26898, -71.06029 42.26898, -71.06033 42.26898, -71.06035 42.26897, -71.06035 42.26894, -71.06038 42.26893, -71.06041 42.26891, -71.06044 42.2689, -71.0605 42.26886, -71.06052 42.26884, -71.06055 42.26882, -71.06058 42.26881, -71.06063 42.2688, -71.06067 42.2688, -71.06072 42.26881, -71.06075 42.26879, -71.06079 42.26877, -71.06081 42.26876, -71.06081 42.26874, -71.06083 42.2687, -71.06084 42.26868, -71.06088 42.26867, -71.06091 42.26865, -71.06095 42.26865, -71.06097 42.26865, -71.06099 42.26866, -71.06097 42.26869, -71.06095 42.26871, -71.06093 42.26874, -71.06092 42.26878, -71.06091 42.26879, -71.06089 42.26882, -71.06086 42.26884, -71.06087 42.26886, -71.0609 42.26886, -71.06092 42.26886, -71.06096 42.26884, -71.06098 42.26883, -71.06103 42.26883, -71.06107 42.26881, -71.0611 42.26879, -71.06112 42.26878, -71.06116 42.26877, -71.06118 42.26878, -71.0612 42.26877, -71.06121 42.26875, -71.06123 42.26874, -71.06124 42.26872, -71.06124 42.2687, -71.06124 42.26869, -71.06122 42.26866, -71.06119 42.26865, -71.06117 42.26864, -71.06115 42.26862, -71.06115 42.2686, -71.06117 42.26859, -71.06118 42.26857, -71.06122 42.26855, -71.06125 42.26854, -71.06128 42.26854, -71.06131 42.26857, -71.06134 42.2686, -71.06135 42.26861, -71.06139 42.2686, -71.06141 42.26861, -71.06141 42.26863, -71.06143 42.26864, -71.06143 42.26866, -71.06142 42.26869, -71.06141 42.26871, -71.0614 42.26874, -71.06144 42.26873, -71.06147 42.26872, -71.06152 42.26875, -71.06156 42.26877, -71.06154 42.26875, -71.06153 42.26873, -71.0615 42.26872, -71.06146 42.26869, -71.06145 42.26868, -71.06151 42.26867, -71.06153 42.26865, -71.06152 42.26862, -71.06151 42.2686, -71.06148 42.26855, -71.06146 42.26853, -71.06145 42.26849, -71.0614 42.26845, -71.0614 42.26843, -71.06137 42.26842, -71.06134 42.26843, -71.06131 42.26843, -71.06128 42.26843, -71.06127 42.26841, -71.06127 42.26838, -71.06128 42.26835, -71.06129 42.26831, -71.0613 42.26824, -71.06133 42.26822, -71.06138 42.26815, -71.06142 42.26808, -71.06147 42.26804, -71.06151 42.26802, -71.06157 42.26799, -71.06163 42.26796, -71.06167 42.26794, -71.0617 42.26794, -71.06173 42.26792, -71.06177 42.26789, -71.06183 42.26787, -71.0619 42.26784, -71.06194 42.26782, -71.06198 42.2678, -71.06203 42.26779, -71.06206 42.26778, -71.06205 42.26776, -71.06208 42.26774, -71.06212 42.26773, -71.06217 42.26769, -71.06227 42.26762, -71.06231 42.26759, -71.06236 42.26757, -71.0624 42.26756, -71.06242 42.26756, -71.06253 42.26759, -71.06256 42.26762, -71.06258 42.26765, -71.06262 42.26768, -71.06266 42.26771, -71.06274 42.26775, -71.06277 42.26777, -71.06281 42.2678, -71.06284 42.26783, -71.06287 42.26785, -71.06288 42.26788, -71.06291 42.2679, -71.06292 42.26792, -71.06295 42.26795, -71.06299 42.26799, -71.06304 42.26804, -71.06307 42.26806, -71.06309 42.26808, -71.0631 42.26811, -71.06311 42.26814, -71.0631 42.26818, -71.06307 42.26822, -71.06305 42.26825, -71.063 42.26828, -71.06296 42.2683, -71.06294 42.26831, -71.06291 42.26833, -71.0629 42.26836, -71.06289 42.2684, -71.06289 42.26843, -71.0629 42.26847, -71.06291 42.26849, -71.06296 42.26851, -71.063 42.26856, -71.06302 42.26859, -71.06302 42.2686, -71.06302 42.26863, -71.06306 42.26861, -71.06309 42.26861, -71.06313 42.26864, -71.06323 42.26875, -71.06326 42.26879, -71.06329 42.2688, -71.06332 42.26881, -71.06337 42.26883, -71.06337 42.26885, -71.06333 42.26889, -71.0633 42.26889, -71.0633 42.26894, -71.06333 42.26895, -71.06336 42.26895, -71.06339 42.26897, -71.06343 42.26896, -71.06346 42.26895, -71.06344 42.26893, -71.06341 42.26893, -71.06338 42.26892, -71.06337 42.2689, -71.06338 42.26888, -71.06342 42.26886, -71.06345 42.26885, -71.06352 42.26883, -71.0636 42.26882, -71.06367 42.26882, -71.06371 42.26882, -71.06376 42.26882, -71.06378 42.26883, -71.06381 42.26884, -71.06383 42.26885, -71.06386 42.26884, -71.06389 42.26884, -71.06395 42.26885, -71.06398 42.26887, -71.064 42.26887, -71.06403 42.26886, -71.06406 42.26885, -71.06411 42.26884, -71.0642 42.26883, -71.06428 42.26883, -71.06434 42.26885, -71.06441 42.26888, -71.06449 42.26891, -71.06455 42.26894, -71.06459 42.26899, -71.06465 42.26902, -71.0647 42.26909, -71.06471 42.26912, -71.06471 42.26916, -71.06473 42.26919, -71.06473 42.26923, -71.06471 42.26925, -71.0647 42.26928, -71.06469 42.26932, -71.06468 42.26937, -71.06466 42.26938, -71.06463 42.26941, -71.06454 42.26946, -71.06448 42.2695, -71.06446 42.26954, -71.06445 42.26956, -71.06443 42.26962, -71.06443 42.26966, -71.06443 42.26969, -71.06443 42.26973, -71.06444 42.26981, -71.06444 42.26987, -71.06444 42.26989, -71.06444 42.26991, -71.06443 42.26996, -71.06444 42.26998, -71.06445 42.27, -71.0645 42.27004, -71.06455 42.27008, -71.06457 42.27009, -71.06457 42.27011, -71.06456 42.27012, -71.06454 42.27013, -71.0645 42.27013, -71.06448 42.27013, -71.06444 42.27012, -71.0644 42.2701, -71.06434 42.27009, -71.06431 42.27008, -71.0643 42.27005, -71.06428 42.27, -71.06427 42.26996, -71.06426 42.26998), (-71.06025 42.2698, -71.06027 42.26983, -71.06031 42.26984, -71.06035 42.26984, -71.06039 42.26985, -71.06036 42.26983, -71.06032 42.2698, -71.06029 42.2698, -71.06026 42.26978, -71.06024 42.26978, -71.06025 42.2698), (-71.06429 42.26992, -71.06427 42.2699, -71.06426 42.26993, -71.06427 42.26996, -71.06429 42.26992), (-71.06049 42.26996, -71.06051 42.26995, -71.06048 42.26994, -71.06045 42.26995, -71.06045 42.26998, -71.06049 42.26996), (-71.06055 42.26996, -71.06058 42.26997, -71.06056 42.26993, -71.06052 42.2699, -71.06045 42.26987, -71.0604 42.26987, -71.06043 42.26988, -71.06045 42.26989, -71.06048 42.2699, -71.06052 42.26993, -71.06051 42.26995, -71.06055 42.26996), (-71.06043 42.26999, -71.06041 42.27001, -71.06037 42.27003, -71.06041 42.27003, -71.06043 42.27001, -71.06045 42.26998, -71.06043 42.26999)))",17,13,79.9,18.1,74.7
1612,"MULTIPOLYGON (((-71.04531 42.2769, -71.04532 42.2769, -71.04533 42.2769, -71.04531 42.2769)), ((-71.04533 42.2769, -71.04569 42.27698, -71.04588 42.27705, -71.046 42.27711, -71.046 42.27712, -71.04603 42.27712, -71.04614 42.27718, -71.04615 42.27719, -71.04616 42.27721, -71.0462 42.27722, -71.04624 42.27724, -71.04624 42.27725, -71.04627 42.27726, -71.0463 42.27728, -71.04642 42.27735, -71.04645 42.27738, -71.04652 42.27742, -71.04657 42.27745, -71.04662 42.27748, -71.04675 42.27756, -71.04691 42.27766, -71.04698 42.27772, -71.04703 42.27773, -71.04708 42.27776, -71.04714 42.2778, -71.04717 42.27781, -71.0472 42.27782, -71.04721 42.27783, -71.04721 42.27785, -71.04723 42.27786, -71.04726 42.27786, -71.04728 42.27788, -71.04731 42.27791, -71.04732 42.27794, -71.04732 42.27799, -71.04729 42.27801, -71.04728 42.27802, -71.04727 42.27804, -71.04726 42.27806, -71.04726 42.27807, -71.04727 42.27808, -71.04728 42.27808, -71.04731 42.2781, -71.04733 42.27809, -71.04733 42.27809, -71.04735 42.27807, -71.04739 42.27806, -71.04741 42.27804, -71.04743 42.27802, -71.04744 42.278, -71.04746 42.27801, -71.04746 42.278, -71.04746 42.27799, -71.04745 42.27797, -71.04748 42.27795, -71.04751 42.27794, -71.04754 42.27795, -71.04756 42.27798, -71.04757 42.278, -71.04756 42.27802, -71.04756 42.27803, -71.04757 42.27804, -71.04758 42.27804, -71.04758 42.27803, -71.04758 42.27802, -71.04761 42.27801, -71.04762 42.278, -71.04763 42.278, -71.04763 42.27801, -71.04763 42.27802, -71.04765 42.27803, -71.04767 42.27804, -71.04769 42.27804, -71.04771 42.27804, -71.04773 42.27803, -71.04775 42.27802, -71.04779 42.27802, -71.04781 42.27802, -71.0481 42.27811, -71.04877 42.27849, -71.04884 42.2785, -71.04884 42.27851, -71.04885 42.27853, -71.04887 42.27852, -71.04887 42.27851, -71.04887 42.2785, -71.04951 42.27856, -71.04986 42.27859, -71.04997 42.27861, -71.05 42.27861, -71.05005 42.27863, -71.05008 42.27863, -71.05013 42.27862, -71.05022 42.27863, -71.05025 42.27861, -71.05027 42.2786, -71.0503 42.2786, -71.05032 42.27858, -71.05036 42.27856, -71.05038 42.27852, -71.05038 42.2785, -71.05052 42.2784, -71.05053 42.2784, -71.05055 42.2784, -71.05059 42.2784, -71.0506 42.2784, -71.05067 42.27839, -71.0507 42.2784, -71.05073 42.2784, -71.05077 42.27841, -71.05081 42.2784, -71.05083 42.27839, -71.05085 42.27839, -71.05092 42.27838, -71.05094 42.27837, -71.05099 42.27839, -71.05111 42.27842, -71.05113 42.27842, -71.05122 42.27839, -71.05123 42.27838, -71.05136 42.2784, -71.05139 42.27839, -71.05142 42.27839, -71.05145 42.27842, -71.05145 42.27841, -71.05147 42.27842, -71.05148 42.27843, -71.05151 42.27844, -71.05152 42.27843, -71.05153 42.27841, -71.05153 42.27839, -71.05152 42.27837, -71.05151 42.27837, -71.0515 42.27835, -71.05151 42.27833, -71.05152 42.27829, -71.05152 42.27828, -71.05153 42.27828, -71.05171 42.27823, -71.05172 42.27823, -71.05174 42.27822, -71.05177 42.27821, -71.05185 42.27819, -71.05194 42.27818, -71.05197 42.27818, -71.05206 42.27816, -71.05211 42.27813, -71.05217 42.27813, -71.05225 42.2781, -71.05232 42.27809, -71.05237 42.27806, -71.0524 42.27805, -71.05246 42.27803, -71.05251 42.27802, -71.0526 42.27799, -71.05271 42.27796, -71.05282 42.27793, -71.05296 42.2779, -71.05306 42.27787, -71.05316 42.27784, -71.05323 42.27781, -71.05331 42.27778, -71.05338 42.27778, -71.05341 42.27776, -71.05341 42.27775, -71.05337 42.27771, -71.05341 42.2777, -71.05351 42.27768, -71.05372 42.27791, -71.0542 42.27892, -71.05475 42.28035, -71.0554 42.28184, -71.05576 42.28266, -71.05488 42.2827, -71.05364 42.28293, -71.05228 42.28317, -71.05158 42.28325, -71.04994 42.28332, -71.04899 42.28343, -71.04827 42.28355, -71.04736 42.28374, -71.04675 42.28395, -71.04595 42.28421, -71.04544 42.28442, -71.04344 42.28538, -71.04281 42.2856, -71.0425 42.28561, -71.04194 42.28551, -71.04109 42.28514, -71.04029 42.28476, -71.04039 42.28468, -71.04042 42.28468, -71.04044 42.28466, -71.04044 42.28465, -71.04046 42.28462, -71.04072 42.2844, -71.04076 42.28439, -71.04085 42.28438, -71.04087 42.28436, -71.04088 42.28435, -71.04088 42.28434, -71.04089 42.28432, -71.04092 42.28429, -71.04092 42.28428, -71.04093 42.28426, -71.04093 42.28424, -71.04094 42.28422, -71.04098 42.28419, -71.04103 42.28416, -71.04108 42.28414, -71.04111 42.2841, -71.04115 42.28406, -71.04116 42.28403, -71.04138 42.28385, -71.04142 42.28363, -71.04153 42.2835, -71.04152 42.28344, -71.04153 42.28338, -71.04151 42.28335, -71.0415 42.28331, -71.0415 42.28327, -71.0415 42.28325, -71.04152 42.28324, -71.04156 42.28324, -71.04153 42.28323, -71.0415 42.28321, -71.0415 42.28319, -71.0415 42.28314, -71.04152 42.28311, -71.04151 42.2831, -71.0415 42.2831, -71.04151 42.28305, -71.04153 42.28303, -71.04151 42.28303, -71.04152 42.28295, -71.04155 42.28295, -71.04155 42.28294, -71.04154 42.28292, -71.04152 42.28292, -71.04157 42.28266, -71.0416 42.28266, -71.04159 42.28265, -71.04157 42.28265, -71.04161 42.28242, -71.04165 42.28243, -71.04166 42.28242, -71.04165 42.28241, -71.04162 42.2824, -71.04161 42.2824, -71.04165 42.28218, -71.04166 42.28218, -71.04165 42.28217, -71.04166 42.2821, -71.04168 42.28211, -71.04169 42.28209, -71.04169 42.28208, -71.04166 42.28208, -71.04168 42.28198, -71.04167 42.28195, -71.04169 42.28194, -71.0417 42.28193, -71.04169 42.28193, -71.04168 42.28193, -71.04169 42.28166, -71.04169 42.28165, -71.04169 42.28164, -71.0417 42.28141, -71.04172 42.28141, -71.04172 42.2814, -71.0417 42.28139, -71.04173 42.2806, -71.04179 42.28059, -71.04188 42.28059, -71.04192 42.28058, -71.04195 42.28056, -71.04199 42.28056, -71.0421 42.28054, -71.04215 42.28053, -71.04224 42.28051, -71.04237 42.2805, -71.04244 42.28049, -71.0425 42.2805, -71.04257 42.28051, -71.04261 42.28052, -71.04268 42.28052, -71.04273 42.28053, -71.04276 42.28053, -71.04279 42.28055, -71.04281 42.28055, -71.04283 42.28055, -71.04284 42.28056, -71.04285 42.28058, -71.04287 42.28059, -71.0429 42.28059, -71.04292 42.28061, -71.04295 42.28062, -71.04296 42.28064, -71.04297 42.28064, -71.04307 42.28072, -71.04328 42.28077, -71.0433 42.28078, -71.04332 42.28078, -71.04341 42.2808, -71.04341 42.28082, -71.04343 42.28081, -71.04383 42.28091, -71.04384 42.28091, -71.04388 42.28093, -71.04394 42.28094, -71.04397 42.28094, -71.04408 42.28097, -71.0441 42.28094, -71.04413 42.28094, -71.04413 42.2809, -71.04412 42.28089, -71.04411 42.28087, -71.0441 42.28086, -71.04411 42.2808, -71.04378 42.28072, -71.04378 42.28069, -71.04377 42.28066, -71.04373 42.28065, -71.0437 42.28064, -71.04365 42.28063, -71.04361 42.28063, -71.0436 42.28063, -71.04355 42.28061, -71.0435 42.28062, -71.04348 42.28062, -71.04344 42.28061, -71.04339 42.2806, -71.04333 42.28057, -71.04331 42.28056, -71.04327 42.28055, -71.04326 42.28054, -71.04325 42.28052, -71.04324 42.28052, -71.04323 42.28052, -71.0432 42.28052, -71.04319 42.28052, -71.04318 42.2805, -71.04314 42.28049, -71.04312 42.28048, -71.04267 42.27998, -71.04271 42.27998, -71.04272 42.27998, -71.04271 42.27997, -71.0427 42.27997, -71.04266 42.27996, -71.04265 42.27996, -71.04264 42.27994, -71.04262 42.27992, -71.04262 42.2799, -71.04261 42.27987, -71.04262 42.27979, -71.04264 42.27979, -71.04264 42.27977, -71.04264 42.27975, -71.04266 42.27969, -71.04266 42.27968, -71.04267 42.27964, -71.0427 42.27958, -71.04272 42.2795, -71.04275 42.27943, -71.04275 42.27937, -71.04279 42.27924, -71.04279 42.27923, -71.04281 42.27917, -71.04281 42.27916, -71.04281 42.27915, -71.04281 42.27914, -71.0428 42.27911, -71.04278 42.2791, -71.04276 42.27908, -71.04274 42.27909, -71.04273 42.2791, -71.0427 42.27911, -71.04269 42.27912, -71.04245 42.27907, -71.04244 42.27907, -71.04242 42.27907, -71.04236 42.27906, -71.04222 42.27908, -71.04221 42.27908, -71.04218 42.27909, -71.04214 42.2791, -71.04211 42.2791, -71.0421 42.27911, -71.04206 42.27912, -71.04204 42.27912, -71.04202 42.27912, -71.04201 42.27913, -71.04184 42.27916, -71.04211 42.27872, -71.04217 42.27866, -71.0422 42.27867, -71.0422 42.27866, -71.04218 42.27865, -71.04237 42.27848, -71.04239 42.27846, -71.04243 42.27845, -71.04242 42.27844, -71.04242 42.27843, -71.04243 42.27842, -71.04244 42.2784, -71.04248 42.2784, -71.04251 42.27841, -71.04254 42.27843, -71.04255 42.27844, -71.04255 42.27841, -71.04253 42.2784, -71.04249 42.27837, -71.04249 42.27836, -71.04257 42.27829, -71.04259 42.27826, -71.04264 42.27825, -71.04272 42.27816, -71.04276 42.27813, -71.04278 42.27809, -71.04281 42.27808, -71.04283 42.27808, -71.04284 42.27809, -71.04286 42.27809, -71.04288 42.27809, -71.04284 42.27807, -71.04282 42.27804, -71.04283 42.27804, -71.04283 42.27802, -71.04284 42.278, -71.04286 42.278, -71.04287 42.278, -71.04289 42.27797, -71.04292 42.27795, -71.04298 42.2779, -71.04304 42.27785, -71.04307 42.27784, -71.0431 42.27782, -71.04312 42.2778, -71.04315 42.27777, -71.04317 42.27777, -71.04318 42.27779, -71.04322 42.27782, -71.04323 42.27782, -71.04325 42.27781, -71.04325 42.2778, -71.04325 42.27777, -71.04325 42.27775, -71.04326 42.27773, -71.04326 42.27771, -71.04326 42.27767, -71.04326 42.27765, -71.04327 42.27762, -71.04328 42.2776, -71.0433 42.27758, -71.04331 42.27757, -71.04333 42.27754, -71.04333 42.27753, -71.04337 42.27751, -71.04339 42.27748, -71.04342 42.27747, -71.04343 42.27745, -71.04345 42.27744, -71.04348 42.27744, -71.04351 42.27745, -71.04354 42.27745, -71.04356 42.27745, -71.04356 42.27744, -71.04355 42.27743, -71.04354 42.27742, -71.04353 42.2774, -71.04354 42.27738, -71.04355 42.27737, -71.04359 42.27734, -71.0436 42.27732, -71.04361 42.27731, -71.04369 42.27727, -71.04372 42.27725, -71.04373 42.27725, -71.04377 42.27725, -71.04379 42.27727, -71.04383 42.27728, -71.04382 42.27727, -71.04381 42.27725, -71.04379 42.27724, -71.04379 42.27723, -71.0438 42.27722, -71.0442 42.277, -71.04435 42.27697, -71.04433 42.27699, -71.04434 42.277, -71.04435 42.27701, -71.04438 42.277, -71.0444 42.27699, -71.0444 42.27697, -71.04442 42.27697, -71.04444 42.27697, -71.04446 42.27698, -71.04446 42.27696, -71.04446 42.27695, -71.04446 42.27693, -71.04479 42.27685, -71.04482 42.27686, -71.04482 42.27684, -71.04489 42.27682, -71.04495 42.27682, -71.04502 42.27683, -71.04503 42.27683, -71.04509 42.27685, -71.04513 42.27686, -71.04517 42.27688, -71.04519 42.27688, -71.04519 42.27687, -71.04528 42.27689, -71.04531 42.27692, -71.04535 42.27693, -71.04533 42.2769)))",16,12,50.3,47.7,85.9
1602,"MULTIPOLYGON (((-71.05097 42.29696, -71.05148 42.29735, -71.05279 42.29604, -71.05373 42.29597, -71.05451 42.29594, -71.05626 42.29574, -71.05646 42.29636, -71.05678 42.29777, -71.0572 42.29842, -71.05753 42.29882, -71.05812 42.29929, -71.05868 42.29978, -71.05905 42.30032, -71.05893 42.30031, -71.05807 42.30033, -71.0577 42.30036, -71.05716 42.3005, -71.05683 42.30062, -71.05659 42.30075, -71.05599 42.30119, -71.05593 42.30122, -71.05578 42.30149, -71.05575 42.3016, -71.05571 42.3018, -71.05571 42.30253, -71.05573 42.30286, -71.05569 42.30337, -71.0556 42.30383, -71.05547 42.30436, -71.05519 42.30424, -71.05494 42.30525, -71.05485 42.30561, -71.05479 42.3056, -71.05302 42.30533, -71.05249 42.3046, -71.05196 42.3041, -71.04944 42.30198, -71.04935 42.30201, -71.04908 42.30272, -71.0486 42.30351, -71.048 42.30333, -71.0478 42.30327, -71.04786 42.30223, -71.04729 42.30217, -71.04701 42.30238, -71.04685 42.30284, -71.04691 42.3031, -71.0436 42.30241, -71.04336 42.30183, -71.04339 42.30109, -71.04384 42.30093, -71.04423 42.30047, -71.04393 42.3, -71.04346 42.29993, -71.04349 42.29985, -71.04387 42.29992, -71.04394 42.2997, -71.04412 42.29614, -71.04321 42.2953, -71.04515 42.2948, -71.04648 42.29446, -71.04709 42.29435, -71.04772 42.29414, -71.04816 42.29451, -71.05097 42.29696)))",16,02,67,29.8,72.1
0604,"MULTIPOLYGON (((-71.04246 42.33803, -71.04397 42.33674, -71.04275 42.33642, -71.04157 42.33612, -71.03997 42.33561, -71.03996 42.3347, -71.04154 42.33467, -71.04425 42.33462, -71.04425 42.33457, -71.04559 42.33454, -71.04602 42.33454, -71.04619 42.33457, -71.04635 42.33466, -71.04859 42.33611, -71.04654 42.33789, -71.04806 42.33887, -71.04772 42.33914, -71.04643 42.34027, -71.04374 42.34258, -71.04155 42.34447, -71.04059 42.34525, -71.03803 42.34366, -71.03833 42.34365, -71.03852 42.34366, -71.0387 42.34365, -71.03869 42.34282, -71.04068 42.3407, -71.04075 42.3406, -71.04077 42.34036, -71.04157 42.33971, -71.042 42.33961, -71.04197 42.33949, -71.04167 42.33947, -71.04149 42.33938, -71.04114 42.33912, -71.04246 42.33803)))",06,04,71.2,26.3,74.3
0607,"MULTIPOLYGON (((-71.03548 42.34168, -71.03516 42.34168, -71.03509 42.34035, -71.03464 42.34041, -71.0344 42.34044, -71.03374 42.3404, -71.03377 42.34152, -71.03278 42.34156, -71.03098 42.34155, -71.03044 42.34156, -71.0304 42.34022, -71.02949 42.34023, -71.02942 42.3415, -71.02941 42.34154, -71.02933 42.34169, -71.02925 42.34173, -71.02902 42.34175, -71.0282 42.3418, -71.02763 42.34168, -71.02761 42.3415, -71.02746 42.3415, -71.02725 42.34146, -71.02715 42.34136, -71.02698 42.34132, -71.02651 42.34133, -71.02649 42.34145, -71.02636 42.34152, -71.02624 42.3416, -71.02591 42.34165, -71.02545 42.34162, -71.02523 42.34157, -71.02513 42.33832, -71.02724 42.33828, -71.02725 42.33746, -71.02716 42.33578, -71.02925 42.33573, -71.03335 42.33568, -71.03332 42.33464, -71.03538 42.33438, -71.03542 42.33476, -71.03545 42.33652, -71.03557 42.33987, -71.03568 42.34178, -71.03556 42.34179, -71.03548 42.34168)))",06,07,66.9,30.4,77
0701,"MULTIPOLYGON (((-71.02498 42.33266, -71.02616 42.33227, -71.02846 42.33148, -71.02908 42.33115, -71.02932 42.33116, -71.03024 42.33071, -71.03146 42.32993, -71.03252 42.32941, -71.03302 42.32905, -71.03373 42.32893, -71.03384 42.32884, -71.03493 42.32873, -71.03624 42.3284, -71.0364 42.3287, -71.03698 42.3288, -71.03747 42.32878, -71.0379 42.32914, -71.03876 42.32942, -71.03981 42.3296, -71.03981 42.33057, -71.0373 42.33061, -71.03525 42.33066, -71.03529 42.33232, -71.03325 42.33234, -71.03119 42.33237, -71.02913 42.33242, -71.02773 42.3324, -71.0269 42.33247, -71.02498 42.33266)))",07,01,64.4,33.7,77.1
0609,"MULTIPOLYGON (((-71.02498 42.33266, -71.0269 42.33247, -71.02773 42.3324, -71.02913 42.33242, -71.02919 42.33405, -71.02925 42.33573, -71.02716 42.33578, -71.02725 42.33746, -71.02724 42.33828, -71.02513 42.33832, -71.02523 42.34157, -71.02509 42.34156, -71.02513 42.34186, -71.02144 42.34194, -71.02141 42.34189, -71.01419 42.34202, -71.01239 42.34086, -71.01234 42.34087, -71.01095 42.33996, -71.01097 42.33993, -71.0108 42.33983, -71.01098 42.33964, -71.01087 42.33947, -71.0105 42.33925, -71.01022 42.33923, -71.0101 42.3393, -71.01001 42.33933, -71.01002 42.33935, -71.00996 42.33939, -71.00954 42.33893, -71.00962 42.3389, -71.00995 42.33928, -71.01013 42.33919, -71.00964 42.33846, -71.00942 42.33724, -71.00952 42.33667, -71.01008 42.33664, -71.01098 42.33623, -71.01149 42.33587, -71.01167 42.33557, -71.01188 42.33525, -71.01216 42.33502, -71.0127 42.33397, -71.01288 42.33404, -71.01285 42.3343, -71.01267 42.33465, -71.01279 42.33511, -71.01286 42.33546, -71.01247 42.33592, -71.01226 42.33618, -71.01228 42.33663, -71.01241 42.33698, -71.01272 42.33724, -71.01309 42.3371, -71.01321 42.33727, -71.01295 42.33738, -71.01279 42.33775, -71.01316 42.33808, -71.01354 42.33815, -71.01438 42.33818, -71.01497 42.33831, -71.01504 42.33841, -71.01556 42.33851, -71.01686 42.33851, -71.01769 42.33848, -71.01974 42.33833, -71.02066 42.33809, -71.02132 42.33784, -71.0226 42.33687, -71.02302 42.33621, -71.02317 42.33565, -71.02316 42.33507, -71.02294 42.33444, -71.02246 42.33375, -71.02166 42.33292, -71.02037 42.33218, -71.01903 42.33156, -71.01777 42.3311, -71.01663 42.3309, -71.01572 42.33078, -71.01554 42.33089, -71.01531 42.33087, -71.01476 42.33142, -71.01467 42.33141, -71.01445 42.33165, -71.01449 42.33167, -71.01446 42.33175, -71.01374 42.33264, -71.01293 42.3339, -71.01277 42.33384, -71.01336 42.33274, -71.01432 42.33162, -71.0144 42.33162, -71.01464 42.33139, -71.0146 42.33135, -71.01508 42.33082, -71.01493 42.33062, -71.01524 42.33046, -71.01555 42.33045, -71.01575 42.3306, -71.01682 42.33073, -71.01803 42.33097, -71.01953 42.33156, -71.02075 42.33217, -71.021 42.33217, -71.02133 42.332, -71.02186 42.33223, -71.02416 42.33272, -71.02472 42.33276, -71.02498 42.33266)))",06,09,59.7,37.4,77.3
0707,"MULTIPOLYGON (((-71.04588 42.32328, -71.04969 42.32207, -71.05011 42.32193, -71.0508 42.32169, -71.05144 42.3216, -71.05261 42.32152, -71.05276 42.3215, -71.05294 42.3215, -71.05304 42.32244, -71.05325 42.32335, -71.05385 42.32405, -71.0558 42.3256, -71.05688 42.32635, -71.05689 42.32684, -71.05596 42.32686, -71.05598 42.32733, -71.05601 42.32783, -71.05606 42.32796, -71.05626 42.32804, -71.05692 42.32803, -71.05693 42.32859, -71.05459 42.32859, -71.05262 42.32861, -71.05224 42.32905, -71.0518 42.32924, -71.05177 42.32958, -71.05137 42.32982, -71.05077 42.33011, -71.05025 42.33029, -71.04935 42.33036, -71.04742 42.33044, -71.04733 42.33002, -71.04642 42.32828, -71.04668 42.32805, -71.04732 42.32716, -71.04767 42.32613, -71.04765 42.3246, -71.04752 42.32375, -71.04721 42.32352, -71.04609 42.32347, -71.04588 42.32328)))",07,07,79.9,19.4,54.6
0703,"MULTIPOLYGON (((-71.03981 42.3296, -71.03986 42.32961, -71.04167 42.32957, -71.04242 42.32961, -71.04416 42.32949, -71.04505 42.32926, -71.04592 42.3287, -71.04642 42.32828, -71.04733 42.33002, -71.04742 42.33044, -71.04618 42.33046, -71.04618 42.33128, -71.04621 42.33178, -71.04617 42.33214, -71.04642 42.33218, -71.04676 42.3323, -71.04702 42.33244, -71.04723 42.33272, -71.04727 42.33294, -71.04717 42.33315, -71.04694 42.33334, -71.04669 42.33348, -71.04624 42.33359, -71.04591 42.33364, -71.04558 42.33365, -71.04559 42.33454, -71.04425 42.33457, -71.04425 42.33462, -71.04154 42.33467, -71.04149 42.33302, -71.04138 42.33056, -71.03981 42.33057, -71.03981 42.3296)))",07,03,67,31.1,73.1
0308,"MULTIPOLYGON (((-71.05276 42.35136, -71.05284 42.35124, -71.0557 42.34703, -71.05625 42.34615, -71.05719 42.34577, -71.05885 42.3453, -71.05958 42.3448, -71.05996 42.34511, -71.06126 42.34603, -71.06148 42.34547, -71.06205 42.34408, -71.06251 42.34297, -71.06436 42.34351, -71.06705 42.34435, -71.06603 42.34648, -71.06586 42.3469, -71.0657 42.34774, -71.06554 42.34866, -71.06497 42.351, -71.06489 42.35116, -71.06456 42.35238, -71.06424 42.35341, -71.06329 42.35519, -71.0628 42.35565, -71.06221 42.35627, -71.06028 42.35539, -71.05933 42.35463, -71.05865 42.35414, -71.05801 42.3537, -71.05746 42.35335, -71.05693 42.35326, -71.05634 42.35292, -71.05518 42.35256, -71.05399 42.352, -71.05276 42.35136)))",03,08,83.7,14.7,60
0801,"MULTIPOLYGON (((-71.05957 42.34481, -71.05982 42.34462, -71.06011 42.34435, -71.06026 42.34427, -71.06045 42.34408, -71.06098 42.34309, -71.06092 42.34302, -71.06102 42.34293, -71.06105 42.34281, -71.06091 42.34277, -71.06083 42.34287, -71.06045 42.3429, -71.06027 42.34306, -71.06022 42.34372, -71.06008 42.34409, -71.05982 42.34427, -71.05944 42.34459, -71.05895 42.34487, -71.05847 42.3452, -71.05906 42.34409, -71.06023 42.34238, -71.06022 42.34152, -71.06076 42.34018, -71.06171 42.33875, -71.06157 42.33808, -71.06102 42.3355, -71.06226 42.33542, -71.06673 42.3353, -71.0672 42.33532, -71.06784 42.33545, -71.06848 42.33573, -71.06942 42.33642, -71.06906 42.33672, -71.07249 42.33964, -71.07067 42.34082, -71.07021 42.34111, -71.06967 42.34133, -71.06941 42.34112, -71.06804 42.34068, -71.06811 42.34063, -71.06496 42.3396, -71.06372 42.34048, -71.06251 42.34297, -71.06205 42.34408, -71.06148 42.34547, -71.06126 42.34603, -71.05996 42.34511, -71.05957 42.34481)))",08,01,89,10.1,61.3
0601,"MULTIPOLYGON (((-71.0572 42.3456, -71.05583 42.34576, -71.0549 42.34578, -71.05468 42.3461, -71.05329 42.34797, -71.05128 42.35053, -71.05109 42.35076, -71.05051 42.35154, -71.05039 42.35168, -71.04857 42.35402, -71.04839 42.35421, -71.04775 42.35466, -71.04701 42.35499, -71.04582 42.35515, -71.0448 42.35511, -71.04364 42.35474, -71.0445 42.35341, -71.04344 42.35294, -71.04311 42.35323, -71.04234 42.35293, -71.04159 42.35389, -71.04099 42.35363, -71.04307 42.35108, -71.04283 42.35097, -71.04257 42.35087, -71.0428 42.35061, -71.04219 42.35037, -71.04005 42.35325, -71.03874 42.35271, -71.04088 42.34982, -71.03993 42.34943, -71.03778 42.35235, -71.0368 42.35192, -71.03882 42.34919, -71.03776 42.34874, -71.03765 42.34849, -71.03727 42.34834, -71.03588 42.35018, -71.03578 42.35013, -71.03643 42.34923, -71.03584 42.349, -71.03424 42.35116, -71.03392 42.35105, -71.03406 42.35078, -71.03373 42.35064, -71.03349 42.35091, -71.0332 42.3508, -71.03483 42.34858, -71.03384 42.34817, -71.0322 42.35035, -71.02754 42.34845, -71.02698 42.34813, -71.02624 42.34798, -71.02615 42.34811, -71.02322 42.34694, -71.02322 42.34574, -71.02657 42.34565, -71.02652 42.34505, -71.0254 42.34506, -71.02539 42.34495, -71.02577 42.34494, -71.02567 42.3447, -71.02546 42.3447, -71.02546 42.34445, -71.0219 42.3445, -71.02186 42.34353, -71.03719 42.34327, -71.03774 42.34367, -71.03803 42.34366, -71.04059 42.34525, -71.04155 42.34447, -71.04374 42.34258, -71.04643 42.34027, -71.04772 42.33914, -71.0493 42.34014, -71.05011 42.33943, -71.05084 42.33881, -71.05243 42.33982, -71.05263 42.33967, -71.0529 42.33952, -71.05341 42.33924, -71.05413 42.33863, -71.05379 42.33841, -71.05453 42.33778, -71.0548 42.33759, -71.05511 42.33748, -71.05541 42.33722, -71.05616 42.3366, -71.05697 42.33787, -71.0571 42.33814, -71.05711 42.33889, -71.05806 42.33809, -71.05891 42.3374, -71.05941 42.33706, -71.06014 42.33645, -71.06102 42.3355, -71.06157 42.33808, -71.06171 42.33875, -71.06076 42.34018, -71.06022 42.34152, -71.06023 42.34238, -71.05906 42.34409, -71.05847 42.3452, -71.0579 42.34538, -71.0572 42.3456)))",06,01,78.1,19.6,71.6
0305,"MULTIPOLYGON (((-71.06505 42.36846, -71.06487 42.36848, -71.06458 42.3687, -71.0635 42.36829, -71.06267 42.3681, -71.06251 42.36803, -71.06212 42.36797, -71.0619 42.368, -71.06174 42.36805, -71.06167 42.36794, -71.06128 42.36799, -71.06137 42.3682, -71.06159 42.36815, -71.06159 42.36821, -71.06148 42.36823, -71.06085 42.36834, -71.06077 42.36812, -71.06088 42.36809, -71.06081 42.36725, -71.06064 42.36715, -71.05931 42.36773, -71.05925 42.36776, -71.05899 42.36749, -71.05849 42.36691, -71.06064 42.3658, -71.0632 42.36437, -71.06387 42.36297, -71.06379 42.36121, -71.06639 42.3612, -71.07007 42.36112, -71.07124 42.36107, -71.07307 42.36122, -71.07305 42.3615, -71.07299 42.3619, -71.07311 42.36212, -71.07314 42.36237, -71.07295 42.36362, -71.07286 42.36395, -71.07266 42.36428, -71.07237 42.36454, -71.07196 42.36479, -71.07159 42.3649, -71.07134 42.36497, -71.07099 42.36501, -71.07097 42.36504, -71.07072 42.36497, -71.07042 42.36489, -71.07007 42.36559, -71.07034 42.36572, -71.06913 42.36703, -71.06926 42.3671, -71.0701 42.36619, -71.07079 42.36655, -71.07081 42.36658, -71.07064 42.36676, -71.0706 42.36688, -71.07063 42.36695, -71.07095 42.3671, -71.07097 42.36707, -71.07108 42.36714, -71.07113 42.36707, -71.07101 42.367, -71.07105 42.36695, -71.07135 42.36711, -71.07131 42.36716, -71.07118 42.3671, -71.07113 42.36715, -71.07121 42.3672, -71.0712 42.36722, -71.0713 42.36727, -71.07111 42.36748, -71.07059 42.36807, -71.0705 42.36817, -71.06885 42.36733, -71.0686 42.36759, -71.06852 42.36762, -71.0688 42.36731, -71.06849 42.36715, -71.06834 42.36707, -71.06824 42.36729, -71.06802 42.36743, -71.06762 42.36757, -71.06746 42.3676, -71.06739 42.36766, -71.06649 42.36805, -71.0655 42.36826, -71.06575 42.36877, -71.06547 42.36882, -71.06505 42.36846)), ((-71.0686 42.36828, -71.06878 42.36816, -71.06896 42.36813, -71.06916 42.36816, -71.06945 42.3683, -71.06943 42.36838, -71.06951 42.36846, -71.06977 42.36858, -71.06988 42.36859, -71.06991 42.36855, -71.07008 42.36863, -71.06989 42.36882, -71.06768 42.369, -71.06818 42.36869, -71.0686 42.36828)))",03,05,81.4,16.3,70.7
0201,"MULTIPOLYGON (((-71.05733 42.37202, -71.05616 42.3714, -71.0577 42.37068, -71.05931 42.3714, -71.05963 42.37136, -71.06001 42.37114, -71.05961 42.37067, -71.05975 42.37059, -71.05986 42.37056, -71.05997 42.37065, -71.06023 42.37055, -71.05963 42.36978, -71.05982 42.36969, -71.05992 42.36964, -71.06002 42.36965, -71.06049 42.37022, -71.06088 42.36994, -71.06119 42.36981, -71.06134 42.36962, -71.06128 42.36944, -71.06156 42.36939, -71.0618 42.36927, -71.06183 42.36937, -71.06192 42.36935, -71.06286 42.3694, -71.06399 42.36936, -71.06457 42.36947, -71.0666 42.37141, -71.06706 42.37184, -71.07121 42.37239, -71.07234 42.37255, -71.07347 42.3751, -71.07394 42.37614, -71.06973 42.37754, -71.06917 42.37659, -71.06869 42.37671, -71.06817 42.37705, -71.06795 42.37684, -71.06745 42.37718, -71.06733 42.37707, -71.06678 42.37729, -71.06586 42.37656, -71.06496 42.37734, -71.06423 42.37686, -71.06377 42.37668, -71.06343 42.37651, -71.06441 42.3756, -71.06371 42.37514, -71.06312 42.37474, -71.06279 42.37451, -71.06226 42.37415, -71.06188 42.37388, -71.06161 42.37367, -71.06079 42.37434, -71.06031 42.37393, -71.06005 42.37404, -71.05931 42.37436, -71.05894 42.37428, -71.05805 42.37441, -71.05784 42.37426, -71.05689 42.37273, -71.05729 42.3725, -71.05771 42.37234, -71.05773 42.37233, -71.05772 42.3722, -71.05733 42.37202)))",02,01,75.2,22.7,76.8
0108,"MULTIPOLYGON (((-71.04182 42.38051, -71.04219 42.38219, -71.04056 42.38229, -71.04047 42.38242, -71.0405 42.38267, -71.04023 42.38271, -71.0402 42.38292, -71.0402 42.38309, -71.0402 42.38372, -71.04006 42.38372, -71.04007 42.38342, -71.03971 42.38338, -71.03961 42.3833, -71.03948 42.38339, -71.03953 42.38397, -71.03943 42.38401, -71.03918 42.38396, -71.03904 42.38397, -71.03901 42.38442, -71.03886 42.38442, -71.03887 42.38409, -71.0387 42.38408, -71.03861 42.38434, -71.03852 42.38435, -71.03846 42.38446, -71.03836 42.38447, -71.03829 42.38406, -71.03816 42.38406, -71.03815 42.38401, -71.03733 42.38402, -71.03733 42.38521, -71.03725 42.38521, -71.03725 42.3844, -71.03716 42.3844, -71.03718 42.38416, -71.03682 42.38418, -71.03668 42.38454, -71.03655 42.38452, -71.03634 42.38451, -71.03614 42.38449, -71.03611 42.38431, -71.03592 42.38424, -71.03583 42.38411, -71.03531 42.38404, -71.0352 42.38479, -71.03353 42.3844, -71.03343 42.38258, -71.03341 42.3804, -71.03322 42.38011, -71.03535 42.3793, -71.0362 42.38053, -71.0392 42.37939, -71.03927 42.38056, -71.04019 42.38054, -71.04021 42.38063, -71.04182 42.38051)))",01,08,76.7,21.3,61.4
0103,"MULTIPOLYGON (((-71.04324 42.37041, -71.04391 42.37071, -71.04293 42.37189, -71.03866 42.37004, -71.03718 42.37131, -71.03656 42.37092, -71.03473 42.37247, -71.03393 42.37193, -71.0371 42.36923, -71.03749 42.36872, -71.03522 42.36773, -71.03707 42.36542, -71.03743 42.36488, -71.0379 42.36432, -71.03895 42.36308, -71.03976 42.36343, -71.03851 42.36497, -71.03925 42.36527, -71.03934 42.36518, -71.03946 42.36521, -71.04067 42.36383, -71.04187 42.36443, -71.04066 42.3658, -71.04151 42.36617, -71.04183 42.36631, -71.04238 42.36641, -71.04235 42.36656, -71.04177 42.36726, -71.0421 42.36742, -71.04285 42.367, -71.04294 42.36702, -71.04286 42.36718, -71.04292 42.36727, -71.04272 42.36752, -71.0428 42.36757, -71.04223 42.36829, -71.0423 42.36832, -71.04206 42.36862, -71.04249 42.36874, -71.0426 42.3686, -71.0428 42.36873, -71.04287 42.36866, -71.04294 42.36869, -71.04281 42.36885, -71.04289 42.3689, -71.04287 42.36898, -71.04313 42.36906, -71.04325 42.36907, -71.04307 42.36931, -71.04345 42.36947, -71.04369 42.36918, -71.04373 42.3692, -71.04351 42.3695, -71.04386 42.36965, -71.04324 42.37041)))",01,03,80.4,17.7,68.2
0106,"MULTIPOLYGON (((-71.04189 42.37499, -71.04197 42.37509, -71.04194 42.37521, -71.04175 42.37563, -71.04232 42.3758, -71.04225 42.37601, -71.04126 42.37583, -71.04114 42.37647, -71.04122 42.3765, -71.04124 42.37657, -71.04185 42.3766, -71.04302 42.37666, -71.04303 42.37669, -71.04184 42.37663, -71.04181 42.37667, -71.04139 42.37664, -71.04133 42.37669, -71.04131 42.37676, -71.04131 42.37689, -71.04131 42.37705, -71.04056 42.37708, -71.03988 42.3771, -71.03915 42.37713, -71.03912 42.37636, -71.03452 42.37808, -71.03237 42.37887, -71.03152 42.37765, -71.03368 42.37686, -71.03706 42.37396, -71.03879 42.37498, -71.04118 42.3742, -71.04126 42.37427, -71.04136 42.37434, -71.04149 42.37446, -71.04149 42.37477, -71.04158 42.37484, -71.04168 42.3749, -71.04189 42.37499)))",01,06,80.4,17.5,63.2
0109,"MULTIPOLYGON (((-71.02243 42.38578, -71.02225 42.38554, -71.02217 42.38521, -71.0222 42.38487, -71.02231 42.38452, -71.02253 42.38409, -71.02272 42.38382, -71.02305 42.38343, -71.02351 42.38302, -71.02619 42.38074, -71.02644 42.38109, -71.03237 42.37887, -71.03453 42.37808, -71.03494 42.3787, -71.03279 42.37948, -71.03322 42.38011, -71.03341 42.3804, -71.03343 42.38258, -71.03353 42.3844, -71.03353 42.3844, -71.03345 42.38328, -71.03307 42.38299, -71.03276 42.38278, -71.03111 42.38275, -71.03103 42.38305, -71.03072 42.3831, -71.02995 42.38299, -71.02996 42.3836, -71.02898 42.38355, -71.0289 42.38309, -71.02877 42.38307, -71.0287 42.38301, -71.02866 42.38287, -71.02856 42.3828, -71.02716 42.38265, -71.02728 42.38331, -71.02702 42.38355, -71.02643 42.38375, -71.02639 42.38381, -71.02513 42.38431, -71.02521 42.38438, -71.02399 42.38501, -71.02393 42.38494, -71.02287 42.38547, -71.0225 42.38574, -71.02243 42.38578)))",01,09,80,18.4,67.2
0107,"MULTIPOLYGON (((-71.04019 42.38054, -71.03927 42.38056, -71.0392 42.37939, -71.0362 42.38053, -71.03535 42.3793, -71.03322 42.38011, -71.03279 42.37948, -71.03494 42.3787, -71.03453 42.37808, -71.03912 42.37636, -71.03915 42.37713, -71.03988 42.3771, -71.04056 42.37708, -71.04131 42.37705, -71.04328 42.37701, -71.04329 42.37711, -71.04324 42.37713, -71.04211 42.37716, -71.04211 42.37726, -71.04163 42.37729, -71.04157 42.37735, -71.04158 42.37744, -71.04161 42.37747, -71.04205 42.37745, -71.04209 42.37762, -71.04216 42.37763, -71.0422 42.37794, -71.04274 42.37791, -71.0428 42.37794, -71.04286 42.37823, -71.04274 42.37823, -71.04275 42.37842, -71.04287 42.37842, -71.04287 42.37867, -71.04325 42.37865, -71.04326 42.37881, -71.0418 42.37889, -71.0418 42.37896, -71.04152 42.37899, -71.04128 42.37906, -71.04132 42.37921, -71.04154 42.37927, -71.04321 42.37917, -71.04323 42.37929, -71.04155 42.37938, -71.0416 42.37984, -71.04173 42.37988, -71.04316 42.37979, -71.04316 42.37987, -71.04179 42.37995, -71.0418 42.38044, -71.04314 42.38039, -71.04312 42.38044, -71.04182 42.38051, -71.04021 42.38063, -71.04019 42.38054)))",01,07,78.1,19.5,64
0101,"MULTIPOLYGON (((-71.00157 42.36459, -71.00153 42.36419, -71.00188 42.36362, -70.99779 42.3609, -70.99712 42.36108, -70.99713 42.36124, -70.99654 42.36145, -70.99649 42.36137, -70.99692 42.36106, -70.99688 42.36082, -70.99656 42.3609, -70.99647 42.36093, -70.99648 42.36103, -70.99619 42.3609, -70.99624 42.36085, -70.99641 42.36086, -70.99643 42.36076, -70.99601 42.36076, -70.99603 42.36105, -70.99586 42.36136, -70.9946 42.36161, -70.99461 42.36147, -70.99388 42.36169, -70.99366 42.36189, -70.99303 42.36152, -70.9914 42.36152, -70.98932 42.36211, -70.98835 42.36199, -70.98767 42.36165, -70.98708 42.36096, -70.98684 42.36008, -70.98684 42.35977, -70.98626 42.35796, -70.98632 42.35766, -70.98974 42.35515, -70.99127 42.354, -70.99175 42.35384, -70.99214 42.35388, -70.99258 42.35406, -70.99311 42.35412, -70.99416 42.35397, -70.99453 42.35405, -70.99588 42.35505, -70.99639 42.35505, -70.99718 42.35478, -70.99771 42.3547, -70.99798 42.35487, -70.9979 42.35509, -70.99741 42.35507, -70.99667 42.35527, -70.99673 42.35565, -70.99824 42.35677, -70.99902 42.35704, -71.00048 42.35701, -71.00302 42.35656, -71.0051 42.35555, -71.00598 42.3557, -71.0064 42.35537, -71.0066 42.35503, -71.00649 42.35479, -71.00641 42.35466, -71.00512 42.35391, -71.00487 42.35447, -71.00422 42.35507, -71.004 42.35515, -71.00352 42.35512, -71.00338 42.35478, -71.00386 42.35357, -71.00479 42.35038, -71.00496 42.3493, -71.0047 42.34703, -71.00772 42.34677, -71.01642 42.35235, -71.02822 42.35793, -71.02628 42.36231, -71.02615 42.36401, -71.02641 42.36442, -71.02678 42.36467, -71.02687 42.3648, -71.02698 42.36477, -71.02719 42.36486, -71.02716 42.36493, -71.02774 42.36522, -71.02863 42.36407, -71.02827 42.36392, -71.02852 42.36358, -71.02859 42.36351, -71.02868 42.36347, -71.02952 42.36331, -71.02954 42.36316, -71.02982 42.36314, -71.02988 42.3632, -71.02981 42.36353, -71.02999 42.36371, -71.03023 42.36373, -71.03042 42.36366, -71.03059 42.36366, -71.03066 42.36324, -71.03073 42.36292, -71.03126 42.36293, -71.03134 42.36298, -71.03139 42.36247, -71.03147 42.36247, -71.03143 42.36308, -71.03152 42.36315, -71.03153 42.3633, -71.03146 42.3639, -71.03151 42.36395, -71.03162 42.36396, -71.03169 42.36392, -71.03173 42.36331, -71.03174 42.36318, -71.03182 42.36318, -71.03181 42.36333, -71.03193 42.36334, -71.03201 42.36239, -71.03209 42.36239, -71.03206 42.36266, -71.03212 42.36272, -71.03237 42.36273, -71.03253 42.3613, -71.03266 42.36129, -71.03258 42.36205, -71.03251 42.3627, -71.03281 42.36273, -71.03355 42.36277, -71.03377 42.36051, -71.03394 42.3605, -71.03367 42.36333, -71.03397 42.36345, -71.03561 42.36138, -71.03572 42.36143, -71.03417 42.3634, -71.03413 42.36372, -71.03422 42.36392, -71.03442 42.36408, -71.03457 42.36396, -71.03473 42.36389, -71.03493 42.36387, -71.03507 42.364, -71.03537 42.36411, -71.03557 42.36405, -71.03573 42.36409, -71.03592 42.36423, -71.03615 42.36433, -71.03727 42.3628, -71.03752 42.36296, -71.03644 42.36444, -71.03672 42.36457, -71.03743 42.36488, -71.03707 42.36542, -71.03522 42.36773, -71.03249 42.36655, -71.03204 42.36714, -71.03005 42.36939, -71.02956 42.3691, -71.02812 42.36969, -71.02786 42.36979, -71.02716 42.3703, -71.02666 42.3706, -71.0267 42.37064, -71.03016 42.374, -71.02732 42.37504, -71.02556 42.3757, -71.02586 42.37599, -71.02596 42.3776, -71.02566 42.37789, -71.02516 42.3783, -71.02466 42.37789, -71.02346 42.3789, -71.02316 42.37919, -71.02256 42.3795, -71.02099 42.37875, -71.01912 42.3802, -71.01757 42.37935, -71.01949 42.37766, -71.01956 42.37746, -71.01957 42.37715, -71.0193 42.37682, -71.01895 42.37671, -71.01882 42.37655, -71.0186 42.37645, -71.01816 42.37637, -71.01761 42.37605, -71.01717 42.37605, -71.01687 42.37593, -71.01618 42.37553, -71.01624 42.37534, -71.01616 42.37536, -71.01589 42.37536, -71.01567 42.37522, -71.01556 42.37504, -71.01572 42.3746, -71.01621 42.37428, -71.01312 42.37198, -71.01279 42.37198, -71.01226 42.37183, -71.01105 42.37188, -71.01072 42.37214, -71.0104 42.37254, -71.01021 42.37298, -71.0103 42.37311, -71.01054 42.37335, -71.01054 42.37353, -71.0104 42.37383, -71.00997 42.37405, -71.00955 42.37442, -71.00911 42.37476, -71.0089 42.37492, -71.00887 42.3752, -71.00895 42.37554, -71.00868 42.37619, -71.00865 42.37629, -71.00855 42.3765, -71.00839 42.37665, -71.00814 42.37669, -71.00792 42.37691, -71.00706 42.37846, -71.00652 42.37883, -71.00655 42.37884, -71.00627 42.37907, -71.00615 42.37906, -71.00588 42.3791, -71.00539 42.3793, -71.00504 42.37928, -71.00449 42.3792, -71.00386 42.37905, -71.0029 42.3785, -70.99989 42.37773, -70.99978 42.3777, -71.006 42.37614, -71.01031 42.36494, -71.00157 42.36459)))",01,01,80,17.5,73
0114,"MULTIPOLYGON (((-70.9955 42.39417, -70.99543 42.39399, -70.99548 42.3939, -70.9955 42.39392, -70.99554 42.39394, -70.99556 42.39391, -70.99558 42.39393, -70.99559 42.39391, -70.99559 42.39387, -70.99556 42.39386, -70.99554 42.39384, -70.9951 42.3934, -70.99634 42.39156, -70.99718 42.39048, -70.99821 42.38962, -70.99879 42.38924, -70.99964 42.38872, -71.00011 42.38849, -71.00023 42.38867, -70.99999 42.38878, -70.9993 42.38918, -70.99907 42.38947, -70.99938 42.38977, -71.00005 42.39002, -71.00193 42.39011, -71.00247 42.39013, -71.00389 42.39018, -71.00489 42.39029, -71.00646 42.39057, -71.0077 42.3908, -71.00883 42.39107, -71.01139 42.39203, -71.01573 42.39354, -71.0157 42.39389, -71.01531 42.39409, -71.01505 42.39455, -71.01476 42.39469, -71.01445 42.39503, -71.01391 42.39526, -71.01328 42.39541, -71.01198 42.39556, -71.01155 42.39607, -71.00987 42.39559, -71.00879 42.39528, -71.00603 42.39398, -71.00552 42.39388, -71.0026 42.39597, -71.00137 42.3967, -70.99899 42.39694, -70.99854 42.39695, -70.99705 42.39645, -70.99673 42.39622, -70.99671 42.39618, -70.99667 42.39613, -70.99665 42.39609, -70.99662 42.39603, -70.99661 42.39596, -70.9966 42.39589, -70.99659 42.39581, -70.99659 42.39576, -70.99657 42.3957, -70.99653 42.39561, -70.99645 42.39544, -70.99642 42.39538, -70.9964 42.39533, -70.99638 42.39526, -70.99634 42.39522, -70.9963 42.39518, -70.99628 42.39515, -70.99627 42.39512, -70.99624 42.39505, -70.99623 42.395, -70.9962 42.39495, -70.99616 42.39489, -70.99611 42.39485, -70.99609 42.39482, -70.99606 42.39478, -70.99604 42.39475, -70.99599 42.39471, -70.99597 42.39469, -70.99589 42.39471, -70.99588 42.39476, -70.99586 42.39481, -70.99586 42.39485, -70.99586 42.39489, -70.9955 42.39417)))",01,14,64.6,34.6,67.4
0112,"MULTIPOLYGON (((-70.99464 42.38558, -70.99479 42.38547, -70.99484 42.38547, -70.99486 42.38546, -70.9949 42.38546, -70.99506 42.38534, -70.99508 42.38528, -70.99511 42.38524, -70.9951 42.3852, -70.9951 42.38461, -70.9945 42.38351, -70.9953 42.3836, -70.9952 42.38293, -70.99461 42.3828, -70.99468 42.38261, -70.9947 42.382, -70.99516 42.3821, -70.99551 42.38147, -70.99611 42.38158, -70.99667 42.3813, -70.99752 42.38127, -70.99817 42.38146, -70.99913 42.38194, -71.00207 42.3835, -71.00352 42.38396, -71.00455 42.38405, -71.00463 42.3837, -71.00475 42.38371, -71.00474 42.38386, -71.00515 42.38389, -71.00512 42.38399, -71.00525 42.38403, -71.00539 42.38413, -71.00575 42.38421, -71.00606 42.38422, -71.00716 42.3845, -71.0088 42.3846, -71.01016 42.38399, -71.0108 42.38324, -71.011 42.38231, -71.01109 42.38101, -71.01111 42.38102, -71.01119 42.38061, -71.01137 42.38052, -71.01178 42.38048, -71.01216 42.38071, -71.01236 42.38098, -71.01246 42.38095, -71.0128 42.38112, -71.01353 42.38092, -71.01358 42.38074, -71.0136 42.38044, -71.01363 42.3802, -71.01334 42.37996, -71.01331 42.37965, -71.01347 42.37947, -71.01361 42.37948, -71.01458 42.38091, -71.01622 42.38344, -71.01472 42.38399, -71.01258 42.38472, -71.00681 42.38667, -71.00608 42.38641, -71.00051 42.38829, -70.99964 42.38872, -70.99879 42.38924, -70.99821 42.38962, -70.99718 42.39048, -70.99634 42.39156, -70.9951 42.3934, -70.9949 42.3932, -70.9945 42.3932, -70.9945 42.39313, -70.99425 42.39274, -70.99428 42.39272, -70.99428 42.3927, -70.99426 42.39272, -70.99422 42.39272, -70.99419 42.39273, -70.99284 42.3925, -70.99256 42.39241, -70.99237 42.39245, -70.99227 42.39247, -70.99194 42.39256, -70.99154 42.39265, -70.99133 42.39268, -70.99115 42.39267, -70.99104 42.39274, -70.99085 42.39281, -70.99075 42.39281, -70.99044 42.39289, -70.98945 42.3929, -70.9879 42.39251, -70.98741 42.39221, -70.98724 42.39204, -70.98722 42.39197, -70.98715 42.39151, -70.98737 42.39107, -70.9874 42.39108, -70.98751 42.39081, -70.98781 42.39024, -70.98797 42.38979, -70.98794 42.38955, -70.98797 42.38946, -70.98793 42.38937, -70.98793 42.38929, -70.98773 42.38883, -70.98772 42.38881, -70.98765 42.38862, -70.98754 42.38852, -70.98752 42.38847, -70.98748 42.38845, -70.98688 42.38789, -70.98667 42.38754, -70.98712 42.3875, -70.9876 42.38755, -70.98756 42.38801, -70.98787 42.38804, -70.98815 42.3878, -70.98846 42.38782, -70.98901 42.38807, -70.99022 42.38751, -70.99145 42.38678, -70.99171 42.38642, -70.99364 42.38637, -70.99439 42.38581, -70.99445 42.38573, -70.99464 42.38558)))",01,12,64.4,34.4,73.3
0511,"MULTIPOLYGON (((-71.07414 42.35769, -71.07408 42.35768, -71.07396 42.35765, -71.07374 42.35767, -71.07368 42.35775, -71.07378 42.35778, -71.07364 42.35808, -71.07356 42.35806, -71.0736 42.35798, -71.07347 42.35797, -71.07335 42.35824, -71.07338 42.35826, -71.07324 42.35855, -71.07314 42.35882, -71.07324 42.35884, -71.07327 42.35876, -71.07339 42.35878, -71.07329 42.359, -71.07319 42.35899, -71.07323 42.3589, -71.07314 42.3589, -71.07313 42.35912, -71.07317 42.35919, -71.0733 42.35927, -71.07353 42.35931, -71.07359 42.35916, -71.07363 42.35917, -71.07353 42.35943, -71.07346 42.35942, -71.07322 42.35994, -71.07332 42.35996, -71.07339 42.35975, -71.07354 42.35949, -71.07356 42.3595, -71.07344 42.35973, -71.07325 42.36024, -71.07328 42.36054, -71.07324 42.36053, -71.07322 42.36024, -71.07328 42.36007, -71.07313 42.36004, -71.07307 42.36019, -71.07312 42.36022, -71.07308 42.36115, -71.07307 42.36122, -71.07124 42.36107, -71.07007 42.36112, -71.07002 42.36027, -71.07013 42.35952, -71.06995 42.35885, -71.06911 42.35718, -71.06988 42.35701, -71.07031 42.35779, -71.07071 42.35769, -71.07088 42.35794, -71.07103 42.35816, -71.07111 42.35831, -71.07113 42.35877, -71.07173 42.35876, -71.07171 42.35846, -71.07198 42.35744, -71.07167 42.35663, -71.07291 42.35637, -71.07332 42.35578, -71.07343 42.35607, -71.07409 42.35722, -71.0742 42.35732, -71.07411 42.35755, -71.0741 42.3576, -71.07412 42.3576, -71.07415 42.35752, -71.07421 42.35753, -71.07414 42.35769), (-71.07408 42.35768, -71.07411 42.35763, -71.07408 42.35762, -71.07408 42.35768)))",05,11,85,12.5,77.1
0505,"MULTIPOLYGON (((-71.07247 42.35544, -71.07309 42.3553, -71.07332 42.35578, -71.07291 42.35637, -71.07167 42.35663, -71.07198 42.35744, -71.07171 42.35846, -71.07173 42.35876, -71.07113 42.35877, -71.07111 42.35831, -71.07103 42.35816, -71.07088 42.35794, -71.07071 42.35769, -71.07031 42.35779, -71.06988 42.35701, -71.06941 42.35617, -71.07132 42.35575, -71.07247 42.35544)))",05,05,84.3,14.3,80.8
0110,"MULTIPOLYGON (((-71.03237 42.37887, -71.02644 42.38109, -71.02619 42.38074, -71.02351 42.38302, -71.02246 42.38238, -71.02283 42.38203, -71.02256 42.38167, -71.02145 42.38011, -71.02216 42.38, -71.02266 42.3797, -71.02256 42.3795, -71.02316 42.37919, -71.02346 42.3789, -71.02466 42.37789, -71.02516 42.3783, -71.02566 42.37789, -71.02596 42.3776, -71.02586 42.37599, -71.02556 42.3757, -71.02732 42.37504, -71.02921 42.3762, -71.02994 42.37664, -71.03057 42.37703, -71.03152 42.37765, -71.03237 42.37887)))",01,10,76.7,21.2,64.5
0111,"MULTIPOLYGON (((-71.01258 42.38472, -71.01472 42.38399, -71.01622 42.38344, -71.01458 42.38091, -71.01361 42.37948, -71.01491 42.37898, -71.01583 42.38033, -71.01757 42.37935, -71.01912 42.3802, -71.02099 42.37875, -71.02256 42.3795, -71.02266 42.3797, -71.02216 42.38, -71.02145 42.38011, -71.02256 42.38167, -71.02283 42.38203, -71.02246 42.38238, -71.02351 42.38302, -71.02305 42.38343, -71.02272 42.38382, -71.02265 42.38392, -71.02253 42.38409, -71.02231 42.38452, -71.0222 42.38487, -71.02217 42.38521, -71.02225 42.38554, -71.02243 42.38578, -71.02229 42.38587, -71.02221 42.3859, -71.02228 42.38602, -71.02218 42.38605, -71.02211 42.38594, -71.022 42.38603, -71.02167 42.38618, -71.02095 42.38649, -71.02086 42.38633, -71.01984 42.3863, -71.0197 42.38635, -71.01886 42.3872, -71.01794 42.38835, -71.01804 42.38843, -71.01796 42.38854, -71.01781 42.38853, -71.01752 42.38885, -71.01482 42.38718, -71.01589 42.38661, -71.01367 42.38611, -71.01333 42.38561, -71.01328 42.38562, -71.01305 42.38531, -71.01297 42.38533, -71.01258 42.38472)))",01,11,67.3,30.9,71.3
1004,"MULTIPOLYGON (((-71.10597 42.33122, -71.10612 42.33095, -71.10652 42.3301, -71.1072 42.33027, -71.10846 42.3306, -71.10854 42.33062, -71.10952 42.3309, -71.10959 42.33102, -71.10959 42.33215, -71.10958 42.33324, -71.11004 42.33317, -71.11039 42.33304, -71.11084 42.33276, -71.11188 42.33207, -71.11238 42.33193, -71.11283 42.33189, -71.11329 42.33185, -71.11327 42.33249, -71.11164 42.33448, -71.11076 42.33529, -71.11102 42.33543, -71.10929 42.33701, -71.10746 42.33583, -71.10802 42.33534, -71.10665 42.33448, -71.10696 42.33421, -71.10706 42.33402, -71.10712 42.33379, -71.10712 42.33328, -71.10701 42.33326, -71.10727 42.33213, -71.10654 42.33193, -71.10673 42.33141, -71.10597 42.33122)))",10,04,81.5,17,61.8
0802,"MULTIPOLYGON (((-71.07249 42.33964, -71.06906 42.33672, -71.06942 42.33642, -71.06848 42.33573, -71.06784 42.33545, -71.0672 42.33532, -71.06673 42.3353, -71.06226 42.33542, -71.06102 42.3355, -71.06106 42.3348, -71.06114 42.33467, -71.0636 42.33084, -71.07116 42.33231, -71.07169 42.33245, -71.07209 42.33267, -71.07303 42.33196, -71.07357 42.3324, -71.07388 42.33257, -71.07442 42.33281, -71.07476 42.33314, -71.07502 42.33349, -71.0757 42.33441, -71.07591 42.33461, -71.07768 42.33603, -71.07701 42.33653, -71.07431 42.33843, -71.07249 42.33964)))",08,02,89.4,9.2,52.6
2011,"MULTIPOLYGON (((-71.1477 42.28509, -71.14762 42.28465, -71.14755 42.28434, -71.14739 42.28392, -71.14721 42.28358, -71.14702 42.28329, -71.14775 42.2827, -71.14856 42.28206, -71.14576 42.28017, -71.14663 42.27948, -71.14919 42.28122, -71.14973 42.28076, -71.15027 42.2803, -71.15386 42.28257, -71.15499 42.28215, -71.15584 42.28332, -71.15598 42.28341, -71.15636 42.28356, -71.15572 42.28392, -71.15498 42.28437, -71.15454 42.28464, -71.15446 42.28471, -71.15384 42.28505, -71.15293 42.2854, -71.15139 42.28592, -71.1496 42.28634, -71.14932 42.28609, -71.14874 42.28577, -71.1477 42.28509)))",20,11,74.8,23.1,84.6
2008,"MULTIPOLYGON (((-71.14382 42.28037, -71.14518 42.28155, -71.1463 42.28247, -71.14658 42.28276, -71.14679 42.28299, -71.14702 42.28329, -71.14721 42.28358, -71.14739 42.28392, -71.14755 42.28434, -71.14762 42.28465, -71.1477 42.28509, -71.14782 42.28597, -71.14775 42.28652, -71.14705 42.28655, -71.14502 42.2866, -71.13965 42.28668, -71.13963 42.28618, -71.14046 42.2861, -71.14262 42.28423, -71.14194 42.2838, -71.14042 42.28512, -71.13948 42.28452, -71.1394 42.2836, -71.13927 42.28203, -71.14022 42.28265, -71.14073 42.28298, -71.14226 42.28169, -71.14342 42.28073, -71.14382 42.28037)))",20,08,79.6,18.6,79.1
0410,"MULTIPOLYGON (((-71.09873 42.33942, -71.09848 42.33938, -71.0983 42.33947, -71.09806 42.33937, -71.09794 42.33918, -71.09776 42.33907, -71.09734 42.33928, -71.09731 42.33955, -71.09689 42.33907, -71.09731 42.33845, -71.0956 42.33769, -71.09702 42.33716, -71.09796 42.33568, -71.09931 42.336, -71.09972 42.3361, -71.10029 42.33588, -71.10139 42.33544, -71.10254 42.33501, -71.10341 42.33471, -71.10488 42.33419, -71.10746 42.33583, -71.10929 42.33701, -71.1109 42.33555, -71.11105 42.33576, -71.11073 42.33629, -71.11161 42.3372, -71.11061 42.3402, -71.11044 42.34066, -71.10959 42.34143, -71.10822 42.34199, -71.10822 42.34229, -71.10554 42.34388, -71.10525 42.34405, -71.10494 42.34419, -71.10462 42.3444, -71.10379 42.34364, -71.10301 42.34306, -71.10235 42.34242, -71.10204 42.34223, -71.1018 42.34178, -71.09988 42.34041, -71.0993 42.34031, -71.09908 42.34016, -71.09912 42.33995, -71.09895 42.33966, -71.09873 42.33942)))",04,10,92.8,6.8,46.4
0407,"MULTIPOLYGON (((-71.09421 42.34393, -71.09295 42.3439, -71.09236 42.34375, -71.09192 42.34406, -71.09165 42.3448, -71.09208 42.34657, -71.0921 42.34681, -71.09154 42.3466, -71.091 42.34651, -71.09013 42.34659, -71.08953 42.34679, -71.08908 42.34694, -71.08973 42.34462, -71.08816 42.34438, -71.08718 42.3443, -71.08635 42.34446, -71.08576 42.34332, -71.08664 42.34264, -71.08685 42.34273, -71.09011 42.34323, -71.09042 42.34215, -71.09084 42.34222, -71.09154 42.34107, -71.09219 42.34134, -71.09238 42.34123, -71.09295 42.34173, -71.0926 42.34194, -71.09315 42.34276, -71.09394 42.34284, -71.09405 42.34306, -71.09418 42.34341, -71.09421 42.34393)))",04,07,89.2,9,58.2
1008,"MULTIPOLYGON (((-71.10786 42.32378, -71.10817 42.32347, -71.10829 42.3232, -71.10875 42.32325, -71.10898 42.32324, -71.10958 42.32336, -71.10915 42.32383, -71.11169 42.32448, -71.11224 42.32458, -71.11229 42.32396, -71.11393 42.32414, -71.11463 42.32436, -71.11481 42.32454, -71.11499 42.32493, -71.11522 42.32531, -71.11551 42.32561, -71.116 42.32583, -71.11556 42.32678, -71.11512 42.32698, -71.11359 42.33067, -71.1134 42.3309, -71.11329 42.33185, -71.11283 42.33189, -71.11238 42.33193, -71.11188 42.33207, -71.11084 42.33276, -71.11039 42.33304, -71.11004 42.33317, -71.10958 42.33324, -71.10959 42.33215, -71.10959 42.33102, -71.10952 42.3309, -71.10854 42.33062, -71.10884 42.32993, -71.10886 42.32966, -71.10871 42.3294, -71.1084 42.32905, -71.10812 42.32884, -71.1077 42.3286, -71.10734 42.32846, -71.10758 42.32807, -71.1079 42.32775, -71.10832 42.32733, -71.10719 42.32688, -71.10692 42.32676, -71.10654 42.32651, -71.10755 42.32549, -71.10769 42.3254, -71.10778 42.32524, -71.10782 42.32507, -71.10783 42.32491, -71.1079 42.32476, -71.10804 42.32461, -71.10824 42.32448, -71.10783 42.32419, -71.10775 42.32405, -71.10777 42.32393, -71.10786 42.32378)))",10,08,90.3,7.3,68.7
0301,"MULTIPOLYGON (((-71.05264 42.36351, -71.05242 42.36355, -71.05221 42.36362, -71.05211 42.36368, -71.052 42.36376, -71.05184 42.36401, -71.05178 42.3642, -71.05317 42.36468, -71.05347 42.36478, -71.05318 42.36507, -71.05426 42.36576, -71.05438 42.36584, -71.05408 42.36615, -71.05357 42.3666, -71.05323 42.36706, -71.05313 42.36712, -71.05295 42.36735, -71.05252 42.36719, -71.05276 42.36626, -71.05142 42.3664, -71.05035 42.36648, -71.05031 42.36632, -71.0497 42.36635, -71.04909 42.36633, -71.0491 42.36616, -71.04932 42.36603, -71.05004 42.36604, -71.05003 42.36585, -71.04995 42.36576, -71.04979 42.36569, -71.0498 42.36538, -71.04928 42.36528, -71.04923 42.36539, -71.04876 42.3653, -71.04881 42.36492, -71.04977 42.36509, -71.05086 42.36509, -71.05087 42.36487, -71.04957 42.36472, -71.0496 42.3646, -71.04924 42.36454, -71.0493 42.36438, -71.04934 42.36411, -71.0494 42.3641, -71.04946 42.3638, -71.04968 42.36381, -71.04973 42.36355, -71.04904 42.36351, -71.04902 42.36358, -71.04838 42.36353, -71.04832 42.36318, -71.04859 42.3632, -71.0486 42.36332, -71.04885 42.36334, -71.04888 42.36343, -71.04903 42.36344, -71.04905 42.36321, -71.04911 42.36286, -71.04924 42.36286, -71.04901 42.3628, -71.0491 42.36254, -71.04999 42.36278, -71.04997 42.36282, -71.05048 42.36297, -71.05051 42.36291, -71.05082 42.36301, -71.0508 42.36259, -71.05068 42.36256, -71.05069 42.36253, -71.04911 42.36207, -71.04877 42.36213, -71.04875 42.36208, -71.04796 42.36221, -71.04788 42.36195, -71.04867 42.36181, -71.0486 42.36156, -71.04942 42.36141, -71.04951 42.36169, -71.05054 42.362, -71.05064 42.36183, -71.05077 42.36188, -71.05077 42.36184, -71.05083 42.36184, -71.0508 42.3615, -71.05079 42.36063, -71.0505 42.36067, -71.05048 42.36059, -71.04991 42.3607, -71.04989 42.36072, -71.04969 42.36071, -71.04959 42.36065, -71.04931 42.36067, -71.04924 42.36041, -71.04916 42.36042, -71.04913 42.36033, -71.04849 42.36051, -71.04771 42.36063, -71.04767 42.3606, -71.04767 42.36013, -71.04766 42.36005, -71.04936 42.35989, -71.05007 42.35978, -71.05056 42.35971, -71.05091 42.35967, -71.05091 42.35973, -71.05116 42.35969, -71.05181 42.3596, -71.0519 42.35997, -71.05208 42.36025, -71.05265 42.36087, -71.05354 42.36079, -71.05367 42.36084, -71.0557 42.36065, -71.05592 42.36074, -71.05557 42.36115, -71.05523 42.36151, -71.0548 42.36198, -71.05472 42.36214, -71.05432 42.36282, -71.05407 42.36312, -71.05376 42.36336, -71.05264 42.36351)))",03,01,73.6,24.2,74.2
0507,"MULTIPOLYGON (((-71.07775 42.35601, -71.07718 42.35476, -71.07521 42.35068, -71.07736 42.3501, -71.0795 42.34953, -71.08124 42.35308, -71.08154 42.35359, -71.08208 42.35478, -71.0818 42.35485, -71.07815 42.35586, -71.07803 42.35594, -71.07775 42.35601)))",05,07,82.9,14.5,75
0508,"MULTIPOLYGON (((-71.0795 42.34953, -71.08373 42.34837, -71.08465 42.35022, -71.08573 42.35246, -71.08603 42.35308, -71.08596 42.35309, -71.08595 42.3531, -71.08594 42.35305, -71.0856 42.35314, -71.08561 42.35315, -71.08544 42.3532, -71.08533 42.35321, -71.08521 42.35321, -71.08499 42.35328, -71.08473 42.35335, -71.08478 42.35346, -71.08505 42.35341, -71.08512 42.35341, -71.08521 42.35341, -71.08524 42.35344, -71.08524 42.35348, -71.08522 42.35351, -71.08497 42.35374, -71.08495 42.35381, -71.08473 42.35401, -71.08464 42.35407, -71.08439 42.35416, -71.08412 42.35423, -71.08277 42.3546, -71.08208 42.35478, -71.08154 42.35359, -71.08124 42.35308, -71.0795 42.34953)))",05,08,81.7,15.6,74.6
0506,"MULTIPOLYGON (((-71.07521 42.35068, -71.07718 42.35476, -71.07775 42.35601, -71.07758 42.35606, -71.07752 42.35604, -71.0772 42.3561, -71.07646 42.35631, -71.076 42.35651, -71.07577 42.35669, -71.07574 42.35672, -71.07584 42.35677, -71.07601 42.35662, -71.07607 42.35666, -71.07565 42.35704, -71.07559 42.35701, -71.0758 42.35681, -71.0757 42.35674, -71.0753 42.3571, -71.07511 42.35718, -71.0749 42.35723, -71.07461 42.35723, -71.07456 42.35718, -71.07438 42.35719, -71.07438 42.35725, -71.0742 42.35732, -71.07409 42.35722, -71.07343 42.35607, -71.07332 42.35578, -71.07309 42.3553, -71.07247 42.35544, -71.07073 42.35189, -71.07306 42.35125, -71.07521 42.35068)))",05,06,81.5,15.1,74.7
0509,"MULTIPOLYGON (((-71.09288 42.35166, -71.09284 42.35168, -71.09257 42.35169, -71.09218 42.35181, -71.09218 42.35184, -71.09216 42.35188, -71.09211 42.35191, -71.09121 42.35202, -71.09107 42.35203, -71.09088 42.35203, -71.09024 42.35209, -71.09009 42.35212, -71.08998 42.35214, -71.08889 42.3523, -71.08817 42.35246, -71.08805 42.35251, -71.08651 42.3529, -71.08647 42.35291, -71.08613 42.353, -71.08617 42.35305, -71.08612 42.35306, -71.08603 42.35308, -71.08573 42.35246, -71.08465 42.35022, -71.08373 42.34837, -71.08556 42.34786, -71.08777 42.3473, -71.08861 42.34906, -71.09296 42.34899, -71.09288 42.35166)))",05,09,84.1,13.8,70.8
1812,"MULTIPOLYGON (((-71.13397 42.25431, -71.13564 42.25474, -71.13602 42.25481, -71.13588 42.25489, -71.13571 42.25503, -71.1356 42.25515, -71.13503 42.25593, -71.13491 42.25617, -71.13493 42.2564, -71.13503 42.25656, -71.13527 42.25677, -71.13552 42.25698, -71.13569 42.25721, -71.13572 42.25739, -71.13571 42.25789, -71.13565 42.25797, -71.13544 42.25818, -71.13603 42.25854, -71.13629 42.25868, -71.13657 42.25881, -71.13692 42.25889, -71.13727 42.2589, -71.13757 42.25886, -71.13786 42.25877, -71.13814 42.25865, -71.13847 42.25853, -71.13886 42.25845, -71.13919 42.25841, -71.13957 42.25841, -71.14019 42.25847, -71.14033 42.25869, -71.14036 42.2588, -71.14041 42.25928, -71.14047 42.25945, -71.14065 42.25962, -71.14114 42.25999, -71.14131 42.26018, -71.14141 42.26045, -71.14141 42.26068, -71.14136 42.26081, -71.14111 42.2616, -71.14108 42.26179, -71.14108 42.26201, -71.1411 42.26215, -71.14137 42.26301, -71.14141 42.26318, -71.14148 42.26384, -71.13754 42.26588, -71.13154 42.26855, -71.13112 42.26789, -71.13019 42.26686, -71.12938 42.26609, -71.129 42.26573, -71.12875 42.26551, -71.12712 42.26432, -71.12633 42.26368, -71.12602 42.26348, -71.12468 42.26279, -71.12358 42.26224, -71.12476 42.25767, -71.12536 42.25569, -71.1261 42.25551, -71.12725 42.25531, -71.12801 42.25504, -71.12835 42.25482, -71.12857 42.25453, -71.12909 42.25394, -71.1295 42.25352, -71.13016 42.25293, -71.13083 42.25237, -71.13097 42.25223, -71.13152 42.25288, -71.1321 42.25358, -71.13235 42.25378, -71.13266 42.25395, -71.13315 42.25409, -71.13397 42.25431)))",,,,,
1823,"MULTIPOLYGON (((-71.14616 42.25297, -71.14672 42.2557, -71.15225 42.25832, -71.15002 42.25948, -71.14698 42.26098, -71.14148 42.26384, -71.14141 42.26318, -71.14137 42.26301, -71.1411 42.26215, -71.14108 42.26201, -71.14108 42.26179, -71.14111 42.2616, -71.14141 42.26068, -71.14141 42.26045, -71.14131 42.26018, -71.14114 42.25999, -71.14065 42.25962, -71.14047 42.25945, -71.14041 42.25928, -71.14036 42.2588, -71.14033 42.25869, -71.14025 42.25855, -71.14019 42.25847, -71.14065 42.25834, -71.14132 42.25795, -71.14164 42.25771, -71.14184 42.25753, -71.14204 42.25728, -71.14312 42.25547, -71.14335 42.25501, -71.14355 42.25471, -71.1439 42.25433, -71.14427 42.25402, -71.14491 42.25358, -71.14526 42.25341, -71.14586 42.25318, -71.14616 42.25297)))",,,,,
2003,"MULTIPOLYGON (((-71.15002 42.25948, -71.15225 42.25832, -71.15231 42.25829, -71.15595 42.25643, -71.15662 42.25941, -71.15704 42.26123, -71.1571 42.26141, -71.15753 42.2632, -71.15774 42.26371, -71.15806 42.2644, -71.15841 42.26525, -71.15887 42.26571, -71.16031 42.26674, -71.16025 42.26681, -71.16 42.26702, -71.15864 42.26957, -71.15469 42.26931, -71.15406 42.26903, -71.15322 42.26837, -71.15164 42.26697, -71.1512 42.26668, -71.15041 42.26737, -71.14883 42.26882, -71.14736 42.27002, -71.14541 42.27154, -71.14371 42.27293, -71.14359 42.2727, -71.14329 42.27253, -71.14282 42.27242, -71.14264 42.27234, -71.14259 42.27227, -71.1428 42.2722, -71.14307 42.27216, -71.14387 42.27205, -71.14403 42.27199, -71.14423 42.2719, -71.1444 42.27178, -71.14455 42.27165, -71.14473 42.27133, -71.14496 42.27076, -71.14525 42.27029, -71.14537 42.27009, -71.14545 42.26985, -71.14547 42.26953, -71.14542 42.26926, -71.14514 42.26852, -71.14506 42.26808, -71.14506 42.26776, -71.14508 42.26761, -71.14512 42.26737, -71.14514 42.26718, -71.14508 42.26681, -71.1449 42.26649, -71.14425 42.26594, -71.14351 42.26545, -71.14309 42.26519, -71.14285 42.26501, -71.1427 42.26484, -71.14239 42.2646, -71.1418 42.26429, -71.14162 42.26411, -71.14148 42.26384, -71.14698 42.26098, -71.15002 42.25948)))",20,03,69.2,28.5,72.1
1816,"MULTIPOLYGON (((-71.11706 42.2485, -71.11715 42.24868, -71.11717 42.24882, -71.11717 42.24902, -71.11708 42.24924, -71.11699 42.24939, -71.11684 42.24952, -71.11675 42.24971, -71.1169 42.24993, -71.1171 42.25013, -71.1172 42.25031, -71.1172 42.25045, -71.11832 42.24985, -71.11832 42.25035, -71.11838 42.25058, -71.11852 42.25078, -71.11875 42.25091, -71.1191 42.251, -71.11931 42.25111, -71.11979 42.25157, -71.1186 42.25228, -71.11834 42.25258, -71.11883 42.25307, -71.11927 42.2535, -71.1194 42.25362, -71.11755 42.25537, -71.11671 42.256, -71.11596 42.25653, -71.11503 42.25722, -71.114 42.25797, -71.1129 42.25866, -71.10947 42.25542, -71.10929 42.24795, -71.11456 42.24525, -71.11495 42.24576, -71.11516 42.24633, -71.11528 42.24675, -71.11552 42.24711, -71.11613 42.24765, -71.11686 42.24837, -71.11706 42.2485)))",,,,,
1817,"MULTIPOLYGON (((-71.12567 42.24715, -71.12546 42.24689, -71.1242 42.24565, -71.12165 42.24709, -71.1216 42.24709, -71.11812 42.24909, -71.11828 42.24948, -71.11832 42.24985, -71.1172 42.25045, -71.1172 42.25031, -71.1171 42.25013, -71.1169 42.24993, -71.11675 42.24971, -71.11684 42.24952, -71.11699 42.24939, -71.11708 42.24924, -71.11717 42.24902, -71.11717 42.24882, -71.11715 42.24868, -71.11706 42.2485, -71.11686 42.24837, -71.11613 42.24765, -71.11552 42.24711, -71.11528 42.24675, -71.11516 42.24633, -71.11495 42.24576, -71.11456 42.24525, -71.1223 42.24121, -71.123 42.24091, -71.1242 42.24031, -71.125 42.23991, -71.1261 42.23931, -71.12638 42.23922, -71.12656 42.23944, -71.12664 42.23986, -71.12669 42.24039, -71.12684 42.24097, -71.1271 42.24135, -71.12745 42.24151, -71.12788 42.24157, -71.12808 42.24167, -71.12829 42.24212, -71.12815 42.24251, -71.12775 42.24332, -71.12709 42.24466, -71.1272 42.2448, -71.12736 42.24492, -71.12645 42.24623, -71.12567 42.24715)))",,,,,
1818,"MULTIPOLYGON (((-71.12567 42.24715, -71.12645 42.24623, -71.12736 42.24492, -71.13087 42.23959, -71.13254 42.23806, -71.13278 42.23844, -71.13213 42.23926, -71.13313 42.23953, -71.13123 42.24335, -71.12923 42.24767, -71.12853 42.24909, -71.12752 42.25109, -71.12693 42.25213, -71.12631 42.25337, -71.12649 42.25346, -71.1272 42.25385, -71.12857 42.25453, -71.12835 42.25482, -71.12801 42.25504, -71.12725 42.25531, -71.1261 42.25551, -71.12536 42.25569, -71.12411 42.25584, -71.12394 42.25657, -71.12232 42.25673, -71.12218 42.25674, -71.12218 42.2567, -71.1219 42.25673, -71.1219 42.25679, -71.12069 42.2569, -71.12028 42.25678, -71.12064 42.25628, -71.12119 42.2558, -71.12029 42.25504, -71.11972 42.25402, -71.1194 42.25362, -71.11927 42.2535, -71.11883 42.25307, -71.11834 42.25258, -71.1186 42.25228, -71.11979 42.25157, -71.11931 42.25111, -71.1191 42.251, -71.11875 42.25091, -71.11852 42.25078, -71.11838 42.25058, -71.11832 42.25035, -71.11832 42.24985, -71.11828 42.24948, -71.11812 42.24909, -71.1216 42.24709, -71.12165 42.24709, -71.1242 42.24565, -71.12546 42.24689, -71.12567 42.24715)))",,,,,
0502A,"MULTIPOLYGON (((-71.09847 42.34086, -71.10003 42.34397, -71.10039 42.3448, -71.10083 42.34505, -71.09894 42.34682, -71.0965 42.34191, -71.09719 42.34172, -71.09743 42.34163, -71.09757 42.34156, -71.0977 42.34146, -71.09783 42.34134, -71.09795 42.34121, -71.09809 42.34107, -71.09827 42.34095, -71.09847 42.34086)))",,,,,
0115,"MULTIPOLYGON (((-70.99972 42.31975, -70.99941 42.31967, -70.99929 42.31956, -70.99921 42.31942, -70.99927 42.31925, -70.99948 42.31906, -70.99984 42.31891, -70.99995 42.31901, -71.00012 42.3191, -71.00023 42.31927, -71.00036 42.3194, -71.00061 42.31956, -71.0009 42.3197, -71.00127 42.31979, -71.00165 42.31981, -71.00209 42.31977, -71.00258 42.31971, -71.00315 42.31951, -71.00361 42.3193, -71.0042 42.31901, -71.00452 42.31876, -71.00477 42.31853, -71.0051 42.31822, -71.00541 42.31785, -71.00565 42.31754, -71.00598 42.31714, -71.00625 42.31678, -71.00673 42.31652, -71.00698 42.31605, -71.00714 42.31567, -71.0074 42.31515, -71.00769 42.31445, -71.00812 42.3138, -71.00877 42.31302, -71.00918 42.31265, -71.00954 42.31236, -71.00984 42.31206, -71.01022 42.31171, -71.0105 42.31137, -71.01073 42.31104, -71.01096 42.31071, -71.01119 42.31039, -71.01149 42.31012, -71.01168 42.30967, -71.01182 42.30923, -71.01176 42.30895, -71.01205 42.30928, -71.01212 42.30934, -71.01231 42.30953, -71.01247 42.30966, -71.01265 42.30983, -71.01293 42.30992, -71.01317 42.31004, -71.01347 42.31023, -71.01386 42.31038, -71.01419 42.31034, -71.01448 42.3103, -71.01467 42.31028, -71.01501 42.31026, -71.01535 42.31028, -71.01569 42.31024, -71.0158 42.31022, -71.01575 42.31009, -71.01563 42.30997, -71.01551 42.30989, -71.01539 42.30976, -71.01518 42.30969, -71.01493 42.30963, -71.01466 42.30958, -71.01437 42.30953, -71.01425 42.30942, -71.01428 42.3093, -71.01446 42.3093, -71.01486 42.30932, -71.0152 42.30944, -71.0154 42.30952, -71.01562 42.3096, -71.01579 42.30972, -71.01589 42.30985, -71.01597 42.30995, -71.01609 42.31011, -71.01631 42.3103, -71.01649 42.31037, -71.01682 42.31062, -71.01697 42.31087, -71.01697 42.31096, -71.01716 42.31116, -71.01729 42.31133, -71.01745 42.31159, -71.01755 42.31184, -71.01758 42.31198, -71.01762 42.31211, -71.01765 42.31236, -71.01766 42.3125, -71.01767 42.31264, -71.01766 42.31279, -71.01762 42.31301, -71.01757 42.31318, -71.01754 42.31326, -71.01735 42.31349, -71.01717 42.31372, -71.01695 42.31389, -71.01673 42.31402, -71.01633 42.31415, -71.01598 42.31431, -71.01561 42.31442, -71.01512 42.31461, -71.01478 42.31471, -71.0145 42.31482, -71.01416 42.31494, -71.0139 42.31504, -71.01352 42.31517, -71.01313 42.31539, -71.0128 42.31561, -71.01249 42.31581, -71.01218 42.31597, -71.01186 42.31618, -71.0114 42.31645, -71.01097 42.31679, -71.01061 42.31713, -71.01037 42.31743, -71.01011 42.31775, -71.00995 42.31804, -71.00988 42.31837, -71.00985 42.31856, -71.01008 42.3186, -71.01001 42.31869, -71.00962 42.31869, -71.00949 42.31879, -71.00923 42.31899, -71.00881 42.31933, -71.00858 42.31953, -71.00825 42.31977, -71.00794 42.32, -71.00757 42.32028, -71.0073 42.32045, -71.00694 42.32069, -71.00676 42.32074, -71.00639 42.32082, -71.006 42.32092, -71.00559 42.32104, -71.00505 42.32118, -71.00461 42.32129, -71.00416 42.32137, -71.00324 42.32141, -71.00257 42.32145, -71.00209 42.32143, -71.00165 42.32136, -71.00101 42.32126, -71.00053 42.32115, -71.00031 42.32105, -71.00006 42.32101, -70.9998 42.32095, -70.99964 42.32085, -70.99946 42.32068, -70.99949 42.32054, -70.99954 42.32034, -70.99961 42.32015, -70.99969 42.31996, -70.99972 42.31975)), ((-70.96019 42.32519, -70.96034 42.32496, -70.96058 42.32464, -70.96099 42.32396, -70.96138 42.32349, -70.96168 42.32298, -70.96194 42.32267, -70.96218 42.3223, -70.9625 42.32189, -70.96275 42.32148, -70.96292 42.32125, -70.96303 42.3211, -70.96317 42.32096, -70.96327 42.32082, -70.96335 42.32063, -70.96347 42.32047, -70.96357 42.32029, -70.96374 42.32005, -70.96384 42.31989, -70.9639 42.31972, -70.96398 42.3195, -70.96401 42.31931, -70.96414 42.31904, -70.96425 42.31888, -70.96437 42.31869, -70.96452 42.31841, -70.96458 42.31832, -70.96479 42.31794, -70.96484 42.31779, -70.96496 42.31751, -70.96505 42.3173, -70.9651 42.31713, -70.96531 42.31681, -70.96547 42.31664, -70.96559 42.31642, -70.96575 42.31613, -70.96588 42.31573, -70.96595 42.31549, -70.96605 42.31533, -70.96611 42.31507, -70.96616 42.31486, -70.96613 42.31478, -70.96617 42.31441, -70.96622 42.31417, -70.9664 42.31404, -70.96653 42.31392, -70.96668 42.3139, -70.96683 42.31381, -70.96694 42.31379, -70.96713 42.31379, -70.96718 42.31377, -70.96771 42.31373, -70.96797 42.31375, -70.96833 42.31372, -70.9686 42.31364, -70.96892 42.3136, -70.9693 42.31357, -70.96955 42.3135, -70.96974 42.31347, -70.96988 42.31339, -70.97005 42.31326, -70.97014 42.313, -70.97033 42.31276, -70.9705 42.31255, -70.9706 42.31237, -70.9707 42.31221, -70.97093 42.31182, -70.97103 42.31162, -70.9712 42.31152, -70.97166 42.31142, -70.97182 42.31138, -70.97226 42.31127, -70.97291 42.31115, -70.97317 42.31106, -70.97353 42.31095, -70.97374 42.31084, -70.97406 42.31077, -70.97434 42.31065, -70.97458 42.31057, -70.9749 42.31053, -70.97513 42.31044, -70.97553 42.3104, -70.97596 42.31043, -70.97629 42.31041, -70.97663 42.3104, -70.97689 42.31036, -70.97709 42.31039, -70.97717 42.31044, -70.9771 42.3106, -70.97709 42.31077, -70.97667 42.31109, -70.97605 42.31136, -70.97554 42.31159, -70.97493 42.31187, -70.97401 42.31228, -70.97341 42.31262, -70.97291 42.31306, -70.97265 42.31357, -70.97233 42.314, -70.9718 42.3146, -70.97133 42.31525, -70.97108 42.31572, -70.97093 42.31633, -70.97072 42.31675, -70.97033 42.31734, -70.96997 42.3178, -70.96969 42.31815, -70.96952 42.31866, -70.96941 42.31932, -70.96937 42.31966, -70.96933 42.32, -70.96926 42.3203, -70.96914 42.3206, -70.969 42.32092, -70.96884 42.32128, -70.9687 42.32162, -70.9685 42.32222, -70.96816 42.32272, -70.96783 42.32292, -70.96715 42.32342, -70.96661 42.32388, -70.96606 42.32419, -70.96547 42.32462, -70.96514 42.32496, -70.96518 42.32516, -70.96644 42.32605, -70.96617 42.32628, -70.96597 42.32619, -70.96607 42.32596, -70.96525 42.32554, -70.96231 42.3266, -70.96184 42.32686, -70.96168 42.32697, -70.9613 42.32723, -70.96064 42.32795, -70.96014 42.3284, -70.95965 42.32881, -70.95925 42.32921, -70.95904 42.3295, -70.95926 42.32963, -70.95918 42.3298, -70.959 42.33026, -70.95864 42.33068, -70.95819 42.33083, -70.95756 42.33095, -70.9571 42.33104, -70.95665 42.33104, -70.95617 42.331, -70.95556 42.33095, -70.95493 42.33077, -70.95467 42.33062, -70.95453 42.33043, -70.95446 42.33021, -70.95444 42.32997, -70.95454 42.32972, -70.95465 42.3295, -70.95478 42.32934, -70.95496 42.32925, -70.95537 42.32915, -70.95565 42.32908, -70.956 42.3289, -70.95625 42.32874, -70.95652 42.32859, -70.95667 42.3285, -70.95696 42.32842, -70.95725 42.3283, -70.95751 42.32809, -70.95771 42.32793, -70.95786 42.32772, -70.95809 42.32749, -70.95822 42.32734, -70.95844 42.32716, -70.95876 42.32699, -70.95918 42.32686, -70.95948 42.32665, -70.95964 42.32652, -70.95992 42.32616, -70.95999 42.32601, -70.96004 42.3259, -70.96021 42.32568, -70.96011 42.32537, -70.96019 42.32519)), ((-70.98618 42.3193, -70.98656 42.31909, -70.98703 42.31939, -70.9872 42.31957, -70.9873 42.3197, -70.98746 42.31977, -70.98769 42.31977, -70.98787 42.31983, -70.98801 42.31992, -70.98815 42.32004, -70.98818 42.32021, -70.98807 42.32046, -70.98801 42.32066, -70.98791 42.32083, -70.98787 42.32112, -70.9879 42.32141, -70.98792 42.3215, -70.98798 42.32171, -70.98799 42.32192, -70.98793 42.32209, -70.98784 42.32237, -70.9878 42.32259, -70.98778 42.32287, -70.98799 42.32299, -70.98792 42.32313, -70.98794 42.3232, -70.98798 42.32328, -70.98822 42.32361, -70.98875 42.32377, -70.98863 42.32384, -70.98851 42.32395, -70.98841 42.32407, -70.98836 42.32415, -70.98833 42.32419, -70.98832 42.32436, -70.9884 42.32454, -70.98856 42.32465, -70.98865 42.32467, -70.98886 42.32478, -70.98915 42.32498, -70.98939 42.3251, -70.98956 42.3252, -70.98978 42.32537, -70.98997 42.32548, -70.99018 42.3256, -70.99039 42.32569, -70.99065 42.32574, -70.99091 42.32583, -70.99146 42.32605, -70.99147 42.3262, -70.99148 42.32637, -70.99146 42.32655, -70.99137 42.32677, -70.99122 42.32697, -70.99113 42.32712, -70.99099 42.32729, -70.99088 42.32744, -70.99058 42.32764, -70.99037 42.3278, -70.99015 42.3278, -70.99003 42.32787, -70.9898 42.32801, -70.98965 42.32807, -70.98941 42.32811, -70.98921 42.32813, -70.98899 42.32817, -70.9888 42.32829, -70.98853 42.32834, -70.9884 42.32837, -70.98592 42.32839, -70.98527 42.3284, -70.98499 42.3283, -70.98492 42.32828, -70.98453 42.32817, -70.98414 42.32802, -70.98384 42.32789, -70.98382 42.3276, -70.98404 42.32747, -70.9842 42.32714, -70.98471 42.32683, -70.98521 42.32667, -70.98533 42.32648, -70.98537 42.32588, -70.98538 42.32548, -70.98539 42.3247, -70.9854 42.32466, -70.98539 42.32423, -70.98526 42.32376, -70.98511 42.3234, -70.98491 42.32313, -70.98477 42.32291, -70.9847 42.32253, -70.98457 42.32209, -70.98457 42.32139, -70.98479 42.32116, -70.98498 42.32098, -70.98521 42.3207, -70.98557 42.32036, -70.98587 42.32008, -70.98603 42.31966, -70.98618 42.3193)))",01,15,100,0,100
0104,"MULTIPOLYGON (((-71.03879 42.37498, -71.03706 42.37396, -71.03473 42.37247, -71.03656 42.37092, -71.03718 42.37131, -71.03866 42.37004, -71.04293 42.37189, -71.04391 42.37071, -71.04324 42.37041, -71.04386 42.36965, -71.04409 42.36973, -71.04416 42.36964, -71.0444 42.36973, -71.04409 42.37014, -71.04473 42.3704, -71.04504 42.37051, -71.04482 42.37095, -71.04488 42.37097, -71.04487 42.37103, -71.04502 42.37107, -71.04491 42.37127, -71.0457 42.37153, -71.04559 42.37171, -71.04469 42.37142, -71.04472 42.37139, -71.04451 42.37133, -71.04439 42.3715, -71.04485 42.37167, -71.04474 42.37181, -71.04536 42.3721, -71.04533 42.37214, -71.04442 42.37174, -71.04396 42.37179, -71.04395 42.37188, -71.04393 42.37196, -71.04512 42.37249, -71.04505 42.37258, -71.04413 42.37218, -71.04391 42.3725, -71.0448 42.37293, -71.04466 42.37313, -71.04399 42.37284, -71.04362 42.37285, -71.0428 42.37251, -71.0427 42.37246, -71.04235 42.37282, -71.04225 42.3729, -71.04219 42.37303, -71.04202 42.37319, -71.04222 42.37324, -71.04209 42.37342, -71.04205 42.37351, -71.04197 42.37355, -71.04177 42.37361, -71.04161 42.37371, -71.04144 42.37387, -71.0413 42.37402, -71.04118 42.37415, -71.04118 42.3742, -71.03879 42.37498)))",01,04,83.1,15.2,66.6
2002,"MULTIPOLYGON (((-71.1327 42.2822, -71.13383 42.28244, -71.13463 42.28282, -71.1353 42.28331, -71.13604 42.28274, -71.13741 42.28368, -71.1394 42.2836, -71.13948 42.28452, -71.14042 42.28512, -71.14194 42.2838, -71.14262 42.28423, -71.14068 42.28591, -71.14046 42.2861, -71.13963 42.28618, -71.13965 42.28668, -71.13969 42.28706, -71.13898 42.28715, -71.13682 42.2872, -71.13702 42.28676, -71.13412 42.2868, -71.13333 42.28684, -71.13206 42.28701, -71.1306 42.28731, -71.12939 42.28779, -71.12809 42.28847, -71.12755 42.28883, -71.12716 42.28918, -71.12684 42.289, -71.12598 42.2885, -71.1265 42.28799, -71.12688 42.2876, -71.12716 42.28735, -71.12814 42.28646, -71.12895 42.2857, -71.1327 42.2822)))",20,02,82.9,15.5,75.8
