node,lon,lat
1,-74.04389,40.60691
2,-74.02135,40.72746
3,-74.02131,40.72762
4,-74.01869,40.70651
5,-74.01815,40.7088
6,-74.01796,40.707
7,-74.01793,40.70617
8,-74.01771,40.70797
9,-74.01763,40.71039
10,-74.01757,40.70684
11,-74.0175,40.70762
12,-74.0174,40.70846
13,-74.01734,40.7049
14,-74.01712,40.70746
15,-74.01699,40.7058
16,-74.01696,40.70906
17,-74.01694,40.70481
18,-74.01681,40.70514
19,-74.01678,40.714
20,-74.01677,40.70933
21,-74.01676,40.7048
22,-74.01674,40.71542
23,-74.01673,40.70648
24,-74.01671,40.70498
25,-74.01663,40.7048
26,-74.01663,40.70813
27,-74.01661,40.70496
28,-74.01648,40.70507
29,-74.01644,40.7163
30,-74.01638,40.70484
31,-74.01638,40.71008
32,-74.0162,40.71477
33,-74.01619,40.70673
34,-74.01605,40.70704
35,-74.016,40.70717
36,-74.01596,40.70668
37,-74.01595,40.715089999999996
38,-74.01584,40.70199
39,-74.01582,40.70219
40,-74.01577,40.71767
41,-74.01576,40.7078
42,-74.01575,40.70719
43,-74.01569,40.7073
44,-74.01568,40.70184
45,-74.01566,40.70488
46,-74.01565,40.70204
47,-74.0156,40.71555
48,-74.01551,40.70771
49,-74.01538,40.70485
50,-74.01538,40.71583
51,-74.01532,40.70732
52,-74.01522,40.71601
53,-74.0152,40.70846
54,-74.01516,40.70481
55,-74.01515,40.70714
56,-74.015,40.70595
57,-74.015,40.70984
58,-74.01496,40.70476
59,-74.0149,40.70721
60,-74.01486,40.70939
61,-74.01482,40.70139
62,-74.0147,40.70978
63,-74.01462,40.70614
64,-74.01461,40.71111
65,-74.01454,40.71038
66,-74.01454,40.7171
67,-74.01443,40.70315
68,-74.01439,40.7036
69,-74.01438,40.70822
70,-74.01436,40.71101
71,-74.01432,40.70623
72,-74.0143,40.71699
73,-74.01429,40.70455
74,-74.01429,40.71538
75,-74.01418,40.7067
76,-74.01414,40.70125
77,-74.01406,40.71772
78,-74.01405,40.70908
79,-74.01398,40.70153
80,-74.01396,40.70711
81,-74.01392,40.71376
82,-74.01389,40.7095
83,-74.01383,40.70241
84,-74.01381,40.71761
85,-74.01375,40.7012
86,-74.01372,40.70113
87,-74.0137,40.71367
88,-74.01363,40.70679
89,-74.01359,40.70797
90,-74.01353,40.71526
91,-74.01352,40.70694
92,-74.01338,40.71441
93,-74.01337,40.70715
94,-74.01333,40.70503
95,-74.0133,40.7176
96,-74.01326,40.70873
97,-74.01325,40.70587
98,-74.01323,40.71506
99,-74.01321,40.71652
100,-74.0132,40.7152
101,-74.01319,40.70404
102,-74.01311,40.70359
103,-74.01308,40.70915
104,-74.01304,40.71726
105,-74.013,40.7031
106,-74.01299,40.70935
107,-74.01296,40.70777
108,-74.01296,40.71743
109,-74.01292,40.7164
110,-74.01284,40.70971
111,-74.01283,40.70241
112,-74.01273,40.71711
113,-74.01269,40.7149
114,-74.01269,40.7173
115,-74.01263,40.705
116,-74.01257,40.70321
117,-74.01256,40.71703
118,-74.01255,40.71315
119,-74.01251,40.70677
120,-74.01233,40.71394
121,-74.01229,40.71904
122,-74.01227,40.72033
123,-74.01224,40.70145
124,-74.01224,40.70268
125,-74.01219,40.70134
126,-74.01214,40.70899
127,-74.01209,40.70159
128,-74.01209,40.70908
129,-74.01201,40.7203
130,-74.01195,40.70745
131,-74.01193,40.70931
132,-74.01187,40.70655
133,-74.01184,40.72233
134,-74.01174,40.71367
135,-74.01174,40.72162
136,-74.0117,40.70776
137,-74.0117,40.72299
138,-74.01167,40.70969
139,-74.01166,40.7128
140,-74.01163,40.72231
141,-74.0116,40.70345
142,-74.01159,40.70358
143,-74.01158,40.70402
144,-74.01157,40.70425
145,-74.01156,40.70472
146,-74.01155,40.70495
147,-74.01153,40.71429
148,-74.0115,40.70296
149,-74.0115,40.72297
150,-74.01136,40.72362
151,-74.01135,40.71491
152,-74.01126,40.70751
153,-74.01126,40.72519
154,-74.01125,40.7083
155,-74.01124,40.72427
156,-74.01123,40.71037
157,-74.01119,40.70628
158,-74.01117,40.70178
159,-74.01115,40.72578
160,-74.01113,40.72588
161,-74.01111,40.71559
162,-74.01109,40.72611
163,-74.01106,40.72515
164,-74.01101,40.70859
165,-74.011,40.71333
166,-74.01097,40.7163
167,-74.01094,40.72566
168,-74.01092,40.72583
169,-74.01087,40.72608
170,-74.01086,40.72616
171,-74.01085,40.7088
172,-74.01083,40.71692
173,-74.0108,40.71102
174,-74.01077,40.72912
175,-74.01069,40.71747
176,-74.01069,40.72984
177,-74.01068,40.70712
178,-74.01068,40.72152
179,-74.01064,40.7037
180,-74.01056,40.71385
181,-74.01056,40.7222
182,-74.01054,40.70915
183,-74.01054,40.7291
184,-74.01053,40.71811
185,-74.0105,40.70381
186,-74.01049,40.72982
187,-74.01047,40.73931
188,-74.01046,40.71153
189,-74.01045,40.72286
190,-74.0104,40.7188
191,-74.0104,40.73056
192,-74.01034,40.72351
193,-74.01034,40.73129
194,-74.01033,40.70476
195,-74.01029,40.71945
196,-74.01027,40.73201
197,-74.01026,40.7324
198,-74.01022,40.72417
199,-74.0102,40.70329
200,-74.0102,40.70769
201,-74.01018,40.72012
202,-74.01016,40.73317
203,-74.01013,40.71438
204,-74.01012,40.71208
205,-74.01012,40.73866
206,-74.01011,40.73385
207,-74.01007,40.70455
208,-74.01007,40.72076
209,-74.01007,40.72504
210,-74.01007,40.73425
211,-74.01004,40.72521
212,-74.01004,40.73459
213,-74.01002,40.73938
214,-74.01001,40.70206
215,-74.00999,40.70981
216,-74.00999,40.71738
217,-74.00999,40.7353
218,-74.00998,40.70181
219,-74.00998,40.70515
220,-74.00994,40.7019
221,-74.00994,40.73872
222,-74.00993,40.736
223,-74.00992,40.72146
224,-74.00992,40.72599
225,-74.00991,40.72607
226,-74.00987,40.7058
227,-74.00987,40.73245
228,-74.00984,40.73697
229,-74.00984,40.73938
230,-74.00983,40.70812
231,-74.00981,40.73757
232,-74.0098,40.7332
233,-74.00977,40.72212
234,-74.00975,40.70477
235,-74.00973,40.74048
236,-74.00968,40.71495
237,-74.00968,40.73938
238,-74.00967,40.71273
239,-74.00966,40.70876
240,-74.00965,40.72278
241,-74.00964,40.71733
242,-74.00964,40.72493
243,-74.00954,40.71033
244,-74.00954,40.72343
245,-74.0095,40.70638
246,-74.00949,40.71799
247,-74.00947,40.71041
248,-74.00946,40.70455
249,-74.00943,40.70197
250,-74.00942,40.72409
251,-74.00942,40.74047
252,-74.00938,40.7022
253,-74.00937,40.70861
254,-74.00935,40.72899
255,-74.00934,40.72457
256,-74.00933,40.71869
257,-74.00932,40.7247
258,-74.00931,40.72068
259,-74.00925,40.71326
260,-74.00924,40.71552
261,-74.00921,40.72971
262,-74.0092,40.71619
263,-74.00918,40.7214
264,-74.00913,40.70929
265,-74.00911,40.71692
266,-74.00911,40.72591
267,-74.00909,40.72599
268,-74.00907,40.70554
269,-74.00907,40.73043
270,-74.00906,40.71089
271,-74.00906,40.71726
272,-74.00906,40.72206
273,-74.00903,40.70531
274,-74.009,40.70694
275,-74.009,40.7176
276,-74.00899,40.70408
277,-74.00897,40.72675
278,-74.00896,40.7407
279,-74.00894,40.71792
280,-74.00892,40.73116
281,-74.0089,40.70486
282,-74.00889,40.70904
283,-74.00889,40.74238
284,-74.00888,40.71827
285,-74.00884,40.72747
286,-74.00883,40.7138
287,-74.00882,40.71601
288,-74.00882,40.71864
289,-74.00881,40.70601
290,-74.00879,40.70421
291,-74.00878,40.73187
292,-74.00875,40.71903
293,-74.00873,40.74145
294,-74.00872,40.72819
295,-74.0087,40.7193
296,-74.0087,40.74236
297,-74.00864,40.70734
298,-74.00864,40.72422
299,-74.00863,40.73264
300,-74.0086,40.6859
301,-74.0086,40.71139
302,-74.00859,40.72891
303,-74.00858,40.71995
304,-74.00856,40.724
305,-74.00856,40.74404
306,-74.00855,40.7334
307,-74.00852,40.74317
308,-74.00849,40.73409
309,-74.00847,40.72061
310,-74.00846,40.73448
311,-74.00846,40.75034
312,-74.00844,40.73479
313,-74.00844,40.74473
314,-74.00842,40.68602
315,-74.00842,40.70953
316,-74.0084,40.72963
317,-74.00839,40.71436
318,-74.00838,40.71659
319,-74.00837,40.73551
320,-74.00837,40.74397
321,-74.00836,40.72584
322,-74.00835,40.72132
323,-74.00835,40.72592
324,-74.00832,40.70381
325,-74.00832,40.73619
326,-74.00831,40.74545
327,-74.00828,40.75027
328,-74.00827,40.70772
329,-74.00826,40.74467
330,-74.00825,40.73696
331,-74.00823,40.72197
332,-74.00821,40.73755
333,-74.0082,40.73035
334,-74.0082,40.74215
335,-74.00815,40.73814
336,-74.00813,40.70467
337,-74.00812,40.72263
338,-74.00812,40.74537
339,-74.0081,40.71199
340,-74.0081,40.73876
341,-74.00808,40.70313
342,-74.00805,40.73937
343,-74.00802,40.75179
344,-74.00801,40.70545
345,-74.00801,40.73107
346,-74.008,40.70798
347,-74.00798,40.70319
348,-74.00798,40.72328
349,-74.00798,40.74609
350,-74.00797,40.71145
351,-74.00796,40.71712
352,-74.00796,40.72095
353,-74.00795,40.70555
354,-74.00794,40.71493
355,-74.00794,40.72352
356,-74.00794,40.7403
357,-74.00791,40.7237
358,-74.00789,40.74257
359,-74.00787,40.7468
360,-74.00786,40.70311
361,-74.00785,40.71173
362,-74.00785,40.74796
363,-74.00783,40.75171
364,-74.00781,40.70909
365,-74.00781,40.73178
366,-74.0078,40.70306
367,-74.00778,40.72456
368,-74.00777,40.70332
369,-74.00776,40.71081
370,-74.00774,40.71022
371,-74.00772,40.7475
372,-74.0077,40.74283
373,-74.00768,40.72081
374,-74.00768,40.74784
375,-74.00767,40.70428
376,-74.00767,40.71253
377,-74.00767,40.72519
378,-74.00764,40.70835
379,-74.00764,40.74818
380,-74.00763,40.7235
381,-74.0076,40.7524
382,-74.00757,40.72576
383,-74.00756,40.72584
384,-74.00754,40.71543
385,-74.00754,40.71766
386,-74.00752,40.73285
387,-74.00748,40.7239
388,-74.00748,40.74094
389,-74.00746,40.70722
390,-74.00745,40.70605
391,-74.00744,40.72165
392,-74.00743,40.7266
393,-74.00741,40.74818
394,-74.0074,40.73337
395,-74.00739,40.70518
396,-74.00738,40.71058
397,-74.00734,40.73359
398,-74.007320000000007,40.72733
399,-74.00731,40.75311
400,-74.00729,40.7087
401,-74.00724,40.74347
402,-74.00724,40.75385
403,-74.00722,40.71305
404,-74.0072,40.72805
405,-74.00717,40.7243
406,-74.00716,40.7343
407,-74.00713,40.70638
408,-74.0071,40.716
409,-74.00709,40.72877
410,-74.00705,40.70375
411,-74.00705,40.70987
412,-74.00705,40.71827
413,-74.00703,40.72442
414,-74.00703,40.7245
415,-74.00703,40.75379
416,-74.00702,40.71178
417,-74.00702,40.73333
418,-74.00702,40.74889
419,-74.00701,40.73487
420,-74.007,40.72048
421,-74.00698,40.735
422,-74.00697,40.7295
423,-74.00697,40.74163
424,-74.00696,40.72513
425,-74.00695,40.71169
426,-74.00694,40.71913
427,-74.0069,40.70482
428,-74.00686,40.73023
429,-74.00685,40.75454
430,-74.00684,40.70786
431,-74.00681,40.71978
432,-74.00681,40.74406
433,-74.0068,40.73572
434,-74.00678,40.70672
435,-74.00677,40.70562
436,-74.00677,40.7115
437,-74.00675,40.71362
438,-74.00674,40.73095
439,-74.00669,40.72044
440,-74.00667,40.71653
441,-74.00665,40.75445
442,-74.00662,40.73167
443,-74.00662,40.73643
444,-74.00659,40.71577
445,-74.00659,40.71886
446,-74.00656,40.73481
447,-74.00653,40.70823
448,-74.00653,40.74955
449,-74.0065,40.73243
450,-74.0065,40.73696
451,-74.00649,40.73755
452,-74.00648,40.71123
453,-74.00647,40.73814
454,-74.00646,40.70698
455,-74.00646,40.73875
456,-74.00645,40.7394
457,-74.00644,40.70956
458,-74.00643,40.71908
459,-74.00643,40.7204
460,-74.00643,40.72179
461,-74.00641,40.73305
462,-74.00638,40.74465
463,-74.00633,40.73963
464,-74.00631,40.71417
465,-74.0063,40.72255
466,-74.00629,40.70423
467,-74.00629,40.73374
468,-74.00625,40.71708
469,-74.00623,40.72312
470,-74.00618,40.73444
471,-74.00617,40.7163
472,-74.00613,40.71944
473,-74.00612,40.72375
474,-74.00609,40.70991
475,-74.00609,40.712
476,-74.00607,40.73513
477,-74.00607,40.75018
478,-74.00606,40.7119
479,-74.00604,40.7244
480,-74.00602,40.70614
481,-74.00602,40.7079
482,-74.00601,40.70867
483,-74.00597,40.72037
484,-74.00596,40.73584
485,-74.00596,40.74523
486,-74.00595,40.7072
487,-74.00594,40.71969
488,-74.00592,40.73942
489,-74.00589,40.71468
490,-74.00589,40.72503
491,-74.00587,40.73315
492,-74.00586,40.74026
493,-74.00584,40.72108
494,-74.00583,40.71166
495,-74.00583,40.73653
496,-74.00578,40.71768
497,-74.00578,40.72567
498,-74.00577,40.73717
499,-74.00574,40.71198
500,-74.00574,40.71209
501,-74.00572,40.72175
502,-74.00571,40.73163
503,-74.00569,40.70638
504,-74.00569,40.73755
505,-74.00566,40.72006
506,-74.00566,40.72643
507,-74.00563,40.75079
508,-74.0056,40.7104
509,-74.00559,40.73814
510,-74.00554,40.72716
511,-74.00554,40.74582
512,-74.00553,40.73688
513,-74.00552,40.70579
514,-74.00551,40.70909
515,-74.0055,40.73875
516,-74.00548,40.70739
517,-74.00546,40.73245
518,-74.00543,40.72788
519,-74.00542,40.71524
520,-74.00542,40.72952
521,-74.00539,40.73941
522,-74.00537,40.74095
523,-74.00536,40.72218
524,-74.00532,40.71827
525,-74.00531,40.72173
526,-74.00531,40.72182
527,-74.00531,40.7286
528,-74.00531,40.73661
529,-74.00529,40.712
530,-74.00529,40.74002
531,-74.00529,40.75631
532,-74.00527,40.72885
533,-74.00526,40.70892
534,-74.00525,40.72102
535,-74.00523,40.72174
536,-74.00522,40.72933
537,-74.00521,40.72063
538,-74.0052,40.706
539,-74.00519,40.71984
540,-74.00518,40.75141
541,-74.00517,40.719
542,-74.00516,40.74086
543,-74.00515,40.70942
544,-74.00514,40.72952
545,-74.00513,40.73596
546,-74.00511,40.73184
547,-74.00511,40.7464
548,-74.00508,40.74134
549,-74.00506,40.72298
550,-74.00505,40.71094
551,-74.00502,40.75706
552,-74.005,40.70685
553,-74.00499,40.71188
554,-74.00498,40.71576
555,-74.00494,40.73154
556,-74.00493,40.7353
557,-74.00486,40.71245
558,-74.00486,40.74164
559,-74.00484,40.71885
560,-74.00483,40.70966
561,-74.00483,40.73755
562,-74.00482,40.70839
563,-74.00482,40.71348
564,-74.0048,40.75697
565,-74.00479,40.72362
566,-74.00475,40.70523
567,-74.00475,40.73466
568,-74.00474,40.72427
569,-74.00472,40.75202
570,-74.00469,40.73032
571,-74.00465,40.72491
572,-74.00465,40.74702
573,-74.00463,40.72135
574,-74.00463,40.731
575,-74.00458,40.72417
576,-74.00457,40.68115
577,-74.00456,40.70641
578,-74.00456,40.73401
579,-74.00455,40.72556
580,-74.00453,40.71628
581,-74.00446,40.73072
582,-74.00445,40.72272
583,-74.00444,40.70543
584,-74.00443,40.71151
585,-74.00442,40.74228
586,-74.00441,40.71398
587,-74.00438,40.72405
588,-74.00437,40.71947
589,-74.00433,40.70782
590,-74.0043,40.73045
591,-74.00429,40.71291
592,-74.00428,40.72491
593,-74.00428,40.73339
594,-74.00428,40.75264
595,-74.00425,40.71017
596,-74.00425,40.71139
597,-74.00422,40.73113
598,-74.0042,40.71667
599,-74.00419,40.71183
600,-74.00418,40.71169
601,-74.00418,40.73813
602,-74.00417,40.74769
603,-74.00415,40.71774
604,-74.00408,40.71174
605,-74.00406,40.70744
606,-74.00406,40.71313
607,-74.00403,40.71687
608,-74.00403,40.72551
609,-74.00402,40.71456
610,-74.00398,40.73291
611,-74.00397,40.71182
612,-74.00397,40.74286
613,-74.00396,40.72986
614,-74.00394,40.70723
615,-74.00393,40.72085
616,-74.00392,40.72004
617,-74.0039,40.71184
618,-74.00387,40.70579
619,-74.00387,40.73754
620,-74.00387,40.73814
621,-74.00386,40.73839
622,-74.00386,40.73875
623,-74.00386,40.73942
624,-74.00383,40.72345
625,-74.00382,40.71059
626,-74.00382,40.75326
627,-74.00379,40.73189
628,-74.00377,40.71188
629,-74.00377,40.72238
630,-74.00373,40.71166
631,-74.00373,40.72625
632,-74.00372,40.70696
633,-74.00371,40.73684
634,-74.00368,40.71832
635,-74.00368,40.74835
636,-74.00366,40.71091
637,-74.00366,40.72934
638,-74.00364,40.72368
639,-74.00362,40.71101
640,-74.00361,40.73232
641,-74.0036,40.71365
642,-74.00355,40.73222
643,-74.00354,40.74345
644,-74.00353,40.71745
645,-74.00353,40.73618
646,-74.00351,40.72056
647,-74.00347,40.71119
648,-74.00347,40.73237
649,-74.00345,40.73876
650,-74.00344,40.72696
651,-74.00343,40.71088
652,-74.00341,40.71124
653,-74.0034,40.70808
654,-74.0034,40.71415
655,-74.00338,40.71083
656,-74.00338,40.72525
657,-74.00335,40.67963
658,-74.00334,40.73554
659,-74.00331,40.71131
660,-74.0033,40.71652
661,-74.0033,40.73174
662,-74.00326,40.72038
663,-74.00324,40.71172
664,-74.00324,40.74897
665,-74.00323,40.71136
666,-74.00321,40.71206
667,-74.00316,40.72766
668,-74.00315,40.7349
669,-74.00314,40.73146
670,-74.00313,40.72839
671,-74.00312,40.72688
672,-74.00312,40.74403
673,-74.00311,40.70767
674,-74.00311,40.71228
675,-74.0031,40.71075
676,-74.00309,40.71396
677,-74.00308,40.73908
678,-74.00305,40.71803
679,-74.00303,40.71558
680,-74.00303,40.73321
681,-74.00302,40.71144
682,-74.00298,40.72331
683,-74.00297,40.72199
684,-74.00297,40.73425
685,-74.00296,40.71692
686,-74.00294,40.73114
687,-74.00292,40.71715
688,-74.00291,40.71307
689,-74.00286,40.73361
690,-74.00282,40.73091
691,-74.00281,40.71589
692,-74.00281,40.72836
693,-74.0028,40.73373
694,-74.00279,40.73362
695,-74.00279,40.7394
696,-74.00278,40.74959
697,-74.00274,40.70722
698,-74.00269,40.74462
699,-74.00267,40.71155
700,-74.00263,40.71061
701,-74.00262,40.72488
702,-74.0026,40.71431
703,-74.0026,40.7199
704,-74.00257,40.73337
705,-74.00256,40.71618
706,-74.00254,40.71863
707,-74.00252,40.71067
708,-74.00252,40.73975
709,-74.00251,40.7276
710,-74.0025,40.70885
711,-74.00247,40.66875
712,-74.00247,40.73032
713,-74.00247,40.75512
714,-74.00246,40.71157
715,-74.0024,40.73876
716,-74.00239,40.7177
717,-74.00239,40.73434
718,-74.00235,40.7265
719,-74.00233,40.70671
720,-74.00233,40.75021
721,-74.00226,40.6782
722,-74.00226,40.70653
723,-74.00226,40.74521
724,-74.00222,40.72034
725,-74.00221,40.72162
726,-74.0022,40.72965
727,-74.00217,40.72293
728,-74.00215,40.72804
729,-74.00214,40.7298
730,-74.00214,40.73707
731,-74.00212,40.71516
732,-74.00212,40.73284
733,-74.00209,40.71915
734,-74.00208,40.71673
735,-74.00203,40.73813
736,-74.00202,40.74044
737,-74.00198,40.75578
738,-74.00197,40.73507
739,-74.00195,40.73641
740,-74.00193,40.72455
741,-74.0019,40.70827
742,-74.00188,40.7194
743,-74.00188,40.75083
744,-74.00183,40.71831
745,-74.00181,40.73295
746,-74.00181,40.74583
747,-74.00177,40.73576
748,-74.00177,40.73768
749,-74.00176,40.73377
750,-74.00169,40.73553
751,-74.00168,40.71574
752,-74.00168,40.73058
753,-74.00167,40.71002
754,-74.00166,40.73232
755,-74.00165,40.73371
756,-74.00164,40.70954
757,-74.00162,40.70956
758,-74.0016,40.72612
759,-74.00158,40.70962
760,-74.00157,40.7173
761,-74.00157,40.73513
762,-74.00156,40.74108
763,-74.00155,40.7358
764,-74.00152,40.70969
765,-74.0015,40.75645
766,-74.00148,40.70786
767,-74.00146,40.73717
768,-74.00145,40.70964
769,-74.00145,40.72125
770,-74.00143,40.70941
771,-74.00143,40.75144
772,-74.00142,40.70982
773,-74.00142,40.71994
774,-74.00141,40.73107
775,-74.0014,40.72256
776,-74.00139,40.72766
777,-74.00139,40.73448
778,-74.00133,40.74649
779,-74.00128,40.70999
780,-74.00127,40.71896
781,-74.00126,40.7135
782,-74.00123,40.71006
783,-74.00122,40.70966
784,-74.0012,40.73384
785,-74.00119,40.72917
786,-74.00117,40.73177
787,-74.00114,40.71018
788,-74.00113,40.72417
789,-74.00113,40.74167
790,-74.0011,40.69206
791,-74.0011,40.70726
792,-74.0011,40.70995
793,-74.0011,40.73344
794,-74.0011,40.73656
795,-74.00107,40.70984
796,-74.00106,40.67637
797,-74.00106,40.75707
798,-74.00104,40.70743
799,-74.00102,40.70965
800,-74.00102,40.73025
801,-74.00099,40.71793
802,-74.00098,40.75206
803,-74.00095,40.73171
804,-74.0009,40.67564
805,-74.0009,40.72577
806,-74.00089,40.71302
807,-74.00087,40.7117
808,-74.00086,40.70879
809,-74.00085,40.74715
810,-74.00082,40.71693
811,-74.00079,40.71529
812,-74.00072,40.73593
813,-74.0007,40.73324
814,-74.0007,40.74225
815,-74.00066,40.72084
816,-74.00066,40.72218
817,-74.00065,40.70984
818,-74.00065,40.73723
819,-74.00064,40.7495
820,-74.00063,40.727290000000004
821,-74.00062,40.71955
822,-74.00053,40.71843
823,-74.00053,40.75269
824,-74.00051,40.71098
825,-74.00051,40.73231
826,-74.0005,40.72999
827,-74.00048,40.70835
828,-74.00046,40.71436
829,-74.00044,40.72879
830,-74.0004,40.74777
831,-74.00037,40.7238
832,-74.00036,40.73397
833,-74.00036,40.73531
834,-74.00033,40.68996
835,-74.00028,40.74284
836,-74.00027,40.71762
837,-74.00025,40.70904
838,-74.00021,40.70883
839,-74.00019,40.69185
840,-74.00019,40.70864
841,-74.00018,40.73787
842,-74.00016,40.69031
843,-74.00015,40.69193
844,-74.00014,40.69036
845,-74.00014,40.7162
846,-74.00013,40.70791
847,-74.00012,40.73043
848,-74.0001,40.72538
849,-74.00008,40.70768
850,-74.00007,40.73293
851,-74.00002,40.70782
852,-74.00002,40.70893
853,-74.00001,40.70798
854,-74,40.67383
855,-73.99997,40.73469
856,-73.99996,40.71802
857,-73.99994,40.7484
858,-73.99993,40.71654
859,-73.99992,40.69082
860,-73.99992,40.72693
861,-73.99987,40.70819
862,-73.99987,40.70857
863,-73.99987,40.72043
864,-73.99985,40.72179
865,-73.99985,40.74342
866,-73.99984,40.71919
867,-73.99981,40.70833
868,-73.99973,40.6902
869,-73.99973,40.70813
870,-73.9997,40.70855
871,-73.9997,40.71178
872,-73.99968,40.72842
873,-73.99968,40.73855
874,-73.99965,40.69021
875,-73.99965,40.73407
876,-73.99964,40.69168
877,-73.99963,40.70819
878,-73.99963,40.75392
879,-73.99961,40.72342
880,-73.9996,40.73104
881,-73.99959,40.71445
882,-73.99956,40.71393
883,-73.99956,40.73361
884,-73.99952,40.7081
885,-73.9995,40.70828
886,-73.99945,40.71733
887,-73.99942,40.70803
888,-73.99942,40.71868
889,-73.99942,40.74401
890,-73.99938,40.70818
891,-73.99937,40.73006
892,-73.99936,40.7352
893,-73.99934,40.69161
894,-73.99934,40.72501
895,-73.99932,40.71592
896,-73.99931,40.71755
897,-73.9993,40.70811
898,-73.99928,40.70877
899,-73.99923,40.71891
900,-73.9992,40.69387
901,-73.9992,40.7348
902,-73.99919,40.69347
903,-73.99919,40.70847
904,-73.99919,40.73413
905,-73.99918,40.73924
906,-73.99916,40.71332
907,-73.99914,40.69155
908,-73.99914,40.69386
909,-73.99914,40.75458
910,-73.99912,40.72654
911,-73.99911,40.73163
912,-73.99908,40.69622
913,-73.99907,40.69385
914,-73.99906,40.72004
915,-73.99904,40.74964
916,-73.99903,40.72142
917,-73.99901,40.70856
918,-73.99897,40.74463
919,-73.99896,40.72807
920,-73.99891,40.67248
921,-73.99891,40.69062
922,-73.99889,40.7126
923,-73.99888,40.68948
924,-73.99887,40.69461
925,-73.99887,40.715
926,-73.99886,40.73523
927,-73.99884,40.73067
928,-73.99881,40.72302
929,-73.9988,40.7145
930,-73.99875,40.71845
931,-73.99872,40.69463
932,-73.99871,40.73478
933,-73.99871,40.73988
934,-73.99868,40.71188
935,-73.99866,40.75525
936,-73.99864,40.69038
937,-73.99861,40.73222
938,-73.9986,40.72969
939,-73.99859,40.7171
940,-73.99859,40.72463
941,-73.99859,40.75024
942,-73.99858,40.71347
943,-73.99856,40.735
944,-73.99852,40.71979
945,-73.99849,40.71563
946,-73.99849,40.74529
947,-73.99848,40.69138
948,-73.9984,40.69528
949,-73.99837,40.70867
950,-73.99836,40.72617
951,-73.99834,40.69209
952,-73.99831,40.69373
953,-73.99829,40.74047
954,-73.99828,40.73261
955,-73.99827,40.73539
956,-73.99823,40.71324
957,-73.99821,40.69599
958,-73.99821,40.75587
959,-73.9982,40.72106
960,-73.99814,40.69587
961,-73.99812,40.7509
962,-73.99809,40.69054
963,-73.99807,40.73029
964,-73.99805,40.71958
965,-73.99804,40.71482
966,-73.99802,40.70892
967,-73.99802,40.71371
968,-73.99801,40.74595
969,-73.99799,40.71272
970,-73.99799,40.73295
971,-73.99798,40.72266
972,-73.99793,40.71816
973,-73.99789,40.72931
974,-73.99786,40.74106
975,-73.99783,40.69651
976,-73.9978,40.73603
977,-73.99779,40.69119
978,-73.99778,40.72424
979,-73.99777,40.71197
980,-73.99776,40.71681
981,-73.99776,40.72158
982,-73.99772,40.71536
983,-73.9977,40.69498
984,-73.99768,40.75144
985,-73.99766,40.72084
986,-73.99761,40.693600000000004
987,-73.99761,40.7258
988,-73.99755,40.74658
989,-73.9975,40.71407
990,-73.99749,40.69185
991,-73.99746,40.73226
992,-73.99743,40.74164
993,-73.9974,40.72145
994,-73.9974,40.7273
995,-73.99738,40.69564
996,-73.99736,40.72994
997,-73.99735,40.72071
998,-73.99734,40.73667
999,-73.9973,40.71347
1000,-73.9973,40.71932
1001,-73.99716,40.69633
1002,-73.99712,40.7128
1003,-73.99712,40.7223
1004,-73.99712,40.72893
1005,-73.99711,40.71787
1006,-73.9971,40.7472
1007,-73.99709,40.71462
1008,-73.99708,40.69631
1009,-73.99701,40.74223
1010,-73.99698,40.71654
1011,-73.99697,40.73141
1012,-73.99695,40.71207
1013,-73.99695,40.72388
1014,-73.99694,40.6985
1015,-73.99684,40.72051
1016,-73.99684,40.73736
1017,-73.99681,40.71504
1018,-73.99679,40.75272
1019,-73.99678,40.71136
1020,-73.99677,40.72543
1021,-73.99673,40.69164
1022,-73.99672,40.69344
1023,-73.99666,40.72693
1024,-73.99665,40.74782
1025,-73.99664,40.73186
1026,-73.99658,40.72117
1027,-73.99658,40.74281
1028,-73.99657,40.72955
1029,-73.99655,40.6901
1030,-73.99653,40.69916
1031,-73.99653,40.71547
1032,-73.99648,40.71905
1033,-73.99648,40.72369
1034,-73.99646,40.69397
1035,-73.99644,40.7102
1036,-73.99642,40.69405
1037,-73.99641,40.69613
1038,-73.99635,40.70978
1039,-73.99635,40.73226
1040,-73.99634,40.72855
1041,-73.99634,40.73804
1042,-73.99633,40.7176
1043,-73.99631,40.69836
1044,-73.9963,40.72466
1045,-73.9963,40.75339
1046,-73.99627,40.72195
1047,-73.99623,40.69076
1048,-73.99622,40.70918
1049,-73.9962,40.69451
1050,-73.9962,40.74844
1051,-73.99613,40.74343
1052,-73.99607,40.70977
1053,-73.99606,40.71623
1054,-73.99606,40.73016
1055,-73.99603,40.72018
1056,-73.996,40.69901
1057,-73.99594,40.70922
1058,-73.99592,40.6933
1059,-73.99591,40.69142
1060,-73.99591,40.73285
1061,-73.99588,40.7244
1062,-73.99587,40.73869
1063,-73.99586,40.69522
1064,-73.99585,40.72521
1065,-73.99584,40.72653
1066,-73.99582,40.75406
1067,-73.99581,40.72918
1068,-73.99575,40.72089
1069,-73.99575,40.74905
1070,-73.9957,40.7155
1071,-73.9957,40.71878
1072,-73.9957,40.72337
1073,-73.99569,40.69966
1074,-73.99564,40.7441
1075,-73.995590000000007,40.72819
1076,-73.99556,40.73072
1077,-73.99555,40.69589
1078,-73.9955,40.71602
1079,-73.99549,40.73344
1080,-73.99546,40.69812
1081,-73.99546,40.72162
1082,-73.99545,40.73927
1083,-73.99543,40.71728
1084,-73.99538,40.70031
1085,-73.99537,40.71576
1086,-73.99535,40.72407
1087,-73.99535,40.75469
1088,-73.99533,40.69375
1089,-73.99533,40.69638
1090,-73.99533,40.72508
1091,-73.99531,40.72978
1092,-73.9953,40.74967
1093,-73.99527,40.72721
1094,-73.99526,40.71987
1095,-73.99522,40.70065
1096,-73.99516,40.74476
1097,-73.99512,40.69877
1098,-73.99512,40.73121
1099,-73.99508,40.69315
1100,-73.99508,40.70073
1101,-73.99507,40.69118
1102,-73.99506,40.72614
1103,-73.99506,40.72881
1104,-73.99505,40.73403
1105,-73.99502,40.70249
1106,-73.99502,40.73986
1107,-73.99497,40.72063
1108,-73.99496,40.71586
1109,-73.99491,40.72304
1110,-73.99491,40.72495
1111,-73.99484,40.71421
1112,-73.99484,40.75029
1113,-73.99483,40.69367
1114,-73.99482,40.73035
1115,-73.99481,40.71846
1116,-73.9948,40.69941
1117,-73.9948,40.70088
1118,-73.99479,40.7316
1119,-73.99475,40.72782
1120,-73.99473,40.72694
1121,-73.99471,40.72131
1122,-73.99471,40.74538
1123,-73.99468,40.68958
1124,-73.99466,40.71422
1125,-73.99465,40.72593
1126,-73.99462,40.69412
1127,-73.99461,40.69789
1128,-73.99461,40.70193
1129,-73.99459,40.74044
1130,-73.99458,40.6766
1131,-73.99458,40.71369
1132,-73.99458,40.73467
1133,-73.99455,40.69613
1134,-73.99455,40.72941
1135,-73.99452,40.70007
1136,-73.9945,40.71423
1137,-73.99447,40.70292
1138,-73.99447,40.72585
1139,-73.99446,40.69244
1140,-73.99446,40.70229
1141,-73.99446,40.71302
1142,-73.99443,40.70105
1143,-73.99443,40.71697
1144,-73.99442,40.71939
1145,-73.9944,40.72626
1146,-73.99438,40.71952
1147,-73.99437,40.71371
1148,-73.99436,40.69024
1149,-73.99436,40.71231
1150,-73.99435,40.71425
1151,-73.9943,40.69479
1152,-73.9943,40.73216
1153,-73.99429,40.69854
1154,-73.99428,40.71562
1155,-73.99426,40.71159
1156,-73.99426,40.746
1157,-73.99425,40.72841
1158,-73.99422,40.70072
1159,-73.99421,40.71373
1160,-73.99421,40.7715
1161,-73.99419,40.69301
1162,-73.99419,40.72756
1163,-73.99418,40.70282
1164,-73.99418,40.72469
1165,-73.99416,40.74103
1166,-73.99415,40.72272
1167,-73.99414,40.71056
1168,-73.99414,40.71427
1169,-73.99413,40.72664
1170,-73.99412,40.73531
1171,-73.9941,40.69702
1172,-73.9941,40.71009
1173,-73.99407,40.71374
1174,-73.99406,40.72998
1175,-73.99405,40.6909
1176,-73.99405,40.70216
1177,-73.99404,40.72032
1178,-73.99404,40.73128
1179,-73.99402,40.70948
1180,-73.99402,40.71306
1181,-73.99398,40.69546
1182,-73.99398,40.69919
1183,-73.99398,40.77228
1184,-73.99395,40.71429
1185,-73.99395,40.75152
1186,-73.99394,40.71374
1187,-73.99386,40.71307
1188,-73.99384,40.72604
1189,-73.99384,40.72792
1190,-73.99383,40.71814
1191,-73.99381,40.70267
1192,-73.99381,40.73273
1193,-73.99381,40.74662
1194,-73.9938,40.72094
1195,-73.99378,40.69587
1196,-73.99377,40.71308
1197,-73.99376,40.72565
1198,-73.99375,40.72901
1199,-73.99374,40.69153
1200,-73.99374,40.74162
1201,-73.9937,40.71675
1202,-73.99367,40.69984
1203,-73.99364,40.71237
1204,-73.99364,40.727290000000004
1205,-73.99362,40.70334
1206,-73.99362,40.736
1207,-73.99361,40.71309
1208,-73.99355,40.70936
1209,-73.99353,40.71238
1210,-73.99352,40.72163
1211,-73.99348,40.70157
1212,-73.99346,40.72443
1213,-73.99346,40.75219
1214,-73.99344,40.69215
1215,-73.99344,40.70334
1216,-73.9934,40.70397
1217,-73.9934,40.71536
1218,-73.99338,40.71239
1219,-73.99337,40.69576
1220,-73.99336,40.70049
1221,-73.99336,40.71907
1222,-73.99336,40.74724
1223,-73.99333,40.69329
1224,-73.99332,40.7333
1225,-73.99329,40.74223
1226,-73.99327,40.70244
1227,-73.99326,40.71169
1228,-73.99326,40.72235
1229,-73.99326,40.72958
1230,-73.99325,40.73094
1231,-73.99315,40.71169
1232,-73.99315,40.72787
1233,-73.99312,40.73669
1234,-73.9931,40.69285
1235,-73.9931,40.70333
1236,-73.9931,40.71792
1237,-73.99309,40.72282
1238,-73.99308,40.69522
1239,-73.99305,40.70114
1240,-73.99304,40.72545
1241,-73.99302,40.69746
1242,-73.99302,40.71436
1243,-73.993,40.71171
1244,-73.99298,40.75285
1245,-73.99294,40.71383
1246,-73.99294,40.71989
1247,-73.99291,40.70145
1248,-73.99291,40.70223
1249,-73.99291,40.74785
1250,-73.9929,40.71456
1251,-73.99286,40.72004
1252,-73.99285,40.70158
1253,-73.99285,40.71437
1254,-73.99284,40.73008
1255,-73.99282,40.71648
1256,-73.9928,40.7429
1257,-73.99279,40.73392
1258,-73.99276,40.70176
1259,-73.99274,40.693600000000004
1260,-73.99274,40.71078
1261,-73.99273,40.70262
1262,-73.99273,40.72139
1263,-73.99272,40.71384
1264,-73.99271,40.6981
1265,-73.99269,40.68903
1266,-73.99265,40.73733
1267,-73.99264,40.71079
1268,-73.99262,40.71317
1269,-73.99262,40.71885
1270,-73.99261,40.70206
1271,-73.9926,40.71511
1272,-73.9926,40.72414
1273,-73.99258,40.70252
1274,-73.99256,40.71439
1275,-73.99255,40.70331
1276,-73.99254,40.70264
1277,-73.99254,40.70396
1278,-73.99254,40.71246
1279,-73.99253,40.75347
1280,-73.99251,40.71082
1281,-73.99247,40.71386
1282,-73.99246,40.71175
1283,-73.99246,40.72196
1284,-73.99246,40.74847
1285,-73.99242,40.69428
1286,-73.99242,40.70255
1287,-73.99241,40.73059
1288,-73.9924,40.70239
1289,-73.99239,40.69874
1290,-73.99239,40.71319
1291,-73.99238,40.71505
1292,-73.99236,40.68969
1293,-73.99233,40.72491
1294,-73.99232,40.74357
1295,-73.99231,40.70184
1296,-73.99228,40.70245
1297,-73.99227,40.71247
1298,-73.99227,40.73453
1299,-73.99224,40.72125
1300,-73.99222,40.71766
1301,-73.99222,40.73792
1302,-73.99221,40.72523
1303,-73.9922,40.7026
1304,-73.9922,40.71968
1305,-73.99219,40.71089
1306,-73.99218,40.71178
1307,-73.99214,40.70976
1308,-73.99213,40.71442
1309,-73.99212,40.69722
1310,-73.99212,40.71983
1311,-73.9921,40.69495
1312,-73.9921,40.70168
1313,-73.9921,40.70968
1314,-73.99208,40.69939
1315,-73.99208,40.70977
1316,-73.99206,40.72564
1317,-73.99205,40.69034
1318,-73.99204,40.70958
1319,-73.99203,40.70969
1320,-73.99201,40.71623
1321,-73.99201,40.7491
1322,-73.99199,40.72817
1323,-73.99198,40.71091
1324,-73.99197,40.70959
1325,-73.99192,40.73117
1326,-73.9919,40.7098
1327,-73.99189,40.7149
1328,-73.99187,40.74419
1329,-73.99186,40.70981
1330,-73.99185,40.70972
1331,-73.9918,40.70961
1332,-73.9918,40.71617
1333,-73.9918,40.7385
1334,-73.99179,40.72639
1335,-73.99178,40.70982
1336,-73.99176,40.70005
1337,-73.99175,40.71858
1338,-73.99174,40.69099
1339,-73.99172,40.73521
1340,-73.99168,40.70135
1341,-73.99165,40.7224
1342,-73.99163,40.72462
1343,-73.99162,40.70256
1344,-73.99156,40.74971
1345,-73.99155,40.72709
1346,-73.99153,40.70168
1347,-73.99151,40.72103
1348,-73.99146,40.73174
1349,-73.99145,40.6916
1350,-73.99145,40.70069
1351,-73.99143,40.72985
1352,-73.99142,40.71742
1353,-73.99142,40.7448
1354,-73.99141,40.69778
1355,-73.9914,40.72507
1356,-73.99138,40.73909
1357,-73.99136,40.69701
1358,-73.99136,40.72756
1359,-73.99132,40.7194
1360,-73.99131,40.71602
1361,-73.9913,40.69658
1362,-73.99129,40.70105
1363,-73.99128,40.72776
1364,-73.99128,40.73245
1365,-73.99126,40.72372
1366,-73.99124,40.70167
1367,-73.99124,40.71956
1368,-73.99122,40.69638
1369,-73.99121,40.73589
1370,-73.99118,40.71734
1371,-73.99114,40.69616
1372,-73.99113,40.71467
1373,-73.99111,40.73321
1374,-73.99111,40.75032
1375,-73.99107,40.73004
1376,-73.99106,40.70278
1377,-73.99104,40.72403
1378,-73.99103,40.69985
1379,-73.99102,40.72365
1380,-73.99097,40.69255
1381,-73.99097,40.71835
1382,-73.99097,40.74542
1383,-73.99094,40.73398
1384,-73.99094,40.73967
1385,-73.99093,40.70077
1386,-73.99092,40.72917
1387,-73.99091,40.72218
1388,-73.99087,40.70007
1389,-73.99082,40.72428
1390,-73.99079,40.72835
1391,-73.99075,40.69503
1392,-73.99075,40.73484
1393,-73.99075,40.73653
1394,-73.99073,40.69305
1395,-73.99072,40.71827
1396,-73.99072,40.7299
1397,-73.9907,40.7172
1398,-73.99069,40.68914
1399,-73.99066,40.69456
1400,-73.99064,40.73062
1401,-73.99063,40.72077
1402,-73.99062,40.75099
1403,-73.99056,40.7158
1404,-73.99055,40.70254
1405,-73.99055,40.70277
1406,-73.99053,40.70321
1407,-73.99053,40.71916
1408,-73.99052,40.74026
1409,-73.99052,40.74604
1410,-73.9905,40.73056
1411,-73.99046,40.73085
1412,-73.99045,40.69373
1413,-73.99045,40.77161
1414,-73.99044,40.71932
1415,-73.99039,40.73129
1416,-73.99037,40.70076
1417,-73.99036,40.72893
1418,-73.99034,40.72493
1419,-73.99033,40.73713
1420,-73.99029,40.71908
1421,-73.99027,40.72343
1422,-73.99026,40.68976
1423,-73.99023,40.71812
1424,-73.99023,40.72812
1425,-73.99022,40.7144
1426,-73.99021,40.71924
1427,-73.99021,40.732
1428,-73.9902,40.71405
1429,-73.99017,40.70075
1430,-73.99013,40.71338
1431,-73.99013,40.75166
1432,-73.99012,40.70008
1433,-73.99012,40.7378
1434,-73.9901,40.68971
1435,-73.9901,40.70162
1436,-73.99009,40.69507
1437,-73.99009,40.73039
1438,-73.99007,40.74088
1439,-73.99007,40.74666
1440,-73.99004,40.69612
1441,-73.99004,40.72192
1442,-73.99003,40.69635
1443,-73.99003,40.70075
1444,-73.99003,40.73276
1445,-73.98997,40.71265
1446,-73.98995,40.71697
1447,-73.98995,40.73849
1448,-73.98994,40.71121
1449,-73.98992,40.73535
1450,-73.9899,40.72956
1451,-73.9899,40.73063
1452,-73.9899,40.73444
1453,-73.98987,40.72558
1454,-73.98987,40.73353
1455,-73.98986,40.72053
1456,-73.98985,40.69039
1457,-73.98981,40.69952
1458,-73.98981,40.71894
1459,-73.9898,40.7287
1460,-73.98979,40.71009
1461,-73.98977,40.73918
1462,-73.98975,40.70039
1463,-73.98975,40.71555
1464,-73.98974,40.70057
1465,-73.98973,40.70073
1466,-73.98973,40.71124
1467,-73.98973,40.7191
1468,-73.98969,40.75228
1469,-73.98966,40.69033
1470,-73.98966,40.70051
1471,-73.98965,40.70147
1472,-73.98965,40.72988
1473,-73.98962,40.72046
1474,-73.98962,40.74728
1475,-73.98961,40.70157
1476,-73.98958,40.73986
1477,-73.98958,40.74155
1478,-73.98956,40.7016
1479,-73.9895,40.7004
1480,-73.9895,40.70252
1481,-73.9895,40.70316
1482,-73.98948,40.73013
1483,-73.98947,40.6923
1484,-73.98947,40.71789
1485,-73.98946,40.69104
1486,-73.98946,40.73599
1487,-73.98945,40.70386
1488,-73.98943,40.72619
1489,-73.98939,40.72317
1490,-73.98939,40.74059
1491,-73.98934,40.71413
1492,-73.98932,40.74191
1493,-73.98926,40.69098
1494,-73.98923,40.72168
1495,-73.98917,40.68862
1496,-73.98917,40.74789
1497,-73.98916,40.71671
1498,-73.98916,40.74303
1499,-73.98913,40.74136
1500,-73.98911,40.69215
1501,-73.98911,40.72031
1502,-73.98908,40.6923
1503,-73.98906,40.69242
1504,-73.98905,40.71871
1505,-73.98905,40.73072
1506,-73.98903,40.72161
1507,-73.98902,40.69503
1508,-73.98902,40.73656
1509,-73.98901,40.74232
1510,-73.98901,40.7438
1511,-73.98898,40.70384
1512,-73.98898,40.72679
1513,-73.98897,40.71887
1514,-73.98896,40.6961
1515,-73.98896,40.6963
1516,-73.98893,40.69209
1517,-73.98892,40.69502
1518,-73.98891,40.72991
1519,-73.98889,40.69231
1520,-73.98889,40.69243
1521,-73.98887,40.74453
1522,-73.98884,40.6961
1523,-73.98883,40.69628
1524,-73.98883,40.7007
1525,-73.9888,40.70383
1526,-73.98878,40.73397
1527,-73.98876,40.69502
1528,-73.98876,40.71468
1529,-73.98873,40.74529
1530,-73.98872,40.68925
1531,-73.98871,40.74851
1532,-73.9887,40.6961
1533,-73.9887,40.71418
1534,-73.98868,40.69628
1535,-73.98868,40.7007
1536,-73.98867,40.71765
1537,-73.98866,40.70383
1538,-73.98865,40.70316
1539,-73.98864,40.70134
1540,-73.98864,40.70141
1541,-73.98864,40.72293
1542,-73.98864,40.74281
1543,-73.98863,40.70159
1544,-73.98862,40.69501
1545,-73.98861,40.73132
1546,-73.9886,40.71351
1547,-73.98859,40.74604
1548,-73.98858,40.73715
1549,-73.98857,40.6961
1550,-73.98856,40.69628
1551,-73.98854,40.70382
1552,-73.98854,40.7274
1553,-73.98852,40.72146
1554,-73.9885,40.70249
1555,-73.98848,40.71277
1556,-73.98845,40.72328
1557,-73.98845,40.74679
1558,-73.98844,40.70382
1559,-73.9884,40.71189
1560,-73.98837,40.71645
1561,-73.98835,40.72008
1562,-73.98834,40.70382
1563,-73.98831,40.71138
1564,-73.9883,40.68987
1565,-73.9883,40.74753
1566,-73.98829,40.73466
1567,-73.98827,40.74915
1568,-73.98825,40.71846
1569,-73.98823,40.69181
1570,-73.9882,40.69227
1571,-73.98819,40.74345
1572,-73.98818,40.74829
1573,-73.98817,40.71861
1574,-73.98816,40.73773
1575,-73.98815,40.69331
1576,-73.98815,40.73196
1577,-73.98812,40.72799
1578,-73.98807,40.70247
1579,-73.98805,40.70009
1580,-73.98804,40.74902
1581,-73.98798,40.74087
1582,-73.98797,40.72394
1583,-73.98797,40.74949
1584,-73.98794,40.74985
1585,-73.98793,40.70247
1586,-73.98789,40.69047
1587,-73.98788,40.71741
1588,-73.98786,40.7227
1589,-73.98782,40.73529
1590,-73.9878,40.70246
1591,-73.98779,40.69998
1592,-73.98778,40.70008
1593,-73.98778,40.74977
1594,-73.98778,40.75066
1595,-73.98777,40.70022
1596,-73.98777,40.72123
1597,-73.98775,40.74407
1598,-73.98774,40.70066
1599,-73.98773,40.73832
1600,-73.98771,40.70119
1601,-73.98771,40.70127
1602,-73.98769,40.70156
1603,-73.98768,40.70174
1604,-73.98768,40.7326
1605,-73.98767,40.72859
1606,-73.98766,40.702
1607,-73.98765,40.70218
1608,-73.98765,40.70264
1609,-73.98764,40.75142
1610,-73.98763,40.70246
1611,-73.98762,40.77042
1612,-73.98761,40.70314
1613,-73.98757,40.70156
1614,-73.98755,40.70379
1615,-73.98754,40.7162
1616,-73.98754,40.71983
1617,-73.98753,40.74153
1618,-73.98752,40.70458
1619,-73.98751,40.70446
1620,-73.98751,40.71807
1621,-73.9875,40.72458
1622,-73.98743,40.70155
1623,-73.98743,40.71821
1624,-73.98739,40.73588
1625,-73.98738,40.70121
1626,-73.98736,40.71837
1627,-73.98736,40.73001
1628,-73.98735,40.69146
1629,-73.98734,40.70113
1630,-73.9873,40.69223
1631,-73.9873,40.70155
1632,-73.9873,40.7389
1633,-73.9873,40.74468
1634,-73.98729,40.75045
1635,-73.98725,40.69312
1636,-73.98724,40.70064
1637,-73.98724,40.70119
1638,-73.98724,40.72919
1639,-73.98718,40.73329
1640,-73.98717,40.70111
1641,-73.98716,40.69496
1642,-73.98716,40.71431
1643,-73.98714,40.72247
1644,-73.98711,40.69602
1645,-73.98711,40.71794
1646,-73.9871,40.69016
1647,-73.9871,40.69622
1648,-73.98708,40.70117
1649,-73.98706,40.69684
1650,-73.98706,40.71364
1651,-73.98706,40.74214
1652,-73.98705,40.70063
1653,-73.98705,40.7252
1654,-73.98704,40.69728
1655,-73.98704,40.71716
1656,-73.98703,40.70108
1657,-73.98703,40.72268
1658,-73.98702,40.69768
1659,-73.987,40.68777
1660,-73.98697,40.6985
1661,-73.98696,40.70019
1662,-73.98696,40.73647
1663,-73.98695,40.72098
1664,-73.98693,40.7129
1665,-73.9869,40.69922
1666,-73.98689,40.70008
1667,-73.98688,40.70062
1668,-73.98685,40.73952
1669,-73.98685,40.7453
1670,-73.98685,40.75108
1671,-73.98684,40.73794
1672,-73.98681,40.69996
1673,-73.98681,40.72978
1674,-73.9868,40.70021
1675,-73.9868,40.70062
1676,-73.98679,40.70102
1677,-73.98678,40.70112
1678,-73.98676,40.70012
1679,-73.98675,40.70153
1680,-73.98675,40.71959
1681,-73.98674,40.71154
1682,-73.98672,40.71595
1683,-73.9867,40.71781
1684,-73.98669,40.70242
1685,-73.98668,40.70021
1686,-73.98668,40.73398
1687,-73.98666,40.69994
1688,-73.98666,40.70017
1689,-73.98665,40.7031
1690,-73.98663,40.71793
1691,-73.98662,40.71046
1692,-73.98662,40.7258
1693,-73.98661,40.70376
1694,-73.9866,40.70062
1695,-73.9866,40.74277
1696,-73.98657,40.68841
1697,-73.98657,40.70021
1698,-73.98656,40.70443
1699,-73.98656,40.7046
1700,-73.98654,40.73705
1701,-73.98652,40.69993
1702,-73.9865,40.71814
1703,-73.98646,40.6911
1704,-73.98643,40.70021
1705,-73.98642,40.73854
1706,-73.98641,40.69993
1707,-73.98639,40.74592
1708,-73.98638,40.73038
1709,-73.98637,40.74019
1710,-73.98633,40.69105
1711,-73.98631,40.71781
1712,-73.98628,40.69992
1713,-73.98628,40.72224
1714,-73.98627,40.6922
1715,-73.98624,40.69913
1716,-73.98623,40.69309
1717,-73.98622,40.72234
1718,-73.98621,40.69958
1719,-73.98621,40.73462
1720,-73.9862,40.7169
1721,-73.98618,40.72641
1722,-73.98616,40.68902
1723,-73.98616,40.71763
1724,-73.98616,40.72075
1725,-73.98615,40.74339
1726,-73.98612,40.73764
1727,-73.986,40.69765
1728,-73.98595,40.74654
1729,-73.98591,40.71934
1730,-73.98591,40.73102
1731,-73.98589,40.69916
1732,-73.98588,40.74085
1733,-73.98587,40.7157
1734,-73.98587,40.71752
1735,-73.985830000000007,40.7176
1736,-73.98579,40.7352
1737,-73.98575,40.72301
1738,-73.98575,40.72699
1739,-73.98574,40.68963
1740,-73.9857,40.74401
1741,-73.98569,40.71786
1742,-73.98568,40.73822
1743,-73.98563,40.70059
1744,-73.9856,40.69794
1745,-73.98559,40.69845
1746,-73.98555,40.75797
1747,-73.98552,40.72198
1748,-73.9855,40.69805
1749,-73.9855,40.74715
1750,-73.98544,40.70059
1751,-73.98544,40.73166
1752,-73.98543,40.74147
1753,-73.9854,40.69763
1754,-73.98539,40.73733
1755,-73.98538,40.69844
1756,-73.98536,40.69067
1757,-73.98536,40.73579
1758,-73.98534,40.71446
1759,-73.98532,40.71663
1760,-73.98532,40.72049
1761,-73.98531,40.7276
1762,-73.98529,40.72365
1763,-73.98528,40.69216
1764,-73.98526,40.70034
1765,-73.98524,40.69304
1766,-73.98524,40.73337
1767,-73.98524,40.74463
1768,-73.98523,40.73884
1769,-73.9852,40.69722
1770,-73.98519,40.6985
1771,-73.98518,40.69763
1772,-73.98514,40.69489
1773,-73.98511,40.69056
1774,-73.98511,40.71379
1775,-73.98508,40.69596
1776,-73.98507,40.71908
1777,-73.98506,40.71308
1778,-73.98505,40.74777
1779,-73.98504,40.69844
1780,-73.98501,40.71544
1781,-73.985,40.69677
1782,-73.98498,40.73793
1783,-73.98498,40.74209
1784,-73.98496,40.69762
1785,-73.98496,40.69844
1786,-73.98495,40.71236
1787,-73.98494,40.73235
1788,-73.98493,40.73638
1789,-73.98488,40.72819
1790,-73.98486,40.71171
1791,-73.98485,40.69989
1792,-73.98484,40.71767
1793,-73.98484,40.72427
1794,-73.98481,40.69985
1795,-73.98479,40.74524
1796,-73.98478,40.71123
1797,-73.98477,40.73401
1798,-73.98477,40.76922
1799,-73.98476,40.70144
1800,-73.98475,40.73951
1801,-73.98473,40.69613
1802,-73.98471,40.69986
1803,-73.98471,40.71451
1804,-73.9847,40.68923
1805,-73.9847,40.70235
1806,-73.9847,40.7107
1807,-73.98469,40.69984
1808,-73.98468,40.71061
1809,-73.98468,40.72173
1810,-73.98467,40.71051
1811,-73.98466,40.70303
1812,-73.98466,40.71046
1813,-73.98462,40.70369
1814,-73.98461,40.69594
1815,-73.98458,40.69984
1816,-73.98458,40.70435
1817,-73.98456,40.74844
1818,-73.98454,40.71639
1819,-73.98453,40.69931
1820,-73.98453,40.74271
1821,-73.98451,40.69613
1822,-73.98451,40.73696
1823,-73.98448,40.72024
1824,-73.98445,40.72878
1825,-73.98444,40.73303
1826,-73.98443,40.69029
1827,-73.98442,40.69594
1828,-73.9844,40.72486
1829,-73.98435,40.7346
1830,-73.98434,40.69212
1831,-73.98434,40.74586
1832,-73.98429,40.69304
1833,-73.98427,40.69357
1834,-73.98426,40.71521
1835,-73.98426,40.74017
1836,-73.98423,40.71696
1837,-73.98423,40.71883
1838,-73.9842,40.69485
1839,-73.98418,40.69544
1840,-73.98417,40.71707
1841,-73.98414,40.69593
1842,-73.98414,40.71713
1843,-73.98413,40.69612
1844,-73.98408,40.73755
1845,-73.98408,40.74333
1846,-73.98408,40.7491
1847,-73.98407,40.69014
1848,-73.98407,40.71726
1849,-73.98404,40.69758
1850,-73.98404,40.71733
1851,-73.98403,40.69485
1852,-73.98401,40.72938
1853,-73.984,40.7139
1854,-73.98399,40.69841
1855,-73.98399,40.71741
1856,-73.98396,40.72547
1857,-73.98391,40.7113
1858,-73.9839,40.74648
1859,-73.98388,40.7132
1860,-73.98385,40.71954
1861,-73.98384,40.71078
1862,-73.98383,40.69484
1863,-73.98382,40.72147
1864,-73.98381,40.74079
1865,-73.98377,40.71249
1866,-73.98374,40.69372
1867,-73.98373,40.6991
1868,-73.98365,40.7327
1869,-73.98364,40.71998
1870,-73.98363,40.73817
1871,-73.98363,40.74394
1872,-73.98362,40.71133
1873,-73.98362,40.71611
1874,-73.98362,40.74972
1875,-73.98361,40.69359
1876,-73.98355,40.73426
1877,-73.98354,40.72605
1878,-73.98354,40.73002
1879,-73.98351,40.68992
1880,-73.98344,40.72202
1881,-73.98344,40.7471
1882,-73.98343,40.69369
1883,-73.9834,40.69209
1884,-73.9834,40.69393
1885,-73.9834,40.71857
1886,-73.98339,40.693600000000004
1887,-73.98338,40.69858
1888,-73.98336,40.69299
1889,-73.98336,40.74141
1890,-73.98334,40.71493
1891,-73.98332,40.71134
1892,-73.98332,40.71667
1893,-73.98327,40.71679
1894,-73.98326,40.69368
1895,-73.98326,40.69481
1896,-73.98326,40.71082
1897,-73.98324,40.71686
1898,-73.98322,40.693600000000004
1899,-73.98321,40.69592
1900,-73.98319,40.6961
1901,-73.98319,40.71699
1902,-73.98318,40.73334
1903,-73.98318,40.74456
1904,-73.98317,40.75034
1905,-73.98316,40.71706
1906,-73.98315,40.69838
1907,-73.98315,40.73883
1908,-73.98312,40.69754
1909,-73.98312,40.71462
1910,-73.98312,40.73485
1911,-73.9831,40.71718
1912,-73.98309,40.72667
1913,-73.98308,40.73066
1914,-73.98306,40.69829
1915,-73.98305,40.69838
1916,-73.98304,40.69286
1917,-73.983,40.71484
1918,-73.983,40.72122
1919,-73.98296,40.69366
1920,-73.98296,40.72267
1921,-73.98296,40.74776
1922,-73.98293,40.69977
1923,-73.98291,40.74203
1924,-73.98285,40.70136
1925,-73.98285,40.71588
1926,-73.98281,40.70229
1927,-73.9828,40.71972
1928,-73.98275,40.73392
1929,-73.98274,40.70297
1930,-73.98273,40.74518
1931,-73.98272,40.75096
1932,-73.9827,40.73543
1933,-73.98268,40.69056
1934,-73.98266,40.68998
1935,-73.98266,40.72726
1936,-73.98266,40.7395
1937,-73.98265,40.69206
1938,-73.98265,40.70362
1939,-73.98256,40.70428
1940,-73.98256,40.73136
1941,-73.98255,40.71645
1942,-73.98252,40.72328
1943,-73.98251,40.69361
1944,-73.9825,40.71656
1945,-73.98248,40.69423
1946,-73.98248,40.71829
1947,-73.98247,40.74843
1948,-73.98246,40.71662
1949,-73.98246,40.74265
1950,-73.98245,40.69205
1951,-73.98245,40.6948
1952,-73.98245,40.7147
1953,-73.98241,40.69588
1954,-73.9824,40.69297
1955,-73.9824,40.69606
1956,-73.98239,40.71676
1957,-73.98236,40.71682
1958,-73.98231,40.69751
1959,-73.98229,40.71698
1960,-73.98228,40.7458
1961,-73.98228,40.75158
1962,-73.98227,40.73602
1963,-73.98223,40.72785
1964,-73.98221,40.74012
1965,-73.98219,40.6975
1966,-73.98217,40.69118
1967,-73.98217,40.69587
1968,-73.98217,40.72097
1969,-73.98215,40.76773
1970,-73.98208,40.69129
1971,-73.98208,40.6975
1972,-73.98208,40.72388
1973,-73.98204,40.71042
1974,-73.98202,40.73201
1975,-73.98202,40.74905
1976,-73.98201,40.74326
1977,-73.98193,40.69724
1978,-73.98193,40.71946
1979,-73.98191,40.6942
1980,-73.98187,40.69478
1981,-73.98184,40.7366
1982,-73.98183,40.74642
1983,-73.98182,40.7522
1984,-73.98179,40.69164
1985,-73.98179,40.72845
1986,-73.98178,40.71072
1987,-73.98176,40.74073
1988,-73.98174,40.69202
1989,-73.98172,40.71618
1990,-73.98171,40.69297
1991,-73.98171,40.69358
1992,-73.98171,40.71818
1993,-73.98166,40.71631
1994,-73.98165,40.71446
1995,-73.98164,40.72449
1996,-73.98163,40.76773
1997,-73.98162,40.71637
1998,-73.98157,40.68994
1999,-73.98157,40.74967
2000,-73.98156,40.73264
2001,-73.98156,40.74388
2002,-73.98155,40.7165
2003,-73.98153,40.71813
2004,-73.98152,40.71655
2005,-73.98149,40.69201
2006,-73.98144,40.71672
2007,-73.98144,40.72363
2008,-73.98139,40.69583
2009,-73.98139,40.73722
2010,-73.98137,40.75281
2011,-73.98136,40.68993
2012,-73.98136,40.74715
2013,-73.98132,40.69693
2014,-73.98132,40.72909
2015,-73.98131,40.72071
2016,-73.98131,40.74135
2017,-73.98124,40.71711
2018,-73.98121,40.69626
2019,-73.98121,40.72507
2020,-73.98117,40.70223
2021,-73.98117,40.71538
2022,-73.98116,40.69549
2023,-73.98113,40.73324
2024,-73.98112,40.70291
2025,-73.98112,40.75028
2026,-73.98111,40.69591
2027,-73.98111,40.70306
2028,-73.98111,40.7445
2029,-73.98109,40.72102
2030,-73.98107,40.68894
2031,-73.98107,40.70357
2032,-73.98102,40.70423
2033,-73.98098,40.69356
2034,-73.98098,40.7048
2035,-73.980950000000007,40.69403
2036,-73.98094,40.69417
2037,-73.98092,40.69658
2038,-73.98092,40.71426
2039,-73.98091,40.73789
2040,-73.98089,40.75348
2041,-73.98088,40.71592
2042,-73.98087,40.68887
2043,-73.98086,40.729730000000004
2044,-73.98086,40.74197
2045,-73.98085,40.69667
2046,-73.98085,40.71356
2047,-73.98085,40.74775
2048,-73.98081,40.71605
2049,-73.98078,40.71612
2050,-73.98077,40.72569
2051,-73.98073,40.69467
2052,-73.98073,40.70127
2053,-73.98071,40.71221
2054,-73.98071,40.73381
2055,-73.9807,40.70263
2056,-73.9807,40.71626
2057,-73.98067,40.70305
2058,-73.98067,40.7163
2059,-73.98067,40.7509
2060,-73.98066,40.74512
2061,-73.98064,40.69648
2062,-73.98062,40.71153
2063,-73.98061,40.72168
2064,-73.98058,40.71646
2065,-73.98054,40.69825
2066,-73.98052,40.69744
2067,-73.98046,40.6997
2068,-73.98042,40.73855
2069,-73.98041,40.74259
2070,-73.9804,40.74837
2071,-73.98039,40.69651
2072,-73.98038,40.6964
2073,-73.98037,40.694
2074,-73.98037,40.69626
2075,-73.98037,40.71899
2076,-73.98036,40.69618
2077,-73.98034,40.73045
2078,-73.98033,40.72628
2079,-73.98028,40.73441
2080,-73.98026,40.69563
2081,-73.98022,40.70306
2082,-73.98022,40.75152
2083,-73.98021,40.74573
2084,-73.98017,40.72228
2085,-73.98014,40.69468
2086,-73.98011,40.69352
2087,-73.98011,40.70304
2088,-73.98008,40.69096
2089,-73.98004,40.71565
2090,-73.97999,40.71754
2091,-73.97997,40.71759
2092,-73.97997,40.73917
2093,-73.97996,40.71397
2094,-73.97996,40.74321
2095,-73.97995,40.74898
2096,-73.97994,40.69971
2097,-73.97994,40.70005
2098,-73.97991,40.72687
2099,-73.97987,40.70174
2100,-73.97986,40.73497
2101,-73.97984,40.68734
2102,-73.97977,40.75214
2103,-73.97974,40.70229
2104,-73.97974,40.72024
2105,-73.97973,40.72289
2106,-73.97972,40.7464
2107,-73.97964,40.6963
2108,-73.9796,40.70418
2109,-73.97954,40.69617
2110,-73.97952,40.73978
2111,-73.97951,40.68986
2112,-73.97951,40.74382
2113,-73.9795,40.71489
2114,-73.9795,40.7496
2115,-73.97947,40.72747
2116,-73.97942,40.71867
2117,-73.97941,40.69537
2118,-73.9794,40.7173
2119,-73.97935,40.73555
2120,-73.97933,40.70475
2121,-73.97929,40.71376
2122,-73.97929,40.7528
2123,-73.97928,40.7235
2124,-73.97924,40.74707
2125,-73.97922,40.7154
2126,-73.97919,40.69477
2127,-73.97917,40.69349
2128,-73.97917,40.7053
2129,-73.97913,40.71555
2130,-73.9791,40.71561
2131,-73.97908,40.74039
2132,-73.97908,40.76688
2133,-73.97906,40.74444
2134,-73.97906,40.75022
2135,-73.97902,40.71575
2136,-73.979,40.72811
2137,-73.97899,40.7158
2138,-73.97896,40.70216
2139,-73.97895,40.69192
2140,-73.97891,40.71595
2141,-73.97891,40.73616
2142,-73.9789,40.70062
2143,-73.97886,40.72408
2144,-73.97879,40.74768
2145,-73.97875,40.71993
2146,-73.97872,40.71998
2147,-73.97862,40.68983
2148,-73.97862,40.74103
2149,-73.97861,40.74506
2150,-73.97861,40.75084
2151,-73.97857,40.69964
2152,-73.97854,40.72875
2153,-73.9785,40.73679
2154,-73.97841,40.72469
2155,-73.97838,40.71515
2156,-73.97835,40.68787
2157,-73.97834,40.7483
2158,-73.97833,40.69616
2159,-73.97833,40.70458
2160,-73.97829,40.7153
2161,-73.97827,40.6852
2162,-73.97825,40.71536
2163,-73.97823,40.72067
2164,-73.97821,40.68682
2165,-73.97819,40.73923
2166,-73.97818,40.71549
2167,-73.97817,40.69538
2168,-73.97817,40.74164
2169,-73.97816,40.75146
2170,-73.97815,40.71554
2171,-73.97814,40.69993
2172,-73.97812,40.74573
2173,-73.97809,40.69462
2174,-73.97808,40.71569
2175,-73.97805,40.73755
2176,-73.97803,40.71964
2177,-73.978,40.72943
2178,-73.97799,40.69426
2179,-73.97798,40.72529
2180,-73.97792,40.71565
2181,-73.97789,40.68508
2182,-73.97789,40.74892
2183,-73.97787,40.69366
2184,-73.97783,40.69344
2185,-73.97782,40.70134
2186,-73.97781,40.7124
2187,-73.97779,40.72128
2188,-73.97778,40.70014
2189,-73.97772,40.6989
2190,-73.97772,40.73404
2191,-73.97768,40.75212
2192,-73.97767,40.74226
2193,-73.97764,40.74639
2194,-73.9776,40.73817
2195,-73.97759,40.71325
2196,-73.97758,40.70312
2197,-73.97756,40.71485
2198,-73.97754,40.72588
2199,-73.97753,40.69812
2200,-73.97752,40.7523
2201,-73.97748,40.70157
2202,-73.97746,40.71505
2203,-73.97744,40.70035
2204,-73.97744,40.74954
2205,-73.97743,40.71511
2206,-73.97739,40.69642
2207,-73.97737,40.71524
2208,-73.97736,40.7454
2209,-73.97735,40.72189
2210,-73.97734,40.70166
2211,-73.97734,40.71529
2212,-73.97731,40.6961
2213,-73.97731,40.69915
2214,-73.97727,40.7042
2215,-73.97724,40.71549
2216,-73.97722,40.71931
2217,-73.97721,40.74285
2218,-73.97719,40.74701
2219,-73.97715,40.70292
2220,-73.97715,40.7388
2221,-73.97709,40.72646
2222,-73.97702,40.70062
2223,-73.97701,40.69938
2224,-73.97699,40.75016
2225,-73.97698,40.69433
2226,-73.9769,40.69392
2227,-73.97689,40.7225
2228,-73.97688,40.72806
2229,-73.97686,40.71462
2230,-73.97679,40.69809
2231,-73.97679,40.74604
2232,-73.97676,40.74347
2233,-73.97674,40.71483
2234,-73.97674,40.71921
2235,-73.97674,40.74763
2236,-73.97669,40.71489
2237,-73.97665,40.71481
2238,-73.97664,40.69961
2239,-73.97664,40.70084
2240,-73.97664,40.72709
2241,-73.97662,40.71486
2242,-73.97661,40.715
2243,-73.97659,40.71505
2244,-73.97655,40.71478
2245,-73.97655,40.71498
2246,-73.97654,40.75077
2247,-73.97652,40.71503
2248,-73.97651,40.71483
2249,-73.97648,40.72308
2250,-73.97646,40.7153
2251,-73.97645,40.70221
2252,-73.97645,40.71495
2253,-73.97644,40.69637
2254,-73.97643,40.71475
2255,-73.97643,40.715
2256,-73.97642,40.69627
2257,-73.9764,40.69617
2258,-73.9764,40.7148
2259,-73.97638,40.696040000000004
2260,-73.97636,40.71913
2261,-73.97635,40.74409
2262,-73.97634,40.71492
2263,-73.97632,40.71497
2264,-73.97632,40.74664
2265,-73.9763,40.70054
2266,-73.97629,40.74824
2267,-73.97625,40.74003
2268,-73.97623,40.76567
2269,-73.97621,40.68703
2270,-73.97621,40.72533
2271,-73.97619,40.69982
2272,-73.97618,40.72775
2273,-73.97615,40.74017
2274,-73.97605,40.69441
2275,-73.97605,40.75144
2276,-73.97603,40.72369
2277,-73.976,40.74731
2278,-73.97594,40.69386
2279,-73.97588,40.70013
2280,-73.97588,40.74478
2281,-73.97586,40.74726
2282,-73.97585,40.69336
2283,-73.97585,40.71615
2284,-73.97584,40.74886
2285,-73.97582,40.70025
2286,-73.9758,40.74064
2287,-73.97578,40.69805
2288,-73.97578,40.72592
2289,-73.97572,40.7164
2290,-73.9757,40.72847
2291,-73.9756,40.71637
2292,-73.9756,40.72428
2293,-73.97558,40.74693
2294,-73.97556,40.75212
2295,-73.97555,40.69921
2296,-73.97549,40.69631
2297,-73.97545,40.71895
2298,-73.97542,40.733
2299,-73.97542,40.74788
2300,-73.97539,40.74544
2301,-73.97538,40.74948
2302,-73.97537,40.73872
2303,-73.97534,40.72654
2304,-73.97534,40.74127
2305,-73.97533,40.71771
2306,-73.97524,40.72916
2307,-73.97522,40.7445
2308,-73.97516,40.72488
2309,-73.97514,40.73539
2310,-73.97512,40.71875
2311,-73.97511,40.69802
2312,-73.97509,40.71898
2313,-73.975,40.71875
2314,-73.97497,40.7485
2315,-73.97496,40.71896
2316,-73.97496,40.72005
2317,-73.97496,40.73537
2318,-73.97494,40.74608
2319,-73.97494,40.7501
2320,-73.97491,40.73598
2321,-73.97489,40.73699
2322,-73.97488,40.73508
2323,-73.97487,40.71878
2324,-73.97487,40.73421
2325,-73.97485,40.7189
2326,-73.97483,40.69823
2327,-73.97483,40.73538
2328,-73.97481,40.74626
2329,-73.9748,40.73597
2330,-73.97479,40.698
2331,-73.97479,40.73525
2332,-73.97478,40.72979
2333,-73.97476,40.7216
2334,-73.97475,40.73543
2335,-73.97475,40.74517
2336,-73.97474,40.71884
2337,-73.97473,40.72547
2338,-73.97471,40.74598
2339,-73.97467,40.72133
2340,-73.97467,40.7354
2341,-73.97467,40.74645
2342,-73.97462,40.69838
2343,-73.97462,40.74652
2344,-73.97457,40.72125
2345,-73.97452,40.74912
2346,-73.9745,40.74668
2347,-73.97449,40.73262
2348,-73.97448,40.69631
2349,-73.97448,40.73719
2350,-73.97445,40.75077
2351,-73.97439,40.73769
2352,-73.97433,40.74581
2353,-73.97432,40.73763
2354,-73.97427,40.72611
2355,-73.97425,40.74587
2356,-73.97407,40.73994
2357,-73.97407,40.74974
2358,-73.97404,40.73817
2359,-73.97404,40.74581
2360,-73.97404,40.7473
2361,-73.97401,40.74309
2362,-73.97399,40.73097
2363,-73.97398,40.7459
2364,-73.97397,40.73114
2365,-73.97396,40.75144
2366,-73.97393,40.74588
2367,-73.97389,40.7462
2368,-73.97386,40.69329
2369,-73.97383,40.73828
2370,-73.9738,40.72675
2371,-73.97378,40.69796
2372,-73.97378,40.7312
2373,-73.97376,40.74614
2374,-73.97372,40.73802
2375,-73.97364,40.74631
2376,-73.97363,40.73124
2377,-73.97359,40.74792
2378,-73.97354,40.69171
2379,-73.97351,40.74378
2380,-73.97351,40.74565
2381,-73.97348,40.69625
2382,-73.97348,40.73902
2383,-73.97347,40.69614
2384,-73.97346,40.69605
2385,-73.97345,40.69595
2386,-73.97342,40.70555
2387,-73.97335,40.7456
2388,-73.97331,40.69794
2389,-73.97331,40.69812
2390,-73.9733,40.72743
2391,-73.97327,40.69884
2392,-73.9732,40.69925
2393,-73.97319,40.74694
2394,-73.97315,40.74034
2395,-73.97314,40.74854
2396,-73.97313,40.68962
2397,-73.97312,40.68578
2398,-73.97309,40.70687
2399,-73.97308,40.7406
2400,-73.97306,40.72907
2401,-73.97304,40.73903
2402,-73.97303,40.74445
2403,-73.973,40.72475
2404,-73.97298,40.73958
2405,-73.97291,40.69325
2406,-73.97288,40.72636
2407,-73.97288,40.74083
2408,-73.9728,40.69792
2409,-73.97274,40.74756
2410,-73.97272,40.73978
2411,-73.97269,40.74916
2412,-73.97265,40.69959
2413,-73.97258,40.74507
2414,-73.97255,40.69168
2415,-73.97247,40.69621
2416,-73.97245,40.69611
2417,-73.97245,40.74582
2418,-73.97244,40.67716
2419,-73.97243,40.696
2420,-73.97241,40.6959
2421,-73.9724,40.72988
2422,-73.9724,40.74185
2423,-73.97228,40.74818
2424,-73.97223,40.74325
2425,-73.9722,40.72787
2426,-73.9722,40.74982
2427,-73.97214,40.68958
2428,-73.97213,40.74568
2429,-73.97211,40.74321
2430,-73.97206,40.74319
2431,-73.97205,40.72688
2432,-73.97194,40.74593
2433,-73.97187,40.69321
2434,-73.97178,40.69788
2435,-73.97173,40.68753
2436,-73.97172,40.69805
2437,-73.97171,40.75049
2438,-73.97168,40.7439
2439,-73.97166,40.7463
2440,-73.97165,40.69879
2441,-73.97165,40.72813
2442,-73.97162,40.74387
2443,-73.9716,40.69917
2444,-73.97156,40.69164
2445,-73.97153,40.69956
2446,-73.97146,40.69619
2447,-73.97145,40.74426
2448,-73.97144,40.69607
2449,-73.97144,40.74415
2450,-73.97143,40.68606
2451,-73.97142,40.69596
2452,-73.97142,40.74619
2453,-73.9714,40.69585
2454,-73.97137,40.74456
2455,-73.97132,40.74791
2456,-73.9713,40.74425
2457,-73.97123,40.74692
2458,-73.97122,40.68502
2459,-73.9712,40.7461
2460,-73.97116,40.74447
2461,-73.97114,40.68954
2462,-73.97101,40.74454
2463,-73.97094,40.74841
2464,-73.97093,40.74518
2465,-73.97086,40.69317
2466,-73.97078,40.74754
2467,-73.97076,40.68764
2468,-73.97076,40.69784
2469,-73.97076,40.70397
2470,-73.97074,40.70483
2471,-73.97064,40.68241
2472,-73.97057,40.70756
2473,-73.97055,40.6916
2474,-73.97053,40.74824
2475,-73.9705,40.69914
2476,-73.97047,40.68617
2477,-73.97043,40.69614
2478,-73.97042,40.74577
2479,-73.97041,40.696040000000004
2480,-73.97041,40.74907
2481,-73.97038,40.69587
2482,-73.97037,40.69583
2483,-73.97037,40.7481
2484,-73.97019,40.74811
2485,-73.97017,40.6846
2486,-73.97013,40.68951
2487,-73.96999,40.74887
2488,-73.96995,40.67453
2489,-73.96995,40.74975
2490,-73.9699,40.74883
2491,-73.96987,40.74798
2492,-73.96985,40.7488
2493,-73.96983,40.69313
2494,-73.96979,40.74877
2495,-73.96978,40.68223
2496,-73.96978,40.68775
2497,-73.96975,40.74883
2498,-73.96974,40.74965
2499,-73.96973,40.6978
2500,-73.96971,40.69912
2501,-73.96969,40.6995
2502,-73.96969,40.74873
2503,-73.96967,40.74879
2504,-73.96964,40.74787
2505,-73.96964,40.74916
2506,-73.96962,40.74619
2507,-73.96954,40.74921
2508,-73.96952,40.69156
2509,-73.96952,40.74912
2510,-73.96949,40.68629
2511,-73.9694,40.69609
2512,-73.9694,40.74674
2513,-73.96938,40.696
2514,-73.96936,40.69587
2515,-73.96934,40.69577
2516,-73.96918,40.70694
2517,-73.9691,40.68947
2518,-73.96906,40.68416
2519,-73.96881,40.69312
2520,-73.9688,40.74751
2521,-73.96878,40.68787
2522,-73.96874,40.69776
2523,-73.96871,40.71215
2524,-73.96866,40.682
2525,-73.96865,40.74745
2526,-73.96858,40.74775
2527,-73.96853,40.69946
2528,-73.96852,40.71005
2529,-73.96852,40.71082
2530,-73.96849,40.6864
2531,-73.96849,40.69154
2532,-73.96849,40.74787
2533,-73.96844,40.74769
2534,-73.96842,40.70776
2535,-73.96841,40.69605
2536,-73.96839,40.70683
2537,-73.96837,40.71413
2538,-73.96837,40.74765
2539,-73.96835,40.74781
2540,-73.96834,40.69573
2541,-73.96832,40.7128
2542,-73.9683,40.74762
2543,-73.96826,40.74778
2544,-73.96823,40.70236
2545,-73.96819,40.74776
2546,-73.96817,40.74802
2547,-73.96808,40.68945
2548,-73.96803,40.71192
2549,-73.968,40.71511
2550,-73.96796,40.68373
2551,-73.96796,40.70258
2552,-73.96795,40.70573
2553,-73.9679,40.71222
2554,-73.96788,40.71226
2555,-73.96784,40.69323
2556,-73.96784,40.71235
2557,-73.96782,40.7124
2558,-73.96779,40.68798
2559,-73.96778,40.75163
2560,-73.96773,40.69772
2561,-73.96773,40.69795
2562,-73.96773,40.7126
2563,-73.96769,40.70286
2564,-73.96766,40.69905
2565,-73.96766,40.71072
2566,-73.96762,40.70496
2567,-73.96761,40.69943
2568,-73.96758,40.7165
2569,-73.96755,40.69794
2570,-73.96753,40.69164
2571,-73.96749,40.68652
2572,-73.96748,40.68175
2573,-73.96748,40.70229
2574,-73.96744,40.70225
2575,-73.96742,40.69603
2576,-73.96742,40.70299
2577,-73.96742,40.7133
2578,-73.9674,40.69592
2579,-73.96738,40.70764
2580,-73.96737,40.69577
2581,-73.96735,40.69569
2582,-73.96729,40.707
2583,-73.96726,40.69793
2584,-73.96724,40.70835
2585,-73.96723,40.71165
2586,-73.96721,40.70426
2587,-73.96714,40.71393
2588,-73.96712,40.68956
2589,-73.96712,40.69792
2590,-73.9671,40.70905
2591,-73.96706,40.69903
2592,-73.96702,40.70628
2593,-73.96697,40.71208
2594,-73.96695,40.70986
2595,-73.96689,40.68348
2596,-73.96688,40.69334
2597,-73.96682,40.68809
2598,-73.96678,40.71063
2599,-73.96678,40.71473
2600,-73.96674,40.69767
2601,-73.96673,40.70552
2602,-73.96671,40.75321
2603,-73.96667,40.71774
2604,-73.96664,40.71637
2605,-73.96661,40.75317
2606,-73.96657,40.69176
2607,-73.96654,40.68156
2608,-73.96654,40.7037
2609,-73.96653,40.68663
2610,-73.96645,40.71138
2611,-73.96642,40.696
2612,-73.96642,40.71553
2613,-73.9664,40.69588
2614,-73.96637,40.69573
2615,-73.96636,40.69564
2616,-73.96632,40.70483
2617,-73.966309999999993,40.71169
2618,-73.96627,40.71178
2619,-73.96625,40.699
2620,-73.96623,40.69792
2621,-73.96623,40.71186
2622,-73.96614,40.68967
2623,-73.96614,40.71206
2624,-73.96613,40.71833
2625,-73.9661,40.71621
2626,-73.96606,40.70749
2627,-73.96594,40.7082
2628,-73.96593,40.70724
2629,-73.96591,40.69343
2630,-73.96588,40.70316
2631,-73.96586,40.68327
2632,-73.96582,40.68821
2633,-73.9658,40.7089
2634,-73.9658,40.71314
2635,-73.96578,40.71286
2636,-73.96577,40.69764
2637,-73.96573,40.71725
2638,-73.96569,40.70426
2639,-73.96567,40.71311
2640,-73.96566,40.70167
2641,-73.96564,40.70972
2642,-73.9656,40.69187
2643,-73.96557,40.71895
2644,-73.96553,40.68674
2645,-73.9655,40.71348
2646,-73.96549,40.68134
2647,-73.96549,40.71048
2648,-73.96544,40.69598
2649,-73.96543,40.69584
2650,-73.96542,40.69563
2651,-73.96542,40.69571
2652,-73.96537,40.71101
2653,-73.96526,40.71702
2654,-73.9652,40.70262
2655,-73.9652,40.71779
2656,-73.96519,40.68978
2657,-73.96517,40.71133
2658,-73.96514,40.71429
2659,-73.96512,40.71143
2660,-73.96509,40.70563
2661,-73.96506,40.70369
2662,-73.96505,40.71153
2663,-73.96504,40.69588
2664,-73.96498,40.69352
2665,-73.96496,40.71168
2666,-73.96492,40.69577
2667,-73.96488,40.69771
2668,-73.96485,40.70745
2669,-73.9648,40.71505
2670,-73.96478,40.68304
2671,-73.96473,40.71752
2672,-73.96468,40.69198
2673,-73.96462,40.71838
2674,-73.96455,40.69611
2675,-73.96453,40.696040000000004
2676,-73.96452,40.70208
2677,-73.96451,40.69593
2678,-73.9645,40.69585
2679,-73.96448,40.69574
2680,-73.96447,40.69567
2681,-73.96447,40.71573
2682,-73.96446,40.71246
2683,-73.96445,40.68112
2684,-73.96443,40.70312
2685,-73.96442,40.70753
2686,-73.96439,40.70706
2687,-73.96433,40.70802
2688,-73.96427,40.68989
2689,-73.96418,40.70872
2690,-73.96414,40.71807
2691,-73.96407,40.71308
2692,-73.96405,40.69363
2693,-73.96403,40.70953
2694,-73.96395,40.72088
2695,-73.9639,40.69787
2696,-73.96388,40.7103
2697,-73.96387,40.70154
2698,-73.96385,40.71634
2699,-73.96384,40.71048
2700,-73.96375,40.69209
2701,-73.96374,40.70648
2702,-73.96371,40.69659
2703,-73.96364,40.69598
2704,-73.96362,40.6959
2705,-73.96361,40.71085
2706,-73.9636,40.71383
2707,-73.96354,40.71863
2708,-73.96353,40.71097
2709,-73.96348,40.71105
2710,-73.96343,40.70279
2711,-73.96339,40.71677
2712,-73.96338,40.71121
2713,-73.96332,40.69
2714,-73.9632,40.71446
2715,-73.96318,40.701
2716,-73.96313,40.69373
2717,-73.96313,40.7102
2718,-73.9631,40.7059
2719,-73.96294,40.7119
2720,-73.9629,40.71923
2721,-73.96287,40.69782
2722,-73.96285,40.71727
2723,-73.96284,40.69804
2724,-73.96281,40.6922
2725,-73.96278,40.71511
2726,-73.96274,40.70769
2727,-73.96266,40.69141
2728,-73.96264,40.69609
2729,-73.96258,40.70051
2730,-73.96257,40.70853
2731,-73.96255,40.71253
2732,-73.96248,40.70535
2733,-73.96247,40.6981
2734,-73.96241,40.70935
2735,-73.9624,40.68635
2736,-73.96239,40.69094
2737,-73.96239,40.70251
2738,-73.96237,40.6996
2739,-73.96234,40.73394
2740,-73.96231,40.71977
2741,-73.96229,40.70992
2742,-73.96229,40.71558
2743,-73.96227,40.69813
2744,-73.96224,40.69012
2745,-73.96222,40.71786
2746,-73.96221,40.69386
2747,-73.96218,40.70022
2748,-73.96213,40.70762
2749,-73.96211,40.66919
2750,-73.96208,40.71327
2751,-73.96204,40.71036
2752,-73.96196,40.71049
2753,-73.96194,40.73239
2754,-73.96192,40.70085
2755,-73.96191,40.71593
2756,-73.9619,40.6923
2757,-73.9619,40.69819
2758,-73.9619,40.71058
2759,-73.96188,40.70003
2760,-73.96186,40.7076
2761,-73.96185,40.70479
2762,-73.96182,40.72041
2763,-73.96181,40.71074
2764,-73.96175,40.69154
2765,-73.96175,40.69685
2766,-73.96175,40.70194
2767,-73.96172,40.72032
2768,-73.96172,40.72324
2769,-73.96169,40.69991
2770,-73.96168,40.7139
2771,-73.96162,40.71842
2772,-73.96161,40.72495
2773,-73.9616,40.699
2774,-73.96159,40.69621
2775,-73.96152,40.73169
2776,-73.96149,40.72112
2777,-73.96145,40.70166
2778,-73.96142,40.71135
2779,-73.96142,40.71638
2780,-73.9614,40.72381
2781,-73.96136,40.707
2782,-73.96134,40.71041
2783,-73.96129,40.7145
2784,-73.96128,40.73098
2785,-73.96124,40.71011
2786,-73.96122,40.70145
2787,-73.96121,40.70421
2788,-73.96121,40.70955
2789,-73.9612,40.70038
2790,-73.96114,40.70752
2791,-73.96114,40.73028
2792,-73.96113,40.72087
2793,-73.96109,40.69401
2794,-73.96108,40.70132
2795,-73.96105,40.69833
2796,-73.96104,40.72739
2797,-73.96103,40.69949
2798,-73.96103,40.71197
2799,-73.96103,40.71897
2800,-73.96098,40.70836
2801,-73.96097,40.70988
2802,-73.96092,40.69774
2803,-73.96088,40.71489
2804,-73.96086,40.70113
2805,-73.96082,40.70917
2806,-73.96079,40.71697
2807,-73.96077,40.70646
2808,-73.96076,40.72158
2809,-73.96075,40.70941
2810,-73.96074,40.69242
2811,-73.96074,40.72814
2812,-73.9607,40.72958
2813,-73.96066,40.66095
2814,-73.96064,40.71027
2815,-73.96062,40.69632
2816,-73.96059,40.70366
2817,-73.96058,40.71104
2818,-73.96057,40.70174
2819,-73.96056,40.71271
2820,-73.96053,40.72143
2821,-73.9605,40.69918
2822,-73.9605,40.70079
2823,-73.96047,40.73455
2824,-73.96044,40.71531
2825,-73.96043,40.71952
2826,-73.96038,40.71
2827,-73.96036,40.73322
2828,-73.96034,40.70344
2829,-73.96032,40.71013
2830,-73.96029,40.69035
2831,-73.96024,40.70335
2832,-73.9602,40.69846
2833,-73.9602,40.717529999999996
2834,-73.96017,40.70328
2835,-73.96016,40.69412
2836,-73.96016,40.71334
2837,-73.96014,40.7059
2838,-73.96014,40.71558
2839,-73.96007,40.69784
2840,-73.96006,40.70318
2841,-73.96006,40.73849
2842,-73.96004,40.73467
2843,-73.96001,40.68888
2844,-73.96001,40.70397
2845,-73.96001,40.73544
2846,-73.95998,40.70312
2847,-73.95997,40.70913
2848,-73.95996,40.70365
2849,-73.95994,40.70741
2850,-73.95994,40.71079
2851,-73.95994,40.72198
2852,-73.95994,40.73398
2853,-73.95994,40.74234
2854,-73.95992,40.7424
2855,-73.95991,40.74258
2856,-73.95989,40.70303
2857,-73.95987,40.70024
2858,-73.95984,40.69253
2859,-73.95984,40.72007
2860,-73.95984,40.72606
2861,-73.95983,40.70358
2862,-73.95983,40.73327
2863,-73.95982,40.69928
2864,-73.9598,40.71389
2865,-73.95977,40.69642
2866,-73.95971,40.68742
2867,-73.95971,40.73256
2868,-73.95968,40.70821
2869,-73.95966,40.70335
2870,-73.95961,40.71808
2871,-73.95959,40.73185
2872,-73.95957,40.68668
2873,-73.95955,40.73668
2874,-73.95953,40.71142
2875,-73.95952,40.70533
2876,-73.95951,40.71617
2877,-73.95951,40.72898
2878,-73.95949,40.71419
2879,-73.95948,40.715
2880,-73.95948,40.73114
2881,-73.95943,40.69045
2882,-73.9594,40.70735
2883,-73.95936,40.73043
2884,-73.95935,40.72253
2885,-73.95934,40.70518
2886,-73.95933,40.70253
2887,-73.95933,40.7408
2888,-73.95931,40.69422
2889,-73.95929,40.69793
2890,-73.95928,40.71439
2891,-73.95925,40.7089
2892,-73.95924,40.69967
2893,-73.95924,40.72063
2894,-73.95924,40.72972
2895,-73.95918,40.70549
2896,-73.95917,40.70503
2897,-73.95913,40.72901
2898,-73.95906,40.70493
2899,-73.95906,40.71217
2900,-73.95902,40.69941
2901,-73.95901,40.71864
2902,-73.95901,40.72831
2903,-73.95899,40.69263
2904,-73.95896,40.73603
2905,-73.95891,40.71673
2906,-73.9589,40.72761
2907,-73.95889,40.7421
2908,-73.95888,40.70477
2909,-73.95886,40.69868
2910,-73.95886,40.70955
2911,-73.95886,40.74218
2912,-73.95882,40.74231
2913,-73.95881,40.71482
2914,-73.95878,40.72689
2915,-73.95877,40.71034
2916,-73.95875,40.72308
2917,-73.95869,40.70195
2918,-73.95867,40.71026
2919,-73.95866,40.7128
2920,-73.95865,40.72118
2921,-73.95864,40.73621
2922,-73.95863,40.70989
2923,-73.95863,40.71017
2924,-73.95863,40.72619
2925,-73.95863,40.74286
2926,-73.95859,40.68174
2927,-73.95858,40.69055
2928,-73.95855,40.70688
2929,-73.95852,40.73555
2930,-73.95852,40.73628
2931,-73.95846,40.70725
2932,-73.95846,40.74432
2933,-73.95843,40.69657
2934,-73.95842,40.71019
2935,-73.95842,40.71028
2936,-73.95842,40.71919
2937,-73.95841,40.73484
2938,-73.95839,40.74355
2939,-73.95837,40.74208
2940,-73.95836,40.71029
2941,-73.95834,40.71331
2942,-73.95832,40.71728
2943,-73.95831,40.70723
2944,-73.95829,40.67983
2945,-73.95829,40.73413
2946,-73.95824,40.7042
2947,-73.95822,40.71537
2948,-73.95818,40.73343
2949,-73.95815,40.70804
2950,-73.95815,40.72364
2951,-73.95807,40.7014
2952,-73.95806,40.70699
2953,-73.95806,40.72173
2954,-73.95806,40.73272
2955,-73.95805,40.71377
2956,-73.95803,40.74193
2957,-73.958,40.69437
2958,-73.958,40.71023
2959,-73.958,40.71086
2960,-73.95796,40.69882
2961,-73.95794,40.70688
2962,-73.95794,40.7072
2963,-73.95794,40.73201
2964,-73.95793,40.71396
2965,-73.9579,40.70843
2966,-73.9579,40.74211
2967,-73.95786,40.74487
2968,-73.95783,40.7313
2969,-73.95782,40.71974
2970,-73.95779,40.69961
2971,-73.95777,40.70718
2972,-73.95773,40.74565
2973,-73.95772,40.71783
2974,-73.95772,40.72427
2975,-73.95771,40.73059
2976,-73.9577,40.74639
2977,-73.95769,40.73942
2978,-73.95768,40.69278
2979,-73.95763,40.71593
2980,-73.95762,40.70364
2981,-73.9576,40.70657
2982,-73.95759,40.72988
2983,-73.95757,40.7251
2984,-73.95756,40.7145
2985,-73.95753,40.69668
2986,-73.95753,40.71161
2987,-73.95751,40.70796
2988,-73.95749,40.70908
2989,-73.95749,40.72552
2990,-73.95748,40.72917
2991,-73.95746,40.70082
2992,-73.95746,40.72228
2993,-73.95745,40.74043
2994,-73.95736,40.70824
2995,-73.95736,40.72846
2996,-73.95735,40.70794
2997,-73.95735,40.7263
2998,-73.95728,40.7148
2999,-73.95727,40.69069
3000,-73.95726,40.71032
3001,-73.95726,40.74208
3002,-73.95724,40.72775
3003,-73.95723,40.7
3004,-73.95722,40.72029
3005,-73.95721,40.74555
3006,-73.9572,40.70818
3007,-73.95718,40.72707
3008,-73.95717,40.69971
3009,-73.95717,40.72732
3010,-73.95715,40.74771
3011,-73.95714,40.71224
3012,-73.95713,40.71839
3013,-73.9571,40.70688
3014,-73.95709,40.69447
3015,-73.95709,40.70714
3016,-73.95707,40.74176
3017,-73.95706,40.68922
3018,-73.95706,40.70976
3019,-73.95703,40.71464
3020,-73.95703,40.71648
3021,-73.95702,40.69897
3022,-73.95702,40.7419
3023,-73.95699,40.7105
3024,-73.95698,40.70308
3025,-73.95697,40.706
3026,-73.95697,40.7089
3027,-73.95694,40.71048
3028,-73.95694,40.72706
3029,-73.95693,40.7257
3030,-73.95692,40.74174
3031,-73.9569,40.73715
3032,-73.9569,40.74179
3033,-73.95687,40.72284
3034,-73.95687,40.74188
3035,-73.95684,40.74198
3036,-73.95681,40.70788
3037,-73.95681,40.71276
3038,-73.9568,40.70884
3039,-73.95678,40.71043
3040,-73.95677,40.69288
3041,-73.95672,40.70711
3042,-73.95672,40.70801
3043,-73.95667,40.74249
3044,-73.95666,40.74618
3045,-73.95663,40.72085
3046,-73.95662,40.71038
3047,-73.95658,40.69678
3048,-73.95658,40.70958
3049,-73.95655,40.71051
3050,-73.95654,40.71894
3051,-73.95653,40.74762
3052,-73.95648,40.71064
3053,-73.95644,40.71703
3054,-73.95644,40.74318
3055,-73.9564,40.7134
3056,-73.95638,40.70951
3057,-73.95637,40.71514
3058,-73.95636,40.6908
3059,-73.95635,40.70251
3060,-73.95634,40.70544
3061,-73.9563,40.70867
3062,-73.95627,40.70785
3063,-73.95627,40.71416
3064,-73.95627,40.72339
3065,-73.95623,40.71022
3066,-73.95621,40.74387
3067,-73.9562,40.71111
3068,-73.95616,40.72424
3069,-73.95615,40.71044
3070,-73.95614,40.69458
3071,-73.95612,40.7107
3072,-73.95608,40.69909
3073,-73.95608,40.72598
3074,-73.95607,40.68933
3075,-73.95604,40.71072
3076,-73.95604,40.7214
3077,-73.95603,40.71075
3078,-73.956,40.71088
3079,-73.95599,40.71409
3080,-73.95599,40.7445
3081,-73.95597,40.71012
3082,-73.95594,40.71949
3083,-73.9559,40.69986
3084,-73.95589,40.70933
3085,-73.95584,40.71759
3086,-73.95583,40.69299
3087,-73.95581,40.7273
3088,-73.9558,40.71175
3089,-73.95578,40.7157
3090,-73.95575,40.74968
3091,-73.95574,40.74525
3092,-73.95572,40.70195
3093,-73.95572,40.71051
3094,-73.9557,40.70488
3095,-73.9557,40.70704
3096,-73.95569,40.71171
3097,-73.95568,40.72394
3098,-73.95567,40.70685
3099,-73.95564,40.67926
3100,-73.95564,40.69689
3101,-73.95561,40.71069
3102,-73.95554,40.70759
3103,-73.95551,40.74594
3104,-73.9555,40.70995
3105,-73.95548,40.71227
3106,-73.95547,40.738
3107,-73.95544,40.72195
3108,-73.95542,40.70702
3109,-73.95542,40.73728
3110,-73.95541,40.69091
3111,-73.95535,40.72005
3112,-73.95533,40.71407
3113,-73.95531,40.73658
3114,-73.95528,40.74664
3115,-73.95527,40.69017
3116,-73.95525,40.71814
3117,-73.95523,40.71125
3118,-73.95522,40.72626
3119,-73.9552,40.69469
3120,-73.95519,40.71625
3121,-73.95519,40.73587
3122,-73.95519,40.73906
3123,-73.95518,40.69919
3124,-73.95514,40.72433
3125,-73.95512,40.68944
3126,-73.95512,40.70827
3127,-73.95509,40.70138
3128,-73.95509,40.71061
3129,-73.95507,40.70431
3130,-73.95507,40.73516
3131,-73.95506,40.71433
3132,-73.95505,40.74733
3133,-73.95504,40.71292
3134,-73.95499,40.73978
3135,-73.95498,40.72757
3136,-73.95496,40.73445
3137,-73.95488,40.6931
3138,-73.95486,40.74023
3139,-73.95484,40.73374
3140,-73.95483,40.68798
3141,-73.95478,40.72246
3142,-73.95475,40.7206
3143,-73.95474,40.69699
3144,-73.95474,40.70697
3145,-73.95474,40.71059
3146,-73.95473,40.73303
3147,-73.95472,40.7089
3148,-73.95468,40.68724
3149,-73.95466,40.71408
3150,-73.95466,40.71869
3151,-73.95464,40.71132
3152,-73.95461,40.72872
3153,-73.95461,40.73232
3154,-73.95459,40.7168
3155,-73.954580000000007,40.74135
3156,-73.95453,40.74153
3157,-73.95451,40.72322
3158,-73.95449,40.73161
3159,-73.95447,40.69102
3160,-73.95446,40.70082
3161,-73.95446,40.71488
3162,-73.95444,40.70375
3163,-73.95442,40.70667
3164,-73.95439,40.72654
3165,-73.95438,40.73091
3166,-73.95436,40.74204
3167,-73.95436,40.74941
3168,-73.95434,40.71407
3169,-73.95433,40.69029
3170,-73.95433,40.70952
3171,-73.95431,40.69479
3172,-73.9543,40.71184
3173,-73.95429,40.6993
3174,-73.95427,40.7246
3175,-73.95425,40.74129
3176,-73.95424,40.7302
3177,-73.95424,40.74139
3178,-73.95421,40.74155
3179,-73.95421,40.74162
3180,-73.95418,40.72264
3181,-73.95414,40.72785
3182,-73.95413,40.70692
3183,-73.95412,40.70007
3184,-73.95412,40.74199
3185,-73.95411,40.74273
3186,-73.95406,40.71925
3187,-73.95404,40.63888
3188,-73.95402,40.70708
3189,-73.95399,40.6932
3190,-73.95399,40.71736
3191,-73.95396,40.7295
3192,-73.9539,40.74269
3193,-73.95389,40.70021
3194,-73.95388,40.71252
3195,-73.95387,40.74342
3196,-73.95386,40.71026
3197,-73.95386,40.71543
3198,-73.95385,40.6971
3199,-73.95382,40.70011
3200,-73.95382,40.72276
3201,-73.95381,40.70318
3202,-73.9538,40.74193
3203,-73.95379,40.70611
3204,-73.95366,40.72882
3205,-73.95364,40.74411
3206,-73.95361,40.70775
3207,-73.95358,40.71071
3208,-73.95358,40.71382
3209,-73.95357,40.69112
3210,-73.95354,40.72681
3211,-73.9535,40.71312
3212,-73.95348,40.71407
3213,-73.95347,40.71088
3214,-73.95347,40.7198
3215,-73.95347,40.73027
3216,-73.95344,40.72487
3217,-73.95342,40.71375
3218,-73.95341,40.69489
3219,-73.95341,40.7448
3220,-73.9534,40.71791
3221,-73.95338,40.70686
3222,-73.95337,40.68064
3223,-73.95337,40.6994
3224,-73.95335,40.71418
3225,-73.95332,40.72293
3226,-73.95331,40.71407
3227,-73.95327,40.71599
3228,-73.95327,40.72813
3229,-73.95322,40.70835
3230,-73.9532,40.73749
3231,-73.95318,40.70262
3232,-73.95318,40.74549
3233,-73.95316,40.70554
3234,-73.95315,40.73822
3235,-73.95313,40.71076
3236,-73.95313,40.71142
3237,-73.9531,40.69331
3238,-73.95309,40.71406
3239,-73.95309,40.73679
3240,-73.95303,40.7375
3241,-73.953,40.73823
3242,-73.95298,40.73608
3243,-73.95295,40.74619
3244,-73.95293,40.69238
3245,-73.95292,40.6972
3246,-73.95292,40.7368
3247,-73.95291,40.7067
3248,-73.95291,40.71406
3249,-73.95289,40.73751
3250,-73.95288,40.73819
3251,-73.95286,40.73537
3252,-73.95283,40.70897
3253,-73.9528,40.71846
3254,-73.9528,40.73609
3255,-73.95278,40.73681
3256,-73.95276,40.74248
3257,-73.95275,40.71474
3258,-73.95275,40.73752
3259,-73.95272,40.71206
3260,-73.95271,40.72045
3261,-73.95271,40.74688
3262,-73.95269,40.71657
3263,-73.95268,40.7271
3264,-73.95268,40.73538
3265,-73.95265,40.73611
3266,-73.95264,40.73681
3267,-73.9526,40.72515
3268,-73.95256,40.73468
3269,-73.95255,40.70205
3270,-73.95255,40.7354
3271,-73.95253,40.70498
3272,-73.95253,40.73612
3273,-73.95252,40.70656
3274,-73.95251,40.71734
3275,-73.95251,40.73036
3276,-73.9525,40.74121
3277,-73.95249,40.695
3278,-73.95249,40.7232
3279,-73.95248,40.71922
3280,-73.95248,40.74757
3281,-73.95242,40.73541
3282,-73.95241,40.72842
3283,-73.9524,40.7188
3284,-73.95236,40.70972
3285,-73.95234,40.69426
3286,-73.95234,40.73398
3287,-73.95234,40.7347
3288,-73.95232,40.7127
3289,-73.95231,40.74156
3290,-73.9523,40.70649
3291,-73.9523,40.71815
3292,-73.95229,40.71809
3293,-73.95229,40.74038
3294,-73.95226,40.75057
3295,-73.95223,40.74826
3296,-73.95223,40.74958
3297,-73.95222,40.73327
3298,-73.95221,40.74906
3299,-73.9522,40.74858
3300,-73.95219,40.69353
3301,-73.95218,40.70029
3302,-73.95217,40.69342
3303,-73.95216,40.71738
3304,-73.95216,40.734
3305,-73.95214,40.74036
3306,-73.95213,40.74089
3307,-73.95212,40.7171
3308,-73.95211,40.71526
3309,-73.95211,40.74116
3310,-73.9521,40.73256
3311,-73.95209,40.70722
3312,-73.95205,40.69279
3313,-73.95205,40.71667
3314,-73.95205,40.73329
3315,-73.95204,40.74117
3316,-73.95202,40.74122
3317,-73.95202,40.7417
3318,-73.95202,40.7498
3319,-73.95198,40.73185
3320,-73.95198,40.74086
3321,-73.95197,40.71034
3322,-73.95193,40.71596
3323,-73.95192,40.70149
3324,-73.95192,40.73258
3325,-73.95192,40.74292
3326,-73.95191,40.70636
3327,-73.9519,40.69206
3328,-73.9519,40.70442
3329,-73.9519,40.74158
3330,-73.95188,40.74118
3331,-73.95188,40.74164
3332,-73.95187,40.73114
3333,-73.95187,40.74168
3334,-73.95186,40.74126
3335,-73.95184,40.71544
3336,-73.95183,40.71534
3337,-73.95183,40.74299
3338,-73.95182,40.72738
3339,-73.95181,40.73187
3340,-73.9518,40.71514
3341,-73.9518,40.74228
3342,-73.9518,40.74302
3343,-73.95178,40.71502
3344,-73.95176,40.69133
3345,-73.95174,40.72544
3346,-73.95174,40.74159
3347,-73.95172,40.70781
3348,-73.9517,40.71454
3349,-73.9517,40.73116
3350,-73.9517,40.74168
3351,-73.95168,40.74226
3352,-73.95167,40.74121
3353,-73.95165,40.72349
3354,-73.95164,40.71091
3355,-73.95164,40.74893
3356,-73.95162,40.71407
3357,-73.95161,40.6906
3358,-73.95159,40.7138
3359,-73.95159,40.73045
3360,-73.95157,40.7287
3361,-73.95157,40.74259
3362,-73.95153,40.74223
3363,-73.95152,40.71017
3364,-73.95149,40.74236
3365,-73.95147,40.75043
3366,-73.95146,40.68986
3367,-73.95146,40.71311
3368,-73.95144,40.71528
3369,-73.95143,40.74125
3370,-73.95141,40.74171
3371,-73.95141,40.74318
3372,-73.9514,40.73047
3373,-73.95136,40.7124
3374,-73.95133,40.70843
3375,-73.95129,40.700920000000004
3376,-73.95127,40.70385
3377,-73.95124,40.71169
3378,-73.95123,40.74327
3379,-73.95123,40.74364
3380,-73.95118,40.6884
3381,-73.95116,40.73701
3382,-73.95114,40.71603
3383,-73.95112,40.70878
3384,-73.95112,40.71096
3385,-73.95109,40.70591
3386,-73.95105,40.74962
3387,-73.95103,40.68767
3388,-73.951,40.74212
3389,-73.951,40.74434
3390,-73.95099,40.71022
3391,-73.95098,40.7241
3392,-73.95098,40.72766
3393,-73.95096,40.70584
3394,-73.95096,40.70999
3395,-73.95088,40.70951
3396,-73.95088,40.72572
3397,-73.95083,40.70914
3398,-73.95079,40.72377
3399,-73.95077,40.74503
3400,-73.95076,40.70044
3401,-73.95076,40.7088
3402,-73.95073,40.72897
3403,-73.95071,40.74354
3404,-73.9507,40.74206
3405,-73.95066,40.70035
3406,-73.95066,40.70817
3407,-73.95065,40.7217
3408,-73.95065,40.73054
3409,-73.95064,40.70329
3410,-73.95062,40.73978
3411,-73.95058,40.72903
3412,-73.95054,40.74572
3413,-73.95053,40.70739
3414,-73.95051,40.74155
3415,-73.95051,40.75025
3416,-73.9505,40.70047
3417,-73.95047,40.74276
3418,-73.95041,40.70665
3419,-73.9504,40.75301
3420,-73.95032,40.71611
3421,-73.95031,40.74641
3422,-73.95029,40.70059
3423,-73.95029,40.70591
3424,-73.95027,40.70158
3425,-73.95025,40.70257
3426,-73.95025,40.70294
3427,-73.95025,40.71663
3428,-73.95024,40.70547
3429,-73.95022,40.70356
3430,-73.9502,40.70454
3431,-73.9502,40.73671
3432,-73.95018,40.71901
3433,-73.95016,40.73635
3434,-73.95015,40.72794
3435,-73.95014,40.69992
3436,-73.95009,40.69979
3437,-73.95008,40.7471
3438,-73.95006,40.7183
3439,-73.95003,40.726
3440,-73.95003,40.73564
3441,-73.95001,40.70273
3442,-73.94999,40.72799
3443,-73.94995,40.71759
3444,-73.94994,40.69905
3445,-73.94993,40.74044
3446,-73.94992,40.72406
3447,-73.94992,40.73494
3448,-73.94991,40.72924
3449,-73.94987,40.72218
3450,-73.94986,40.7171
3451,-73.94984,40.70523
3452,-73.94984,40.74779
3453,-73.94983,40.7169
3454,-73.94983,40.74118
3455,-73.94981,40.71677
3456,-73.9498,40.73422
3457,-73.94979,40.69831
3458,-73.94979,40.69982
3459,-73.94979,40.74188
3460,-73.94978,40.71662
3461,-73.94976,40.71648
3462,-73.94971,40.71618
3463,-73.949700000000007,40.74112
3464,-73.94968,40.73351
3465,-73.94968,40.74408
3466,-73.94967,40.70005
3467,-73.94965,40.69758
3468,-73.94963,40.74855
3469,-73.9496,40.71546
3470,-73.9496,40.75261
3471,-73.94957,40.7328
3472,-73.94956,40.68039
3473,-73.94955,40.74158
3474,-73.94951,40.7417
3475,-73.9495,40.69685
3476,-73.94949,40.71713
3477,-73.94948,40.71475
3478,-73.94947,40.70502
3479,-73.94945,40.73209
3480,-73.94942,40.7493
3481,-73.94938,40.70216
3482,-73.94937,40.71407
3483,-73.94936,40.69612
3484,-73.94936,40.74214
3485,-73.94934,40.73139
3486,-73.94932,40.72821
3487,-73.94925,40.7049
3488,-73.94924,40.71332
3489,-73.94923,40.74252
3490,-73.94922,40.73068
3491,-73.94921,40.69538
3492,-73.94919,40.72628
3493,-73.94918,40.74999
3494,-73.94913,40.71261
3495,-73.94912,40.71767
3496,-73.94908,40.72254
3497,-73.94908,40.72434
3498,-73.94908,40.72952
3499,-73.94908,40.75456
3500,-73.94906,40.69464
3501,-73.94904,40.71743
3502,-73.94904,40.7546
3503,-73.94903,40.72633
3504,-73.94901,40.7119
3505,-73.949,40.71697
3506,-73.94891,40.6939
3507,-73.94891,40.73629
3508,-73.94889,40.71117
3509,-73.94888,40.72129
3510,-73.94881,40.75222
3511,-73.94879,40.70448
3512,-73.94877,40.69317
3513,-73.94877,40.71043
3514,-73.94877,40.73072
3515,-73.94876,40.7439
3516,-73.94875,40.70159
3517,-73.94866,40.70456
3518,-73.94866,40.70973
3519,-73.94866,40.71768
3520,-73.94862,40.69244
3521,-73.94859,40.74462
3522,-73.94859,40.74987
3523,-73.94855,40.7045
3524,-73.94854,40.70902
3525,-73.94853,40.71917
3526,-73.94852,40.74466
3527,-73.9485,40.70422
3528,-73.94849,40.72848
3529,-73.94848,40.69171
3530,-73.94842,40.70831
3531,-73.94842,40.71846
3532,-73.94842,40.75397
3533,-73.94837,40.72655
3534,-73.94833,40.69097
3535,-73.94832,40.71786
3536,-73.9483,40.7076
3537,-73.9483,40.71774
3538,-73.9483,40.74529
3539,-73.94827,40.71759
3540,-73.94826,40.72979
3541,-73.94825,40.71742
3542,-73.94825,40.72461
3543,-73.94821,40.75032
3544,-73.9482,40.70685
3545,-73.94818,40.69024
3546,-73.94818,40.71705
3547,-73.94817,40.70391
3548,-73.94816,40.72265
3549,-73.94815,40.74483
3550,-73.94813,40.70001
3551,-73.94812,40.70103
3552,-73.94809,40.72466
3553,-73.94807,40.71633
3554,-73.94807,40.74598
3555,-73.94805,40.75184
3556,-73.94798,40.70544
3557,-73.94795,40.71562
3558,-73.94795,40.72138
3559,-73.9479,40.73088
3560,-73.94789,40.68878
3561,-73.94786,40.74442
3562,-73.94785,40.70411
3563,-73.94784,40.74667
3564,-73.94783,40.71491
3565,-73.94779,40.72035
3566,-73.94775,40.68804
3567,-73.94772,40.71422
3568,-73.94767,40.72876
3569,-73.94763,40.74969
3570,-73.94761,40.74736
3571,-73.94761,40.75361
3572,-73.9476,40.71348
3573,-73.9476,40.71784
3574,-73.9476,40.74
3575,-73.94758,40.72014
3576,-73.94758,40.72345
3577,-73.94754,40.70335
3578,-73.94754,40.72682
3579,-73.94749,40.70046
3580,-73.94748,40.71277
3581,-73.94747,40.72273
3582,-73.94745,40.74511
3583,-73.94743,40.73006
3584,-73.94742,40.72488
3585,-73.94738,40.7407
3586,-73.94737,40.71206
3587,-73.94736,40.74811
3588,-73.94727,40.75647
3589,-73.94725,40.7001
3590,-73.94725,40.71132
3591,-73.94725,40.74112
3592,-73.94723,40.72214
3593,-73.94721,40.71856
3594,-73.94721,40.74125
3595,-73.94717,40.72276
3596,-73.94713,40.70012
3597,-73.94711,40.74885
3598,-73.9471,40.69937
3599,-73.9471,40.71059
3600,-73.94705,40.70366
3601,-73.947,40.72278
3602,-73.94699,40.71958
3603,-73.94698,40.72147
3604,-73.94697,40.70989
3605,-73.94696,40.69864
3606,-73.94691,40.70278
3607,-73.94685,40.70918
3608,-73.94684,40.72903
3609,-73.9468,40.6979
3610,-73.94679,40.71882
3611,-73.94677,40.71869
3612,-73.94676,40.70847
3613,-73.94674,40.71855
3614,-73.94672,40.71839
3615,-73.94672,40.72709
3616,-73.94671,40.75323
3617,-73.94666,40.70775
3618,-73.94666,40.7495
3619,-73.94665,40.71791
3620,-73.94664,40.69718
3621,-73.94663,40.73458
3622,-73.94659,40.72516
3623,-73.94658,40.7222
3624,-73.94654,40.74547
3625,-73.94653,40.7172
3626,-73.94652,40.70701
3627,-73.9465,40.72079
3628,-73.94649,40.69645
3629,-73.94646,40.75105
3630,-73.94642,40.71649
3631,-73.94642,40.74198
3632,-73.9464,40.72222
3633,-73.9464,40.73142
3634,-73.94637,40.6957
3635,-73.94632,40.70021
3636,-73.94632,40.71862
3637,-73.9463,40.71578
3638,-73.94628,40.70222
3639,-73.94628,40.72286
3640,-73.94627,40.68021
3641,-73.94626,40.7056
3642,-73.94625,40.70321
3643,-73.94624,40.73049
3644,-73.94622,40.69496
3645,-73.94619,40.71507
3646,-73.94619,40.74561
3647,-73.94608,40.69423
3648,-73.94607,40.71437
3649,-73.94605,40.72926
3650,-73.94604,40.72016
3651,-73.94595,40.71364
3652,-73.94595,40.71903
3653,-73.94594,40.7192
3654,-73.94593,40.6935
3655,-73.94591,40.70342
3656,-73.94589,40.72158
3657,-73.94588,40.72735
3658,-73.94586,40.70299
3659,-73.94583,40.71293
3660,-73.94579,40.69276
3661,-73.94577,40.72543
3662,-73.94574,40.71948
3663,-73.94574,40.72738
3664,-73.94572,40.71222
3665,-73.9457,40.7216
3666,-73.94568,40.72702
3667,-73.94566,40.75065
3668,-73.94565,40.74582
3669,-73.94564,40.69203
3670,-73.94564,40.70165
3671,-73.94563,40.69879
3672,-73.94563,40.7196
3673,-73.94561,40.72133
3674,-73.9456,40.71148
3675,-73.9456,40.71957
3676,-73.9456,40.7441
3677,-73.94553,40.74622
3678,-73.94552,40.71945
3679,-73.94551,40.73175
3680,-73.9455,40.6913
3681,-73.94549,40.7214
3682,-73.94548,40.71074
3683,-73.94546,40.74927
3684,-73.94545,40.70276
3685,-73.94544,40.71934
3686,-73.94543,40.72552
3687,-73.94536,40.71923
3688,-73.94536,40.72297
3689,-73.94535,40.69057
3690,-73.94532,40.71876
3691,-73.94532,40.7306
3692,-73.94532,40.74692
3693,-73.9453,40.73955
3694,-73.94524,40.70932
3695,-73.94522,40.72097
3696,-73.9452,40.68984
3697,-73.94512,40.70863
3698,-73.94512,40.72935
3699,-73.94511,40.71887
3700,-73.94511,40.75265
3701,-73.94508,40.71878
3702,-73.94507,40.72166
3703,-73.94507,40.74024
3704,-73.94506,40.6891
3705,-73.94506,40.72073
3706,-73.94506,40.74766
3707,-73.94505,40.73468
3708,-73.94502,40.72015
3709,-73.94502,40.723
3710,-73.94501,40.70109
3711,-73.94501,40.70791
3712,-73.945,40.72077
3713,-73.94497,40.71807
3714,-73.94496,40.69811
3715,-73.94493,40.74067
3716,-73.94491,40.68837
3717,-73.94491,40.72236
3718,-73.9449,40.70717
3719,-73.9449,40.72084
3720,-73.94489,40.74079
3721,-73.94489,40.74612
3722,-73.94485,40.71736
3723,-73.94484,40.74094
3724,-73.94481,40.72748
3725,-73.9448,40.70644
3726,-73.9448,40.72168
3727,-73.94479,40.7484
3728,-73.94478,40.71939
3729,-73.94473,40.71665
3730,-73.94469,40.70574
3731,-73.94469,40.75016
3732,-73.94466,40.7443
3733,-73.94464,40.70231
3734,-73.94462,40.70041
3735,-73.94462,40.71594
3736,-73.94461,40.73207
3737,-73.9446,40.74163
3738,-73.9446,40.80323
3739,-73.94457,40.70502
3740,-73.94451,40.75264
3741,-73.9445,40.71523
3742,-73.9445,40.72562
3743,-73.94445,40.70431
3744,-73.94445,40.73885
3745,-73.9444,40.70054
3746,-73.9444,40.72024
3747,-73.94439,40.70043
3748,-73.94439,40.71453
3749,-73.94434,40.72016
3750,-73.94433,40.70359
3751,-73.94432,40.70213
3752,-73.94432,40.73622
3753,-73.94427,40.72007
3754,-73.94426,40.7138
3755,-73.94426,40.74904
3756,-73.94424,40.6997
3757,-73.94422,40.70289
3758,-73.94421,40.72
3759,-73.94419,40.72944
3760,-73.94415,40.71309
3761,-73.9441,40.69897
3762,-73.9441,40.70219
3763,-73.94408,40.7231
3764,-73.94403,40.71238
3765,-73.94402,40.75235
3766,-73.94401,40.74648
3767,-73.944,40.70196
3768,-73.94395,40.69822
3769,-73.94391,40.71164
3770,-73.9439,40.7196
3771,-73.94387,40.72757
3772,-73.94387,40.74822
3773,-73.94386,40.72177
3774,-73.94384,40.74743
3775,-73.94384,40.75253
3776,-73.94382,40.70186
3777,-73.94379,40.7109
3778,-73.94376,40.74658
3779,-73.94373,40.74446
3780,-73.94372,40.73239
3781,-73.94371,40.74968
3782,-73.94368,40.72066
3783,-73.94368,40.74598
3784,-73.94357,40.72571
3785,-73.94356,40.7095
3786,-73.94353,40.69603
3787,-73.94344,40.70878
3788,-73.94344,40.75056
3789,-73.94343,40.71893
3790,-73.94339,40.69529
3791,-73.94332,40.70807
3792,-73.94328,40.71823
3793,-73.94326,40.68005
3794,-73.94324,40.69456
3795,-73.94323,40.70152
3796,-73.94323,40.77887
3797,-73.94322,40.7468
3798,-73.9432,40.70733
3799,-73.9432,40.7477
3800,-73.94317,40.71752
3801,-73.94317,40.75027
3802,-73.94315,40.72318
3803,-73.9431,40.69382
3804,-73.94309,40.7066
3805,-73.94306,40.70142
3806,-73.94306,40.71681
3807,-73.94305,40.73429
3808,-73.94299,40.73911
3809,-73.94298,40.74337
3810,-73.94297,40.70589
3811,-73.94295,40.69309
3812,-73.94294,40.7161
3813,-73.94294,40.72186
3814,-73.94294,40.72766
3815,-73.94294,40.74929
3816,-73.94293,40.73352
3817,-73.94292,40.74804
3818,-73.94287,40.73973
3819,-73.94287,40.74482
3820,-73.94285,40.70518
3821,-73.94282,40.71539
3822,-73.94282,40.72114
3823,-73.94282,40.75065
3824,-73.94281,40.69236
3825,-73.94281,40.73277
3826,-73.94281,40.74638
3827,-73.9428,40.73266
3828,-73.94279,40.72097
3829,-73.94278,40.72091
3830,-73.94276,40.72079
3831,-73.94276,40.73982
3832,-73.94276,40.74306
3833,-73.94273,40.70447
3834,-73.94272,40.73994
3835,-73.94272,40.75167
3836,-73.9427,40.71482
3837,-73.94269,40.71469
3838,-73.94268,40.72028
3839,-73.94266,40.69162
3840,-73.94266,40.75142
3841,-73.94264,40.72579
3842,-73.94261,40.70376
3843,-73.9426,40.74124
3844,-73.94258,40.71396
3845,-73.94252,40.69089
3846,-73.94252,40.7405
3847,-73.94249,40.70305
3848,-73.94248,40.74794
3849,-73.94247,40.71324
3850,-73.94247,40.71902
3851,-73.94243,40.754
3852,-73.94242,40.74986
3853,-73.9424,40.73725
3854,-73.94238,40.70235
3855,-73.94238,40.74712
3856,-73.94237,40.69016
3857,-73.94235,40.71254
3858,-73.94228,40.74118
3859,-73.94227,40.70164
3860,-73.94226,40.75126
3861,-73.94225,40.71034
3862,-73.94223,40.7118
3863,-73.94222,40.68943
3864,-73.94222,40.72327
3865,-73.9422,40.70089
3866,-73.94216,40.71506
3867,-73.94216,40.71545
3868,-73.94215,40.70524
3869,-73.94214,40.74889
3870,-73.94211,40.74371
3871,-73.94211,40.75142
3872,-73.9421,40.71106
3873,-73.94208,40.6887
3874,-73.94208,40.71618
3875,-73.94207,40.71473
3876,-73.94207,40.75024
3877,-73.94203,40.7515
3878,-73.94202,40.74517
3879,-73.942,40.72195
3880,-73.94199,40.71036
3881,-73.94199,40.72775
3882,-73.94196,40.72165
3883,-73.94193,40.70072
3884,-73.94192,40.72149
3885,-73.94191,40.72142
3886,-73.9419,40.72128
3887,-73.94187,40.70964
3888,-73.94187,40.75167
3889,-73.94184,40.71692
3890,-73.94182,40.74169
3891,-73.94176,40.70894
3892,-73.94175,40.72037
3893,-73.94174,40.74386
3894,-73.94174,40.74614
3895,-73.94173,40.74934
3896,-73.94171,40.71401
3897,-73.9417,40.70241
3898,-73.9417,40.74823
3899,-73.94169,40.72588
3900,-73.94164,40.70823
3901,-73.94154,40.71911
3902,-73.94152,40.70749
3903,-73.9415,40.72199
3904,-73.94146,40.74746
3905,-73.94145,40.75091
3906,-73.9414,40.70676
3907,-73.94138,40.71335
3908,-73.94135,40.74748
3909,-73.94134,40.72168
3910,-73.94131,40.69929
3911,-73.94128,40.70605
3912,-73.94128,40.74982
3913,-73.94127,40.7177
3914,-73.94127,40.72337
3915,-73.94124,40.74865
3916,-73.94123,40.71552
3917,-73.94122,40.71471
3918,-73.94116,40.74233
3919,-73.94115,40.69854
3920,-73.94115,40.70028
3921,-73.94111,40.74844
3922,-73.94109,40.72231
3923,-73.94106,40.72209
3924,-73.94105,40.72203
3925,-73.94105,40.73339
3926,-73.94104,40.71267
3927,-73.94104,40.72784
3928,-73.94103,40.70464
3929,-73.94103,40.7219
3930,-73.941,40.72166
3931,-73.94099,40.7216
3932,-73.94092,40.73869
3933,-73.94089,40.70391
3934,-73.94087,40.72089
3935,-73.9408,40.72046
3936,-73.94078,40.70322
3937,-73.94075,40.72016
3938,-73.94074,40.72597
3939,-73.9407,40.69635
3940,-73.94069,40.71196
3941,-73.94068,40.71395
3942,-73.94068,40.74774
3943,-73.94067,40.71845
3944,-73.94062,40.71943
3945,-73.94062,40.75304
3946,-73.94061,40.71048
3947,-73.94061,40.74776
3948,-73.9406,40.73815
3949,-73.94059,40.71921
3950,-73.94059,40.75052
3951,-73.94056,40.69562
3952,-73.94055,40.74597
3953,-73.94054,40.7018
3954,-73.94054,40.74942
3955,-73.94054,40.75073
3956,-73.94051,40.75086
3957,-73.94049,40.71868
3958,-73.94045,40.74364
3959,-73.94042,40.69987
3960,-73.94042,40.70108
3961,-73.94042,40.71122
3962,-73.94041,40.69488
3963,-73.94036,40.74583
3964,-73.94033,40.67989
3965,-73.94033,40.71779
3966,-73.94032,40.72345
3967,-73.94032,40.7444
3968,-73.94031,40.71052
3969,-73.94026,40.69415
3970,-73.94023,40.71709
3971,-73.94022,40.72289
3972,-73.9402,40.70982
3973,-73.9402,40.72269
3974,-73.94018,40.72263
3975,-73.94017,40.72252
3976,-73.94013,40.71286
3977,-73.94013,40.73342
3978,-73.94012,40.69342
3979,-73.94012,40.71636
3980,-73.94012,40.72793
3981,-73.94008,40.7091
3982,-73.94006,40.73329
3983,-73.94006,40.74604
3984,-73.94002,40.71581
3985,-73.94,40.7211
3986,-73.93997,40.69268
3987,-73.93996,40.70839
3988,-73.93996,40.74574
3989,-73.93986,40.73843
3990,-73.93984,40.70765
3991,-73.93983,40.69195
3992,-73.93982,40.7502
3993,-73.93981,40.72606
3994,-73.93974,40.74807
3995,-73.93972,40.70692
3996,-73.9397,40.72042
3997,-73.93969,40.69946
3998,-73.93968,40.69122
3999,-73.93968,40.74898
4000,-73.93967,40.75036
4001,-73.93965,40.73875
4002,-73.9396,40.70621
4003,-73.93958,40.7347
4004,-73.93956,40.75047
4005,-73.93953,40.69048
4006,-73.9395,40.70128
4007,-73.9395,40.74353
4008,-73.93944,40.75061
4009,-73.93943,40.70526
4010,-73.9394,40.71975
4011,-73.9394,40.72354
4012,-73.93939,40.68976
4013,-73.93932,40.74563
4014,-73.93931,40.70482
4015,-73.93931,40.72335
4016,-73.93926,40.74475
4017,-73.93924,40.68902
4018,-73.93924,40.7011
4019,-73.93923,40.72323
4020,-73.93919,40.72316
4021,-73.93918,40.72802
4022,-73.93917,40.74828
4023,-73.93914,40.72308
4024,-73.93913,40.70457
4025,-73.93909,40.71905
4026,-73.93904,40.70626
4027,-73.93903,40.72286
4028,-73.93902,40.71607
4029,-73.93899,40.73384
4030,-73.93899,40.74683
4031,-73.93899,40.74984
4032,-73.93892,40.74837
4033,-73.93891,40.72358
4034,-73.9389,40.69904
4035,-73.93888,40.72615
4036,-73.93886,40.7085
4037,-73.93886,40.75001
4038,-73.93882,40.7338
4039,-73.93881,40.70426
4040,-73.9388,40.71388
4041,-73.93878,40.71319
4042,-73.93876,40.71459
4043,-73.93874,40.5839
4044,-73.93873,40.72218
4045,-73.9387,40.70702
4046,-73.9387,40.71532
4047,-73.9387,40.74154
4048,-73.9386,40.70407
4049,-73.9386,40.73851
4050,-73.93857,40.69885
4051,-73.93857,40.74342
4052,-73.93856,40.73496
4053,-73.93853,40.70778
4054,-73.93849,40.70395
4055,-73.93849,40.72381
4056,-73.93848,40.70068
4057,-73.93847,40.71249
4058,-73.93847,40.73339
4059,-73.93843,40.72151
4060,-73.93836,40.70155
4061,-73.93834,40.74339
4062,-73.93833,40.75182
4063,-73.93832,40.70436
4064,-73.93832,40.71252
4065,-73.93829,40.74735
4066,-73.93826,40.74507
4067,-73.9382,40.74054
4068,-73.93819,40.7281
4069,-73.93819,40.73796
4070,-73.93818,40.69864
4071,-73.93813,40.72083
4072,-73.93812,40.71697
4073,-73.93809,40.69809
4074,-73.93807,40.70552
4075,-73.93807,40.74939
4076,-73.93806,40.71682
4077,-73.93803,40.74949
4078,-73.93802,40.74145
4079,-73.93801,40.73432
4080,-73.93798,40.71182
4081,-73.937970000000007,40.74967
4082,-73.93796,40.69742
4083,-73.93794,40.72624
4084,-73.93792,40.73425
4085,-73.9379,40.74873
4086,-73.93788,40.71636
4087,-73.93788,40.7498
4088,-73.93785,40.70482
4089,-73.93783,40.72015
4090,-73.93781,40.7499
4091,-73.93779,40.69669
4092,-73.93777,40.6984
4093,-73.93773,40.70025
4094,-73.93773,40.7382
4095,-73.9377,40.74524
4096,-73.93768,40.71118
4097,-73.93766,40.73479
4098,-73.93766,40.74882
4099,-73.93765,40.72427
4100,-73.93765,40.7433
4101,-73.93764,40.7241
4102,-73.93763,40.69595
4103,-73.93763,40.70337
4104,-73.93763,40.72404
4105,-73.93762,40.72391
4106,-73.93753,40.71946
4107,-73.93752,40.73692
4108,-73.9375,40.74804
4109,-73.93748,40.69522
4110,-73.93744,40.74974
4111,-73.93743,40.73454
4112,-73.93742,40.73376
4113,-73.93741,40.72328
4114,-73.9374,40.67973
4115,-73.9374,40.74891
4116,-73.93739,40.69819
4117,-73.93738,40.71317
4118,-73.93735,40.71382
4119,-73.93734,40.69448
4120,-73.93734,40.71045
4121,-73.93732,40.70271
4122,-73.9373,40.7293
4123,-73.93729,40.71454
4124,-73.93727,40.74046
4125,-73.93726,40.71879
4126,-73.93726,40.72407
4127,-73.93726,40.74518
4128,-73.93725,40.71278
4129,-73.93724,40.72779
4130,-73.93721,40.7101
4131,-73.9372,40.69375
4132,-73.93711,40.7226
4133,-73.93711,40.73629
4134,-73.9371,40.70938
4135,-73.93709,40.74135
4136,-73.93705,40.69302
4137,-73.93701,40.72633
4138,-73.93698,40.70191
4139,-73.93698,40.70868
4140,-73.93697,40.73553
4141,-73.93696,40.69983
4142,-73.93695,40.7181
4143,-73.9369,40.69229
4144,-73.93681,40.72193
4145,-73.9368,40.73804
4146,-73.9368,40.751
4147,-73.93676,40.69156
4148,-73.93676,40.69783
4149,-73.93676,40.72484
4150,-73.93676,40.73572
4151,-73.93674,40.74996
4152,-73.93673,40.7013
4153,-73.93672,40.7432
4154,-73.9367,40.72461
4155,-73.9367,40.73563
4156,-73.93666,40.71744
4157,-73.93666,40.74923
4158,-73.93661,40.69082
4159,-73.93655,40.71721
4160,-73.9365,40.72125
4161,-73.93647,40.69009
4162,-73.93646,40.74941
4163,-73.93644,40.70063
4164,-73.93639,40.69762
4165,-73.93635,40.74507
4166,-73.93634,40.71678
4167,-73.93634,40.74034
4168,-73.93632,40.68935
4169,-73.93628,40.73499
4170,-73.93623,40.70587
4171,-73.93623,40.72747
4172,-73.93622,40.69941
4173,-73.93621,40.72058
4174,-73.93619,40.72434
4175,-73.93617,40.73768
4176,-73.93616,40.74124
4177,-73.93616,40.74967
4178,-73.9361,40.74973
4179,-73.93607,40.70001
4180,-73.93605,40.7264
4181,-73.93603,40.73749
4182,-73.93603,40.81207
4183,-73.93601,40.69741
4184,-73.936,40.70518
4185,-73.93593,40.76778
4186,-73.9359,40.70728
4187,-73.93588,40.71986
4188,-73.93588,40.72367
4189,-73.93588,40.73796
4190,-73.93587,40.73434
4191,-73.93581,40.71169
4192,-73.93579,40.74308
4193,-73.93578,40.73676
4194,-73.93571,40.7067
4195,-73.93567,40.70658
4196,-73.93565,40.71528
4197,-73.93564,40.73688
4198,-73.93561,40.71519
4199,-73.93561,40.71922
4200,-73.93559,40.72299
4201,-73.93548,40.70601
4202,-73.93547,40.69907
4203,-73.93547,40.71094
4204,-73.93547,40.73781
4205,-73.93545,40.74007
4206,-73.93541,40.74496
4207,-73.9354,40.72591
4208,-73.93539,40.74941
4209,-73.93534,40.70231
4210,-73.93529,40.71446
4211,-73.93529,40.71852
4212,-73.93528,40.72232
4213,-73.93525,40.70532
4214,-73.93524,40.74114
4215,-73.93522,40.69699
4216,-73.93519,40.7362
4217,-73.93518,40.71028
4218,-73.93508,40.73749
4219,-73.935059999999993,40.75907
4220,-73.93504,40.73757
4221,-73.93503,40.69959
4222,-73.93502,40.70463
4223,-73.93498,40.71784
4224,-73.93498,40.73773
4225,-73.93496,40.71372
4226,-73.93496,40.73778
4227,-73.93495,40.73782
4228,-73.93491,40.72548
4229,-73.9349,40.73983
4230,-73.93487,40.7096
4231,-73.93487,40.74298
4232,-73.93481,40.73851
4233,-73.9348,40.69674
4234,-73.9348,40.71337
4235,-73.93479,40.70394
4236,-73.93478,40.73555
4237,-73.93477,40.72511
4238,-73.93476,40.6987
4239,-73.93471,40.72497
4240,-73.9347,40.69629
4241,-73.9347,40.71721
4242,-73.93469,40.72491
4243,-73.93466,40.80818
4244,-73.93465,40.72483
4245,-73.93463,40.73943
4246,-73.93462,40.72475
4247,-73.93461,40.73772
4248,-73.93458,40.73968
4249,-73.93457,40.70891
4250,-73.93456,40.69555
4251,-73.93456,40.70324
4252,-73.93453,40.71275
4253,-73.93452,40.70044
4254,-73.93448,40.74484
4255,-73.93442,40.69482
4256,-73.9344,40.74603
4257,-73.93439,40.80564
4258,-73.93435,40.67956
4259,-73.93434,40.73734
4260,-73.93431,40.74103
4261,-73.9343,40.72406
4262,-73.93428,40.69982
4263,-73.93427,40.69409
4264,-73.93426,40.71212
4265,-73.93423,40.7033
4266,-73.93421,40.7081
4267,-73.93413,40.69335
4268,-73.93413,40.69636
4269,-73.93412,40.72686
4270,-73.93402,40.71569
4271,-73.93401,40.69712
4272,-73.93401,40.69911
4273,-73.93401,40.7234
4274,-73.93399,40.69826
4275,-73.93398,40.69262
4276,-73.93398,40.71559
4277,-73.93396,40.75657
4278,-73.93395,40.70267
4279,-73.93394,40.74287
4280,-73.93392,40.70749
4281,-73.93392,40.73833
4282,-73.93389,40.71134
4283,-73.93383,40.69189
4284,-73.93383,40.69618
4285,-73.93379,40.69842
4286,-73.93379,40.70707
4287,-73.93374,40.73758
4288,-73.93371,40.70679
4289,-73.93371,40.73927
4290,-73.9337,40.6981
4291,-73.93369,40.691160000000004
4292,-73.9336,40.71067
4293,-73.93359,40.70637
4294,-73.93359,40.74473
4295,-73.93354,40.69043
4296,-73.93352,40.70285
4297,-73.93351,40.70609
4298,-73.93351,40.73772
4299,-73.9335,40.74515
4300,-73.93346,40.72522
4301,-73.93344,40.71438
4302,-73.9334,40.70567
4303,-73.93339,40.68969
4304,-73.93338,40.74092
4305,-73.93336,40.74491
4306,-73.93334,40.72583
4307,-73.93332,40.70539
4308,-73.9333,40.70999
4309,-73.93326,40.74629
4310,-73.93325,40.69785
4311,-73.9332,40.70497
4312,-73.93318,40.7138
4313,-73.93314,40.70083
4314,-73.93313,40.72537
4315,-73.93312,40.69579
4316,-73.93312,40.7047
4317,-73.93312,40.74499
4318,-73.93311,40.7253
4319,-73.93307,40.73698
4320,-73.93305,40.72516
4321,-73.93302,40.73709
4322,-73.93301,40.70428
4323,-73.93301,40.74277
4324,-73.933,40.70932
4325,-73.93294,40.70399
4326,-73.93288,40.73785
4327,-73.93288,40.74465
4328,-73.93284,40.69725
4329,-73.93284,40.73887
4330,-73.93282,40.70358
4331,-73.93279,40.70243
4332,-73.93279,40.73752
4333,-73.93278,40.70006
4334,-73.93271,40.72447
4335,-73.9327,40.70317
4336,-73.93265,40.73634
4337,-73.93264,40.74462
4338,-73.93258,40.74494
4339,-73.93255,40.72786
4340,-73.93252,40.70824
4341,-73.9325,40.80563
4342,-73.93245,40.74081
4343,-73.93244,40.72381
4344,-73.93242,40.71435
4345,-73.93241,40.71023
4346,-73.93237,40.69536
4347,-73.93237,40.72807
4348,-73.93235,40.69981
4349,-73.93233,40.71401
4350,-73.9323,40.70775
4351,-73.93227,40.69732
4352,-73.93227,40.7465
4353,-73.93209,40.70705
4354,-73.93208,40.74266
4355,-73.93207,40.70779
4356,-73.93207,40.72689
4357,-73.93206,40.73706
4358,-73.93204,40.702
4359,-73.93203,40.69963
4360,-73.93197,40.73847
4361,-73.93196,40.75197
4362,-73.93193,40.69512
4363,-73.93193,40.7374
4364,-73.93189,40.70635
4365,-73.93184,40.69708
4366,-73.93183,40.69801
4367,-73.93177,40.69503
4368,-73.93177,40.72624
4369,-73.93173,40.70355
4370,-73.93172,40.74451
4371,-73.9317,40.70566
4372,-73.93165,40.73832
4373,-73.93165,40.74483
4374,-73.93162,40.72591
4375,-73.93161,40.73683
4376,-73.9316,40.71801
4377,-73.9316,40.72585
4378,-73.93156,40.69936
4379,-73.93152,40.74071
4380,-73.93151,40.70496
4381,-73.93148,40.70715
4382,-73.93148,40.71422
4383,-73.93147,40.72556
4384,-73.93146,40.69485
4385,-73.93144,40.73689
4386,-73.93134,40.69442
4387,-73.93134,40.69742
4388,-73.93134,40.74641
4389,-73.93133,40.67937
4390,-73.93133,40.73694
4391,-73.93131,40.70426
4392,-73.93129,40.70157
4393,-73.93128,40.6992
4394,-73.93127,40.7467
4395,-73.93125,40.69747
4396,-73.93122,40.69743
4397,-73.9312,40.69369
4398,-73.93117,40.72489
4399,-73.93116,40.70377
4400,-73.93116,40.74255
4401,-73.93114,40.69467
4402,-73.9311,40.73807
4403,-73.93108,40.69666
4404,-73.93105,40.69296
4405,-73.93101,40.73707
4406,-73.93091,40.69223
4407,-73.93089,40.70651
4408,-73.93087,40.72422
4409,-73.93081,40.73715
4410,-73.93078,40.7444
4411,-73.93077,40.69891
4412,-73.93076,40.6915
4413,-73.93072,40.72784
4414,-73.93072,40.74471
4415,-73.93069,40.73787
4416,-73.93065,40.71293
4417,-73.93063,40.7051
4418,-73.93062,40.69076
4419,-73.9306,40.7406
4420,-73.93059,40.70347
4421,-73.93059,40.71445
4422,-73.93059,40.72654
4423,-73.93054,40.70114
4424,-73.93052,40.69877
4425,-73.93051,40.69432
4426,-73.9305,40.69634
4427,-73.93048,40.72733
4428,-73.93047,40.69003
4429,-73.93045,40.72657
4430,-73.93041,40.7463
4431,-73.9304,40.71229
4432,-73.9304,40.71572
4433,-73.93035,40.69625
4434,-73.93031,40.70588
4435,-73.93029,40.7469
4436,-73.93025,40.72681
4437,-73.93024,40.70413
4438,-73.93024,40.72675
4439,-73.93024,40.73767
4440,-73.93023,40.74245
4441,-73.930179999999993,40.72663
4442,-73.93,40.71439
4443,-73.92996,40.69825
4444,-73.92995,40.73754
4445,-73.92994,40.72763
4446,-73.92989,40.696
4447,-73.92989,40.726
4448,-73.92986,40.74429
4449,-73.92984,40.70305
4450,-73.9298,40.7043
4451,-73.9298,40.74461
4452,-73.92979,40.70072
4453,-73.9297,40.69386
4454,-73.9297,40.70525
4455,-73.92967,40.74049
4456,-73.92964,40.72535
4457,-73.92962,40.69761
4458,-73.92949,40.72677
4459,-73.92948,40.71324
4460,-73.92948,40.74619
4461,-73.92939,40.69771
4462,-73.92934,40.74706
4463,-73.92932,40.69764
4464,-73.92931,40.79751
4465,-73.9293,40.74234
4466,-73.92924,40.69564
4467,-73.9292,40.72465
4468,-73.92918,40.71258
4469,-73.92918,40.72776
4470,-73.92909,40.70262
4471,-73.92906,40.67928
4472,-73.92906,40.72769
4473,-73.92904,40.70029
4474,-73.92893,40.74418
4475,-73.92887,40.74448
4476,-73.92883,40.69719
4477,-73.92874,40.70472
4478,-73.92864,40.69324
4479,-73.92861,40.73669
4480,-73.92855,40.74608
4481,-73.92843,40.6952
4482,-73.9284,40.70453
4483,-73.92834,40.70219
4484,-73.92834,40.72642
4485,-73.92832,40.74729
4486,-73.92801,40.73666
4487,-73.92791,40.71364
4488,-73.92782,40.69782
4489,-73.92781,40.72505
4490,-73.9278,40.69958
4491,-73.92764,40.70409
4492,-73.92759,40.70176
4493,-73.92751,40.6926
4494,-73.92741,40.70854
4495,-73.92721,40.70784
4496,-73.92705,40.69916
4497,-73.92702,40.70715
4498,-73.92689,40.70367
4499,-73.92682,40.70645
4500,-73.92663,40.70575
4501,-73.92658,40.70556
4502,-73.92645,40.692
4503,-73.9263,40.69874
4504,-73.92614,40.70324
4505,-73.92609,40.70568
4506,-73.92603,40.71338
4507,-73.9259,40.70588
4508,-73.92554,40.73254
4509,-73.92536,40.69137
4510,-73.92524,40.71972
4511,-73.92516,40.6981
4512,-73.92439,40.69083
4513,-73.9243,40.73988
4514,-73.92298,40.76764
4515,-73.92271,40.71648
4516,-73.92176,40.69845
4517,-73.92144,40.70913
4518,-73.92096,40.74136
4519,-73.9207,40.70869
4520,-73.91837,40.69881
4521,-73.91689,40.74279
4522,-73.91651,40.73895
4523,-73.91444,40.74056
4524,-73.91248,40.74417
4525,-73.91243,40.78405
4526,-73.91104,40.69953
4527,-73.9084,40.74515
4528,-73.90642,40.68513
4529,-73.90473,40.68875
4530,-73.90449,40.6863
4531,-73.9036,40.69041
4532,-73.90071,40.67714
4533,-73.89999,40.6769
4534,-73.8976,40.6781
4535,-73.87477,40.73463
4536,-73.86822,40.73288
4537,-73.86795,40.73275
4538,-73.8554,40.75834
4539,-73.85359,40.72714
4540,-73.72123,40.76461
4541,-73.72106,40.7645
