edge,from,to,length_m,min_25kmh
1,1,854,9484.5,22.763
2,2,159,887.9,2.131
3,3,162,879.6,2.111
4,4,7,74.6,0.179
5,5,12,73.6,0.177
6,6,10,37,0.089
7,7,10,80,0.192
8,7,13,163.6,0.393
9,7,15,89.3,0.214
10,8,12,60.4,0.145
11,9,31,111.2,0.267
12,10,14,79,0.19
13,10,23,81.4,0.195
14,11,14,37,0.089
15,12,16,76.1,0.183
16,12,26,74.4,0.179
17,13,15,104.6,0.251
18,13,17,35.1,0.084
19,14,23,145.4,0.349
20,14,26,85.5,0.205
21,15,23,79.1,0.19
22,16,20,34.9,0.084
23,17,18,37.3,0.09
24,17,21,15.6,0.037
25,18,24,20.7,0.05
26,18,33,184.5,0.443
27,19,32,98.6,0.237
28,20,31,89.3,0.214
29,21,24,20.3,0.049
30,21,25,10.7,0.026
31,21,38,328.2,0.788
32,22,29,102,0.245
33,22,32,106.3,0.255
34,22,37,75.8,0.182
35,24,27,8.8,0.021
36,24,33,199.9,0.48
37,25,27,18.3,0.044
38,25,30,22.1,0.053
39,25,39,302.2,0.725
40,26,41,81.9,0.197
41,27,28,17.4,0.042
42,27,36,198.5,0.476
43,28,30,27.3,0.066
44,28,36,184.2,0.442
45,29,40,165.7,0.398
46,29,50,103.4,0.248
47,30,45,61,0.146
48,31,57,119.9,0.288
49,31,64,284.4,0.683
50,32,37,41.7,0.1
51,32,81,222.2,0.533
52,33,34,36.5,0.088
53,34,35,15,0.036
54,34,42,30.3,0.073
55,35,41,73,0.175
56,35,43,29.8,0.072
57,36,42,58.8,0.141
58,36,45,257.7,0.618
59,37,47,58.5,0.14
60,38,39,22.5,0.054
61,38,44,21.6,0.052
62,38,300,1902.3,4.566
63,39,46,22.7,0.054
64,39,49,297.4,0.714
65,40,66,121.2,0.291
66,40,77,173.6,0.417
67,41,57,235.8,0.566
68,42,43,13.9,0.033
69,42,55,51.6,0.124
70,42,56,175.9,0.422
71,43,48,47.3,0.114
72,43,51,32.1,0.077
73,44,46,21.6,0.052
74,44,125,325.9,0.782
75,44,314,1869,4.486
76,45,49,23.5,0.056
77,46,54,310.2,0.744
78,46,76,158.5,0.38
79,47,50,36.3,0.087
80,47,74,112,0.269
81,48,51,46.9,0.113
82,48,53,87.2,0.209
83,48,57,241.7,0.58
84,48,59,75.6,0.181
85,48,69,171.5,0.412
86,49,54,19.1,0.046
87,49,56,126.2,0.303
88,50,52,24.8,0.06
89,50,74,104.7,0.251
90,51,55,24.5,0.059
91,51,59,37.2,0.089
92,52,66,139.6,0.335
93,52,72,138.7,0.333
94,53,60,108.2,0.26
95,53,69,73.9,0.177
96,54,58,17.8,0.043
97,54,63,155.7,0.374
98,55,56,139,0.334
99,57,62,26.3,0.063
100,57,64,144.1,0.346
101,58,71,172.3,0.414
102,58,73,62.4,0.15
103,59,63,125.6,0.301
104,60,62,44.8,0.108
105,60,78,76.3,0.183
106,61,76,61.3,0.147
107,62,65,67.6,0.162
108,62,82,75,0.18
109,63,75,74.4,0.179
110,64,70,24,0.058
111,64,81,300.9,0.722
112,65,70,71.6,0.172
113,65,82,144.2,0.346
114,66,72,24.3,0.058
115,66,77,79.8,0.192
116,67,68,49.7,0.119
117,67,83,98.6,0.237
118,67,105,121.1,0.291
119,68,73,106.8,0.256
120,68,102,108,0.259
121,69,78,98.8,0.237
122,69,89,72.5,0.174
123,70,87,301.1,0.723
124,71,88,86.9,0.209
125,71,97,99.1,0.238
126,72,84,79.8,0.192
127,72,99,105.7,0.254
128,73,97,172.3,0.414
129,74,90,65.7,0.158
130,75,80,49,0.118
131,75,88,47.2,0.113
132,76,79,35.6,0.085
133,76,85,33.8,0.081
134,77,84,24.4,0.059
135,78,82,48.7,0.117
136,78,96,77.1,0.185
137,79,83,105.9,0.254
138,79,85,41.6,0.1
139,80,89,100.1,0.24
140,80,91,41.8,0.1
141,81,87,21.5,0.052
142,81,90,169.7,0.407
143,82,103,78.5,0.188
144,83,111,85.7,0.206
145,84,104,76.1,0.183
146,85,86,7.7,0.018
147,85,123,130.2,0.312
148,87,92,86.4,0.207
149,87,118,112.8,0.271
150,88,91,19.2,0.046
151,89,96,89.1,0.214
152,89,107,57.6,0.138
153,90,99,142.4,0.342
154,90,100,28.9,0.069
155,91,93,25.7,0.062
156,92,98,73.6,0.177
157,92,120,103,0.247
158,93,107,77.4,0.186
159,93,119,84.5,0.203
160,94,97,94.1,0.226
161,94,101,110.3,0.265
162,94,115,59,0.142
163,95,108,34.3,0.082
164,96,103,48.6,0.117
165,97,119,117.8,0.283
166,98,100,16.1,0.039
167,98,113,48.8,0.117
168,99,104,82.7,0.198
169,99,109,27.9,0.067
170,100,109,134.7,0.323
171,100,151,159.3,0.382
172,101,102,50.9,0.122
173,101,143,136.2,0.327
174,102,105,55.1,0.132
175,102,142,128.4,0.308
176,103,106,24.2,0.058
177,104,108,20.5,0.049
178,104,112,30.1,0.072
179,105,111,78.1,0.187
180,105,116,38.1,0.091
181,106,110,41.6,0.1
182,106,126,82.1,0.197
183,107,126,152.3,0.366
184,107,130,92.7,0.222
185,108,114,27.2,0.065
186,108,122,327.4,0.786
187,109,112,81.1,0.195
188,109,161,177.4,0.426
189,110,131,88.6,0.213
190,110,138,144,0.346
191,111,124,58,0.139
192,111,127,143,0.343
193,112,114,20.7,0.05
194,112,117,17,0.041
195,114,117,38.9,0.093
196,114,121,196.1,0.471
197,115,132,183.4,0.44
198,115,145,124.1,0.298
199,115,146,91.4,0.219
200,116,124,65.8,0.158
201,116,141,86.5,0.208
202,117,166,157.1,0.377
203,118,120,90.2,0.216
204,118,139,84.6,0.203
205,119,130,89.6,0.215
206,119,132,60.8,0.146
207,120,134,57.9,0.139
208,121,129,142.3,0.342
209,121,190,161.9,0.389
210,122,129,22.1,0.053
211,122,133,225.1,0.54
212,123,125,13.3,0.032
213,123,127,21,0.05
214,123,252,256.6,0.616
215,124,148,69.3,0.166
216,125,218,194.9,0.468
217,125,220,200.6,0.481
218,126,128,10.6,0.025
219,127,158,80.9,0.194
220,128,131,28.4,0.068
221,128,164,105.5,0.253
222,129,135,148.3,0.356
223,129,201,155.7,0.374
224,130,136,39.5,0.095
225,131,138,47.7,0.114
226,131,171,108,0.259
227,132,152,118.2,0.284
228,132,157,65.2,0.156
229,133,137,74,0.178
230,133,140,18.1,0.043
231,134,147,71.6,0.172
232,134,165,73.2,0.176
233,135,140,76.9,0.185
234,135,178,90.2,0.216
235,136,152,46.9,0.113
236,136,154,72,0.173
237,137,149,17.3,0.042
238,137,153,246.4,0.591
239,138,156,84.2,0.202
240,138,182,112.5,0.27
241,139,165,81.3,0.195
242,139,204,152.3,0.366
243,140,149,74.1,0.178
244,140,181,91.1,0.219
245,141,142,14.5,0.035
246,141,148,54.7,0.131
247,141,179,84.9,0.204
248,142,143,49,0.118
249,143,144,25.5,0.061
250,144,145,52.4,0.126
251,144,194,120.8,0.29
252,145,146,25.5,0.061
253,146,157,151.6,0.364
254,146,219,137.5,0.33
255,147,151,69.9,0.168
256,147,180,95.6,0.229
257,148,158,133.9,0.321
258,148,199,116.3,0.279
259,149,150,72.9,0.175
260,149,189,89,0.214
261,150,155,72.7,0.174
262,150,192,86.8,0.208
263,151,161,78.5,0.188
264,151,203,118.5,0.284
265,152,177,65.4,0.157
266,153,159,66.2,0.159
267,153,163,18.2,0.044
268,154,164,37.9,0.091
269,154,200,111.4,0.267
270,155,163,99.1,0.238
271,155,198,86.1,0.207
272,156,173,80.8,0.194
273,156,215,122.2,0.293
274,157,177,102.7,0.246
275,157,226,123.9,0.297
276,158,214,102.6,0.246
277,159,160,11,0.026
278,159,167,21.6,0.052
279,160,162,26.8,0.064
280,160,168,18.9,0.045
281,161,166,79.8,0.192
282,161,236,140.3,0.337
283,162,169,18.8,0.045
284,162,174,335,0.804
285,163,167,57.9,0.139
286,163,209,84.1,0.202
287,164,171,26.5,0.064
288,165,180,68.3,0.164
289,165,238,131,0.314
290,166,172,70,0.168
291,166,260,170,0.408
292,167,168,19,0.046
293,167,209,100.7,0.242
294,168,169,28.4,0.068
295,168,211,101.8,0.244
296,169,170,8.8,0.021
297,169,224,80.8,0.194
298,170,183,327,0.785
299,170,225,80.8,0.194
300,171,182,47.2,0.113
301,171,230,114.4,0.275
302,172,175,61.7,0.148
303,172,262,160.1,0.384
304,173,188,64.1,0.154
305,173,247,130.6,0.313
306,174,176,79.8,0.192
307,174,183,19.4,0.047
308,175,184,72.9,0.175
309,175,216,60.2,0.144
310,176,186,17.5,0.042
311,176,205,981.1,2.355
312,177,200,75.7,0.182
313,177,245,128.6,0.309
314,178,181,76,0.182
315,178,223,64.9,0.156
316,179,185,17.5,0.042
317,179,199,58.6,0.141
318,180,203,69.9,0.168
319,180,259,128.4,0.308
320,181,189,73.6,0.177
321,181,233,67.3,0.162
322,182,215,86.2,0.207
323,182,239,86.6,0.208
324,183,186,79.8,0.192
325,183,254,101.7,0.244
326,184,190,77.1,0.185
327,184,246,88.2,0.212
328,185,207,111.9,0.269
329,185,248,119.9,0.288
330,186,191,82.5,0.198
331,186,261,108.8,0.261
332,187,213,39.3,0.094
333,188,204,67.6,0.162
334,188,270,138.6,0.333
335,189,192,73.2,0.176
336,189,240,67.9,0.163
337,190,195,72.6,0.174
338,190,256,91.3,0.219
339,191,193,81.3,0.195
340,191,269,112.9,0.271
341,192,198,73.5,0.176
342,192,244,68.7,0.165
343,193,196,80.2,0.192
344,193,280,120.4,0.289
345,194,207,32.4,0.078
346,194,219,51.6,0.124
347,195,201,74.3,0.178
348,195,295,135.7,0.326
349,196,197,43.1,0.103
350,196,291,126.6,0.304
351,197,202,85.5,0.205
352,197,227,33.1,0.079
353,198,209,98,0.235
354,198,250,68,0.163
355,199,276,134.7,0.323
356,200,230,56.5,0.136
357,200,274,131.3,0.315
358,201,208,71.7,0.172
359,201,303,136.2,0.327
360,202,206,75.9,0.182
361,202,232,31,0.074
362,203,236,73,0.175
363,203,286,127.4,0.306
364,204,238,80.7,0.194
365,204,301,149.8,0.36
366,205,213,80.7,0.194
367,205,221,17.4,0.042
368,206,210,44.5,0.107
369,206,308,139.5,0.335
370,207,234,37.3,0.09
371,208,223,79.6,0.191
372,208,258,64.9,0.156
373,209,242,38.4,0.092
374,209,255,81,0.194
375,210,212,37.9,0.091
376,210,310,138.5,0.332
377,211,224,87.3,0.21
378,211,242,45.5,0.109
379,212,217,78.7,0.189
380,212,312,137.5,0.33
381,213,229,14.5,0.035
382,213,251,131.4,0.315
383,214,252,55.1,0.132
384,214,341,201.9,0.485
385,215,243,69,0.166
386,215,264,93,0.223
387,216,241,30.5,0.073
388,216,265,89.7,0.215
389,217,222,78.6,0.189
390,217,319,138.7,0.333
391,218,220,11.5,0.028
392,218,249,49.8,0.12
393,219,226,73.2,0.176
394,219,234,46,0.11
395,219,273,82.7,0.198
396,220,249,43,0.103
397,220,366,222.9,0.535
398,221,229,73.7,0.177
399,221,231,128.8,0.309
400,221,237,85.8,0.206
401,222,228,107.3,0.258
402,222,325,137.3,0.33
403,223,233,74.1,0.178
404,223,263,62.7,0.15
405,224,225,9.6,0.023
406,224,266,69.3,0.166
407,225,254,327,0.785
408,225,267,69.3,0.166
409,226,245,71.6,0.172
410,226,268,73.2,0.176
411,227,232,83.9,0.201
412,227,299,106.5,0.256
413,228,231,66.4,0.159
414,228,330,134.3,0.322
415,229,237,13.8,0.033
416,229,296,346.7,0.832
417,230,253,67.4,0.162
418,231,332,135.8,0.326
419,232,306,107.5,0.258
420,233,240,74.4,0.179
421,233,272,60.6,0.145
422,234,248,35.1,0.084
423,235,251,127.5,0.306
424,236,260,73.9,0.177
425,236,317,127.1,0.305
426,237,278,158.9,0.381
427,237,342,137.6,0.33
428,238,259,68.5,0.164
429,238,339,155.3,0.373
430,239,253,29.1,0.07
431,239,264,74.8,0.18
432,240,244,72.6,0.174
433,240,337,131,0.314
434,241,246,74.4,0.179
435,241,271,48.8,0.117
436,242,257,37.4,0.09
437,243,247,11.2,0.027
438,243,315,129.8,0.312
439,244,250,73.3,0.176
440,244,348,132,0.317
441,245,274,75,0.18
442,245,289,71,0.17
443,246,256,78.6,0.189
444,246,279,47.2,0.113
445,247,270,63,0.151
446,248,276,65.5,0.157
447,248,281,58.9,0.141
448,249,366,191.9,0.461
449,250,255,54,0.13
450,250,304,73.8,0.177
451,251,283,217.9,0.523
452,252,360,163.9,0.393
453,253,282,62.5,0.15
454,253,328,135.9,0.326
455,254,261,80.6,0.193
456,254,302,64.4,0.155
457,255,257,14.8,0.036
458,255,304,91.2,0.219
459,256,288,43.5,0.104
460,257,266,135.7,0.326
461,257,298,77.9,0.187
462,258,263,80.1,0.192
463,258,309,71.2,0.171
464,259,286,69.7,0.167
465,259,376,156.3,0.375
466,260,262,74.2,0.178
467,260,287,65.1,0.156
468,260,354,128,0.307
469,261,269,81.7,0.196
470,261,316,68.8,0.165
471,262,265,81.6,0.196
472,262,287,37.6,0.09
473,263,272,73.7,0.177
474,263,322,71.1,0.171
475,264,282,34,0.082
476,265,271,38.5,0.092
477,265,318,72.4,0.174
478,266,267,8.4,0.02
479,266,321,63.5,0.152
480,267,277,84.7,0.203
481,267,323,63.5,0.152
482,268,273,26.1,0.063
483,268,289,56.3,0.135
484,269,280,81,0.194
485,269,333,74,0.178
486,270,301,68.3,0.164
487,270,370,133.7,0.321
488,271,275,37.4,0.09
489,272,331,70.4,0.169
490,273,281,51,0.122
491,273,344,87.7,0.21
492,274,297,53.9,0.129
493,274,390,164.1,0.394
494,275,279,36.6,0.088
495,275,351,102.7,0.246
496,276,290,22.2,0.053
497,276,347,130.3,0.313
498,277,285,81,0.194
499,277,392,130.5,0.313
500,278,293,84.8,0.204
501,278,356,97.1,0.233
502,279,284,38.3,0.092
503,280,291,80.6,0.193
504,280,345,78.1,0.187
505,281,344,100.4,0.241
506,282,315,67.2,0.161
507,282,346,140.3,0.337
508,283,296,16.6,0.04
509,283,305,185.7,0.446
510,284,288,42,0.101
511,284,385,132.2,0.317
512,285,294,81.1,0.195
513,285,398,129.8,0.312
514,286,317,73.2,0.176
515,286,403,158.7,0.381
516,287,318,73.9,0.177
517,287,384,125.8,0.302
518,288,292,43.4,0.104
519,289,353,89.4,0.215
520,290,324,59.1,0.142
521,290,336,75.9,0.182
522,291,299,86.4,0.207
523,291,365,83.1,0.199
524,292,295,29.9,0.072
525,292,412,166.2,0.399
526,293,334,89.8,0.216
527,293,388,119.1,0.286
528,294,302,80.7,0.194
529,294,404,129.5,0.311
530,295,303,73.5,0.176
531,295,426,150,0.36
532,296,307,91.4,0.219
533,296,334,48.1,0.115
534,296,358,76.3,0.183
535,297,328,53,0.127
536,297,407,166.9,0.401
537,298,321,181.3,0.435
538,298,357,84.7,0.203
539,299,306,84.4,0.203
540,299,386,96.6,0.232
541,301,339,79.2,0.19
542,301,350,55.2,0.132
543,301,369,97.1,0.233
544,302,316,80.8,0.194
545,302,409,127.9,0.307
546,303,309,73.7,0.177
547,303,431,151.2,0.363
548,304,355,75.3,0.181
549,305,313,77.4,0.186
550,305,320,18,0.043
551,306,308,77.1,0.185
552,306,397,104.3,0.25
553,307,320,89.1,0.214
554,307,372,78.3,0.188
555,308,310,42.6,0.102
556,308,406,114.4,0.275
557,309,322,79.7,0.191
558,309,352,66.6,0.16
559,309,420,124.7,0.299
560,310,312,34.9,0.084
561,311,327,17.3,0.042
562,311,343,166.3,0.399
563,311,362,272.9,0.655
564,312,319,79.6,0.191
565,312,421,125.2,0.3
566,313,326,81.3,0.195
567,313,329,16.7,0.04
568,315,364,71,0.17
569,315,370,95.5,0.229
570,316,333,81.9,0.197
571,316,422,121.4,0.291
572,317,354,73.2,0.176
573,317,437,160.9,0.386
574,318,351,69.2,0.166
575,318,408,126.4,0.303
576,319,325,75.8,0.182
577,319,433,134.8,0.324
578,320,329,78.8,0.189
579,320,401,110.6,0.265
580,321,323,8.3,0.02
581,321,382,67.3,0.162
582,322,331,72.1,0.173
583,323,383,67.4,0.162
584,324,368,72.6,0.174
585,324,375,76.1,0.183
586,325,330,86,0.206
587,325,443,146.2,0.351
588,326,338,18.3,0.044
589,326,362,281.4,0.675
590,327,363,164.5,0.395
591,327,379,241.3,0.579
592,327,448,168,0.403
593,328,346,36.1,0.087
594,328,389,88.3,0.212
595,329,338,78.7,0.189
596,329,432,139.9,0.336
597,330,332,66,0.158
598,330,450,148.3,0.356
599,331,337,74,0.178
600,331,391,76,0.182
601,332,335,65.4,0.157
602,332,451,145.2,0.348
603,333,345,81.3,0.195
604,333,428,114.3,0.274
605,334,358,54.1,0.13
606,334,423,119.1,0.286
607,335,340,68.6,0.165
608,335,453,142.2,0.341
609,336,375,57.6,0.138
610,336,395,84,0.202
611,337,348,73.3,0.176
612,338,349,80,0.192
613,338,462,167.4,0.402
614,339,361,36.1,0.087
615,339,376,70.1,0.168
616,340,342,68.5,0.164
617,340,455,138.7,0.333
618,341,347,11.1,0.027
619,341,360,20.3,0.049
620,342,356,102.8,0.247
621,342,456,135.3,0.325
622,343,363,18.1,0.043
623,343,402,237.8,0.571
624,344,353,12.1,0.029
625,345,365,81.4,0.195
626,345,438,108.1,0.259
627,346,378,51.2,0.123
628,346,389,95.9,0.23
629,347,368,22.9,0.055
630,348,355,26.5,0.064
631,349,359,80,0.192
632,349,485,195.7,0.47
633,350,361,71.1,0.171
634,350,425,89.9,0.216
635,351,385,69.6,0.167
636,351,440,126.6,0.304
637,352,373,28.3,0.068
638,352,391,105.7,0.254
639,353,390,70,0.168
640,353,395,62,0.149
641,354,384,65.4,0.157
642,354,464,161.5,0.388
643,355,357,20.5,0.049
644,355,391,312.5,0.75
645,356,388,81.4,0.195
646,356,463,154.5,0.371
647,357,367,96.6,0.232
648,357,380,32.9,0.079
649,357,405,91.6,0.22
650,358,372,32.9,0.079
651,359,371,78.8,0.189
652,359,511,225.3,0.541
653,360,366,6.9,0.017
654,360,368,24.7,0.059
655,360,791,733.9,1.761
656,361,416,73.4,0.176
657,362,379,29.7,0.071
658,363,381,78.2,0.188
659,363,507,212.3,0.51
660,364,400,61.9,0.149
661,364,411,107.7,0.258
662,365,386,121,0.29
663,365,442,100.7,0.242
664,366,722,605.7,1.454
665,367,377,70.3,0.169
666,367,414,64,0.154
667,368,410,77.5,0.186
668,369,396,41,0.098
669,369,436,113.9,0.273
670,370,396,50.5,0.121
671,370,411,70.1,0.168
672,371,374,37.3,0.09
673,371,547,252,0.605
674,372,401,80.9,0.194
675,372,558,274.2,0.658
676,373,420,68.2,0.164
677,373,460,169.2,0.406
678,374,379,37.6,0.09
679,374,393,43.8,0.105
680,375,410,79.4,0.191
681,375,427,88.4,0.212
682,376,403,68.9,0.165
683,377,382,64,0.154
684,377,424,60.1,0.144
685,378,400,49.3,0.118
686,378,430,86.7,0.208
687,379,418,95.2,0.228
688,380,387,48.4,0.116
689,380,465,153.9,0.369
690,381,399,82.5,0.198
691,381,540,231.8,0.556
692,382,383,8.5,0.02
693,382,424,100.2,0.24
694,383,392,85.1,0.204
695,383,497,151.1,0.363
696,384,408,73.2,0.176
697,384,489,163,0.391
698,385,412,78.9,0.189
699,385,468,126.6,0.304
700,386,394,58.5,0.14
701,386,461,96.9,0.233
702,387,405,51.5,0.124
703,387,473,116,0.278
704,388,423,87.6,0.21
705,388,492,156.2,0.375
706,389,430,89,0.214
707,389,434,79.4,0.191
708,390,407,45.1,0.108
709,390,435,74.9,0.18
710,392,398,81.3,0.195
711,392,506,151.1,0.363
712,393,418,87.7,0.21
713,393,572,266,0.638
714,394,397,24.6,0.059
715,394,417,31.8,0.076
716,395,427,57.6,0.138
717,395,435,72.1,0.173
718,396,452,104.9,0.252
719,396,474,131.4,0.315
720,397,406,80.1,0.192
721,397,467,90.3,0.217
722,398,404,80.8,0.194
723,398,510,151.1,0.363
724,399,415,79.8,0.192
725,399,569,249.7,0.599
726,400,447,82.5,0.198
727,400,457,119.3,0.286
728,401,432,74.9,0.18
729,401,585,272.2,0.653
730,402,415,19.6,0.047
731,402,429,83.3,0.2
732,403,437,74.1,0.178
733,404,409,80.7,0.194
734,404,518,151.2,0.363
735,405,414,25.1,0.06
736,406,419,65.2,0.156
737,406,470,84.3,0.202
738,407,434,48.7,0.117
739,408,440,69.2,0.166
740,408,444,50.2,0.12
741,409,422,80.9,0.194
742,409,527,151.1,0.363
743,410,466,83.3,0.2
744,411,457,62.9,0.151
745,412,426,96.6,0.232
746,412,445,76.4,0.183
747,412,496,126.2,0.303
748,413,414,8.1,0.019
749,413,473,112.1,0.269
750,413,479,95.9,0.23
751,414,424,70.1,0.168
752,414,479,84,0.202
753,415,441,79.8,0.192
754,415,594,265.1,0.636
755,416,425,12.1,0.029
756,416,475,82.1,0.197
757,418,448,84.6,0.203
758,418,602,275.4,0.661
759,419,421,14.7,0.035
760,419,446,38.9,0.093
761,420,439,26.5,0.064
762,421,433,81.5,0.196
763,421,476,78.3,0.188
764,422,428,82,0.197
765,422,536,148.8,0.357
766,423,522,155.2,0.372
767,424,490,91,0.218
768,425,436,25.8,0.062
769,425,478,78.9,0.189
770,426,431,73.1,0.175
771,426,445,43,0.103
772,426,458,42.9,0.103
773,427,466,83.2,0.2
774,427,513,158.4,0.38
775,428,438,80.5,0.193
776,428,570,188.2,0.452
777,429,441,20.3,0.049
778,429,551,319.7,0.767
779,430,447,48.5,0.116
780,430,486,104.3,0.25
781,431,439,73.8,0.177
782,431,487,74,0.178
783,432,462,74.2,0.178
784,432,612,274.4,0.659
785,433,443,80.1,0.192
786,433,484,72.1,0.173
787,434,454,39.7,0.095
788,434,480,91.1,0.219
789,435,480,85.3,0.205
790,436,452,38.8,0.093
791,437,464,71.4,0.171
792,438,442,80.7,0.194
793,438,574,183.8,0.441
794,439,459,22.7,0.054
795,439,460,152.4,0.366
796,440,468,70.3,0.169
797,440,471,50,0.12
798,441,531,235.9,0.566
799,441,626,272.6,0.654
800,442,449,84.7,0.203
801,442,502,79.1,0.19
802,443,450,59.2,0.142
803,443,495,67.8,0.163
804,444,471,69.1,0.166
805,444,519,114.8,0.276
806,445,458,28,0.067
807,445,524,125.6,0.301
808,447,481,56,0.134
809,447,482,65.7,0.158
810,448,477,79.4,0.191
811,448,635,274.6,0.659
812,449,461,70.2,0.168
813,449,517,89.3,0.214
814,450,451,65.8,0.158
815,450,498,82,0.197
816,451,453,65.4,0.157
817,451,504,67.6,0.162
818,452,494,72.1,0.173
819,452,508,118.7,0.285
820,453,455,68.3,0.164
821,453,509,74.2,0.178
822,454,486,49.3,0.118
823,454,503,93.4,0.224
824,455,456,72.3,0.174
825,455,515,81.5,0.196
826,456,463,26.9,0.065
827,456,488,44.9,0.108
828,457,474,49,0.118
829,457,514,93.5,0.224
830,458,472,47.5,0.114
831,459,483,39,0.094
832,459,505,75.9,0.182
833,460,465,84.6,0.203
834,460,501,59.8,0.144
835,461,467,77,0.185
836,461,491,46.8,0.112
837,462,485,74.2,0.178
838,462,643,274.4,0.659
839,463,488,42.5,0.102
840,463,492,80.4,0.193
841,464,489,67,0.161
842,464,563,147.5,0.354
843,465,469,63.6,0.153
844,465,526,116,0.278
845,466,566,171.1,0.411
846,467,470,78,0.187
847,467,578,149.3,0.358
848,468,496,77.7,0.186
849,468,580,169.8,0.408
850,469,473,70.1,0.168
851,469,549,100.5,0.241
852,470,476,77.7,0.186
853,470,567,123.5,0.296
854,471,554,117.1,0.281
855,472,487,32.1,0.077
856,472,541,94.7,0.227
857,473,479,73.2,0.176
858,473,565,113.1,0.271
859,474,508,68,0.163
860,474,543,96.3,0.231
861,475,478,11.7,0.028
862,475,500,31.1,0.075
863,476,484,79.5,0.191
864,476,556,97.9,0.235
865,477,507,77.4,0.186
866,477,664,274.2,0.658
867,478,494,33.4,0.08
868,478,499,28.9,0.069
869,479,490,70.3,0.169
870,479,568,110.9,0.266
871,480,503,38,0.091
872,480,513,57.4,0.138
873,481,516,73.3,0.176
874,481,562,115.1,0.276
875,482,514,63.3,0.152
876,482,533,87.8,0.211
877,483,493,80.2,0.192
878,483,537,81.4,0.195
879,484,495,77.3,0.186
880,484,545,71.6,0.172
881,485,511,74.2,0.178
882,485,672,274.4,0.659
883,486,516,44.5,0.107
884,487,505,46.9,0.113
885,488,521,44.6,0.107
886,489,519,73.5,0.176
887,489,586,147.1,0.353
888,490,497,72.6,0.174
889,490,571,106.2,0.255
890,491,517,84.7,0.203
891,491,593,136.9,0.329
892,492,522,86.8,0.208
893,492,530,55.1,0.132
894,493,501,75,0.18
895,493,534,50.8,0.122
896,494,529,59.6,0.143
897,494,550,103.7,0.249
898,495,512,45.7,0.11
899,496,524,76.6,0.184
900,496,607,172.9,0.415
901,497,506,85.1,0.204
902,497,579,104.6,0.251
903,498,504,43.1,0.103
904,498,512,38.8,0.093
905,499,529,37.5,0.09
906,499,600,145,0.348
907,500,557,85.5,0.205
908,500,599,140.7,0.338
909,501,525,35.1,0.084
910,502,546,55.7,0.134
911,502,555,87.9,0.211
912,503,538,58.8,0.141
913,503,552,78.7,0.189
914,504,509,65.7,0.158
915,504,561,72.4,0.174
916,505,539,46.4,0.111
917,506,510,80.7,0.194
918,506,631,164.1,0.394
919,507,540,78.5,0.188
920,507,696,274.4,0.659
921,508,550,75.8,0.182
922,508,560,104.6,0.251
923,509,515,68.8,0.165
924,509,601,119.6,0.287
925,510,518,80.8,0.194
926,510,650,178.7,0.429
927,511,547,74.4,0.179
928,511,698,274.3,0.658
929,512,528,35.7,0.086
930,512,561,95.3,0.229
931,513,538,35.3,0.085
932,513,566,90.1,0.216
933,514,533,28.5,0.068
934,514,543,48,0.115
935,515,521,73.6,0.177
936,515,622,138.1,0.331
937,516,552,71.8,0.172
938,516,589,108.9,0.261
939,517,546,74.3,0.178
940,517,610,135.9,0.326
941,518,527,81.2,0.195
942,518,667,193.4,0.464
943,519,554,69.2,0.166
944,519,609,140.1,0.336
945,520,544,23.7,0.057
946,521,530,68.5,0.164
947,521,623,128.8,0.309
948,522,542,20,0.048
949,522,548,49.6,0.119
950,523,526,41.4,0.099
951,523,549,91.8,0.22
952,523,582,122.3,0.294
953,524,541,82.1,0.197
954,524,559,75.9,0.182
955,524,603,115.2,0.276
956,525,526,10.9,0.026
957,525,534,78,0.187
958,525,535,7,0.017
959,526,535,11.3,0.027
960,527,532,27.8,0.067
961,527,670,186.1,0.447
962,528,545,73.9,0.177
963,528,633,137.5,0.33
964,529,553,29.4,0.071
965,530,542,93.3,0.224
966,530,623,137.9,0.331
967,531,564,84.1,0.202
968,531,713,272.1,0.653
969,532,536,53.5,0.128
970,532,637,146.6,0.352
971,533,562,69.9,0.168
972,534,537,44.2,0.106
973,535,573,66.1,0.159
974,536,544,21.8,0.052
975,537,539,87.7,0.21
976,537,573,94,0.226
977,537,616,127,0.305
978,538,577,71,0.17
979,538,583,90.2,0.216
980,539,541,92.5,0.222
981,539,588,80.1,0.192
982,540,569,78.7,0.189
983,540,720,274.6,0.659
984,541,559,32.5,0.078
985,542,548,53.5,0.128
986,542,708,254.1,0.61
987,543,560,37.6,0.09
988,544,570,96.8,0.232
989,544,613,106.6,0.256
990,545,556,74.8,0.18
991,545,645,137.2,0.329
992,546,555,35.4,0.085
993,546,640,137.4,0.33
994,547,572,78.9,0.189
995,547,723,274.2,0.658
996,548,558,38.8,0.093
997,549,565,75.4,0.181
998,549,582,59.1,0.142
999,550,595,108.7,0.261
1000,551,564,20.5,0.049
1001,551,1183,1953.7,4.689
1002,552,577,62.2,0.149
1003,552,605,102.9,0.247
1004,553,584,62.5,0.15
1005,553,600,73.4,0.176
1006,554,580,68.8,0.165
1007,555,574,65.6,0.157
1008,555,627,104.4,0.251
1009,556,567,73.2,0.176
1010,556,658,136.8,0.328
1011,557,591,69.6,0.167
1012,557,599,91,0.218
1013,558,585,80.6,0.193
1014,558,736,274.4,0.659
1015,559,588,79,0.19
1016,559,634,115.2,0.276
1017,560,595,74.2,0.178
1018,561,601,85.4,0.205
1019,561,619,81.4,0.195
1020,562,589,75.2,0.18
1021,563,586,66.4,0.159
1022,563,606,74.5,0.179
1023,564,737,272.3,0.654
1024,564,1160,1867.3,4.482
1025,565,575,63.4,0.152
1026,565,587,58.8,0.141
1027,565,624,83.1,0.199
1028,566,583,34.1,0.082
1029,567,578,73.9,0.177
1030,567,668,137.1,0.329
1031,568,571,71.8,0.172
1032,568,575,17.3,0.042
1033,569,594,78.3,0.188
1034,569,743,274.1,0.658
1035,570,581,48.2,0.116
1036,570,590,35.4,0.085
1037,571,579,72.5,0.174
1038,571,592,31.3,0.075
1039,572,602,84.6,0.203
1040,572,746,274.2,0.658
1041,573,615,81.5,0.196
1042,573,629,135.8,0.326
1043,574,581,34.5,0.083
1044,574,597,36.8,0.088
1045,575,587,21,0.05
1046,575,592,85.8,0.206
1047,576,834,1041.3,2.499
1048,577,618,89.6,0.215
1049,577,632,93.8,0.225
1050,578,593,72.8,0.175
1051,578,684,137,0.329
1052,579,608,44.3,0.106
1053,580,598,51.7,0.124
1054,580,679,148.6,0.357
1055,581,590,33,0.079
1056,581,597,49.6,0.119
1057,582,624,96.5,0.232
1058,582,629,68.4,0.164
1059,583,618,62.9,0.151
1060,584,596,20.5,0.049
1061,584,600,28.7,0.069
1062,585,612,74.5,0.179
1063,585,762,276.1,0.663
1064,586,609,73.7,0.177
1065,586,641,77.5,0.186
1066,587,638,75.3,0.181
1067,587,656,157.6,0.378
1068,588,616,74.3,0.178
1069,588,706,180.9,0.434
1070,589,605,48.7,0.117
1071,589,653,83.4,0.2
1072,590,613,71.8,0.172
1073,590,690,135.6,0.325
1074,591,606,31.9,0.077
1075,591,611,139.8,0.336
1076,592,608,69.9,0.168
1077,593,610,58.6,0.141
1078,593,689,122.2,0.293
1079,594,626,78.5,0.188
1080,594,771,274.5,0.659
1081,595,625,59.8,0.144
1082,596,636,97.7,0.234
1083,596,639,68.5,0.164
1084,596,647,76.9,0.185
1085,597,627,92.4,0.222
1086,597,669,98.9,0.237
1087,598,607,26.6,0.064
1088,598,691,146.2,0.351
1089,599,604,13.7,0.033
1090,599,611,18.3,0.044
1091,600,604,10.6,0.025
1092,600,647,82,0.197
1093,601,620,25.4,0.061
1094,601,621,39.3,0.094
1095,602,635,84.4,0.203
1096,602,778,274.3,0.658
1097,603,634,75.8,0.182
1098,603,644,61.6,0.148
1099,604,611,12.8,0.031
1100,604,652,79.4,0.191
1101,605,614,25.2,0.06
1102,605,653,90.7,0.218
1103,606,641,68.6,0.165
1104,607,644,76.5,0.184
1105,607,660,72.5,0.174
1106,608,631,85.7,0.206
1107,608,656,63.4,0.152
1108,609,654,69,0.166
1109,610,640,72.5,0.174
1110,610,680,86.4,0.207
1111,611,617,6,0.014
1112,611,630,27.3,0.066
1113,612,643,74.3,0.178
1114,612,789,274,0.658
1115,613,637,62.3,0.15
1116,613,712,135.9,0.326
1117,615,646,48.2,0.116
1118,615,683,150.3,0.361
1119,616,646,66.9,0.161
1120,616,733,183.1,0.439
1121,617,628,12.3,0.03
1122,617,630,24.6,0.059
1123,618,719,165.1,0.396
1124,619,620,66.1,0.159
1125,619,633,79.3,0.19
1126,619,748,177.8,0.427
1127,620,621,28.4,0.068
1128,620,735,155.5,0.373
1129,621,622,39.7,0.095
1130,621,649,53.2,0.128
1131,622,623,73.8,0.177
1132,622,649,35,0.084
1133,623,677,76.1,0.183
1134,624,638,30.7,0.074
1135,624,682,73.3,0.176
1136,625,636,38.3,0.092
1137,625,655,47.2,0.113
1138,626,713,235.5,0.565
1139,626,802,275.1,0.66
1140,627,642,41.8,0.1
1141,628,674,71,0.17
1142,629,682,122.2,0.293
1143,629,683,80,0.192
1144,630,659,52,0.125
1145,631,650,82.2,0.197
1146,631,671,86.6,0.208
1147,633,645,75.1,0.18
1148,633,730,135.6,0.325
1149,634,678,62.4,0.15
1150,635,664,78.4,0.188
1151,635,809,274.4,0.659
1152,636,639,11.3,0.027
1153,636,651,19.4,0.047
1154,637,692,133.1,0.319
1155,637,726,133.7,0.321
1156,638,682,69,0.166
1157,638,701,158.3,0.38
1158,639,647,23.9,0.057
1159,639,651,21.1,0.051
1160,640,642,12.1,0.029
1161,640,648,13.1,0.031
1162,641,654,58.5,0.14
1163,641,676,55.2,0.132
1164,642,648,18,0.043
1165,642,661,57.6,0.138
1166,643,672,74.4,0.179
1167,643,814,273.9,0.657
1168,644,678,76.1,0.183
1169,644,687,61.7,0.148
1170,645,658,72.6,0.174
1171,645,739,135.9,0.326
1172,646,662,29.3,0.07
1173,647,652,6.8,0.016
1174,647,700,96.3,0.231
1175,648,680,100.6,0.241
1176,648,732,125.1,0.3
1177,649,677,47,0.113
1178,649,715,87.9,0.211
1179,650,667,82.1,0.197
1180,650,671,29.2,0.07
1181,651,655,7.2,0.017
1182,651,675,31.8,0.076
1183,652,659,12.2,0.029
1184,652,700,96.2,0.231
1185,653,673,52.1,0.125
1186,653,710,113.7,0.273
1187,654,676,33.8,0.081
1188,654,679,162.8,0.391
1189,655,756,205,0.492
1190,656,701,76.1,0.183
1191,656,718,163,0.391
1192,657,962,1290.8,3.098
1193,658,668,73.1,0.175
1194,658,747,135,0.324
1195,659,665,8.3,0.02
1196,659,707,97.5,0.234
1197,660,685,53.5,0.128
1198,660,705,73.3,0.176
1199,661,669,33.7,0.081
1200,661,754,152.2,0.365
1201,662,703,76.6,0.184
1202,662,725,164.2,0.394
1203,663,665,43.3,0.104
1204,663,666,41.4,0.099
1205,663,681,36,0.086
1206,663,699,65.2,0.156
1207,664,696,78.5,0.188
1208,664,830,274.5,0.659
1209,665,681,20,0.048
1210,665,707,96.8,0.232
1211,666,674,25.1,0.06
1212,666,714,91.7,0.22
1213,667,670,81.3,0.195
1214,667,692,83.2,0.2
1215,667,709,54.7,0.131
1216,668,684,73.2,0.176
1217,668,738,101.7,0.244
1218,669,686,40.1,0.096
1219,670,692,27.2,0.065
1220,671,709,95.3,0.229
1221,671,718,77.8,0.187
1222,672,698,74.4,0.179
1223,672,835,274.2,0.658
1224,673,697,59.1,0.142
1225,673,741,122.1,0.293
1226,674,806,209.5,0.503
1227,675,757,181.7,0.436
1228,675,759,180.3,0.433
1229,676,702,57.5,0.138
1230,677,695,43.2,0.104
1231,678,706,79.3,0.19
1232,678,716,66.3,0.159
1233,679,691,38.3,0.092
1234,679,731,90.6,0.217
1235,680,689,45.9,0.11
1236,680,704,42.6,0.102
1237,681,699,31.9,0.077
1238,681,753,195.3,0.469
1239,682,727,80.1,0.192
1240,682,740,164.1,0.394
1241,683,725,76.7,0.184
1242,683,727,123.7,0.297
1243,684,693,60.2,0.144
1244,684,717,49.9,0.12
1245,686,690,26.9,0.065
1246,686,786,165.9,0.398
1247,687,716,76.2,0.183
1248,687,734,84.8,0.204
1249,688,781,147.5,0.354
1250,689,693,14.1,0.034
1251,689,694,5.9,0.014
1252,690,712,71.8,0.172
1253,691,705,39,0.094
1254,692,726,151.9,0.365
1255,692,728,66.6,0.16
1256,693,694,12.1,0.029
1257,693,717,76.3,0.183
1258,694,704,32.8,0.079
1259,694,749,88.7,0.213
1260,695,708,45.6,0.109
1261,695,715,77.6,0.186
1262,696,720,78.4,0.188
1263,696,857,274.4,0.659
1264,697,719,66.4,0.159
1265,697,766,128.2,0.308
1266,698,723,74.2,0.178
1267,698,865,274.4,0.659
1268,699,714,17.9,0.043
1269,699,779,211.9,0.509
1270,699,782,206.9,0.497
1271,700,764,138.2,0.332
1272,701,740,68.4,0.164
1273,701,758,162.4,0.39
1274,702,731,102.4,0.246
1275,702,781,145.1,0.348
1276,703,724,58.2,0.14
1277,703,742,82.5,0.198
1278,704,732,70,0.168
1279,704,745,79.9,0.192
1280,704,755,85.9,0.206
1281,705,734,73.3,0.176
1282,705,751,88.3,0.212
1283,706,733,69.5,0.167
1284,706,744,69.4,0.167
1285,707,753,102.5,0.246
1286,708,736,87.7,0.21
1287,708,873,274.3,0.658
1288,709,728,57.2,0.137
1289,710,741,81.5,0.196
1290,710,756,106.2,0.255
1291,711,854,601.7,1.444
1292,712,729,64.9,0.156
1293,712,752,72.2,0.173
1294,713,737,84.5,0.203
1295,713,878,274.1,0.658
1296,714,787,191.7,0.46
1297,714,807,134.7,0.323
1298,715,735,76.8,0.184
1299,715,841,212.8,0.511
1300,716,744,82.1,0.197
1301,716,760,82.5,0.198
1302,717,738,88.4,0.212
1303,717,777,86.1,0.207
1304,718,758,76.1,0.183
1305,718,776,152.5,0.366
1306,719,798,135.2,0.324
1307,720,743,78.5,0.188
1308,720,819,163.6,0.393
1309,721,1029,1406.2,3.375
1310,722,849,223.8,0.537
1311,723,746,78.6,0.189
1312,723,889,274.4,0.659
1313,724,769,120.4,0.289
1314,724,773,80.8,0.194
1315,725,769,76.2,0.183
1316,725,775,124.1,0.298
1317,726,729,16.7,0.04
1318,726,785,101.1,0.243
1319,726,800,125.3,0.301
1320,727,775,77.2,0.185
1321,727,788,163.2,0.392
1322,728,776,76.5,0.184
1323,728,785,149.5,0.359
1324,729,752,95.2,0.228
1325,730,739,74.1,0.178
1326,730,767,57.9,0.139
1327,731,751,74.6,0.179
1328,731,828,165.6,0.397
1329,732,745,29.4,0.071
1330,732,754,69.9,0.168
1331,733,742,32.3,0.078
1332,734,760,76.5,0.184
1333,735,748,55.2,0.132
1334,736,762,80.7,0.194
1335,736,905,273.9,0.657
1336,737,765,85,0.204
1337,737,909,274.2,0.658
1338,738,750,56.6,0.136
1339,738,761,34.2,0.082
1340,739,747,73.9,0.177
1341,739,794,73.9,0.177
1342,740,788,80.4,0.193
1343,740,805,161.3,0.387
1344,741,766,58,0.139
1345,741,808,104.9,0.252
1346,742,773,71.4,0.171
1347,742,780,70.8,0.17
1348,743,771,78.4,0.188
1349,743,915,274.3,0.658
1350,744,780,86.4,0.207
1351,744,801,82.6,0.198
1352,745,825,130.1,0.312
1353,746,778,84.6,0.203
1354,746,918,274.1,0.658
1355,747,750,26.1,0.063
1356,747,763,18.7,0.045
1357,748,767,61.9,0.149
1358,748,818,106.8,0.256
1359,749,755,11.2,0.027
1360,749,784,47.4,0.114
1361,750,761,46.2,0.111
1362,750,763,31.5,0.076
1363,751,810,150.5,0.361
1364,751,811,90.8,0.218
1365,752,774,58.4,0.14
1366,752,800,67.3,0.162
1367,753,772,30.8,0.074
1368,754,786,73.5,0.176
1369,755,784,40.9,0.098
1370,755,793,55.2,0.132
1371,756,757,2.5,0.006
1372,756,808,106.3,0.255
1373,756,853,223.8,0.537
1374,757,759,7.7,0.018
1375,757,770,23.2,0.056
1376,758,805,70.4,0.169
1377,758,820,153.2,0.368
1378,759,764,9.3,0.022
1379,759,768,10.5,0.025
1380,760,801,85.6,0.205
1381,760,810,75.3,0.181
1382,761,777,73.3,0.176
1383,761,833,104.8,0.252
1384,762,789,74.5,0.179
1385,762,933,274.4,0.659
1386,763,794,93.5,0.224
1387,763,812,71.6,0.172
1388,764,768,7.7,0.018
1389,764,772,16.1,0.039
1390,765,797,77.9,0.187
1391,765,935,274.2,0.658
1392,766,798,60.2,0.144
1393,766,827,100.5,0.241
1394,767,794,73.9,0.177
1395,768,783,19.4,0.047
1396,768,840,154.3,0.37
1397,769,815,80.6,0.193
1398,769,816,123,0.295
1399,770,840,135.9,0.326
1400,770,853,202.8,0.487
1401,771,802,77.9,0.187
1402,771,941,274.2,0.658
1403,772,779,23,0.055
1404,772,783,23.9,0.057
1405,773,815,119.1,0.286
1406,773,821,80.2,0.192
1407,774,803,81,0.194
1408,774,847,129.7,0.311
1409,775,816,75.4,0.181
1410,775,831,163,0.391
1411,776,820,76.2,0.183
1412,776,829,149.5,0.359
1413,777,784,72.7,0.174
1414,777,855,121.7,0.292
1415,778,809,83.2,0.2
1416,778,946,274.2,0.658
1417,779,782,7.8,0.019
1418,779,795,24.1,0.058
1419,780,822,86,0.206
1420,781,806,65.5,0.157
1421,782,787,15.8,0.038
1422,782,792,16.4,0.039
1423,783,799,17.8,0.043
1424,783,838,125.5,0.301
1425,784,793,45.7,0.11
1426,784,832,73.1,0.175
1427,785,826,108.1,0.259
1428,785,829,76.1,0.183
1429,786,803,19.5,0.047
1430,787,792,25.1,0.06
1431,787,817,55.1,0.132
1432,787,824,104.1,0.25
1433,788,831,76.3,0.183
1434,788,848,160.4,0.385
1435,789,814,74.3,0.178
1436,789,953,274.4,0.659
1437,790,839,80.8,0.194
1438,791,851,110.7,0.266
1439,791,853,121.9,0.293
1440,792,795,12.1,0.029
1441,792,852,147.3,0.354
1442,793,813,40.4,0.097
1443,794,812,77.5,0.186
1444,794,818,83.1,0.199
1445,794,955,271.5,0.652
1446,795,799,22.5,0.054
1447,795,837,115,0.276
1448,796,1123,1562.2,3.749
1449,797,958,274.7,0.659
1450,797,1413,1846.1,4.431
1451,798,846,93.7,0.225
1452,799,837,93.2,0.224
1453,800,826,52.5,0.126
1454,801,822,67.4,0.162
1455,801,836,69.6,0.167
1456,802,823,79.8,0.192
1457,802,961,272.9,0.655
1458,803,825,77.3,0.186
1459,803,880,135.7,0.326
1460,804,936,1760.1,4.224
1461,805,848,80.1,0.192
1462,805,860,153.4,0.368
1463,806,807,146.3,0.351
1464,806,906,150.3,0.361
1465,807,824,87.2,0.209
1466,807,871,99.4,0.239
1467,808,827,58.3,0.14
1468,809,830,78.6,0.189
1469,809,968,293.5,0.704
1470,810,836,89.2,0.214
1471,810,858,86.2,0.207
1472,811,828,115.4,0.277
1473,811,845,114.9,0.276
1474,812,833,75.3,0.181
1475,813,832,90.2,0.216
1476,813,850,63.9,0.153
1477,814,835,74.3,0.178
1478,814,974,274.3,0.658
1479,815,863,80.8,0.194
1480,815,864,125.8,0.302
1481,816,864,80.6,0.193
1482,816,879,163.7,0.393
1483,817,898,166.6,0.4
1484,817,903,201.7,0.484
1485,818,841,80.7,0.194
1486,818,976,274.4,0.659
1487,820,860,72,0.173
1488,820,872,149.7,0.359
1489,821,863,116.7,0.28
1490,821,866,77.1,0.185
1491,822,856,66.9,0.161
1492,822,866,102.9,0.247
1493,823,878,156,0.374
1494,823,984,277.5,0.666
1495,824,871,111.7,0.268
1496,825,850,77.8,0.187
1497,825,911,141,0.338
1498,826,847,58.7,0.141
1499,827,846,57,0.137
1500,828,882,90.2,0.216
1501,829,872,76,0.182
1502,829,891,166.8,0.4
1503,830,857,80.3,0.193
1504,830,988,274.1,0.658
1505,831,879,76.2,0.183
1506,831,894,159.9,0.384
1507,832,875,60.4,0.145
1508,833,855,75.9,0.182
1509,834,842,41.2,0.099
1510,834,868,62.4,0.15
1511,835,865,74.4,0.179
1512,835,992,274.2,0.658
1513,836,856,51.7,0.124
1514,836,886,76.7,0.184
1515,837,838,23.3,0.056
1516,838,840,21.8,0.052
1517,838,862,40.9,0.098
1518,839,843,9.6,0.023
1519,839,876,49.8,0.12
1520,840,861,57.1,0.137
1521,840,867,47.2,0.113
1522,841,873,87.1,0.209
1523,841,998,274.3,0.658
1524,842,844,5.9,0.014
1525,842,868,38.6,0.093
1526,843,900,229.8,0.552
1527,844,859,54.8,0.132
1528,844,874,44.5,0.107
1529,845,858,42,0.101
1530,845,895,75.8,0.182
1531,846,853,12.5,0.03
1532,847,880,80.7,0.194
1533,847,891,76.1,0.183
1534,848,894,76.2,0.183
1535,848,910,153.3,0.368
1536,849,851,16.8,0.04
1537,849,887,67.9,0.163
1538,850,883,87.1,0.209
1539,850,937,146.1,0.351
1540,851,853,17.9,0.043
1541,851,884,52.7,0.126
1542,852,862,41.3,0.099
1543,852,870,49.7,0.119
1544,853,861,26.5,0.064
1545,853,869,28.8,0.069
1546,854,923,1888.1,4.531
1547,854,1265,1796.9,4.313
1548,855,875,73.7,0.177
1549,855,901,65.9,0.158
1550,856,888,86.3,0.207
1551,856,896,75.1,0.18
1552,857,915,157.2,0.377
1553,857,1006,274,0.658
1554,858,886,96.3,0.231
1555,859,874,74.2,0.178
1556,859,876,98.5,0.236
1557,860,910,80.2,0.192
1558,860,919,149.7,0.359
1559,861,867,15.9,0.038
1560,862,867,27.6,0.066
1561,862,870,14.6,0.035
1562,862,885,45.2,0.108
1563,863,914,80.7,0.194
1564,863,916,130.5,0.313
1565,864,916,80.7,0.194
1566,864,928,162.3,0.39
1567,865,889,74.1,0.178
1568,865,1009,274.2,0.658
1569,866,899,60,0.144
1570,866,914,115.2,0.276
1571,867,877,21.1,0.051
1572,868,923,121.4,0.291
1573,869,877,11.2,0.027
1574,869,884,18.9,0.045
1575,870,903,43.7,0.105
1576,871,922,113.9,0.273
1577,871,934,87.1,0.209
1578,872,919,72.7,0.174
1579,872,938,166.9,0.401
1580,873,905,87.5,0.21
1581,873,1016,274.1,0.658
1582,874,921,107.7,0.258
1583,875,883,51.6,0.124
1584,875,904,39.9,0.096
1585,876,893,26.5,0.064
1586,877,884,14.1,0.034
1587,877,885,14.9,0.036
1588,878,909,84.8,0.204
1589,878,1018,274.2,0.658
1590,879,928,80.8,0.194
1591,879,940,159.7,0.383
1592,880,911,77.2,0.185
1593,880,927,76.6,0.184
1594,881,882,58.5,0.14
1595,881,895,167.6,0.402
1596,881,929,67.6,0.162
1597,882,942,96.6,0.232
1598,883,904,65.8,0.158
1599,883,970,151.6,0.364
1600,884,887,11.3,0.027
1601,884,890,14.5,0.035
1602,884,897,18.6,0.045
1603,885,890,14.7,0.035
1604,885,903,33.5,0.08
1605,886,896,27,0.065
1606,886,939,77,0.185
1607,887,897,14.2,0.034
1608,887,1205,714.9,1.716
1609,888,899,30.4,0.073
1610,888,930,62.3,0.15
1611,889,918,78.7,0.189
1612,889,1027,274.4,0.659
1613,890,897,10.4,0.025
1614,890,949,100.8,0.242
1615,891,927,81,0.194
1616,891,938,76.5,0.184
1617,892,901,46.9,0.113
1618,893,907,18.5,0.044
1619,893,908,256.9,0.617
1620,893,921,115.9,0.278
1621,894,940,76.6,0.184
1622,894,950,153.3,0.368
1623,895,939,145,0.348
1624,895,945,76.9,0.185
1625,896,930,110,0.264
1626,896,939,79,0.19
1627,897,1208,509.3,1.222
1628,897,1215,725.7,1.742
1629,898,917,32.2,0.077
1630,898,966,108.1,0.259
1631,899,944,114,0.274
1632,900,908,5.4,0.013
1633,900,924,86.5,0.208
1634,901,932,43.2,0.104
1635,902,907,217.5,0.522
1636,902,913,43.9,0.105
1637,902,947,251,0.602
1638,903,917,17.9,0.043
1639,903,949,73,0.175
1640,904,932,82.5,0.198
1641,904,1060,313.8,0.753
1642,905,933,81.3,0.195
1643,905,1041,274.9,0.66
1644,906,922,83.1,0.199
1645,906,942,51.7,0.124
1646,907,936,137.4,0.33
1647,907,947,59.1,0.142
1648,908,913,5.6,0.013
1649,908,931,93,0.223
1650,909,935,84.5,0.203
1651,909,1045,274,0.658
1652,910,950,76.4,0.183
1653,911,937,77.6,0.186
1654,912,957,77.2,0.185
1655,913,931,91.8,0.22
1656,913,952,65.7,0.158
1657,914,944,53.6,0.129
1658,914,959,134.7,0.323
1659,915,941,76.6,0.184
1660,915,1050,291.4,0.699
1661,916,959,81,0.194
1662,916,971,164,0.394
1663,917,966,93.2,0.224
1664,918,946,84.4,0.203
1665,918,1051,274.5,0.659
1666,919,973,164.8,0.396
1667,919,994,156,0.374
1668,920,1495,1974.9,4.74
1669,921,923,128.1,0.307
1670,922,934,81.9,0.197
1671,922,956,90.8,0.218
1672,924,931,13.6,0.033
1673,924,957,163.9,0.393
1674,925,929,55,0.132
1675,925,945,77.6,0.186
1676,925,965,72.6,0.174
1677,926,943,38.1,0.091
1678,927,963,77.6,0.186
1679,928,971,80.7,0.194
1680,928,978,160.3,0.385
1681,929,942,116.5,0.28
1682,930,964,140.4,0.337
1683,930,972,76.4,0.183
1684,931,948,76.9,0.185
1685,931,1034,204.9,0.492
1686,932,943,27.6,0.066
1687,932,1079,310.7,0.746
1688,933,953,74.6,0.179
1689,933,1062,274,0.658
1690,934,979,77.4,0.186
1691,935,958,78.4,0.188
1692,935,1066,274.4,0.659
1693,936,947,111.9,0.269
1694,937,954,52.3,0.126
1695,937,1011,164.7,0.395
1696,938,963,80.7,0.194
1697,938,973,73.6,0.177
1698,939,972,130,0.312
1699,939,980,76.6,0.184
1700,940,978,80.7,0.194
1701,940,987,153.3,0.368
1702,941,961,83.7,0.201
1703,941,1069,274.1,0.658
1704,942,956,39.2,0.094
1705,942,967,55,0.132
1706,943,955,49.3,0.118
1707,944,964,45.8,0.11
1708,944,985,137.7,0.33
1709,945,980,144.8,0.348
1710,945,982,72.1,0.173
1711,946,968,83.4,0.2
1712,946,1074,274.1,0.658
1713,947,977,61.5,0.148
1714,948,960,68.6,0.165
1715,948,983,68.2,0.164
1716,949,1313,543.2,1.304
1717,950,987,75.6,0.181
1718,951,952,229.9,0.552
1719,951,986,179,0.43
1720,951,990,76.4,0.183
1721,952,986,61,0.146
1722,953,974,74.3,0.178
1723,953,1082,274.3,0.658
1724,954,970,44.5,0.107
1725,954,991,79.1,0.19
1726,955,976,81.4,0.195
1727,955,1104,311.2,0.747
1728,956,969,61.1,0.147
1729,957,1105,769.8,1.848
1730,958,1087,274.3,0.658
1731,958,1611,1845.9,4.43
1732,959,981,67.8,0.163
1733,959,985,52.2,0.125
1734,960,975,76.3,0.183
1735,960,995,68.3,0.164
1736,961,984,70.1,0.168
1737,961,1092,274.6,0.659
1738,962,977,76.6,0.184
1739,962,1029,138.6,0.333
1740,963,996,71.4,0.171
1741,964,997,138.2,0.332
1742,964,1000,69.5,0.167
1743,965,989,113.4,0.272
1744,965,1007,83,0.199
1745,966,1048,154.5,0.371
1746,967,989,59.6,0.143
1747,967,999,75.7,0.182
1748,968,988,79.8,0.192
1749,968,1096,274.3,0.658
1750,969,979,85.5,0.205
1751,969,1002,74.2,0.178
1752,970,1039,158,0.379
1753,971,1003,82.8,0.199
1754,971,1013,160.6,0.385
1755,972,1000,140,0.336
1756,972,1005,76.5,0.184
1757,973,996,82.9,0.199
1758,973,1004,77.6,0.186
1759,974,992,74.4,0.179
1760,974,1106,274.4,0.659
1761,975,1001,59.9,0.144
1762,975,1014,233,0.559
1763,976,998,80.7,0.194
1764,976,1132,311,0.746
1765,977,990,77.9,0.187
1766,977,1047,140.2,0.336
1767,978,1013,80.6,0.193
1768,978,1020,158,0.379
1769,979,1012,70.4,0.169
1770,980,1005,129.6,0.311
1771,980,1010,72.4,0.174
1772,981,993,33.7,0.081
1773,981,1003,96.9,0.233
1774,982,1010,145.4,0.349
1775,982,1017,84.9,0.204
1776,983,995,78.1,0.187
1777,983,1049,137.5,0.33
1778,984,1018,161.2,0.387
1779,984,1112,271.1,0.651
1780,985,993,71.4,0.171
1781,985,997,29.7,0.071
1782,986,1022,77.6,0.186
1783,987,1020,81.6,0.196
1784,987,1023,149.3,0.358
1785,988,1006,79.1,0.19
1786,988,1122,274.4,0.659
1787,989,999,68.9,0.165
1788,989,1007,70.2,0.168
1789,989,1111,225.6,0.541
1790,990,1021,68.6,0.165
1791,990,1022,188,0.451
1792,992,1009,74.4,0.179
1793,992,1129,274.4,0.659
1794,993,1003,97.4,0.234
1795,993,1026,76,0.182
1796,994,1023,75.3,0.181
1797,994,1040,164.8,0.396
1798,995,1008,78.4,0.188
1799,995,1063,137.4,0.33
1800,996,1028,79.3,0.19
1801,997,1015,48.7,0.117
1802,998,1016,87.8,0.211
1803,998,1170,311,0.746
1804,999,1002,75.9,0.182
1805,999,1131,230.7,0.554
1806,1000,1015,136.9,0.329
1807,1000,1032,76.1,0.183
1808,1001,1008,7,0.017
1809,1001,1043,236.3,0.567
1810,1002,1012,82,0.197
1811,1002,1141,225.9,0.542
1812,1003,1033,164.1,0.394
1813,1003,1046,82,0.197
1814,1004,1028,83.4,0.2
1815,1004,1040,77.4,0.186
1816,1005,1032,141.4,0.339
1817,1005,1042,72.6,0.174
1818,1006,1024,78.5,0.188
1819,1006,1156,274.1,0.658
1820,1007,1017,52.4,0.126
1821,1008,1037,59.6,0.143
1822,1009,1027,74.1,0.178
1823,1009,1165,274.3,0.658
1824,1010,1042,129.6,0.311
1825,1010,1053,85.3,0.205
1826,1011,1025,57.1,0.137
1827,1011,1076,141.9,0.341
1828,1012,1019,79.8,0.192
1829,1012,1149,220,0.528
1830,1013,1033,45.6,0.109
1831,1013,1044,102.8,0.247
1832,1014,1043,55.7,0.134
1833,1014,1095,285.8,0.686
1834,1015,1026,77.4,0.186
1835,1015,1055,77,0.185
1836,1016,1041,86.9,0.209
1837,1016,1206,311,0.746
1838,1017,1031,53.7,0.129
1839,1018,1045,84.6,0.203
1840,1018,1185,274.5,0.659
1841,1019,1035,132.4,0.318
1842,1019,1038,450.3,1.081
1843,1019,1155,214.3,0.514
1844,1020,1064,82.1,0.197
1845,1020,1065,144.5,0.347
1846,1021,1058,196.6,0.472
1847,1021,1059,73,0.175
1848,1022,1034,62.6,0.15
1849,1022,1058,68.6,0.165
1850,1023,1065,82.2,0.197
1851,1023,1075,166.6,0.4
1852,1024,1050,78.4,0.188
1853,1024,1193,274.2,0.658
1854,1025,1039,50.5,0.121
1855,1025,1098,147.1,0.353
1856,1026,1046,90.3,0.217
1857,1026,1068,76.1,0.183
1858,1027,1051,78.7,0.189
1859,1027,1200,274.1,0.658
1860,1028,1054,79.6,0.191
1861,1028,1067,76.3,0.183
1862,1029,1047,77.3,0.186
1863,1029,1123,168.3,0.404
1864,1030,1056,48.2,0.116
1865,1031,1053,93.3,0.224
1866,1031,1070,92.9,0.223
1867,1032,1055,131.3,0.315
1868,1032,1071,72.4,0.174
1869,1033,1061,94.1,0.226
1870,1033,1072,74.2,0.178
1871,1034,1036,9.4,0.023
1872,1035,1038,46.6,0.112
1873,1035,1167,198.8,0.477
1874,1036,1049,54.3,0.13
1875,1036,1088,97.5,0.234
1876,1037,1077,77.8,0.187
1877,1037,1080,235.2,0.564
1878,1038,1048,68,0.163
1879,1038,1052,24,0.058
1880,1039,1060,75.4,0.181
1881,1039,1118,150.8,0.362
1882,1040,1075,74.9,0.18
1883,1041,1062,81.3,0.195
1884,1041,1233,310.4,0.745
1885,1042,1071,141.6,0.34
1886,1042,1083,83.6,0.201
1887,1043,1056,76.5,0.184
1888,1043,1080,76.4,0.183
1889,1044,1061,45.6,0.109
1890,1044,1064,71.8,0.172
1891,1045,1066,84.8,0.204
1892,1045,1213,274.2,0.658
1893,1046,1072,164,0.394
1894,1046,1081,77.3,0.186
1895,1047,1059,77.9,0.187
1896,1047,1148,168.4,0.404
1897,1048,1057,23.9,0.057
1898,1049,1063,84.4,0.203
1899,1049,1126,140.1,0.336
1900,1050,1069,77.7,0.186
1901,1050,1222,274.3,0.658
1902,1051,1074,84.7,0.203
1903,1051,1225,274,0.658
1904,1052,1057,62,0.149
1905,1052,1172,169.9,0.408
1906,1053,1070,87.6,0.21
1907,1053,1078,53.1,0.127
1908,1053,1083,127.8,0.307
1909,1053,1085,78.3,0.188
1910,1054,1076,75.2,0.18
1911,1054,1091,76.4,0.183
1912,1055,1068,82.5,0.198
1913,1055,1094,73.8,0.177
1914,1056,1073,77,0.185
1915,1056,1097,78.9,0.189
1916,1057,1179,165,0.396
1917,1058,1099,73.4,0.176
1918,1059,1099,204.7,0.491
1919,1059,1101,76.1,0.183
1920,1060,1079,74.7,0.179
1921,1060,1152,156.1,0.375
1922,1061,1086,58,0.139
1923,1061,1090,88.9,0.213
1924,1062,1082,74.4,0.179
1925,1062,1266,310.8,0.746
1926,1063,1077,78.9,0.189
1927,1063,1151,139.9,0.336
1928,1064,1090,45.8,0.11
1929,1064,1102,122.6,0.294
1930,1065,1093,90.2,0.216
1931,1065,1102,79.1,0.19
1932,1066,1087,80.2,0.192
1933,1066,1244,274.2,0.658
1934,1067,1091,78.7,0.189
1935,1067,1103,75.6,0.181
1936,1068,1081,84.2,0.202
1937,1068,1107,72.4,0.174
1938,1069,1092,78.5,0.188
1939,1069,1249,274.1,0.658
1940,1070,1124,169.5,0.407
1941,1071,1094,126.6,0.304
1942,1071,1115,83.2,0.2
1943,1072,1086,83.9,0.201
1944,1072,1109,76.6,0.184
1945,1073,1084,76.8,0.184
1946,1073,1116,79.6,0.191
1947,1074,1096,84.3,0.202
1948,1074,1256,274.2,0.658
1949,1075,1103,81.8,0.196
1950,1075,1119,82.4,0.198
1951,1076,1098,66.4,0.159
1952,1076,1114,74.6,0.179
1953,1077,1089,57.1,0.137
1954,1077,1181,140.9,0.338
1955,1078,1085,30.1,0.072
1956,1078,1108,49.2,0.118
1957,1079,1104,75.9,0.182
1958,1079,1192,161.7,0.388
1959,1080,1097,77.1,0.185
1960,1080,1127,76.4,0.183
1961,1081,1109,164.1,0.394
1962,1081,1121,72.7,0.174
1963,1082,1106,74.6,0.179
1964,1082,1301,310.8,0.746
1965,1083,1115,140.9,0.338
1966,1083,1143,91.6,0.22
1967,1084,1095,40.1,0.096
1968,1084,1135,77.7,0.186
1969,1085,1136,185.2,0.444
1970,1086,1110,104.5,0.251
1971,1087,1279,274,0.658
1972,1087,1798,1844,4.426
1973,1089,1127,178.4,0.428
1974,1089,1133,71.2,0.171
1975,1090,1110,38.5,0.092
1976,1090,1125,110.2,0.264
1977,1091,1114,75.8,0.182
1978,1091,1134,76.3,0.183
1979,1092,1112,79,0.19
1980,1092,1284,274.1,0.658
1981,1093,1119,80.5,0.193
1982,1093,1120,54.6,0.131
1983,1094,1107,87.9,0.211
1984,1094,1146,83.9,0.201
1985,1095,1100,15,0.036
1986,1095,1128,151.3,0.363
1987,1096,1122,78.7,0.189
1988,1096,1294,274.3,0.658
1989,1097,1116,76.6,0.184
1990,1097,1153,74.7,0.179
1991,1098,1118,51.2,0.123
1992,1099,1113,62.1,0.149
1993,1099,1161,77.1,0.185
1994,1100,1117,28.6,0.069
1995,1100,1211,166.7,0.4
1996,1101,1139,148.3,0.356
1997,1101,1175,91.9,0.221
1998,1102,1125,41.6,0.1
1999,1103,1134,79.1,0.19
2000,1103,1157,81.4,0.195
2001,1104,1132,81,0.194
2002,1104,1224,166.9,0.401
2003,1105,1137,84.1,0.202
2004,1105,1140,52.8,0.127
2005,1106,1129,73.9,0.177
2006,1106,1333,310.8,0.746
2007,1107,1121,78.8,0.189
2008,1107,1177,85.8,0.206
2009,1108,1143,131.1,0.315
2010,1108,1150,187.7,0.45
2011,1108,1154,63.1,0.151
2012,1109,1164,194,0.466
2013,1109,1166,72.7,0.174
2014,1110,1138,106.1,0.255
2015,1110,1164,67.8,0.163
2016,1111,1124,15.5,0.037
2017,1111,1131,61.5,0.148
2018,1112,1185,156,0.374
2019,1112,1321,273.7,0.657
2020,1113,1126,52.7,0.126
2021,1113,1223,133.4,0.32
2022,1114,1174,76.2,0.183
2023,1114,1178,122.4,0.294
2024,1115,1144,108.8,0.261
2025,1115,1190,89.7,0.215
2026,1116,1135,76.7,0.184
2027,1116,1182,73.8,0.177
2028,1117,1142,36.3,0.087
2029,1117,1158,52.6,0.126
2030,1118,1152,75.6,0.181
2031,1118,1178,72.8,0.175
2032,1119,1157,78.2,0.188
2033,1119,1162,55.2,0.132
2034,1120,1145,110.9,0.266
2035,1120,1162,82.9,0.199
2036,1120,1169,60.7,0.146
2037,1121,1166,163.9,0.393
2038,1121,1194,87.3,0.21
2039,1122,1156,78.6,0.189
2040,1122,1328,274,0.658
2041,1123,1148,77.6,0.186
2042,1123,1265,179.1,0.43
2043,1124,1136,13.3,0.032
2044,1124,1147,61.5,0.148
2045,1125,1138,18,0.043
2046,1125,1145,42.3,0.102
2047,1126,1151,79.4,0.191
2048,1126,1259,168.4,0.404
2049,1127,1153,76.5,0.184
2050,1127,1241,142.1,0.341
2051,1128,1140,41.8,0.1
2052,1128,1211,103.6,0.249
2053,1129,1165,74.7,0.179
2054,1129,1356,310.5,0.745
2055,1130,1659,1395.7,3.35
2056,1131,1141,75,0.18
2057,1131,1147,18.6,0.045
2058,1132,1170,81.4,0.195
2059,1132,1257,172.8,0.415
2060,1133,1171,106,0.254
2061,1133,1195,70.7,0.17
2062,1134,1174,75.5,0.181
2063,1134,1198,80.7,0.194
2064,1135,1158,76.9,0.185
2065,1135,1202,75.7,0.182
2066,1136,1150,13,0.031
2067,1136,1159,61,0.146
2068,1137,1163,27,0.065
2069,1137,1205,91.7,0.22
2070,1138,1197,63.7,0.153
2071,1139,1161,67.9,0.163
2072,1139,1214,92.1,0.221
2073,1140,1163,64.1,0.154
2074,1140,1176,37.4,0.09
2075,1141,1149,79.6,0.191
2076,1141,1180,37.7,0.09
2077,1142,1247,136.7,0.328
2078,1142,1252,146.8,0.352
2079,1143,1190,140.3,0.337
2080,1144,1146,14.6,0.035
2081,1144,1221,96.6,0.232
2082,1145,1169,47.8,0.115
2083,1145,1188,53.5,0.128
2084,1146,1177,93.8,0.225
2085,1147,1159,13.5,0.032
2086,1147,1180,78.1,0.187
2087,1148,1175,77.7,0.186
2088,1148,1292,179.4,0.431
2089,1149,1155,79.8,0.192
2090,1149,1203,60.9,0.146
2091,1150,1168,17.7,0.042
2092,1150,1173,61.2,0.147
2093,1151,1181,79.2,0.19
2094,1151,1285,168.4,0.404
2095,1152,1192,74.9,0.18
2096,1152,1325,229.3,0.55
2097,1153,1182,77,0.185
2098,1153,1264,142.2,0.341
2099,1154,1168,162.6,0.39
2100,1154,1201,134.2,0.322
2101,1154,1217,79.6,0.191
2102,1155,1167,115.5,0.277
2103,1155,1227,85.5,0.205
2104,1156,1193,78,0.187
2105,1156,1353,274.6,0.659
2106,1157,1198,78.7,0.189
2107,1157,1232,111.2,0.267
2108,1158,1220,77.1,0.185
2109,1158,1239,127.5,0.306
2110,1159,1173,11.4,0.027
2111,1159,1187,78.2,0.188
2112,1161,1234,93.3,0.224
2113,1162,1189,49.1,0.118
2114,1162,1204,55.6,0.133
2115,1163,1191,35.2,0.084
2116,1164,1197,111.7,0.268
2117,1164,1212,67.5,0.162
2118,1165,1200,74.3,0.178
2119,1165,1384,310.9,0.746
2120,1166,1212,198.7,0.477
2121,1166,1228,86,0.206
2122,1167,1172,52.3,0.126
2123,1167,1260,120.8,0.29
2124,1168,1184,16.2,0.039
2125,1168,1186,60.6,0.145
2126,1169,1204,83,0.199
2127,1169,1316,206.8,0.496
2128,1170,1206,87.7,0.21
2129,1170,1298,178.8,0.429
2130,1172,1179,67.2,0.161
2131,1173,1186,10.9,0.026
2132,1173,1196,77.1,0.185
2133,1174,1229,80.9,0.194
2134,1174,1230,127.5,0.306
2135,1175,1199,75.5,0.181
2136,1175,1317,179.2,0.43
2137,1176,1191,60.1,0.144
2138,1176,1258,117.2,0.281
2139,1177,1194,71.1,0.171
2140,1177,1246,107,0.257
2141,1177,1251,105.8,0.254
2142,1178,1230,75.9,0.182
2143,1179,1307,161.7,0.388
2144,1180,1187,12.8,0.031
2145,1180,1203,83.1,0.199
2146,1181,1195,48,0.115
2147,1181,1238,80.6,0.193
2148,1182,1202,76.6,0.184
2149,1182,1289,142.9,0.343
2150,1184,1217,127,0.305
2151,1184,1242,79.3,0.19
2152,1185,1213,84.7,0.203
2153,1185,1374,274.3,0.658
2154,1186,1207,77.7,0.186
2155,1186,1245,85.1,0.204
2156,1187,1196,7.7,0.018
2157,1187,1209,82.4,0.198
2158,1190,1221,110,0.264
2159,1190,1236,66.7,0.16
2160,1191,1226,53,0.127
2161,1192,1224,76,0.182
2162,1192,1348,227.3,0.546
2163,1193,1222,78.5,0.188
2164,1193,1382,274.5,0.659
2165,1194,1210,80.5,0.193
2166,1195,1219,37.2,0.089
2167,1195,1241,188,0.451
2168,1196,1207,13.6,0.033
2169,1196,1218,83.6,0.201
2170,1197,1240,64.2,0.154
2171,1198,1229,75.6,0.181
2172,1199,1214,73.2,0.176
2173,1199,1338,178.9,0.429
2174,1200,1225,78.1,0.187
2175,1200,1408,310.8,0.746
2176,1201,1236,140,0.336
2177,1201,1255,80,0.192
2178,1202,1220,76.8,0.184
2179,1202,1314,143.7,0.345
2180,1203,1209,10,0.024
2181,1203,1227,82.4,0.198
2182,1204,1232,76.5,0.184
2183,1204,1334,185.1,0.444
2184,1205,1215,15.9,0.038
2185,1205,1261,110,0.264
2186,1206,1233,87,0.209
2187,1206,1339,183,0.439
2188,1207,1268,84.1,0.202
2189,1208,1318,130,0.312
2190,1209,1218,12.3,0.03
2191,1209,1231,82.1,0.197
2192,1210,1228,83.1,0.199
2193,1210,1262,71.9,0.173
2194,1211,1258,64.2,0.154
2195,1212,1240,118.5,0.284
2196,1212,1272,79.3,0.19
2197,1213,1244,84.3,0.202
2198,1213,1402,274.3,0.658
2199,1214,1234,81.9,0.197
2200,1214,1349,179.2,0.43
2201,1215,1235,28.2,0.068
2202,1215,1276,108.4,0.26
2203,1216,1235,75.7,0.182
2204,1217,1255,133.9,0.321
2205,1217,1271,72.8,0.175
2206,1218,1243,82.2,0.197
2207,1218,1278,71.7,0.172
2208,1220,1239,76.8,0.184
2209,1220,1336,143.7,0.345
2210,1221,1246,98.3,0.236
2211,1222,1249,78.6,0.189
2212,1222,1409,274.2,0.658
2213,1224,1257,81.9,0.197
2214,1224,1364,196.9,0.473
2215,1225,1256,84.8,0.204
2216,1225,1438,310.8,0.746
2217,1226,1248,38.1,0.091
2218,1226,1261,51.4,0.123
2219,1227,1231,8.8,0.021
2220,1227,1260,110.2,0.264
2221,1228,1237,53.7,0.129
2222,1229,1254,65.8,0.158
2223,1230,1287,81.3,0.195
2224,1231,1243,13.2,0.032
2225,1231,1267,109.2,0.262
2226,1232,1345,160.3,0.385
2227,1232,1351,263.7,0.633
2228,1233,1266,81.1,0.195
2229,1233,1369,184.2,0.442
2230,1234,1259,89.6,0.215
2231,1234,1380,183.1,0.439
2232,1235,1275,46.9,0.113
2233,1236,1269,110.6,0.265
2234,1236,1300,79.5,0.191
2235,1237,1272,151.8,0.364
2236,1237,1341,130.1,0.312
2237,1238,1309,237,0.569
2238,1238,1311,88.1,0.211
2239,1239,1247,37.3,0.09
2240,1239,1350,144,0.346
2241,1240,1302,74.5,0.179
2242,1241,1264,75.4,0.181
2243,1241,1309,80.1,0.192
2244,1242,1245,58.6,0.141
2245,1242,1250,25.1,0.06
2246,1242,1253,13.9,0.033
2247,1243,1280,106.9,0.257
2248,1243,1282,46.1,0.111
2249,1244,1279,78.7,0.189
2250,1244,1431,274.4,0.659
2251,1245,1263,18.7,0.045
2252,1246,1251,17.8,0.043
2253,1246,1304,67,0.161
2254,1247,1252,14.8,0.036
2255,1247,1340,108.9,0.261
2256,1248,1270,31.1,0.075
2257,1248,1273,49.8,0.12
2258,1249,1284,77.9,0.187
2259,1249,1439,274.3,0.658
2260,1250,1253,22.3,0.054
2261,1250,1271,66.1,0.159
2262,1251,1299,143.6,0.345
2263,1252,1258,21.4,0.051
2264,1252,1312,64.2,0.154
2265,1253,1263,59.1,0.142
2266,1253,1274,24.6,0.059
2267,1254,1287,67.6,0.162
2268,1254,1351,122.2,0.293
2269,1255,1300,140.5,0.337
2270,1255,1320,73.4,0.176
2271,1256,1294,84.7,0.203
2272,1256,1477,311.3,0.747
2273,1257,1298,81,0.194
2274,1257,1373,162,0.389
2275,1258,1270,35.6,0.085
2276,1258,1295,39.3,0.094
2277,1259,1285,79.2,0.19
2278,1259,1394,181.2,0.435
2279,1260,1267,8.8,0.021
2280,1260,1307,123.5,0.296
2281,1261,1273,16.8,0.04
2282,1261,1276,16,0.038
2283,1262,1283,66.4,0.159
2284,1262,1299,44.8,0.108
2285,1263,1268,75.5,0.181
2286,1263,1281,21.6,0.052
2287,1264,1289,76.8,0.184
2288,1264,1354,115.7,0.278
2289,1265,1292,77.8,0.187
2290,1266,1301,74.6,0.179
2291,1266,1393,183.5,0.44
2292,1267,1280,11.1,0.027
2293,1267,1315,123.1,0.295
2294,1268,1278,79.3,0.19
2295,1268,1290,19.7,0.047
2296,1269,1304,98.7,0.237
2297,1269,1337,79.6,0.191
2298,1270,1288,41.7,0.1
2299,1270,1295,35,0.084
2300,1271,1291,19.7,0.047
2301,1271,1320,134,0.322
2302,1272,1293,89,0.214
2303,1272,1365,122.7,0.294
2304,1273,1286,14,0.034
2305,1273,1288,20.3,0.049
2306,1274,1281,59.5,0.143
2307,1274,1291,76,0.182
2308,1274,1308,36.3,0.087
2309,1275,1276,74.2,0.178
2310,1275,1277,72.4,0.174
2311,1275,1406,170.5,0.409
2312,1276,1286,13.7,0.033
2313,1276,1303,28.9,0.069
2314,1278,1282,78.3,0.188
2315,1278,1297,22.8,0.055
2316,1279,1468,273.5,0.656
2317,1279,1969,1809,4.342
2318,1280,1305,27.9,0.067
2319,1280,1326,124.3,0.298
2320,1281,1290,74.2,0.178
2321,1281,1428,192.7,0.462
2322,1282,1305,98.8,0.237
2323,1282,1306,23.3,0.056
2324,1284,1321,80.1,0.192
2325,1284,1474,274.3,0.658
2326,1285,1311,79.4,0.191
2327,1285,1412,177.5,0.426
2328,1286,1296,16.7,0.04
2329,1286,1303,20,0.048
2330,1287,1325,75.9,0.182
2331,1287,1375,128.6,0.309
2332,1288,1296,12.1,0.029
2333,1288,1346,108.3,0.26
2334,1289,1314,76.7,0.184
2335,1290,1297,81,0.194
2336,1290,1430,192.7,0.462
2337,1291,1327,44.7,0.107
2338,1291,1332,134.1,0.322
2339,1292,1317,77.3,0.186
2340,1292,1398,154.3,0.37
2341,1293,1302,37.1,0.089
2342,1293,1342,66.9,0.161
2343,1294,1328,78.3,0.188
2344,1294,1492,334.9,0.804
2345,1295,1312,25.2,0.06
2346,1296,1366,123.5,0.296
2347,1296,1435,215.2,0.516
2348,1297,1306,77.3,0.186
2349,1297,1445,195,0.468
2350,1298,1339,89,0.214
2351,1298,1383,127.4,0.306
2352,1299,1341,137.4,0.33
2353,1299,1347,66.4,0.159
2354,1300,1337,110.2,0.264
2355,1300,1352,72.5,0.174
2356,1301,1333,74.5,0.179
2357,1301,1419,182.1,0.437
2358,1302,1316,47.3,0.114
2359,1303,1343,49.2,0.118
2360,1304,1310,18.2,0.044
2361,1304,1359,79.7,0.191
2362,1305,1323,18.3,0.044
2363,1305,1329,123.7,0.297
2364,1306,1323,97.5,0.234
2365,1307,1313,9.3,0.022
2366,1307,1315,5.8,0.014
2367,1308,1327,57,0.137
2368,1308,1372,98.8,0.237
2369,1309,1357,68.4,0.164
2370,1310,1347,142.5,0.342
2371,1310,1367,79.8,0.192
2372,1311,1361,193.4,0.464
2373,1311,1399,128.8,0.309
2374,1312,1340,51.5,0.124
2375,1312,1346,48.1,0.115
2376,1313,1318,12.9,0.031
2377,1313,1319,6.4,0.015
2378,1314,1336,77.7,0.186
2379,1315,1319,9.5,0.023
2380,1315,1326,15.4,0.037
2381,1316,1334,86.2,0.207
2382,1316,1418,165.2,0.396
2383,1317,1338,76.6,0.184
2384,1317,1422,164.4,0.395
2385,1318,1324,5.9,0.014
2386,1318,1525,693.6,1.665
2387,1319,1324,12.8,0.031
2388,1319,1330,15.6,0.037
2389,1320,1332,19.8,0.048
2390,1320,1352,140.5,0.337
2391,1321,1344,76.9,0.185
2392,1321,1496,274.6,0.659
2393,1322,1358,113.1,0.271
2394,1323,1335,122.4,0.294
2395,1323,1448,175.4,0.421
2396,1324,1331,14.9,0.036
2397,1324,1537,697.6,1.674
2398,1325,1348,74.5,0.179
2399,1325,1400,123.8,0.297
2400,1326,1329,3.2,0.008
2401,1326,1330,10.2,0.024
2402,1327,1360,134.1,0.322
2403,1327,1372,68.9,0.165
2404,1328,1353,78.3,0.188
2405,1328,1498,262.8,0.631
2406,1329,1335,7.1,0.017
2407,1330,1331,12.7,0.03
2408,1330,1808,613,1.471
2409,1331,1551,699,1.678
2410,1331,1810,610.9,1.466
2411,1332,1360,44.3,0.106
2412,1332,1370,140.4,0.337
2413,1333,1356,74,0.178
2414,1333,1433,161.8,0.388
2415,1334,1345,80.2,0.192
2416,1334,1453,185.7,0.446
2417,1335,1460,170.6,0.409
2418,1336,1350,75.8,0.182
2419,1336,1378,65.5,0.157
2420,1337,1359,97.7,0.234
2421,1337,1381,70.3,0.169
2422,1338,1349,71.5,0.172
2423,1338,1456,173.2,0.416
2424,1339,1369,86,0.206
2425,1339,1392,91.3,0.219
2426,1340,1362,46.9,0.113
2427,1341,1379,148.2,0.356
2428,1342,1355,54.7,0.131
2429,1342,1389,78.5,0.188
2430,1343,1404,90.2,0.216
2431,1343,1478,224.9,0.54
2432,1344,1374,78.1,0.187
2433,1344,1531,274.6,0.659
2434,1345,1358,54.5,0.131
2435,1345,1488,205,0.492
2436,1346,1366,24.6,0.059
2437,1346,1429,154.3,0.37
2438,1347,1387,137.4,0.33
2439,1347,1401,79.6,0.191
2440,1348,1364,80,0.192
2441,1348,1415,103.2,0.248
2442,1349,1380,113.1,0.271
2443,1349,1485,179.4,0.431
2444,1350,1362,42.1,0.101
2445,1351,1375,36.9,0.089
2446,1352,1370,22.4,0.054
2447,1352,1381,110,0.264
2448,1353,1382,78.6,0.189
2449,1353,1510,232,0.557
2450,1354,1357,85.2,0.204
2451,1354,1378,233.8,0.561
2452,1356,1384,74.4,0.179
2453,1356,1447,137.4,0.33
2454,1357,1361,48.2,0.116
2455,1358,1363,23.4,0.056
2456,1359,1367,19,0.046
2457,1359,1407,72.3,0.174
2458,1360,1397,140.4,0.337
2459,1360,1403,68.3,0.164
2460,1361,1368,22.4,0.054
2461,1362,1385,43.4,0.104
2462,1363,1386,159.6,0.383
2463,1363,1390,77.7,0.186
2464,1363,1512,222.2,0.533
2465,1364,1373,86.4,0.207
2466,1365,1377,38.7,0.093
2467,1365,1379,21.4,0.051
2468,1366,1435,96.4,0.231
2469,1366,1443,144.4,0.347
2470,1366,1471,136.4,0.327
2471,1367,1401,143.4,0.344
2472,1367,1414,73.3,0.176
2473,1368,1371,26,0.062
2474,1368,1442,101.1,0.243
2475,1369,1393,81.2,0.195
2476,1370,1395,109.9,0.264
2477,1370,1397,43,0.103
2478,1371,1391,129.3,0.31
2479,1371,1440,93.4,0.224
2480,1372,1403,134.1,0.322
2481,1372,1425,82.5,0.198
2482,1373,1383,86,0.206
2483,1373,1444,104.9,0.252
2484,1374,1402,85.3,0.205
2485,1374,1567,272.7,0.654
2486,1375,1396,33.2,0.08
2487,1375,1400,74.2,0.178
2488,1376,1405,43.4,0.104
2489,1377,1379,42.1,0.101
2490,1377,1389,32.9,0.079
2491,1378,1388,28,0.067
2492,1378,1432,93.1,0.223
2493,1379,1421,67.9,0.163
2494,1380,1394,59.1,0.142
2495,1380,1483,129.7,0.311
2496,1381,1395,23.5,0.056
2497,1381,1407,97.7,0.234
2498,1382,1409,78.3,0.188
2499,1382,1521,202.8,0.487
2500,1383,1392,96.9,0.233
2501,1383,1454,103.8,0.249
2502,1384,1408,74.7,0.179
2503,1384,1461,113.8,0.273
2504,1385,1388,81,0.194
2505,1385,1416,47.9,0.115
2506,1386,1396,82.1,0.197
2507,1386,1417,54.6,0.131
2508,1387,1421,148.4,0.356
2509,1387,1441,79.2,0.19
2510,1388,1432,71.4,0.171
2511,1389,1418,82.9,0.199
2512,1389,1556,228.7,0.549
2513,1390,1417,73.7,0.177
2514,1390,1424,53.9,0.129
2515,1391,1399,53,0.127
2516,1391,1436,55.4,0.133
2517,1392,1449,91.8,0.22
2518,1392,1452,84.7,0.203
2519,1393,1419,75.6,0.181
2520,1394,1412,79.9,0.192
2521,1395,1420,97.3,0.234
2522,1395,1423,43.9,0.105
2523,1396,1410,76.4,0.183
2524,1396,1450,78.8,0.189
2525,1397,1423,109.9,0.264
2526,1397,1446,68.4,0.164
2527,1398,1422,78,0.187
2528,1398,1434,80.7,0.194
2529,1398,1495,141,0.338
2530,1399,1412,93.5,0.224
2531,1400,1410,13.1,0.031
2532,1400,1411,29.9,0.072
2533,1401,1441,137.5,0.33
2534,1401,1455,70.1,0.168
2535,1402,1431,84.8,0.204
2536,1402,1584,259.5,0.623
2537,1403,1446,140.4,0.337
2538,1403,1463,73,0.175
2539,1404,1405,25.3,0.061
2540,1404,1480,88.6,0.213
2541,1405,1406,48.7,0.117
2542,1406,1481,87.9,0.211
2543,1406,1487,168.1,0.403
2544,1407,1414,19.2,0.046
2545,1407,1420,22.3,0.054
2546,1408,1438,78.3,0.188
2547,1408,1476,90.5,0.217
2548,1409,1439,78.8,0.189
2549,1409,1529,172.6,0.414
2550,1410,1411,32.3,0.078
2551,1410,1437,40.3,0.097
2552,1411,1415,48.6,0.117
2553,1414,1426,20.8,0.05
2554,1414,1455,143.5,0.344
2555,1415,1427,79.9,0.192
2556,1415,1505,129.4,0.311
2557,1416,1429,16.5,0.04
2558,1416,1432,82.9,0.199
2559,1417,1450,79.8,0.192
2560,1417,1459,53.5,0.128
2561,1418,1453,82.9,0.199
2562,1418,1582,228.7,0.549
2563,1419,1433,75.8,0.182
2564,1419,1508,127.9,0.307
2565,1420,1426,19,0.046
2566,1420,1458,43,0.103
2567,1421,1489,79.6,0.191
2568,1422,1434,15.5,0.037
2569,1422,1456,78.4,0.188
2570,1423,1458,96.8,0.232
2571,1423,1484,69.1,0.166
2572,1424,1459,73.7,0.177
2573,1424,1552,163.5,0.392
2574,1425,1428,39.2,0.094
2575,1425,1463,134.6,0.323
2576,1425,1491,80.5,0.193
2577,1426,1467,43.5,0.104
2578,1426,1473,144.2,0.346
2579,1427,1444,85.8,0.206
2580,1427,1545,154.3,0.37
2581,1428,1430,74.7,0.179
2582,1428,1491,73.5,0.176
2583,1429,1443,12.3,0.03
2584,1429,1462,55.2,0.132
2585,1430,1445,82.7,0.198
2586,1430,1546,129.6,0.311
2587,1431,1468,78.3,0.188
2588,1431,1594,227.6,0.546
2589,1433,1447,78.2,0.188
2590,1433,1548,149,0.358
2591,1434,1469,78.8,0.189
2592,1434,1530,126.8,0.304
2593,1435,1475,42.1,0.101
2594,1435,1478,46.3,0.111
2595,1436,1440,116.5,0.28
2596,1436,1507,91.1,0.219
2597,1437,1451,31.7,0.076
2598,1437,1482,58.5,0.14
2599,1438,1477,85.1,0.204
2600,1438,1490,65.8,0.158
2601,1439,1474,78.4,0.188
2602,1439,1547,142.5,0.342
2603,1440,1442,24.9,0.06
2604,1440,1514,90.9,0.218
2605,1441,1489,149.5,0.359
2606,1441,1494,73.7,0.177
2607,1442,1457,352.8,0.847
2608,1442,1515,90.9,0.218
2609,1443,1464,31.8,0.076
2610,1443,1465,25.2,0.06
2611,1444,1454,86.7,0.208
2612,1444,1576,181,0.434
2613,1445,1466,157,0.377
2614,1445,1555,126.4,0.303
2615,1446,1484,109.9,0.264
2616,1446,1497,73.3,0.176
2617,1447,1461,78.1,0.187
2618,1447,1574,173.1,0.415
2619,1448,1460,124.7,0.299
2620,1448,1466,17.6,0.042
2621,1449,1452,101.9,0.245
2622,1449,1486,80.8,0.194
2623,1449,1566,157.5,0.378
2624,1450,1472,41.5,0.1
2625,1450,1605,216.6,0.52
2626,1452,1454,100.9,0.242
2627,1452,1526,108.3,0.26
2628,1453,1488,76.9,0.185
2629,1453,1621,228.6,0.549
2630,1454,1604,211.1,0.507
2631,1455,1473,21.5,0.052
2632,1455,1494,137.6,0.33
2633,1456,1469,17.2,0.041
2634,1456,1485,78.9,0.189
2635,1457,1462,96.3,0.231
2636,1457,1515,429.9,1.032
2637,1458,1467,19,0.046
2638,1458,1504,69,0.166
2639,1459,1577,162.7,0.39
2640,1460,1691,270.9,0.65
2641,1461,1476,77.9,0.187
2642,1461,1599,196.9,0.473
2643,1462,1464,19.9,0.048
2644,1462,1523,491.3,1.179
2645,1463,1497,137.8,0.331
2646,1464,1465,18.8,0.045
2647,1464,1470,8.9,0.021
2648,1465,1471,82.3,0.198
2649,1465,1524,76.4,0.183
2650,1466,1563,121.2,0.291
2651,1467,1501,144.4,0.347
2652,1467,1513,69,0.166
2653,1468,1609,197.7,0.474
2654,1468,1746,721.9,1.733
2655,1469,1493,79,0.19
2656,1469,1564,126.1,0.303
2657,1470,1479,19,0.046
2658,1470,1524,96.8,0.232
2659,1471,1475,11.4,0.027
2660,1471,1524,118.7,0.285
2661,1471,1539,86.4,0.207
2662,1472,1482,31.6,0.076
2663,1472,1518,62.4,0.15
2664,1473,1501,46,0.11
2665,1473,1506,137.1,0.329
2666,1474,1496,78.5,0.188
2667,1474,1557,112.3,0.27
2668,1475,1478,5.6,0.013
2669,1475,1540,84.1,0.202
2670,1476,1490,82.3,0.198
2671,1476,1632,220.2,0.528
2672,1477,1492,46.1,0.111
2673,1477,1499,43.5,0.104
2674,1478,1480,101.9,0.245
2675,1478,1543,78.5,0.188
2676,1479,1534,486.1,1.167
2677,1479,1579,131.4,0.315
2678,1480,1481,71.1,0.171
2679,1480,1554,84.7,0.203
2680,1481,1487,77.6,0.186
2681,1481,1538,71.6,0.172
2682,1482,1505,74.9,0.18
2683,1482,1518,54.3,0.13
2684,1483,1500,34.4,0.083
2685,1483,1502,33.6,0.081
2686,1484,1504,97.3,0.234
2687,1484,1536,72.9,0.175
2688,1485,1493,17.8,0.043
2689,1485,1500,127.5,0.306
2690,1486,1508,73.6,0.177
2691,1486,1589,158.4,0.38
2692,1487,1511,40.5,0.097
2693,1488,1512,76.9,0.185
2694,1488,1653,228.5,0.548
2695,1489,1541,68.7,0.165
2696,1490,1499,87.9,0.211
2697,1490,1668,245.2,0.588
2698,1491,1533,53.9,0.129
2699,1492,1509,51.9,0.125
2700,1493,1516,126.2,0.303
2701,1493,1569,130.1,0.312
2702,1493,1586,128.7,0.309
2703,1494,1506,18.2,0.044
2704,1494,1541,148,0.355
2705,1495,1530,79.5,0.191
2706,1495,1659,205.7,0.494
2707,1496,1531,78.5,0.188
2708,1496,1565,83,0.199
2709,1497,1536,112.3,0.27
2710,1497,1560,72.6,0.174
2711,1498,1509,85.9,0.206
2712,1498,1510,85.9,0.206
2713,1498,1542,49.4,0.119
2714,1499,1509,109.6,0.263
2715,1499,1581,110.6,0.265
2716,1500,1502,16.7,0.04
2717,1500,1516,16.9,0.041
2718,1501,1553,137.5,0.33
2719,1501,1561,69.1,0.166
2720,1502,1503,12.9,0.031
2721,1502,1519,15.4,0.037
2722,1503,1507,290.2,0.696
2723,1503,1517,289.9,0.696
2724,1504,1513,19.5,0.047
2725,1504,1568,73.2,0.176
2726,1505,1545,76.2,0.183
2727,1505,1627,163.5,0.392
2728,1506,1541,150.2,0.36
2729,1506,1553,46.1,0.111
2730,1507,1514,118.5,0.284
2731,1507,1517,8.4,0.02
2732,1508,1548,74.9,0.18
2733,1508,1624,157,0.377
2734,1509,1542,63.1,0.151
2735,1510,1521,82.7,0.198
2736,1510,1571,78.9,0.189
2737,1511,1525,14.4,0.035
2738,1511,1538,80.7,0.194
2739,1512,1552,77.4,0.186
2740,1512,1692,228,0.547
2741,1513,1561,143.5,0.344
2742,1513,1573,73.4,0.176
2743,1514,1515,22.9,0.055
2744,1514,1522,10.2,0.024
2745,1515,1523,10.7,0.026
2746,1516,1519,24.8,0.06
2747,1516,1569,66.9,0.161
2748,1517,1522,119.4,0.287
2749,1517,1527,13.6,0.033
2750,1518,1627,131.7,0.316
2751,1518,1638,162.1,0.389
2752,1519,1520,13.3,0.032
2753,1519,1570,58.8,0.141
2754,1520,1527,287.8,0.691
2755,1520,1544,289,0.694
2756,1521,1529,84.4,0.203
2757,1521,1597,108.1,0.259
2758,1522,1523,20.7,0.05
2759,1522,1532,12.3,0.03
2760,1523,1534,13.3,0.032
2761,1524,1535,12.1,0.029
2762,1525,1537,12.2,0.029
2763,1525,1578,163.7,0.393
2764,1526,1566,87.5,0.21
2765,1526,1639,154.4,0.371
2766,1527,1532,120.2,0.288
2767,1527,1544,11.8,0.028
2768,1528,1533,55,0.132
2769,1529,1547,84.1,0.202
2770,1529,1633,138.2,0.332
2771,1530,1564,77.8,0.187
2772,1530,1696,204.4,0.491
2773,1531,1567,79.8,0.192
2774,1531,1572,51.7,0.124
2775,1532,1534,20.1,0.048
2776,1532,1549,11.2,0.027
2777,1533,1546,75.3,0.181
2778,1533,1642,130.7,0.314
2779,1534,1550,9.9,0.024
2780,1535,1539,70.7,0.17
2781,1535,1595,131.2,0.315
2782,1535,1598,79.6,0.191
2783,1536,1568,97.1,0.233
2784,1536,1587,72,0.173
2785,1537,1551,10.6,0.025
2786,1537,1585,163.3,0.392
2787,1538,1554,77,0.185
2788,1539,1540,8.2,0.02
2789,1539,1600,80.2,0.192
2790,1540,1543,20.3,0.049
2791,1540,1601,80,0.192
2792,1541,1556,41.5,0.1
2793,1541,1588,70.7,0.17
2794,1542,1571,80.3,0.193
2795,1543,1554,99.9,0.24
2796,1543,1602,79.2,0.19
2797,1544,1549,120.5,0.289
2798,1544,1641,123.1,0.295
2799,1545,1576,81.2,0.195
2800,1545,1708,216.1,0.519
2801,1546,1555,83,0.199
2802,1546,1650,130.7,0.314
2803,1547,1557,84.4,0.203
2804,1547,1669,168.5,0.404
2805,1548,1574,74,0.178
2806,1548,1662,156.1,0.375
2807,1549,1550,20.6,0.049
2808,1549,1644,123.5,0.296
2809,1550,1591,456.9,1.097
2810,1550,1647,123.4,0.296
2811,1551,1558,7.8,0.019
2812,1551,1590,163.7,0.393
2813,1552,1577,73.9,0.177
2814,1552,1721,228,0.547
2815,1553,1588,147.9,0.355
2816,1553,1596,68.5,0.164
2817,1554,1578,37,0.089
2818,1555,1664,132.4,0.318
2819,1556,1582,84.3,0.202
2820,1556,1657,137.2,0.329
2821,1557,1565,83.7,0.201
2822,1557,1707,198.8,0.477
2823,1558,1562,8.6,0.021
2824,1558,1619,148.2,0.356
2825,1559,1563,56.7,0.136
2826,1560,1587,114.6,0.275
2827,1560,1615,75.5,0.181
2828,1561,1596,137.6,0.33
2829,1561,1616,73.7,0.177
2830,1562,1608,142.8,0.343
2831,1562,1614,66.8,0.16
2832,1563,1681,133.6,0.321
2833,1564,1586,74.9,0.18
2834,1564,1722,204.5,0.491
2835,1565,1572,84.4,0.203
2836,1565,1728,227.7,0.546
2837,1566,1589,80.7,0.194
2838,1566,1686,155.3,0.373
2839,1567,1580,24,0.058
2840,1567,1583,45.6,0.109
2841,1568,1573,17.6,0.042
2842,1568,1623,74.3,0.178
2843,1569,1570,50.6,0.121
2844,1569,1628,84.1,0.202
2845,1570,1575,116.1,0.279
2846,1570,1630,76.2,0.183
2847,1571,1597,78.1,0.187
2848,1571,1695,154.5,0.371
2849,1572,1580,82.3,0.198
2850,1572,1749,259.2,0.622
2851,1573,1616,145.6,0.349
2852,1573,1626,73.7,0.177
2853,1574,1599,74.5,0.179
2854,1574,1700,156.6,0.376
2855,1576,1604,81.3,0.195
2856,1576,1730,216.7,0.52
2857,1577,1605,77.4,0.186
2858,1577,1738,228.5,0.548
2859,1578,1585,11.4,0.027
2860,1578,1603,87.6,0.21
2861,1579,1592,23.2,0.056
2862,1579,1595,30.7,0.074
2863,1580,1583,52.2,0.125
2864,1580,1778,288.2,0.692
2865,1581,1617,82.2,0.197
2866,1581,1709,156.3,0.375
2867,1582,1621,81.4,0.195
2868,1582,1737,213.9,0.513
2869,1583,1584,40.5,0.097
2870,1583,1593,35.2,0.084
2871,1584,1593,16.1,0.039
2872,1584,1594,90.5,0.217
2873,1585,1590,11.3,0.027
2874,1585,1606,56.3,0.135
2875,1586,1628,119.1,0.286
2876,1586,1646,75,0.18
2877,1587,1620,80.1,0.192
2878,1587,1655,76.2,0.183
2879,1588,1643,66.6,0.16
2880,1589,1624,74.6,0.179
2881,1589,1719,154.7,0.371
2882,1590,1607,34,0.082
2883,1590,1610,13.8,0.033
2884,1591,1592,11.6,0.028
2885,1591,1665,163.7,0.393
2886,1591,1672,82.3,0.198
2887,1592,1595,15.1,0.036
2888,1592,1666,75.2,0.18
2889,1593,1634,85.8,0.206
2890,1593,1817,309.5,0.743
2891,1594,1609,84.9,0.204
2892,1594,1634,47.1,0.113
2893,1595,1598,49.2,0.118
2894,1595,1661,69.1,0.166
2895,1596,1643,147.2,0.353
2896,1596,1663,74.6,0.179
2897,1597,1633,78.1,0.187
2898,1597,1725,154.5,0.371
2899,1598,1600,58.7,0.141
2900,1598,1636,42.6,0.102
2901,1599,1632,74.3,0.178
2902,1599,1671,86,0.206
2903,1600,1601,8.7,0.021
2904,1600,1629,32,0.077
2905,1601,1602,32.4,0.078
2906,1601,1625,28.4,0.068
2907,1602,1603,19.8,0.048
2908,1602,1613,10.3,0.025
2909,1603,1606,29.3,0.07
2910,1603,1613,22.3,0.054
2911,1604,1639,87.4,0.21
2912,1604,1751,216.3,0.519
2913,1605,1638,75.7,0.182
2914,1605,1761,228.3,0.548
2915,1606,1607,19.3,0.046
2916,1606,1622,53.9,0.129
2917,1607,1610,31.1,0.075
2918,1607,1631,76.1,0.183
2919,1608,1610,20.9,0.05
2920,1608,1612,55.5,0.133
2921,1609,1670,76.8,0.184
2922,1609,1746,749.3,1.798
2923,1610,1684,79.8,0.192
2924,1612,1614,72,0.173
2925,1612,1689,81.1,0.195
2926,1613,1622,11.8,0.028
2927,1613,1625,41.9,0.101
2928,1614,1619,74.4,0.179
2929,1614,1693,79.8,0.192
2930,1615,1655,114.5,0.275
2931,1615,1682,73.9,0.177
2932,1616,1663,137.1,0.329
2933,1616,1680,71.8,0.172
2934,1617,1651,79,0.19
2935,1617,1732,158.2,0.38
2936,1618,1619,13.3,0.032
2937,1619,1698,80.6,0.193
2938,1620,1623,16.7,0.04
2939,1620,1645,37.1,0.089
2940,1621,1653,78.5,0.188
2941,1621,1762,214,0.514
2942,1622,1631,11,0.026
2943,1622,1637,42.9,0.103
2944,1623,1626,18.5,0.044
2945,1623,1645,40.9,0.098
2946,1623,1690,74.8,0.18
2947,1624,1662,74.3,0.178
2948,1624,1736,154.4,0.371
2949,1625,1629,9.4,0.023
2950,1625,1637,12.2,0.029
2951,1626,1680,145.2,0.348
2952,1626,1702,76.5,0.184
2953,1627,1673,52.7,0.126
2954,1628,1630,86.2,0.207
2955,1628,1703,84.3,0.202
2956,1629,1640,14.5,0.035
2957,1629,1652,60.2,0.144
2958,1630,1635,99,0.238
2959,1630,1714,86.9,0.209
2960,1631,1648,46,0.11
2961,1631,1679,46.6,0.112
2962,1632,1668,78.6,0.189
2963,1632,1705,84.6,0.203
2964,1633,1669,78.6,0.189
2965,1633,1740,154.6,0.371
2966,1634,1670,79.4,0.191
2967,1634,1846,310.2,0.744
2968,1635,1641,204,0.49
2969,1635,1716,87,0.209
2970,1636,1652,16.3,0.039
2971,1636,1661,56.2,0.135
2972,1637,1640,11.2,0.027
2973,1637,1648,13.8,0.033
2974,1638,1673,74.5,0.179
2975,1638,1789,228.3,0.548
2976,1639,1686,87.1,0.209
2977,1639,1787,216.2,0.519
2978,1640,1656,12.7,0.03
2979,1640,1667,59.2,0.142
2980,1641,1644,118.2,0.284
2981,1641,1772,170.8,0.41
2982,1642,1650,75.3,0.181
2983,1642,1682,188.4,0.452
2984,1642,1758,154.7,0.371
2985,1643,1657,25.1,0.06
2986,1643,1713,76.2,0.183
2987,1644,1647,21.7,0.052
2988,1644,1775,171.3,0.411
2989,1645,1683,37.1,0.089
2990,1646,1703,117.4,0.282
2991,1646,1739,129.3,0.31
2992,1647,1649,68.9,0.165
2993,1647,1801,200.8,0.482
2994,1648,1656,11.1,0.027
2995,1648,1677,25.4,0.061
2996,1649,1654,48.9,0.117
2997,1649,1781,174.3,0.418
2998,1650,1664,82.4,0.198
2999,1650,1774,165.4,0.397
3000,1651,1695,80,0.192
3001,1651,1752,156.3,0.375
3002,1652,1667,14.3,0.034
3003,1652,1674,51.4,0.123
3004,1653,1692,75.2,0.18
3005,1653,1793,214,0.514
3006,1654,1658,44.7,0.107
3007,1654,1769,155.9,0.374
3008,1655,1683,78,0.187
3009,1655,1720,76.5,0.184
3010,1656,1675,54.4,0.131
3011,1656,1676,21.1,0.051
3012,1657,1717,77.4,0.186
3013,1658,1660,91.4,0.219
3014,1658,1727,86.9,0.209
3015,1659,1696,79.4,0.191
3016,1659,2471,1511.9,3.629
3017,1660,1665,79.8,0.192
3018,1660,1727,167.5,0.402
3019,1661,1666,12.9,0.031
3020,1661,1674,13,0.031
3021,1662,1700,74.2,0.178
3022,1662,1757,154.5,0.371
3023,1663,1713,150.6,0.361
3024,1663,1724,71.9,0.173
3025,1664,1681,152.5,0.366
3026,1664,1777,159,0.382
3027,1665,1672,81.9,0.197
3028,1665,1715,166.1,0.399
3029,1666,1672,15.3,0.037
3030,1666,1678,12.7,0.03
3031,1667,1675,6.9,0.017
3032,1667,1685,48.6,0.117
3033,1668,1709,84.3,0.202
3034,1668,1768,156.1,0.375
3035,1669,1707,78.7,0.189
3036,1669,1767,154.7,0.371
3037,1670,1874,311.5,0.748
3038,1670,2268,1851.4,4.443
3039,1671,1705,74.5,0.179
3040,1671,1726,69,0.166
3041,1672,1687,12.7,0.03
3042,1673,1708,76.2,0.183
3043,1673,1824,228.3,0.548
3044,1674,1678,11.2,0.027
3045,1674,1685,10.6,0.025
3046,1675,1694,16.7,0.04
3047,1675,1697,48.8,0.117
3048,1676,1677,10.7,0.026
3049,1676,1694,47.4,0.114
3050,1676,1743,108.9,0.261
3051,1677,1679,45.2,0.108
3052,1677,1750,128.3,0.308
3053,1678,1687,20.9,0.05
3054,1678,1688,10.4,0.025
3055,1679,1684,99.7,0.239
3056,1679,1799,168.2,0.404
3057,1680,1724,137.4,0.33
3058,1680,1729,76.4,0.183
3059,1681,1691,119.5,0.287
3060,1681,1790,160.6,0.385
3061,1682,1720,114,0.274
3062,1682,1733,77.5,0.186
3063,1683,1690,14.3,0.034
3064,1683,1723,49.9,0.12
3065,1684,1689,75.2,0.18
3066,1684,1805,167.9,0.403
3067,1685,1688,4.7,0.011
3068,1685,1697,9.2,0.022
3069,1686,1719,81.2,0.195
3070,1686,1766,138.8,0.333
3071,1687,1701,11.9,0.029
3072,1687,1715,97.1,0.233
3073,1688,1697,8.7,0.021
3074,1688,1701,28.9,0.069
3075,1689,1693,73,0.175
3076,1689,1811,167.9,0.403
3077,1690,1702,26.2,0.063
3078,1690,1711,30.5,0.073
3079,1691,1806,164.1,0.394
3080,1692,1721,77.8,0.187
3081,1693,1698,75.2,0.18
3082,1693,1813,167.7,0.402
3083,1694,1704,47.7,0.114
3084,1694,1743,81.8,0.196
3085,1695,1725,78.3,0.188
3086,1695,1783,156.4,0.375
3087,1696,1722,76.2,0.183
3088,1696,2161,786.4,1.887
3089,1697,1704,11.9,0.029
3090,1697,1706,34.4,0.083
3091,1698,1699,18.8,0.045
3092,1698,1816,167.2,0.401
3093,1700,1726,74.3,0.178
3094,1700,1788,154.5,0.371
3095,1701,1706,9.7,0.023
3096,1701,1748,226.4,0.543
3097,1702,1729,141.8,0.34
3098,1702,1741,75.4,0.181
3099,1703,1710,12.8,0.031
3100,1704,1712,35,0.084
3101,1704,1791,140,0.336
3102,1705,1742,72.4,0.174
3103,1706,1712,10.7,0.026
3104,1706,1718,42.1,0.101
3105,1707,1728,77.9,0.187
3106,1707,1795,154.5,0.371
3107,1708,1730,81.1,0.195
3108,1708,1852,228.5,0.548
3109,1709,1732,84.6,0.203
3110,1709,1800,156.1,0.375
3111,1710,1714,127.2,0.305
3112,1710,1756,92.2,0.221
3113,1711,1723,23.4,0.056
3114,1711,1735,46.5,0.112
3115,1712,1794,124.5,0.299
3116,1712,1819,166,0.398
3117,1713,1717,12.5,0.03
3118,1713,1747,70.9,0.17
3119,1714,1716,99.2,0.238
3120,1714,1763,84,0.202
3121,1715,1744,142.1,0.341
3122,1716,1765,83.9,0.201
3123,1717,1737,83.8,0.201
3124,1718,1731,53.7,0.129
3125,1718,1745,136.5,0.328
3126,1719,1736,74.4,0.179
3127,1719,1797,139,0.334
3128,1720,1734,74.2,0.178
3129,1720,1759,79.8,0.192
3130,1721,1738,73.5,0.176
3131,1721,1856,214.2,0.514
3132,1722,1739,76.6,0.184
3133,1722,2164,734.4,1.763
3134,1723,1734,27.5,0.066
3135,1724,1747,148,0.355
3136,1724,1760,76.4,0.183
3137,1725,1740,78.6,0.189
3138,1725,1820,156.1,0.375
3139,1726,1754,70.7,0.17
3140,1727,1744,50.7,0.122
3141,1728,1749,78.4,0.188
3142,1728,1831,154.9,0.372
3143,1729,1760,137.1,0.329
3144,1729,1776,76.2,0.183
3145,1730,1751,81.1,0.195
3146,1730,1878,228.5,0.548
3147,1731,1770,96,0.23
3148,1731,1819,164.6,0.395
3149,1732,1752,78.5,0.188
3150,1732,1835,156.1,0.375
3151,1733,1759,113.4,0.272
3152,1733,1780,77.7,0.186
3153,1734,1836,152.6,0.366
3154,1735,1840,151.9,0.365
3155,1735,1842,152.4,0.366
3156,1736,1757,74.2,0.178
3157,1736,1829,139,0.334
3158,1737,1762,81.2,0.195
3159,1737,1880,223.8,0.537
3160,1738,1761,77.6,0.186
3161,1738,1877,214.2,0.514
3162,1739,1773,116.3,0.279
3163,1739,1804,98.8,0.237
3164,1740,1767,78.6,0.189
3165,1740,1845,156.2,0.375
3166,1741,1776,145.3,0.349
3167,1741,1792,76.2,0.183
3168,1741,1848,153.4,0.368
3169,1741,1850,152,0.365
3170,1742,1768,78.4,0.188
3171,1742,1782,67,0.161
3172,1743,1750,16.1,0.039
3173,1743,1764,43.1,0.103
3174,1744,1753,38.8,0.093
3175,1745,1755,17.6,0.042
3176,1745,1771,97.6,0.234
3177,1746,1996,1142,2.741
3178,1746,2132,1129.9,2.712
3179,1747,1809,76.2,0.183
3180,1748,1753,47.2,0.113
3181,1748,1771,54.5,0.131
3182,1749,1778,78.7,0.189
3183,1749,1858,154.4,0.371
3184,1750,1799,147.9,0.355
3185,1750,1815,111.2,0.267
3186,1751,1787,87.5,0.21
3187,1751,1913,228.6,0.549
3188,1752,1783,78.5,0.188
3189,1752,1864,156,0.374
3190,1753,1769,48.8,0.117
3191,1754,1782,74.4,0.179
3192,1754,1822,84.8,0.204
3193,1755,1770,17.1,0.041
3194,1755,1779,28.3,0.068
3195,1756,1763,165.7,0.398
3196,1756,1773,24.8,0.06
3197,1757,1788,74.4,0.179
3198,1757,1910,216.2,0.519
3199,1758,1774,81.6,0.196
3200,1758,1803,54.2,0.13
3201,1759,1818,71.5,0.172
3202,1760,1809,148,0.355
3203,1760,1823,76.5,0.184
3204,1761,1789,75.5,0.181
3205,1761,1912,214,0.514
3206,1762,1793,78.6,0.189
3207,1762,1920,224.2,0.538
3208,1763,1765,98.5,0.236
3209,1763,1830,79.4,0.191
3210,1764,1791,60.1,0.144
3211,1764,1802,69.7,0.167
3212,1765,1832,79.7,0.191
3213,1766,1797,81.3,0.195
3214,1766,1825,77.4,0.186
3215,1767,1795,78.3,0.188
3216,1767,1871,156,0.374
3217,1768,1800,84.4,0.203
3218,1768,1870,154.5,0.371
3219,1769,1781,53,0.127
3220,1770,1779,14.1,0.034
3221,1770,1819,112,0.269
3222,1771,1784,19.3,0.046
3223,1771,1821,175.9,0.422
3224,1772,1775,119.8,0.288
3225,1772,1838,79.4,0.191
3226,1773,1826,64.2,0.154
3227,1774,1777,78.9,0.189
3228,1774,1803,87.6,0.21
3229,1774,1853,95.1,0.228
3230,1775,1814,40.4,0.097
3231,1776,1823,137.5,0.33
3232,1776,1837,76.5,0.184
3233,1777,1786,80.8,0.194
3234,1777,1859,100.3,0.241
3235,1778,1817,84.6,0.203
3236,1778,1881,154.7,0.371
3237,1779,1785,7.1,0.017
3238,1780,1818,113.5,0.272
3239,1780,1834,68.6,0.165
3240,1781,1801,74.5,0.179
3241,1782,1844,86.9,0.209
3242,1783,1820,78.4,0.188
3243,1783,1889,155.9,0.374
3244,1784,1785,91.9,0.221
3245,1784,1849,77.1,0.185
3246,1785,1854,81.6,0.196
3247,1786,1790,71.7,0.172
3248,1786,1865,100.4,0.241
3249,1787,1825,87.1,0.209
3250,1787,1940,228.6,0.549
3251,1788,1822,74.3,0.178
3252,1788,1932,216.2,0.519
3253,1789,1824,74.5,0.179
3254,1789,1935,214,0.514
3255,1790,1796,54.1,0.13
3256,1791,1794,5.8,0.014
3257,1791,1802,12.1,0.029
3258,1792,1837,138.1,0.331
3259,1792,1855,76.6,0.184
3260,1793,1828,75.4,0.181
3261,1793,1942,224.2,0.538
3262,1794,1807,10.4,0.025
3263,1794,1819,65.3,0.157
3264,1795,1831,78.3,0.188
3265,1795,1903,156.1,0.375
3266,1796,1806,58.9,0.141
3267,1796,1857,74,0.178
3268,1797,1829,74.3,0.178
3269,1799,1805,101.7,0.244
3270,1799,1924,161.7,0.388
3271,1800,1835,84.6,0.203
3272,1800,1907,154.6,0.371
3273,1801,1814,22.8,0.055
3274,1801,1821,17.9,0.043
3275,1802,1807,3,0.007
3276,1802,1815,11.3,0.027
3277,1803,1834,86.2,0.207
3278,1803,1909,134.5,0.323
3279,1804,1847,114.5,0.275
3280,1804,2101,460.5,1.105
3281,1805,1811,75.4,0.181
3282,1805,1926,160.4,0.385
3283,1806,1808,10.9,0.026
3284,1806,1861,73.4,0.176
3285,1807,1815,9.1,0.022
3286,1807,1887,178.5,0.428
3287,1808,1810,10.2,0.024
3288,1808,2186,648.6,1.557
3289,1809,1863,77.6,0.186
3290,1810,1812,5.5,0.013
3291,1810,1986,244.8,0.588
3292,1811,1813,73.1,0.175
3293,1811,1929,162.5,0.39
3294,1812,1973,227.3,0.546
3295,1812,1986,246,0.59
3296,1813,1816,72.8,0.175
3297,1813,1938,166.8,0.4
3298,1814,1827,15.8,0.038
3299,1814,1851,131.4,0.315
3300,1815,1867,109.2,0.262
3301,1815,1922,139.6,0.335
3302,1816,1939,170.6,0.409
3303,1817,1846,84.2,0.202
3304,1817,1921,154.6,0.371
3305,1818,1836,67.4,0.162
3306,1818,1873,83.4,0.2
3307,1819,1887,126.2,0.303
3308,1820,1845,78.5,0.188
3309,1820,1923,156.1,0.375
3310,1821,1827,22.5,0.054
3311,1821,1843,32.7,0.078
3312,1822,1844,74.1,0.178
3313,1822,1962,216.2,0.519
3314,1823,1863,148.1,0.355
3315,1823,1869,76.1,0.183
3316,1824,1852,76.2,0.183
3317,1824,1963,214.3,0.514
3318,1825,1868,76.7,0.184
3319,1825,1876,155.8,0.374
3320,1826,1830,203.2,0.488
3321,1826,1847,34.8,0.084
3322,1827,1839,59.1,0.142
3323,1827,1841,23.6,0.057
3324,1828,1856,77.4,0.186
3325,1828,1972,224.2,0.538
3326,1829,1876,77.1,0.185
3327,1830,1832,101.7,0.244
3328,1830,1883,79.4,0.191
3329,1831,1858,78.2,0.188
3330,1831,1930,156,0.374
3331,1832,1833,59.8,0.144
3332,1833,1866,71.3,0.171
3333,1833,1875,55.5,0.133
3334,1834,1873,114,0.274
3335,1834,1890,83.6,0.201
3336,1835,1864,78.4,0.188
3337,1835,1936,154.2,0.37
3338,1836,1840,13.4,0.032
3339,1836,1892,83.3,0.2
3340,1837,1885,76.2,0.183
3341,1838,1851,15,0.036
3342,1838,1866,132.6,0.318
3343,1839,1841,54.5,0.131
3344,1839,1862,72.7,0.174
3345,1840,1842,7.2,0.017
3346,1840,1893,82.2,0.197
3347,1841,1899,78.3,0.188
3348,1842,1848,15.7,0.038
3349,1842,1897,81.5,0.196
3350,1843,1849,162.1,0.389
3351,1843,1900,79.1,0.19
3352,1844,1870,78.5,0.188
3353,1844,1981,216.3,0.519
3354,1845,1871,78.6,0.189
3355,1845,1949,156,0.374
3356,1846,1874,79,0.19
3357,1846,1947,154.4,0.371
3358,1847,1879,53.7,0.129
3359,1848,1850,8.6,0.021
3360,1848,1901,80.3,0.193
3361,1849,1854,93,0.223
3362,1849,1908,78.3,0.188
3363,1850,1855,9.8,0.024
3364,1850,1905,80.1,0.192
3365,1851,1882,137.5,0.33
3366,1852,1878,81.2,0.195
3367,1852,1985,214.2,0.514
3368,1853,1859,78.5,0.188
3369,1853,2038,262.8,0.631
3370,1854,1906,71.3,0.171
3371,1855,1885,138.1,0.331
3372,1855,1911,79.6,0.191
3373,1856,1877,73.6,0.177
3374,1856,1995,224.1,0.538
3375,1857,1861,59.1,0.142
3376,1857,1872,25.4,0.061
3377,1858,1881,78.8,0.189
3378,1858,1960,156.1,0.375
3379,1859,1865,79.4,0.191
3380,1859,2046,258.9,0.621
3381,1860,1869,52,0.125
3382,1861,1896,49.6,0.119
3383,1862,1884,107.7,0.258
3384,1862,1895,48.2,0.116
3385,1863,1880,68.6,0.165
3386,1863,1918,74.7,0.179
3387,1864,1889,78.4,0.188
3388,1864,1964,154.6,0.371
3389,1865,1872,129.9,0.312
3390,1866,1882,26.4,0.063
3391,1867,1915,98.3,0.236
3392,1868,1902,81.5,0.196
3393,1868,1974,156.9,0.377
3394,1869,1918,148.4,0.356
3395,1869,1927,76.3,0.183
3396,1870,1907,84.6,0.203
3397,1870,2009,216.2,0.519
3398,1871,1903,78.3,0.188
3399,1871,1976,156.1,0.375
3400,1872,1891,25.1,0.06
3401,1873,1892,66.7,0.16
3402,1873,1925,69.9,0.168
3403,1874,1904,78.3,0.188
3404,1874,1975,154.2,0.37
3405,1875,1886,18.7,0.045
3406,1875,1888,69.9,0.168
3407,1876,1910,74.3,0.178
3408,1876,1928,77,0.185
3409,1877,1912,77.7,0.186
3410,1877,2019,224.4,0.539
3411,1878,1913,81,0.194
3412,1878,2014,214.2,0.514
3413,1879,1883,240.6,0.577
3414,1879,2030,232.8,0.559
3415,1880,1920,83,0.199
3416,1880,2029,227.6,0.546
3417,1881,1921,84.7,0.203
3418,1881,1982,155.5,0.373
3419,1882,1886,11.4,0.027
3420,1882,1894,14,0.034
3421,1883,1888,100.3,0.241
3422,1883,1937,63.7,0.153
3423,1884,1894,29.4,0.071
3424,1884,1895,99.2,0.238
3425,1885,1927,137.3,0.33
3426,1885,1946,83.6,0.201
3427,1886,1898,14.5,0.035
3428,1886,1916,86.5,0.208
3429,1887,1906,29.2,0.07
3430,1888,1916,30.1,0.072
3431,1889,1923,78.4,0.188
3432,1889,1987,154.5,0.371
3433,1890,1917,30.6,0.073
3434,1890,1925,113.1,0.271
3435,1891,1896,58.6,0.141
3436,1891,2062,229,0.55
3437,1892,1893,14,0.034
3438,1892,1941,69.3,0.166
3439,1893,1897,7.8,0.019
3440,1893,1944,70.3,0.169
3441,1894,1898,9.6,0.023
3442,1894,1919,25.2,0.06
3443,1895,1899,122.4,0.294
3444,1895,1951,68.6,0.165
3445,1896,2062,282.3,0.678
3446,1897,1901,15.6,0.037
3447,1897,1948,70.9,0.17
3448,1898,1919,22.4,0.054
3449,1898,1950,184.1,0.442
3450,1899,1900,20.4,0.049
3451,1899,1953,68.1,0.163
3452,1900,1908,160.3,0.385
3453,1900,1955,67.1,0.161
3454,1901,1905,8.1,0.019
3455,1901,1956,72,0.173
3456,1902,1928,73.9,0.177
3457,1902,2000,156.7,0.376
3458,1903,1930,78.5,0.188
3459,1903,2001,156,0.374
3460,1904,1931,78.3,0.188
3461,1904,1999,154.5,0.371
3462,1905,1911,14,0.034
3463,1905,1957,72.1,0.173
3464,1906,1914,12.9,0.031
3465,1906,1915,8.5,0.02
3466,1907,1936,84.3,0.202
3467,1907,2039,216.5,0.52
3468,1908,1914,83.1,0.199
3469,1908,1958,68.7,0.165
3470,1909,1917,26.1,0.063
3471,1909,1952,57.1,0.137
3472,1910,1932,74.3,0.178
3473,1910,2054,233.7,0.561
3474,1911,1946,134,0.322
3475,1911,1959,72.5,0.174
3476,1912,1935,75.5,0.181
3477,1913,1940,89.2,0.214
3478,1913,2043,214.2,0.514
3479,1914,1915,9.9,0.024
3480,1914,1965,113.9,0.273
3481,1915,1922,155.1,0.372
3482,1915,1971,127.3,0.306
3483,1915,2065,212.3,0.51
3484,1916,1937,95.4,0.229
3485,1917,1952,48.6,0.117
3486,1918,1968,76,0.182
3487,1919,1943,38.6,0.093
3488,1920,1942,77,0.185
3489,1920,2063,227.6,0.546
3490,1921,1947,84.6,0.203
3491,1921,2012,151.3,0.363
3492,1922,1924,176.3,0.423
3493,1922,2067,208.8,0.501
3494,1923,1949,78.5,0.188
3495,1923,2016,154.5,0.371
3496,1924,1926,103.1,0.247
3497,1924,2052,179.5,0.431
3498,1925,1941,67.8,0.163
3499,1925,2021,152.5,0.366
3500,1926,1929,75.5,0.181
3501,1926,2020,138.1,0.331
3502,1927,1968,148.4,0.356
3503,1927,1978,79.3,0.19
3504,1928,2023,156.7,0.376
3505,1929,1938,73.4,0.176
3506,1929,2024,136.8,0.328
3507,1930,1960,78.1,0.187
3508,1930,2028,156.2,0.375
3509,1931,1961,78.4,0.188
3510,1931,2025,154.7,0.371
3511,1932,1962,74.7,0.179
3512,1932,2079,233.7,0.561
3513,1933,1966,81.7,0.196
3514,1934,1998,92.8,0.223
3515,1935,1963,74.4,0.179
3516,1935,2078,224.4,0.539
3517,1936,1964,78.6,0.189
3518,1936,2068,216.9,0.521
3519,1937,1950,16.8,0.04
3520,1937,1966,105.4,0.253
3521,1938,1939,73.4,0.176
3522,1938,2031,133.7,0.321
3523,1939,2032,130.7,0.314
3524,1940,1974,85.5,0.205
3525,1940,2077,213.6,0.513
3526,1941,1944,13.3,0.032
3527,1941,1989,76.2,0.183
3528,1942,1972,76.7,0.184
3529,1942,2084,227.6,0.546
3530,1943,1945,68.1,0.163
3531,1943,1991,67.7,0.162
3532,1944,1948,7.3,0.018
3533,1944,1993,76.3,0.183
3534,1945,1951,63.2,0.152
3535,1945,1979,48.2,0.116
3536,1946,1978,137.8,0.331
3537,1947,1975,78.4,0.188
3538,1947,2047,156.3,0.375
3539,1948,1956,16.3,0.039
3540,1948,1997,76.4,0.183
3541,1949,1976,78.7,0.189
3542,1949,2044,154.7,0.371
3543,1950,1970,89.9,0.216
3544,1950,1988,60.2,0.144
3545,1951,1953,120.4,0.289
3546,1951,1980,49.1,0.118
3547,1952,1994,72.8,0.175
3548,1953,1955,19.6,0.047
3549,1953,1967,20,0.048
3550,1954,1990,57.7,0.138
3551,1955,1958,161.4,0.387
3552,1955,1977,167.8,0.403
3553,1955,2018,105.6,0.253
3554,1956,1957,7,0.017
3555,1956,2002,76.7,0.184
3556,1957,1959,18.6,0.045
3557,1957,2004,76.9,0.185
3558,1958,1965,9.6,0.023
3559,1959,1992,142.3,0.342
3560,1959,2006,77.4,0.186
3561,1960,1982,78.5,0.188
3562,1960,2060,156.3,0.375
3563,1961,1983,78.7,0.189
3564,1961,2059,154.4,0.371
3565,1962,1981,73.9,0.177
3566,1962,2100,233.7,0.561
3567,1963,1985,76.2,0.183
3568,1963,2098,224.3,0.538
3569,1964,1987,78.4,0.188
3570,1964,2092,216.7,0.52
3571,1965,1971,9.2,0.022
3572,1965,1977,36.6,0.088
3573,1966,1970,14.2,0.034
3574,1966,1998,147.3,0.354
3575,1967,2008,66.5,0.16
3576,1967,2074,158.7,0.381
3577,1968,2015,78.1,0.187
3578,1970,1984,46.2,0.111
3579,1970,2011,163.2,0.392
3580,1971,2013,90.4,0.217
3581,1971,2066,132.7,0.318
3582,1972,1995,77.7,0.186
3583,1974,2000,80.1,0.192
3584,1975,1999,78.5,0.188
3585,1975,2070,156.4,0.375
3586,1976,2001,78.3,0.188
3587,1976,2069,154.6,0.371
3588,1977,2037,112.5,0.27
3589,1978,2015,148.4,0.356
3590,1978,2075,141.5,0.34
3591,1979,1980,64.5,0.155
3592,1979,2036,82,0.197
3593,1980,2022,113.1,0.271
3594,1980,2051,97.1,0.233
3595,1981,2009,78.6,0.189
3596,1981,2119,240.6,0.577
3597,1982,2012,90.1,0.216
3598,1982,2083,156.7,0.376
3599,1983,2010,78.3,0.188
3600,1983,2082,154.5,0.371
3601,1984,1988,42.2,0.101
3602,1984,2005,48.4,0.116
3603,1985,2014,81.2,0.195
3604,1985,2115,224.1,0.538
3605,1986,2254,701.4,1.683
3606,1987,2016,78.4,0.188
3607,1987,2110,216.8,0.52
3608,1988,1990,104.8,0.252
3609,1988,2005,21.6,0.052
3610,1989,1993,15.1,0.036
3611,1989,2041,76.9,0.185
3612,1990,1991,68.5,0.164
3613,1991,2033,61.7,0.148
3614,1993,1997,7.9,0.019
3615,1993,2048,76.7,0.184
3616,1994,2021,109.6,0.263
3617,1994,2038,65.2,0.156
3618,1995,2019,73.7,0.177
3619,1995,2123,227.3,0.546
3620,1997,2002,15.7,0.038
3621,1997,2049,76.6,0.184
3622,1998,2011,17.5,0.042
3623,1998,2030,117.9,0.283
3624,1999,2025,78,0.187
3625,1999,2095,156.3,0.375
3626,2000,2023,76,0.182
3627,2000,2054,377.6,0.906
3628,2001,2028,78.3,0.188
3629,2001,2094,154.7,0.371
3630,2002,2004,5.5,0.013
3631,2002,2056,76.9,0.185
3632,2003,2091,145.4,0.349
3633,2004,2006,20,0.048
3634,2004,2058,77.2,0.185
3635,2005,2139,214.8,0.516
3636,2006,2017,46.4,0.111
3637,2006,2064,78.4,0.188
3638,2007,2105,166.4,0.399
3639,2008,2022,41.9,0.101
3640,2008,2026,25.1,0.06
3641,2009,2039,84.4,0.203
3642,2009,2141,240.4,0.577
3643,2010,2040,84.6,0.203
3644,2010,2102,154.7,0.371
3645,2011,2042,125,0.3
3646,2011,2111,156.5,0.376
3647,2012,2047,79.8,0.192
3648,2012,2106,161,0.386
3649,2013,2045,49.6,0.119
3650,2014,2043,81.2,0.195
3651,2014,2136,224.6,0.539
3652,2015,2029,39.7,0.095
3653,2015,2104,142.9,0.343
3654,2016,2044,78.6,0.189
3655,2016,2131,216.6,0.52
3656,2018,2037,42.5,0.102
3657,2018,2061,53.8,0.129
3658,2019,2050,77.6,0.186
3659,2019,2143,227.2,0.545
3660,2020,2024,75.3,0.181
3661,2020,2052,117.1,0.281
3662,2021,2041,65.4,0.157
3663,2022,2051,125.7,0.302
3664,2023,2054,72.5,0.174
3665,2024,2027,17.1,0.041
3666,2025,2059,78.9,0.189
3667,2025,2114,156.1,0.375
3668,2026,2076,70.2,0.168
3669,2026,2080,86.1,0.207
3670,2027,2031,56.5,0.136
3671,2027,2057,37.3,0.09
3672,2028,2060,78.3,0.188
3673,2028,2112,154.5,0.371
3674,2029,2063,83.1,0.199
3675,2029,2146,231.1,0.555
3676,2030,2042,18.9,0.045
3677,2031,2032,73.2,0.176
3678,2031,2081,148.3,0.356
3679,2032,2108,119.9,0.288
3680,2033,2035,52.9,0.127
3681,2033,2086,73.7,0.177
3682,2034,2120,139.3,0.334
3683,2035,2036,14.8,0.036
3684,2035,2073,49,0.118
3685,2036,2051,59.1,0.142
3686,2037,2045,11.8,0.028
3687,2037,2061,26.3,0.063
3688,2038,2046,78.9,0.189
3689,2038,2093,87.4,0.21
3690,2039,2068,84.4,0.203
3691,2039,2153,236.8,0.568
3692,2040,2122,154.8,0.372
3693,2040,3738,6315.2,15.156
3694,2041,2048,15.7,0.038
3695,2041,2089,77.3,0.186
3696,2042,2156,240.1,0.576
3697,2043,2077,91.5,0.22
3698,2043,2152,224.2,0.538
3699,2044,2069,78.3,0.188
3700,2044,2148,216.5,0.52
3701,2045,2071,42.6,0.102
3702,2046,2053,150,0.36
3703,2046,2121,134.1,0.322
3704,2047,2070,78.1,0.187
3705,2047,2124,156,0.374
3706,2048,2049,7.3,0.018
3707,2048,2129,152.1,0.365
3708,2049,2056,17,0.041
3709,2049,2130,152.2,0.365
3710,2050,2078,75.7,0.182
3711,2050,2154,227.4,0.546
3712,2051,2073,82.9,0.199
3713,2051,2085,50.3,0.121
3714,2052,2067,179.2,0.43
3715,2053,2062,75.2,0.18
3716,2053,2195,329.5,0.791
3717,2054,2079,75.8,0.182
3718,2055,2057,47.2,0.113
3719,2056,2058,5.8,0.014
3720,2056,2135,152.7,0.366
3721,2057,2081,37.7,0.09
3722,2058,2064,18.5,0.044
3723,2058,2137,152.5,0.366
3724,2059,2082,78.4,0.188
3725,2059,2134,156.2,0.375
3726,2060,2083,78.5,0.188
3727,2060,2133,154.3,0.37
3728,2061,2071,21.6,0.052
3729,2061,2072,23.6,0.057
3730,2063,2084,76.7,0.184
3731,2063,2163,229.6,0.551
3732,2064,2090,130.2,0.312
3733,2064,2140,151.6,0.364
3734,2065,2066,89.8,0.216
3735,2065,2067,161.9,0.389
3736,2065,2199,255,0.612
3737,2066,2071,104.1,0.25
3738,2067,2096,44.1,0.106
3739,2068,2092,78.5,0.188
3740,2068,2175,228.3,0.548
3741,2069,2094,78.5,0.188
3742,2069,2168,216.4,0.519
3743,2070,2095,78.5,0.188
3744,2070,2144,156,0.374
3745,2071,2072,11.4,0.027
3746,2071,2206,253.8,0.609
3747,2071,2256,336.8,0.808
3748,2072,2074,15.7,0.038
3749,2072,2107,64.3,0.154
3750,2073,2086,66.8,0.16
3751,2074,2076,9.5,0.023
3752,2074,2107,62.4,0.15
3753,2075,2104,148.1,0.355
3754,2075,2116,88.4,0.212
3755,2076,2080,60.9,0.146
3756,2076,2109,69.2,0.166
3757,2077,2177,227.5,0.546
3758,2078,2098,74.3,0.178
3759,2078,2179,227.5,0.546
3760,2079,2100,71.7,0.172
3761,2080,2085,106.1,0.255
3762,2081,2087,10.2,0.024
3763,2082,2102,78.6,0.189
3764,2082,2150,155.8,0.374
3765,2083,2106,84.7,0.203
3766,2083,2149,154.7,0.371
3767,2084,2105,77,0.185
3768,2084,2187,230,0.552
3769,2085,2126,81.1,0.195
3770,2085,2127,160.7,0.386
3771,2086,2127,79.9,0.192
3772,2088,2111,157,0.377
3773,2089,2113,132.5,0.318
3774,2089,2125,74.1,0.178
3775,2090,2091,6,0.014
3776,2090,2118,56.3,0.135
3777,2091,2116,128.1,0.307
3778,2092,2110,78.2,0.188
3779,2092,2194,228.2,0.548
3780,2093,2113,109.2,0.262
3781,2093,2121,61.4,0.147
3782,2094,2112,78.7,0.189
3783,2094,2192,219.7,0.527
3784,2095,2114,78.4,0.188
3785,2095,2157,156,0.374
3786,2096,2097,38,0.091
3787,2096,2151,116.6,0.28
3788,2096,2189,290,0.696
3789,2097,2099,187.6,0.45
3790,2097,2142,108.2,0.26
3791,2098,2115,76.3,0.183
3792,2098,2198,228.4,0.548
3793,2099,2103,62.5,0.15
3794,2099,2185,180.3,0.433
3795,2100,2119,78.7,0.189
3796,2100,2190,208.6,0.501
3797,2102,2122,83.8,0.201
3798,2102,2169,155.5,0.373
3799,2103,2120,274.8,0.66
3800,2103,2138,67.9,0.163
3801,2104,2145,89.4,0.215
3802,2105,2123,77.9,0.187
3803,2105,2209,229.9,0.552
3804,2106,2124,84.6,0.203
3805,2106,2172,154.8,0.372
3806,2107,2257,273.9,0.657
3807,2109,2117,90.2,0.216
3808,2109,2158,102,0.245
3809,2110,2131,77.2,0.185
3810,2110,2165,127.6,0.306
3811,2111,2147,75,0.18
3812,2112,2133,78.5,0.188
3813,2112,2217,222.3,0.534
3814,2113,2125,61.4,0.147
3815,2114,2134,78.2,0.188
3816,2114,2182,156,0.374
3817,2115,2136,81.2,0.195
3818,2115,2221,229.6,0.551
3819,2116,2145,151.5,0.364
3820,2117,2126,68.6,0.165
3821,2117,2167,104.7,0.251
3822,2119,2141,77.3,0.186
3823,2120,2128,63.2,0.152
3824,2121,2195,154.5,0.371
3825,2122,2191,155.6,0.373
3826,2122,4182,7525.1,18.06
3827,2123,2143,73.3,0.176
3828,2123,2227,230.6,0.553
3829,2124,2144,78.2,0.188
3830,2124,2193,154.7,0.371
3831,2125,2129,18.2,0.044
3832,2125,2155,76.9,0.185
3833,2126,2173,93.8,0.225
3834,2126,2184,199.2,0.478
3835,2127,2139,175.1,0.42
3836,2127,2184,113.5,0.272
3837,2129,2130,7.1,0.017
3838,2129,2160,77,0.185
3839,2130,2135,16.6,0.04
3840,2130,2162,77.1,0.185
3841,2131,2148,80.3,0.193
3842,2133,2149,78.1,0.187
3843,2133,2232,222.2,0.533
3844,2134,2150,78.9,0.189
3845,2134,2204,156.4,0.375
3846,2135,2137,6,0.014
3847,2135,2166,76.5,0.184
3848,2136,2152,81.1,0.195
3849,2136,2240,228.9,0.549
3850,2137,2140,18.4,0.044
3851,2137,2170,76.2,0.183
3852,2138,2159,273.9,0.657
3853,2138,2196,218.7,0.525
3854,2139,2147,233.6,0.561
3855,2139,2184,291.3,0.699
3856,2140,2174,75.5,0.181
3857,2141,2153,77.8,0.187
3858,2141,2324,467.4,1.122
3859,2142,2171,100.2,0.24
3860,2142,2185,120.8,0.29
3861,2143,2154,77.4,0.186
3862,2143,2249,229.9,0.552
3863,2144,2157,78.5,0.188
3864,2144,2218,154.4,0.371
3865,2145,2146,6.2,0.015
3866,2145,2176,68.9,0.165
3867,2146,2163,87.1,0.209
3868,2147,2156,218.7,0.525
3869,2147,2396,465.2,1.116
3870,2148,2168,78.2,0.188
3871,2149,2172,84.8,0.204
3872,2149,2261,218.8,0.525
3873,2150,2169,78.3,0.188
3874,2150,2224,156.6,0.376
3875,2151,2171,48.1,0.115
3876,2151,2189,109.6,0.263
3877,2152,2177,88.3,0.212
3878,2152,2228,159.3,0.382
3879,2153,2175,92.7,0.222
3880,2153,2309,323.9,0.777
3881,2154,2179,75.7,0.182
3882,2154,2276,230,0.552
3883,2155,2160,18.5,0.044
3884,2155,2197,76.4,0.183
3885,2156,2164,117.4,0.282
3886,2156,2269,203.9,0.489
3887,2157,2182,78.4,0.188
3888,2157,2235,154.7,0.371
3889,2158,2167,87.3,0.21
3890,2158,2212,86.7,0.208
3891,2160,2162,6.9,0.017
3892,2160,2202,75,0.18
3893,2162,2166,16.5,0.04
3894,2162,2205,74.8,0.18
3895,2163,2187,76.7,0.184
3896,2164,2181,195.2,0.468
3897,2164,2269,170.7,0.41
3898,2165,2220,100.6,0.241
3899,2165,2267,255.1,0.612
3900,2166,2170,6.3,0.015
3901,2166,2207,74.2,0.178
3902,2167,2173,84.7,0.203
3903,2168,2192,80.1,0.192
3904,2168,2286,228.6,0.549
3905,2169,2191,83.7,0.201
3906,2169,2246,156.8,0.376
3907,2170,2174,17.4,0.042
3908,2170,2211,74.3,0.178
3909,2171,2188,38.9,0.093
3910,2172,2193,84.5,0.203
3911,2172,2208,73.5,0.176
3912,2173,2178,41.8,0.1
3913,2174,2180,14.8,0.036
3914,2175,2194,78.4,0.188
3915,2176,2216,77.6,0.186
3916,2176,2234,267.9,0.643
3917,2177,2290,221.6,0.532
3918,2178,2183,66.5,0.16
3919,2178,2225,85.2,0.204
3920,2179,2198,75.3,0.181
3921,2179,2292,229.8,0.552
3922,2180,2215,60,0.144
3923,2180,2216,441.4,1.059
3924,2182,2204,78.6,0.189
3925,2182,2266,154.5,0.371
3926,2183,2184,25.3,0.061
3927,2183,2226,94,0.226
3928,2184,2282,167.4,0.402
3929,2185,2201,39,0.094
3930,2185,2222,105.1,0.252
3931,2186,2195,97.8,0.235
3932,2186,2244,284.3,0.682
3933,2187,2209,77.1,0.185
3934,2188,2203,36.4,0.087
3935,2188,2223,106.6,0.256
3936,2189,2213,44.6,0.107
3937,2190,2298,226.1,0.543
3938,2191,2200,24.1,0.058
3939,2191,2275,156.8,0.376
3940,2192,2217,76.9,0.185
3941,2192,2304,225.1,0.54
3942,2193,2218,78.3,0.188
3943,2193,2231,81.6,0.196
3944,2194,2220,79.2,0.19
3945,2194,2321,264.4,0.635
3946,2195,2229,163.2,0.392
3947,2195,2237,193.4,0.464
3948,2196,2214,123.3,0.296
3949,2196,2219,42.7,0.102
3950,2197,2202,23.5,0.056
3951,2197,2229,64.4,0.155
3952,2198,2221,75.3,0.181
3953,2198,2270,127.4,0.306
3954,2199,2206,188.8,0.453
3955,2199,2230,62.9,0.151
3956,2201,2210,15.5,0.037
3957,2201,2239,107.3,0.258
3958,2202,2205,6.9,0.017
3959,2202,2233,65.5,0.157
3960,2203,2222,46.7,0.112
3961,2203,2238,105.8,0.254
3962,2204,2224,78.3,0.188
3963,2204,2284,154.6,0.371
3964,2205,2207,15,0.036
3965,2205,2236,67.3,0.162
3966,2206,2253,80.2,0.192
3967,2207,2211,6.7,0.016
3968,2207,2242,69.1,0.166
3969,2208,2231,85.1,0.204
3970,2208,2280,142.9,0.343
3971,2209,2227,78.1,0.187
3972,2210,2219,142.9,0.343
3973,2210,2251,97,0.233
3974,2211,2215,23,0.055
3975,2211,2243,69.1,0.166
3976,2212,2225,197.9,0.475
3977,2212,2259,79.1,0.19
3978,2213,2223,36,0.086
3979,2213,2295,201.3,0.483
3980,2215,2250,69.3,0.166
3981,2216,2234,42.4,0.102
3982,2217,2232,78.3,0.188
3983,2218,2235,78.5,0.188
3984,2218,2264,84,0.202
3985,2219,2251,98.2,0.236
3986,2220,2267,156.1,0.375
3987,2221,2240,79.2,0.19
3988,2221,2288,125.8,0.302
3989,2222,2239,40.3,0.097
3990,2222,2271,113.1,0.271
3991,2223,2238,40.3,0.097
3992,2224,2246,78.5,0.188
3993,2224,2301,154.6,0.371
3994,2225,2226,46.7,0.112
3995,2225,2274,79.1,0.19
3996,2226,2278,86.5,0.208
3997,2227,2249,73.4,0.176
3998,2227,2333,205.9,0.494
3999,2229,2233,26.2,0.063
4000,2230,2253,192.7,0.462
4001,2230,2287,84.9,0.204
4002,2231,2264,77.6,0.186
4003,2231,2300,135.1,0.324
4004,2232,2261,77,0.185
4005,2233,2236,7.2,0.017
4006,2233,2237,8.1,0.019
4007,2234,2260,33.6,0.081
4008,2235,2266,78.2,0.188
4009,2235,2277,71.5,0.172
4010,2236,2241,6.6,0.016
4011,2236,2242,13.7,0.033
4012,2237,2241,7,0.017
4013,2237,2244,9.3,0.022
4014,2238,2271,44.8,0.108
4015,2239,2251,194.1,0.466
4016,2239,2265,44.7,0.107
4017,2240,2272,82.8,0.199
4018,2240,2303,125.4,0.301
4019,2241,2245,13.7,0.033
4020,2241,2248,9.4,0.023
4021,2242,2243,6.2,0.015
4022,2242,2245,5.4,0.013
4023,2243,2247,5.6,0.013
4024,2243,2250,30.1,0.072
4025,2244,2248,6.9,0.017
4026,2244,2254,10.4,0.025
4027,2245,2247,6.3,0.015
4028,2245,2252,9,0.022
4029,2246,2275,84.6,0.203
4030,2246,2319,154.5,0.371
4031,2247,2255,8.8,0.021
4032,2247,2283,137.4,0.33
4033,2248,2252,13.8,0.033
4034,2248,2258,10.1,0.024
4035,2249,2276,77.6,0.186
4036,2250,2305,284.3,0.682
4037,2252,2255,6.2,0.015
4038,2252,2262,10,0.024
4039,2253,2256,11,0.026
4040,2253,2296,81.1,0.195
4041,2254,2258,6.8,0.016
4042,2254,2553,773.3,1.856
4043,2255,2263,10,0.024
4044,2255,2283,137.1,0.329
4045,2256,2257,12,0.029
4046,2256,2383,250.1,0.6
4047,2257,2259,14.6,0.035
4048,2257,2384,249.1,0.598
4049,2258,2262,13.4,0.032
4050,2258,2554,773.3,1.856
4051,2259,2274,182.3,0.438
4052,2259,2385,247.7,0.594
4053,2260,2297,79,0.19
4054,2261,2280,85.9,0.206
4055,2261,2361,226,0.542
4056,2262,2263,6,0.014
4057,2262,2556,772.7,1.854
4058,2263,2291,167.2,0.401
4059,2263,2557,772.5,1.854
4060,2264,2318,132.5,0.318
4061,2264,2341,159.6,0.383
4062,2265,2279,57.5,0.138
4063,2265,2285,51.5,0.124
4064,2266,2284,78.5,0.188
4065,2266,2299,83.5,0.2
4066,2267,2273,18.3,0.044
4067,2269,2397,295.2,0.708
4068,2269,2435,382.6,0.918
4069,2270,2288,75.2,0.18
4070,2270,2308,101.6,0.244
4071,2271,2279,44.2,0.106
4072,2271,2295,86.6,0.208
4073,2272,2290,90.4,0.217
4074,2272,2370,229.5,0.551
4075,2273,2286,60.2,0.144
4076,2273,2382,259.2,0.622
4077,2274,2278,62.6,0.15
4078,2275,2294,85.6,0.205
4079,2275,2350,154.4,0.371
4080,2276,2292,75.4,0.181
4081,2277,2281,13.1,0.031
4082,2277,2293,59.8,0.144
4083,2278,2282,55.4,0.133
4084,2279,2285,14.2,0.034
4085,2280,2300,84.3,0.202
4086,2280,2307,63.3,0.152
4087,2281,2293,44.3,0.106
4088,2281,2299,78.6,0.189
4089,2281,2346,131.6,0.316
4090,2282,2368,168.6,0.405
4091,2283,2289,29.6,0.071
4092,2284,2301,78.7,0.189
4093,2284,2314,83.3,0.2
4094,2286,2304,79.9,0.192
4095,2286,2356,166,0.398
4096,2287,2296,193.9,0.465
4097,2287,2311,57.3,0.138
4098,2288,2303,78.9,0.189
4099,2289,2305,149.1,0.358
4100,2289,2313,267.8,0.643
4101,2290,2306,85.8,0.206
4102,2290,2390,233.5,0.56
4103,2291,2323,275,0.66
4104,2291,2336,285,0.684
4105,2292,2308,75.4,0.181
4106,2293,2343,93.7,0.225
4107,2294,2365,154.4,0.371
4108,2294,4243,7116.2,17.079
4109,2295,2342,120.7,0.29
4110,2295,2412,336.1,0.807
4111,2296,2348,84.7,0.203
4112,2297,2310,35.4,0.085
4113,2297,2312,30.6,0.073
4114,2298,2347,89.2,0.214
4115,2299,2314,78.7,0.189
4116,2299,2360,133.3,0.32
4117,2300,2318,80.5,0.193
4118,2300,2335,62.1,0.149
4119,2301,2319,78.2,0.188
4120,2301,2345,83.7,0.201
4121,2302,2358,127.8,0.307
4122,2303,2354,102.5,0.246
4123,2304,2361,231.2,0.555
4124,2304,2394,212.3,0.51
4125,2305,2310,116.9,0.281
4126,2306,2332,79.9,0.192
4127,2306,2425,294.3,0.706
4128,2307,2335,84.4,0.203
4129,2307,2379,165.3,0.397
4130,2308,2333,468.8,1.125
4131,2308,2337,75,0.18
4132,2309,2317,15.4,0.037
4133,2309,2321,181,0.434
4134,2309,2324,133.5,0.32
4135,2310,2312,25.7,0.062
4136,2310,2313,10.5,0.025
4137,2311,2326,33.2,0.08
4138,2311,2330,27.1,0.065
4139,2312,2315,11.3,0.027
4140,2312,2316,119.2,0.286
4141,2313,2315,24.3,0.058
4142,2313,2323,10.9,0.026
4143,2314,2345,78.3,0.188
4144,2314,2377,133.1,0.319
4145,2315,2325,11.3,0.027
4146,2315,2339,263.5,0.632
4147,2316,2333,172.1,0.413
4148,2316,2339,144.2,0.346
4149,2317,2322,32.7,0.078
4150,2317,2327,11.4,0.027
4151,2317,2353,264,0.634
4152,2318,2328,22.9,0.055
4153,2318,2338,22.1,0.053
4154,2318,2363,83.8,0.201
4155,2319,2350,84.6,0.203
4156,2319,2357,83.5,0.2
4157,2320,2327,66.6,0.16
4158,2320,2329,9,0.022
4159,2320,2349,140.3,0.337
4160,2321,2353,85.4,0.205
4161,2322,2331,21,0.05
4162,2322,2364,446.1,1.071
4163,2322,2372,441.2,1.059
4164,2323,2325,14,0.034
4165,2323,2336,13.1,0.031
4166,2324,2347,179,0.43
4167,2325,2336,11.7,0.028
4168,2325,2344,261.9,0.629
4169,2326,2330,25.6,0.061
4170,2326,2342,24.3,0.058
4171,2327,2331,14.4,0.035
4172,2327,2334,8.1,0.019
4173,2328,2341,24.4,0.059
4174,2328,2363,80.9,0.194
4175,2329,2334,60.3,0.145
4176,2329,2374,248.8,0.597
4177,2329,2410,462.1,1.109
4178,2330,2348,190,0.456
4179,2330,2371,85.6,0.205
4180,2331,2334,19.2,0.046
4181,2331,2376,457.2,1.097
4182,2332,2362,146.5,0.352
4183,2332,2400,166.1,0.399
4184,2334,2340,7.2,0.017
4185,2335,2352,78.6,0.189
4186,2335,2402,166.1,0.399
4187,2336,2344,268.5,0.644
4188,2337,2354,81.2,0.195
4189,2337,2403,166.3,0.399
4190,2338,2352,37.4,0.09
4191,2338,2355,40.7,0.098
4192,2339,2403,408.9,0.981
4193,2341,2343,8.4,0.02
4194,2341,2367,72.8,0.175
4195,2342,2392,154.4,0.371
4196,2343,2346,21,0.05
4197,2343,2367,71,0.17
4198,2344,2441,811,1.946
4199,2345,2357,78.3,0.188
4200,2345,2395,132.7,0.318
4201,2346,2360,78.1,0.187
4202,2346,2375,83.4,0.2
4203,2347,2362,189.4,0.455
4204,2348,2381,84.7,0.203
4205,2349,2374,113.8,0.273
4206,2349,2404,295.1,0.708
4207,2350,2365,85.6,0.205
4208,2350,2426,216.6,0.52
4209,2351,2358,61.8,0.148
4210,2352,2359,24.2,0.058
4211,2352,2413,169.1,0.406
4212,2353,2369,83.4,0.2
4213,2354,2370,81.7,0.196
4214,2355,2359,18.5,0.044
4215,2355,2366,27.3,0.066
4216,2357,2411,132.9,0.319
4217,2358,2382,105.7,0.254
4218,2359,2387,63.7,0.153
4219,2360,2377,79,0.19
4220,2360,2393,81.9,0.197
4221,2361,2379,87.3,0.21
4222,2362,2364,20.7,0.05
4223,2362,2421,182.6,0.438
4224,2363,2366,5.1,0.012
4225,2364,2372,17.8,0.043
4226,2365,2437,216.8,0.52
4227,2365,4257,6881.2,16.515
4228,2366,2380,43.2,0.104
4229,2367,2373,12.6,0.03
4230,2368,2378,177.4,0.426
4231,2368,2405,79.9,0.192
4232,2369,2399,267.1,0.641
4233,2369,2407,297.1,0.713
4234,2370,2390,86.2,0.207
4235,2370,2406,88.7,0.213
4236,2371,2381,191.7,0.46
4237,2371,2388,39.4,0.095
4238,2372,2376,13.1,0.031
4239,2372,2421,188.8,0.453
4240,2373,2375,21.5,0.052
4241,2373,2380,60.7,0.146
4242,2373,2417,118,0.283
4243,2374,2401,125.9,0.302
4244,2375,2393,79.2,0.19
4245,2375,2417,113.7,0.273
4246,2376,2441,398.8,0.957
4247,2377,2395,78.6,0.189
4248,2377,2409,82.5,0.198
4249,2378,2396,234.1,0.562
4250,2378,2414,83.5,0.2
4251,2379,2402,84.7,0.203
4252,2379,2424,123.4,0.296
4253,2380,2387,15,0.036
4254,2381,2383,11.7,0.028
4255,2381,2415,85.9,0.206
4256,2382,2394,150.2,0.36
4257,2383,2384,9.9,0.024
4258,2383,2416,86.1,0.207
4259,2384,2385,11.6,0.028
4260,2384,2419,87.2,0.209
4261,2385,2405,302.8,0.727
4262,2385,2420,87.8,0.211
4263,2386,2469,285.3,0.685
4264,2387,2428,104.4,0.251
4265,2388,2389,19.2,0.046
4266,2388,2408,43.5,0.104
4267,2389,2391,80.7,0.194
4268,2389,2436,134.6,0.323
4269,2390,2431,121.6,0.292
4270,2391,2392,45.9,0.11
4271,2391,2440,137.2,0.329
4272,2392,2412,59.7,0.143
4273,2392,2443,135.6,0.325
4274,2393,2409,78.5,0.188
4275,2393,2439,147.7,0.354
4276,2394,2399,28.8,0.069
4277,2395,2411,78.5,0.188
4278,2395,2423,82.7,0.198
4279,2396,2427,83.8,0.201
4280,2397,2450,146.3,0.351
4281,2397,2458,181.1,0.435
4282,2398,2470,305.4,0.733
4283,2399,2424,304.8,0.732
4284,2401,2404,60.5,0.145
4285,2401,2410,87.5,0.21
4286,2402,2413,78.5,0.188
4287,2402,2438,129,0.31
4288,2403,2421,598.8,1.437
4289,2404,2422,257.2,0.617
4290,2405,2414,177,0.425
4291,2405,2433,87.9,0.211
4292,2407,2424,275.8,0.662
4293,2407,2429,272.4,0.654
4294,2408,2415,192.2,0.461
4295,2408,2434,85.5,0.205
4296,2409,2423,78.8,0.189
4297,2409,2457,145.9,0.35
4298,2410,2422,232.9,0.559
4299,2411,2426,84.7,0.203
4300,2411,2463,170,0.408
4301,2412,2445,94.5,0.227
4302,2413,2428,77.8,0.187
4303,2413,2454,116.3,0.279
4304,2414,2427,235.6,0.565
4305,2414,2444,84,0.202
4306,2415,2416,10.7,0.026
4307,2415,2446,85.2,0.204
4308,2416,2419,12.9,0.031
4309,2416,2448,85.6,0.205
4310,2417,2428,31.5,0.076
4311,2417,2432,44.8,0.108
4312,2418,2471,602.8,1.447
4313,2419,2420,10.4,0.025
4314,2419,2451,85.5,0.205
4315,2420,2433,302.5,0.726
4316,2420,2453,85.9,0.206
4317,2422,2430,153.5,0.368
4318,2422,2456,284.1,0.682
4319,2423,2466,145.2,0.348
4320,2424,2429,11.3,0.027
4321,2426,2437,85.2,0.204
4322,2426,2480,172.7,0.414
4323,2427,2435,230.6,0.553
4324,2427,2461,84.1,0.202
4325,2428,2432,32,0.077
4326,2428,2459,91.6,0.22
4327,2428,2464,115.6,0.277
4328,2429,2430,4.4,0.011
4329,2429,2438,84.6,0.203
4330,2430,2442,84.6,0.203
4331,2432,2439,47.9,0.115
4332,2432,2452,52.7,0.126
4333,2433,2444,176.3,0.423
4334,2433,2465,85.7,0.206
4335,2434,2436,19.1,0.046
4336,2434,2446,190.1,0.456
4337,2434,2468,86.5,0.208
4338,2435,2450,164.4,0.395
4339,2435,2467,82.3,0.198
4340,2436,2440,83.2,0.2
4341,2436,2475,224.5,0.539
4342,2437,2489,170.7,0.41
4343,2437,4341,6999.8,16.8
4344,2438,2442,6,0.014
4345,2438,2447,45.4,0.109
4346,2439,2452,24.1,0.058
4347,2439,2457,77.3,0.186
4348,2440,2443,42.3,0.102
4349,2442,2449,34.9,0.084
4350,2443,2445,43.6,0.105
4351,2443,2475,92.2,0.221
4352,2444,2461,235.4,0.565
4353,2444,2473,85.5,0.205
4354,2445,2501,156,0.374
4355,2446,2448,13.1,0.031
4356,2446,2477,87.3,0.21
4357,2447,2449,12.2,0.029
4358,2447,2454,33.9,0.081
4359,2447,2525,426.5,1.024
4360,2448,2451,12.4,0.03
4361,2448,2479,86.9,0.209
4362,2449,2456,15.6,0.037
4363,2450,2458,117.1,0.281
4364,2450,2476,82.3,0.198
4365,2451,2453,12.4,0.03
4366,2451,2481,88.3,0.212
4367,2452,2459,21,0.05
4368,2452,2491,237.8,0.571
4369,2453,2465,300.7,0.722
4370,2453,2482,86.7,0.208
4371,2454,2464,78.4,0.188
4372,2455,2463,64.3,0.154
4373,2456,2460,27.2,0.065
4374,2456,2462,41.2,0.099
4375,2457,2466,78.9,0.189
4376,2458,2471,293.6,0.705
4377,2458,2485,100.5,0.241
4378,2459,2478,75,0.18
4379,2459,2504,236.9,0.569
4380,2460,2462,15.1,0.036
4381,2460,2506,231.4,0.555
4382,2461,2467,214,0.514
4383,2461,2486,85.5,0.205
4384,2462,2506,216.7,0.52
4385,2463,2474,38.7,0.093
4386,2463,2480,86.1,0.207
4387,2464,2478,77.7,0.186
4388,2465,2473,176.2,0.423
4389,2465,2493,87,0.209
4390,2466,2483,70.5,0.169
4391,2467,2476,164.4,0.395
4392,2467,2496,83.9,0.201
4393,2468,2477,191.1,0.459
4394,2468,2499,87.5,0.21
4395,2469,2470,95.3,0.229
4396,2469,2544,279.1,0.67
4397,2470,2472,306.9,0.737
4398,2470,2563,337.7,0.81
4399,2471,2495,75.3,0.181
4400,2473,2486,235.4,0.565
4401,2473,2508,87,0.209
4402,2475,2500,67.3,0.162
4403,2476,2485,176.4,0.423
4404,2476,2510,83.8,0.201
4405,2477,2479,11.2,0.027
4406,2477,2511,87.3,0.21
4407,2478,2512,138.6,0.333
4408,2479,2481,18.3,0.044
4409,2479,2513,87,0.209
4410,2480,2487,42.4,0.102
4411,2480,2489,84.6,0.203
4412,2481,2482,4.9,0.012
4413,2481,2514,86.4,0.207
4414,2482,2493,302.6,0.726
4415,2482,2515,87.4,0.21
4416,2483,2484,14.9,0.036
4417,2483,2487,97.7,0.234
4418,2483,2490,91.1,0.219
4419,2483,2494,90.8,0.218
4420,2484,2491,30.5,0.073
4421,2484,2502,81.2,0.195
4422,2485,2495,264.8,0.636
4423,2485,2518,105.8,0.254
4424,2486,2496,196.9,0.473
4425,2486,2517,87,0.209
4426,2487,2490,8.7,0.021
4427,2487,2505,43.3,0.104
4428,2488,2572,829.2,1.99
4429,2489,2498,20.4,0.049
4430,2490,2492,5.5,0.013
4431,2490,2505,42.7,0.102
4432,2491,2504,23,0.055
4433,2491,2532,122.5,0.294
4434,2492,2494,5.5,0.013
4435,2492,2497,8.5,0.02
4436,2493,2508,176.4,0.423
4437,2493,2519,86.3,0.207
4438,2494,2497,6.8,0.016
4439,2494,2502,9.5,0.023
4440,2495,2524,97.9,0.235
4441,2496,2510,164.4,0.395
4442,2496,2521,85.3,0.205
4443,2497,2503,8.3,0.02
4444,2497,2509,37.6,0.09
4445,2499,2500,145.8,0.35
4446,2499,2511,192,0.461
4447,2499,2522,83.7,0.201
4448,2500,2501,42.9,0.103
4449,2500,2564,173.4,0.416
4450,2501,2527,98,0.235
4451,2502,2503,6.6,0.016
4452,2502,2532,152.8,0.367
4453,2503,2509,38.5,0.092
4454,2503,2546,156.5,0.376
4455,2504,2520,81.4,0.195
4456,2504,2526,92.8,0.223
4457,2505,2507,9.7,0.023
4458,2505,2602,513.8,1.233
4459,2506,2538,194.5,0.467
4460,2506,2542,195,0.468
4461,2507,2509,9.9,0.024
4462,2507,2559,307.5,0.738
4463,2508,2517,235.4,0.565
4464,2508,2531,86.9,0.209
4465,2509,2605,512.4,1.23
4466,2510,2518,239.3,0.574
4467,2510,2530,85.4,0.205
4468,2511,2513,10.2,0.024
4469,2511,2535,84.1,0.202
4470,2512,2520,99.6,0.239
4471,2512,2525,101.4,0.243
4472,2513,2514,14.9,0.036
4473,2513,2578,168.1,0.403
4474,2514,2515,10.6,0.025
4475,2514,2580,168.5,0.404
4476,2515,2519,298,0.715
4477,2515,2540,84.2,0.202
4478,2516,2536,67.7,0.162
4479,2517,2521,179.6,0.431
4480,2517,2547,86.6,0.208
4481,2518,2524,241.8,0.58
4482,2518,2550,104.7,0.251
4483,2519,2531,177,0.425
4484,2519,2555,82.5,0.198
4485,2520,2526,32,0.077
4486,2521,2530,164.5,0.395
4487,2521,2558,85.2,0.204
4488,2522,2535,192.2,0.461
4489,2522,2560,85.6,0.205
4490,2523,2548,62.9,0.151
4491,2524,2572,104,0.25
4492,2525,2533,31.4,0.075
4493,2526,2532,15.1,0.036
4494,2526,2533,13.6,0.033
4495,2527,2544,325.4,0.781
4496,2527,2567,77.9,0.187
4497,2528,2529,85.9,0.206
4498,2528,2534,254.4,0.611
4499,2528,2594,134.6,0.323
4500,2529,2548,129.4,0.311
4501,2529,2565,74,0.178
4502,2530,2550,300.6,0.721
4503,2530,2571,85.3,0.205
4504,2531,2547,235,0.564
4505,2531,2570,82,0.197
4506,2532,2539,14.1,0.034
4507,2533,2538,7.5,0.018
4508,2533,2539,16.4,0.039
4509,2534,2536,103,0.247
4510,2534,2579,88.8,0.213
4511,2535,2575,83.7,0.201
4512,2536,2552,127.4,0.306
4513,2536,2582,94.9,0.228
4514,2537,2587,106.5,0.256
4515,2538,2542,6.5,0.016
4516,2538,2543,16.7,0.04
4517,2539,2543,7.9,0.019
4518,2539,2546,26.8,0.064
4519,2540,2555,280.3,0.673
4520,2540,2581,84,0.202
4521,2541,2562,54.9,0.132
4522,2542,2545,17.8,0.043
4523,2542,2853,930.1,2.232
4524,2543,2545,6.9,0.017
4525,2543,2546,27.7,0.066
4526,2544,2551,33.6,0.081
4527,2545,2855,916.5,2.2
4528,2545,3796,4163.9,9.993
4529,2546,4464,6707.7,16.098
4530,2547,2558,164.8,0.396
4531,2547,2588,82.3,0.198
4532,2548,2553,34.2,0.082
4533,2548,2585,74.1,0.178
4534,2549,2599,111.3,0.267
4535,2550,2572,222.7,0.534
4536,2550,2595,94.4,0.227
4537,2551,2563,38.5,0.092
4538,2551,2573,52.7,0.126
4539,2552,2566,90,0.216
4540,2552,2592,99.8,0.24
4541,2553,2554,4.8,0.012
4542,2553,2617,146.9,0.353
4543,2554,2556,11.3,0.027
4544,2554,2618,146.5,0.352
4545,2555,2570,178.2,0.428
4546,2555,2596,82.3,0.198
4547,2556,2557,5.4,0.013
4548,2556,2593,79.6,0.191
4549,2557,2562,23,0.055
4550,2557,2593,80,0.192
4551,2558,2571,164.6,0.395
4552,2558,2597,82.5,0.198
4553,2560,2561,25.9,0.062
4554,2560,2575,189.3,0.454
4555,2560,2600,83.3,0.2
4556,2561,2564,122.4,0.294
4557,2561,2569,14.7,0.035
4558,2562,2577,82.7,0.198
4559,2562,2623,146.8,0.352
4560,2563,2576,28.4,0.068
4561,2564,2567,42.3,0.102
4562,2564,2591,50.5,0.121
4563,2565,2585,108.8,0.261
4564,2565,2598,75,0.18
4565,2566,2586,85.5,0.205
4566,2566,2601,97.6,0.234
4567,2567,2574,313.6,0.753
4568,2568,2604,80.6,0.193
4569,2569,2583,25.4,0.061
4570,2570,2588,233.8,0.561
4571,2570,2606,82.5,0.198
4572,2571,2595,340.8,0.818
4573,2571,2609,82.3,0.198
4574,2572,2607,82.1,0.197
4575,2573,2574,5.3,0.013
4576,2575,2578,12.2,0.029
4577,2575,2611,83.8,0.201
4578,2576,2586,144,0.346
4579,2576,2640,208.9,0.501
4580,2577,2587,73.4,0.176
4581,2577,2635,146.5,0.352
4582,2578,2580,16.3,0.039
4583,2578,2613,84,0.202
4584,2579,2582,71.9,0.173
4585,2579,2584,80,0.192
4586,2579,2626,113.1,0.271
4587,2580,2581,9.7,0.023
4588,2580,2614,84,0.202
4589,2581,2596,263.5,0.632
4590,2581,2615,84,0.202
4591,2582,2592,82.9,0.199
4592,2582,2628,117.7,0.282
4593,2583,2589,11.8,0.028
4594,2584,2590,79.1,0.19
4595,2584,2627,110.9,0.266
4596,2585,2610,73,0.175
4597,2586,2608,84.1,0.202
4598,2586,2616,98.2,0.236
4599,2587,2599,94.8,0.228
4600,2587,2645,146.5,0.352
4601,2588,2597,165.4,0.397
4602,2588,2622,83.7,0.201
4603,2589,2591,123,0.295
4604,2589,2620,75.7,0.182
4605,2590,2594,91,0.218
4606,2590,2633,111.4,0.267
4607,2591,2619,68.7,0.165
4608,2592,2601,88,0.211
4609,2593,2621,67,0.161
4610,2594,2598,85.8,0.206
4611,2594,2641,111.7,0.268
4612,2595,2607,215.7,0.518
4613,2595,2631,89.9,0.216
4614,2596,2606,178,0.427
4615,2596,2629,83,0.199
4616,2597,2609,164,0.394
4617,2597,2632,85.5,0.205
4618,2598,2610,88,0.211
4619,2598,2647,109.8,0.264
4620,2599,2612,93.4,0.224
4621,2599,2658,146.5,0.352
4622,2600,2611,187.7,0.45
4623,2600,2636,82,0.197
4624,2601,2616,84.1,0.202
4625,2603,2637,96.1,0.231
4626,2604,2625,48.9,0.117
4627,2604,2637,124.7,0.299
4628,2606,2622,234.1,0.562
4629,2606,2642,82.6,0.198
4630,2607,2646,92.2,0.221
4631,2608,2630,82,0.197
4632,2608,2638,95.1,0.228
4633,2609,2631,377.2,0.905
4634,2609,2644,85.9,0.206
4635,2610,2617,36.5,0.088
4636,2610,2652,99.9,0.24
4637,2611,2613,13.7,0.033
4638,2611,2648,83.1,0.199
4639,2612,2625,79.7,0.191
4640,2612,2669,146.6,0.352
4641,2613,2614,16.2,0.039
4642,2613,2649,82,0.197
4643,2614,2615,9.9,0.024
4644,2614,2651,80.9,0.194
4645,2615,2629,248.5,0.596
4646,2615,2650,79.4,0.191
4647,2616,2638,83,0.199
4648,2616,2660,137.1,0.329
4649,2617,2618,10.1,0.024
4650,2617,2657,103.6,0.249
4651,2618,2621,9.9,0.024
4652,2618,2659,104.8,0.252
4653,2621,2623,23.2,0.056
4654,2621,2662,106.1,0.255
4655,2622,2632,164.7,0.395
4656,2622,2656,80.9,0.194
4657,2623,2635,94.3,0.226
4658,2623,2665,108.6,0.261
4659,2624,2655,98.7,0.237
4660,2625,2653,114.9,0.276
4661,2625,2681,147.1,0.353
4662,2626,2627,79.4,0.191
4663,2626,2628,29.1,0.07
4664,2627,2633,79.1,0.19
4665,2627,2687,137.4,0.33
4666,2628,2668,94.4,0.227
4667,2629,2642,175.3,0.421
4668,2629,2664,78.4,0.188
4669,2630,2654,82.1,0.197
4670,2630,2661,90.8,0.218
4671,2631,2646,216.4,0.519
4672,2631,2670,95.2,0.228
4673,2632,2644,164.6,0.395
4674,2632,2843,497.1,1.193
4675,2633,2641,91.5,0.22
4676,2633,2689,138,0.331
4677,2634,2639,11.1,0.027
4678,2635,2639,29.8,0.072
4679,2635,2682,120,0.288
4680,2636,2648,186.2,0.447
4681,2636,2667,76.5,0.184
4682,2637,2653,47.2,0.113
4683,2637,2655,74.6,0.179
4684,2638,2661,82.9,0.199
4685,2639,2645,43.2,0.104
4686,2641,2647,85.9,0.206
4687,2641,2693,137.9,0.331
4688,2642,2656,234.5,0.563
4689,2642,2672,78.4,0.188
4690,2643,2673,102.6,0.246
4691,2644,2670,416,0.998
4692,2644,2866,496.7,1.192
4693,2645,2658,94.5,0.227
4694,2645,2691,129.1,0.31
4695,2646,2683,90.6,0.217
4696,2647,2652,59.2,0.142
4697,2647,2696,138.1,0.331
4698,2648,2649,14.8,0.036
4699,2648,2674,77.4,0.186
4700,2649,2651,15.2,0.036
4701,2649,2663,33.6,0.081
4702,2650,2651,8.8,0.021
4703,2650,2664,237.5,0.57
4704,2650,2680,80.3,0.193
4705,2651,2666,43.2,0.104
4706,2652,2657,39.8,0.096
4707,2652,2699,142,0.341
4708,2653,2671,71.4,0.171
4709,2653,2698,141.3,0.339
4710,2654,2676,84,0.202
4711,2654,2684,86,0.206
4712,2655,2671,50.1,0.12
4713,2655,2673,81.5,0.196
4714,2656,2688,78.6,0.189
4715,2657,2659,11.5,0.028
4716,2657,2705,142.7,0.342
4717,2658,2669,88.7,0.213
4718,2658,2706,140,0.336
4719,2659,2662,12.8,0.031
4720,2659,2708,143.3,0.344
4721,2660,2686,223.6,0.537
4722,2660,2701,147.5,0.354
4723,2661,2684,82.5,0.198
4724,2662,2665,18.1,0.043
4725,2662,2709,142.8,0.343
4726,2663,2675,45.9,0.11
4727,2663,2677,45,0.108
4728,2664,2692,79.6,0.191
4729,2665,2682,96.3,0.231
4730,2665,2712,143,0.343
4731,2666,2678,36.4,0.087
4732,2666,2679,36.6,0.088
4733,2667,2674,180.5,0.433
4734,2667,2695,83.8,0.201
4735,2668,2685,37.2,0.089
4736,2668,2686,58.6,0.141
4737,2669,2681,81.2,0.195
4738,2669,2714,150.2,0.36
4739,2670,2683,214.4,0.515
4740,2670,2926,542.8,1.303
4741,2671,2690,78.9,0.189
4742,2671,2711,140.6,0.337
4743,2672,2688,234.9,0.564
4744,2672,2700,79.8,0.192
4745,2673,2690,53.2,0.128
4746,2674,2675,8.1,0.019
4747,2674,2702,89.5,0.215
4748,2675,2677,12.3,0.03
4749,2675,2721,255.5,0.613
4750,2676,2697,80.7,0.194
4751,2676,2710,121.6,0.292
4752,2677,2678,8.3,0.02
4753,2677,2733,311.3,0.747
4754,2678,2679,12,0.029
4755,2678,2743,335,0.804
4756,2679,2680,7.9,0.019
4757,2679,2703,76.5,0.184
4758,2680,2692,229.8,0.552
4759,2680,2704,76.2,0.183
4760,2681,2698,85.3,0.205
4761,2681,2725,159.2,0.382
4762,2682,2691,76.3,0.183
4763,2682,2719,142.4,0.342
4764,2683,2749,1339.3,3.214
4765,2683,2944,540.2,1.296
4766,2684,2710,94.1,0.226
4767,2684,2761,285.2,0.684
4768,2685,2686,53.4,0.128
4769,2685,2687,54,0.13
4770,2685,2726,144.4,0.347
4771,2686,2701,84.3,0.202
4772,2687,2689,79.2,0.19
4773,2688,2713,80.9,0.194
4774,2689,2693,91.3,0.219
4775,2689,2730,137.7,0.33
4776,2690,2707,79.7,0.191
4777,2690,2722,140.1,0.336
4778,2691,2706,91.9,0.221
4779,2691,2731,142.2,0.341
4780,2692,2716,79.2,0.19
4781,2693,2696,85.7,0.206
4782,2693,2734,137.8,0.331
4783,2694,2740,185.3,0.445
4784,2695,2702,142.9,0.343
4785,2695,2723,92,0.221
4786,2696,2699,20.2,0.048
4787,2696,2717,63.4,0.152
4788,2697,2715,83.6,0.201
4789,2697,2737,164.4,0.395
4790,2698,2711,61.3,0.147
4791,2698,2742,156.6,0.376
4792,2699,2705,46.1,0.111
4793,2699,2717,66.7,0.16
4794,2700,2713,234.8,0.564
4795,2700,2724,80.4,0.193
4796,2701,2718,84.4,0.203
4797,2701,2748,188.1,0.451
4798,2702,2721,156,0.374
4799,2703,2728,84.7,0.203
4800,2703,2757,289.6,0.695
4801,2704,2716,244.1,0.586
4802,2704,2728,84.7,0.203
4803,2705,2708,14.2,0.034
4804,2705,2751,143.5,0.344
4805,2706,2714,77.5,0.186
4806,2706,2750,142.5,0.342
4807,2707,2720,86.1,0.207
4808,2707,2745,140.3,0.337
4809,2708,2709,10.7,0.026
4810,2708,2752,142.7,0.342
4811,2709,2712,19.5,0.047
4812,2709,2758,143.1,0.343
4813,2710,2737,92.8,0.223
4814,2711,2722,72.4,0.174
4815,2711,2755,155.6,0.373
4816,2712,2719,85.2,0.204
4817,2712,2763,142.7,0.342
4818,2713,2744,92.4,0.222
4819,2714,2725,80.7,0.194
4820,2714,2770,142.5,0.342
4821,2715,2729,74.4,0.179
4822,2715,2766,160.1,0.384
4823,2716,2746,78.7,0.189
4824,2717,2741,77.8,0.187
4825,2718,2732,79.9,0.192
4826,2718,2781,190.6,0.457
4827,2719,2731,76.4,0.183
4828,2719,2778,142.5,0.342
4829,2720,2740,77.9,0.187
4830,2720,2771,140.5,0.337
4831,2721,2723,24.7,0.059
4832,2722,2745,84.5,0.203
4833,2722,2779,155.7,0.374
4834,2723,2733,31.9,0.077
4835,2723,2738,177.5,0.426
4836,2724,2727,89.3,0.214
4837,2724,2756,77.7,0.186
4838,2725,2742,66.8,0.16
4839,2725,2783,142.6,0.342
4840,2726,2730,95.4,0.229
4841,2726,2748,52.2,0.125
4842,2728,2746,250,0.6
4843,2728,2765,184.4,0.443
4844,2728,2774,90.3,0.217
4845,2729,2738,103.3,0.248
4846,2729,2747,46.7,0.112
4847,2729,2754,66.7,0.16
4848,2730,2734,91.7,0.22
4849,2730,2800,135.7,0.326
4850,2731,2750,91.6,0.22
4851,2731,2798,142.7,0.342
4852,2732,2761,82.4,0.198
4853,2732,2807,190.5,0.457
4854,2733,2743,16.8,0.04
4855,2733,2759,220.4,0.529
4856,2734,2741,64,0.154
4857,2734,2805,135.8,0.326
4858,2735,2872,242,0.581
4859,2736,2744,91.4,0.219
4860,2737,2766,82.7,0.198
4861,2738,2747,71.1,0.171
4862,2739,2852,204.8,0.492
4863,2740,2767,78.9,0.189
4864,2740,2799,140.3,0.337
4865,2741,2751,53.6,0.129
4866,2741,2788,100.5,0.241
4867,2742,2755,50.2,0.12
4868,2742,2803,141.3,0.339
4869,2743,2757,32.4,0.078
4870,2743,2769,204.3,0.49
4871,2744,2830,166.5,0.4
4872,2745,2771,79.8,0.192
4873,2745,2806,155.6,0.373
4874,2746,2756,175.2,0.42
4875,2746,2793,95.9,0.23
4876,2747,2754,73.2,0.176
4877,2747,2759,33.2,0.08
4878,2748,2760,23.1,0.055
4879,2749,2813,924.1,2.218
4880,2749,2944,1224.1,2.938
4881,2750,2770,77.9,0.187
4882,2750,2819,142.5,0.342
4883,2751,2752,15.3,0.037
4884,2751,2785,72.4,0.174
4885,2752,2758,11.3,0.027
4886,2752,2829,146.1,0.351
4887,2753,2867,188.7,0.453
4888,2754,2777,98.6,0.237
4889,2755,2779,65.2,0.156
4890,2755,2824,142.6,0.342
4891,2756,2764,85,0.204
4892,2756,2810,99.1,0.238
4893,2757,2765,149.5,0.359
4894,2757,2773,93.7,0.225
4895,2757,2795,73.3,0.176
4896,2758,2763,19.2,0.046
4897,2758,2782,51,0.122
4898,2759,2769,20.7,0.05
4899,2759,2786,166.7,0.4
4900,2760,2781,80.8,0.194
4901,2760,2790,61,0.146
4902,2761,2787,84,0.202
4903,2761,2837,190.4,0.457
4904,2762,2767,13.6,0.033
4905,2763,2778,75.5,0.181
4906,2763,2817,149,0.358
4907,2765,2774,72.3,0.174
4908,2766,2777,40,0.096
4909,2767,2792,79.2,0.19
4910,2767,2825,140.2,0.336
4911,2768,2851,205.9,0.494
4912,2769,2789,66.3,0.159
4913,2769,2794,165,0.396
4914,2769,2797,72.9,0.175
4915,2770,2783,74.5,0.179
4916,2770,2836,142.2,0.341
4917,2771,2799,79,0.19
4918,2771,2833,155.6,0.373
4919,2772,2916,319.1,0.766
4920,2773,2797,72.7,0.174
4921,2773,2821,95.2,0.228
4922,2774,2793,247.3,0.594
4923,2774,2815,82.5,0.198
4924,2775,2871,163.8,0.393
4925,2776,2792,41.2,0.099
4926,2777,2786,31.3,0.075
4927,2777,2828,218.2,0.524
4928,2777,2831,213.3,0.512
4929,2778,2798,76.4,0.183
4930,2778,2817,79,0.19
4931,2779,2806,84.4,0.203
4932,2779,2838,140.3,0.337
4933,2780,2884,224.1,0.538
4934,2781,2790,62.2,0.149
4935,2781,2807,77.7,0.186
4936,2782,2814,61.1,0.147
4937,2782,2829,92,0.221
4938,2783,2803,55.2,0.132
4939,2783,2864,143.2,0.344
4940,2784,2880,153.1,0.367
4941,2785,2801,35.2,0.084
4942,2785,2826,74.3,0.178
4943,2786,2794,17.6,0.042
4944,2786,2834,222.3,0.534
4945,2787,2816,80.5,0.193
4946,2787,2875,189,0.454
4947,2788,2801,48.8,0.117
4948,2788,2809,41.8,0.1
4949,2789,2804,88.1,0.211
4950,2789,2822,74.6,0.179
4951,2790,2800,93.5,0.224
4952,2790,2849,102.7,0.246
4953,2791,2883,151.4,0.363
4954,2792,2820,79.3,0.19
4955,2792,2859,140.1,0.336
4956,2793,2810,178.7,0.429
4957,2793,2835,79.9,0.192
4958,2794,2804,28.5,0.068
4959,2794,2840,223.5,0.536
4960,2795,2802,66.2,0.159
4961,2795,2832,73.7,0.177
4962,2796,2906,182.5,0.438
4963,2797,2821,56.5,0.136
4964,2797,2857,128.7,0.309
4965,2798,2819,91.6,0.22
4966,2798,2874,140.1,0.336
4967,2799,2825,79.3,0.19
4968,2799,2870,155.4,0.373
4969,2800,2805,91.1,0.219
4970,2800,2868,111.4,0.267
4971,2801,2809,55.4,0.133
4972,2802,2815,159.4,0.383
4973,2802,2839,73.6,0.177
4974,2803,2824,59.4,0.143
4975,2803,2878,141.2,0.339
4976,2804,2818,72.1,0.173
4977,2804,2822,48.4,0.116
4978,2805,2809,27.4,0.066
4979,2805,2847,72.5,0.174
4980,2806,2833,79.5,0.191
4981,2806,2876,140,0.336
4982,2807,2837,82.3,0.198
4983,2807,2882,152.2,0.365
4984,2808,2820,25.1,0.06
4985,2809,2847,72.8,0.175
4986,2810,2830,233.7,0.561
4987,2810,2858,76.5,0.184
4988,2811,2902,147.2,0.353
4989,2812,2894,124.1,0.298
4990,2814,2850,93.4,0.224
4991,2814,2915,159.9,0.384
4992,2815,2835,247.7,0.594
4993,2815,2865,72.8,0.175
4994,2816,2828,32.4,0.078
4995,2816,2844,60.2,0.144
4996,2817,2850,60.5,0.145
4997,2818,2846,161.8,0.388
4998,2818,2856,154.5,0.371
4999,2818,2886,136.3,0.327
5000,2819,2836,77.8,0.187
5001,2819,2899,140.3,0.337
5002,2820,2851,79.3,0.19
5003,2820,2893,140.4,0.337
5004,2821,2832,90,0.216
5005,2821,2863,58.3,0.14
5006,2822,2857,81.6,0.196
5007,2822,2917,200.1,0.48
5008,2823,2842,38.7,0.093
5009,2824,2838,39.7,0.095
5010,2824,2879,88.1,0.211
5011,2825,2859,79.3,0.19
5012,2825,2901,155.4,0.373
5013,2826,2910,138.2,0.332
5014,2826,2923,148.8,0.357
5015,2827,2862,45.8,0.11
5016,2828,2831,13.1,0.031
5017,2828,2844,65.8,0.158
5018,2829,2918,140.4,0.337
5019,2830,2843,164.4,0.395
5020,2830,2881,74,0.178
5021,2831,2834,9.5,0.023
5022,2831,2848,40.8,0.098
5023,2832,2839,69.9,0.168
5024,2832,2909,115.6,0.277
5025,2833,2870,79,0.19
5026,2833,2905,140.1,0.336
5027,2834,2840,14.7,0.035
5028,2834,2848,44,0.106
5029,2835,2858,178.2,0.428
5030,2835,2888,72.4,0.174
5031,2836,2864,67.6,0.162
5032,2836,2919,140.4,0.337
5033,2837,2875,81.5,0.196
5034,2837,2928,172.9,0.415
5035,2838,2876,84.2,0.202
5036,2838,2879,91.8,0.22
5037,2839,2865,159.8,0.384
5038,2839,2889,66.2,0.159
5039,2840,2846,9.2,0.022
5040,2840,2861,48.4,0.116
5041,2841,2887,264.3,0.634
5042,2842,2845,85,0.204
5043,2842,2852,77.4,0.186
5044,2842,2937,139.2,0.334
5045,2843,2866,164.5,0.395
5046,2843,3017,251.7,0.604
5047,2844,2885,145.6,0.349
5048,2845,2904,109.9,0.264
5049,2845,2929,125.8,0.302
5050,2846,2856,12.5,0.03
5051,2846,2861,53,0.127
5052,2847,2891,65.5,0.157
5053,2848,2896,168,0.403
5054,2849,2868,93.2,0.224
5055,2849,2882,46.3,0.111
5056,2850,2874,78.7,0.189
5057,2850,2915,111.1,0.267
5058,2851,2884,79.3,0.19
5059,2851,2920,140.2,0.336
5060,2852,2862,78.9,0.189
5061,2852,2945,140.7,0.338
5062,2853,2854,7.2,0.017
5063,2853,2887,288.8,0.693
5064,2854,2855,19.6,0.047
5065,2854,2911,92.4,0.222
5066,2855,2925,156.7,0.376
5067,2856,2869,40.8,0.098
5068,2856,2886,73.1,0.175
5069,2857,2892,82.5,0.198
5070,2857,2951,199.4,0.479
5071,2858,2881,233.8,0.561
5072,2858,2903,72.7,0.174
5073,2859,2893,79.4,0.191
5074,2859,2936,155.5,0.373
5075,2860,2924,103.6,0.249
5076,2861,2898,163,0.391
5077,2862,2867,80.1,0.192
5078,2862,2948,140.5,0.337
5079,2863,2892,65.3,0.157
5080,2863,2900,69.6,0.167
5081,2864,2878,42.9,0.103
5082,2864,2941,138.8,0.333
5083,2865,2888,247.6,0.594
5084,2865,2933,114,0.274
5085,2866,2872,82.3,0.198
5086,2866,3140,417.5,1.002
5087,2867,2871,79,0.19
5088,2867,2954,140.7,0.338
5089,2868,2891,84.6,0.203
5090,2868,2949,130.4,0.313
5091,2869,2908,170,0.408
5092,2869,2946,152,0.365
5093,2870,2901,79.7,0.191
5094,2870,2942,140.4,0.337
5095,2871,2880,79.5,0.191
5096,2871,2963,140.3,0.337
5097,2872,2926,554.7,1.331
5098,2872,3148,417.4,1.002
5099,2873,2904,87.4,0.21
5100,2874,2899,91.4,0.219
5101,2874,2959,143.4,0.344
5102,2875,2885,23,0.055
5103,2875,2895,34.2,0.082
5104,2876,2905,79.8,0.192
5105,2876,2947,140.3,0.337
5106,2877,2897,32,0.077
5107,2878,2890,28.2,0.068
5108,2879,2913,59.3,0.142
5109,2880,2883,79.2,0.19
5110,2880,2968,140.4,0.337
5111,2881,2927,72.6,0.174
5112,2882,2931,80.1,0.192
5113,2883,2894,79.5,0.191
5114,2883,2975,140.1,0.336
5115,2884,2916,79.3,0.19
5116,2884,2953,140.7,0.338
5117,2885,2895,37,0.089
5118,2885,2896,21.4,0.051
5119,2886,2917,83.9,0.201
5120,2886,2980,190.4,0.457
5121,2887,2907,148.2,0.356
5122,2887,2993,163.3,0.392
5123,2888,2903,178.2,0.428
5124,2888,2957,112.3,0.27
5125,2890,2913,62.2,0.149
5126,2890,2955,124.5,0.299
5127,2891,2910,79.2,0.19
5128,2891,2965,125.5,0.301
5129,2892,2900,33.9,0.081
5130,2892,2991,197.6,0.474
5131,2893,2920,79.5,0.191
5132,2893,2969,155.4,0.373
5133,2894,2897,79.5,0.191
5134,2894,2982,140.3,0.337
5135,2895,2928,164.3,0.394
5136,2896,2898,15.6,0.037
5137,2896,2952,236.4,0.567
5138,2897,2902,78.1,0.187
5139,2897,2990,140.8,0.338
5140,2898,2908,22.8,0.055
5141,2898,2961,236.8,0.568
5142,2899,2919,77.7,0.186
5143,2899,2986,143.2,0.344
5144,2900,2909,82.8,0.199
5145,2900,2970,105.7,0.254
5146,2901,2936,79.2,0.19
5147,2901,2973,140.2,0.336
5148,2902,2906,78.6,0.189
5149,2902,2995,140.1,0.336
5150,2903,2927,233.8,0.561
5151,2903,2978,112.1,0.269
5152,2904,2921,34.4,0.083
5153,2905,2942,79.2,0.19
5154,2905,2979,140.4,0.337
5155,2906,2914,80.6,0.193
5156,2906,3002,140.6,0.337
5157,2907,2911,9.8,0.024
5158,2907,2956,75.2,0.18
5159,2908,2946,82.8,0.199
5160,2908,2981,230.8,0.554
5161,2908,3025,212.2,0.509
5162,2909,2933,236.5,0.568
5163,2909,2960,77.6,0.186
5164,2910,2922,41.9,0.101
5165,2910,2988,127.4,0.306
5166,2911,2912,15.2,0.036
5167,2911,2939,42.8,0.103
5168,2912,2925,63.1,0.151
5169,2912,2966,80.6,0.193
5170,2913,2947,78.7,0.189
5171,2913,2984,111.7,0.268
5172,2914,2924,78.7,0.189
5173,2914,3007,135.9,0.326
5174,2915,2918,11.9,0.029
5175,2915,2935,30.1,0.072
5176,2916,2950,79.6,0.191
5177,2916,2992,140.4,0.337
5178,2917,2951,80.8,0.194
5179,2917,3024,190.4,0.457
5180,2918,2923,10.2,0.024
5181,2918,2935,21.7,0.052
5182,2919,2941,62.7,0.15
5183,2919,3011,143.2,0.344
5184,2920,2953,79.1,0.19
5185,2920,3004,155.4,0.373
5186,2921,2929,73.9,0.177
5187,2921,2930,12.4,0.03
5188,2922,2923,31.8,0.076
5189,2922,2934,38.1,0.091
5190,2923,2934,17.7,0.042
5191,2924,2997,108.3,0.26
5192,2925,2938,78.6,0.189
5193,2925,3043,170.8,0.41
5194,2926,2944,214.8,0.516
5195,2926,3222,457.4,1.098
5196,2927,2999,111.6,0.268
5197,2928,2931,41.9,0.101
5198,2929,2937,79.3,0.19
5199,2929,3121,283.7,0.681
5200,2930,3031,167.2,0.401
5201,2930,3113,272.9,0.655
5202,2931,2943,13,0.031
5203,2931,2949,92.5,0.222
5204,2932,2938,154.5,0.371
5205,2932,2967,79.9,0.192
5206,2932,3066,196.2,0.471
5207,2933,2957,247.6,0.594
5208,2933,2985,77.7,0.186
5209,2934,2940,12.3,0.03
5210,2934,2958,35.9,0.086
5211,2935,2940,4.9,0.012
5212,2936,2969,79.2,0.19
5213,2936,3012,140.3,0.337
5214,2937,2945,79.3,0.19
5215,2937,3130,283.7,0.681
5216,2938,3054,169.9,0.408
5217,2939,2956,33.8,0.081
5218,2939,2966,40,0.096
5219,2940,2959,70.4,0.169
5220,2940,3023,118.4,0.284
5221,2940,3027,122.1,0.293
5222,2941,2955,57.6,0.138
5223,2941,3037,143.1,0.343
5224,2942,2973,79.5,0.191
5225,2942,3020,140.2,0.336
5226,2943,2952,34,0.082
5227,2943,2962,31.4,0.075
5228,2944,3099,232.9,0.559
5229,2945,2948,79.3,0.19
5230,2945,3136,283.6,0.681
5231,2946,2980,82.1,0.197
5232,2946,3060,211.6,0.508
5233,2947,2979,79.4,0.191
5234,2947,2998,102,0.245
5235,2948,2954,79.4,0.191
5236,2948,3139,283.5,0.68
5237,2949,2965,47.7,0.114
5238,2949,2987,55.3,0.133
5239,2950,2974,78.9,0.189
5240,2950,3033,140.4,0.337
5241,2951,2991,82.3,0.198
5242,2951,3059,190.5,0.457
5243,2952,2961,14.9,0.036
5244,2952,2962,25.3,0.061
5245,2953,2992,79.3,0.19
5246,2953,3045,155.6,0.373
5247,2954,2963,79.1,0.19
5248,2954,3146,283.5,0.68
5249,2955,2964,22.6,0.054
5250,2956,3016,83.2,0.2
5251,2957,2978,178.2,0.428
5252,2957,3014,77.8,0.187
5253,2958,3000,63.5,0.152
5254,2958,3018,99.9,0.24
5255,2959,2986,91.7,0.22
5256,2959,3023,95,0.228
5257,2960,2985,240.8,0.578
5258,2960,3021,81.2,0.195
5259,2961,2971,36.2,0.087
5260,2961,2981,45.7,0.11
5261,2962,2971,13.9,0.033
5262,2962,2987,92.6,0.222
5263,2963,2968,79.4,0.191
5264,2963,3153,283.7,0.681
5265,2964,2984,67.9,0.163
5266,2964,3055,143.5,0.344
5267,2965,2988,80.6,0.193
5268,2965,2994,50.5,0.121
5269,2966,3001,56.1,0.135
5270,2966,3022,77.5,0.186
5271,2967,3005,93.5,0.224
5272,2967,3080,162.9,0.391
5273,2968,2975,79.4,0.191
5274,2968,3158,283.6,0.681
5275,2969,3004,79.3,0.19
5276,2969,3050,140.2,0.336
5277,2970,3003,64.6,0.155
5278,2970,3008,54.1,0.13
5279,2971,2996,91.7,0.22
5280,2971,3015,57.9,0.139
5281,2972,3005,45.6,0.109
5282,2973,3012,79.3,0.19
5283,2973,3053,140.5,0.337
5284,2974,2983,92.6,0.222
5285,2974,3064,156.7,0.376
5286,2975,2982,79.4,0.191
5287,2975,3165,283.6,0.681
5288,2976,3044,90.9,0.218
5289,2977,2993,114.3,0.274
5290,2978,2999,234,0.562
5291,2978,3040,77.6,0.186
5292,2979,3020,79.6,0.191
5293,2979,3057,137.3,0.33
5294,2980,3024,82.2,0.197
5295,2980,3094,212,0.509
5296,2981,3013,54.5,0.131
5297,2981,3025,82.3,0.198
5298,2982,2990,79.4,0.191
5299,2982,3176,285,0.684
5300,2983,2989,47.9,0.115
5301,2983,3068,153,0.367
5302,2984,2998,40.2,0.096
5303,2984,3019,47.3,0.114
5304,2984,3063,115.3,0.277
5305,2985,3014,247.6,0.594
5306,2985,3047,80.7,0.194
5307,2986,3011,77.6,0.186
5308,2986,3067,125.6,0.301
5309,2987,2994,32.6,0.078
5310,2987,2996,13.2,0.032
5311,2988,3018,83.5,0.2
5312,2988,3026,47.6,0.114
5313,2989,2997,86.9,0.209
5314,2989,3029,51.4,0.123
5315,2990,2995,79.6,0.191
5316,2990,3191,299.7,0.719
5317,2991,3003,93.3,0.224
5318,2991,3092,192.4,0.462
5319,2992,3033,79.2,0.19
5320,2992,3076,155.4,0.373
5321,2993,3138,221.6,0.532
5322,2994,3006,14.8,0.036
5323,2994,3026,81.2,0.195
5324,2995,3002,78.8,0.189
5325,2995,3152,234,0.562
5326,2996,3006,29,0.07
5327,2996,3036,46.5,0.112
5328,2997,3007,86.6,0.208
5329,2998,3019,27.3,0.066
5330,2999,3017,165,0.396
5331,2999,3058,78.3,0.188
5332,3000,3039,41.9,0.101
5333,3000,3046,54.2,0.13
5334,3001,3022,28.5,0.068
5335,3001,3035,37.4,0.09
5336,3002,3009,48.9,0.117
5337,3002,3135,226.9,0.545
5338,3003,3008,32.8,0.079
5339,3003,3127,236.8,0.568
5340,3004,3045,79.3,0.19
5341,3004,3082,140.1,0.336
5342,3005,3044,83.2,0.2
5343,3005,3091,128.3,0.308
5344,3006,3038,81.3,0.195
5345,3006,3042,44.6,0.107
5346,3007,3009,27.6,0.066
5347,3007,3028,20.6,0.049
5348,3008,3021,82.4,0.198
5349,3008,3083,108.8,0.261
5350,3009,3028,34.5,0.083
5351,3010,3051,53.3,0.128
5352,3011,3037,63.7,0.153
5353,3011,3088,125.4,0.301
5354,3012,3050,79.4,0.191
5355,3012,3085,140.3,0.337
5356,3013,3015,28.4,0.068
5357,3013,3041,41.3,0.099
5358,3014,3040,178.2,0.428
5359,3014,3070,80.7,0.194
5360,3015,3036,86.9,0.209
5361,3015,3041,31.8,0.076
5362,3016,3030,12.5,0.03
5363,3016,3032,14.7,0.035
5364,3017,3074,84.8,0.204
5365,3018,3046,79,0.19
5366,3018,3048,45,0.108
5367,3019,3057,80.4,0.193
5368,3019,3063,83.8,0.201
5369,3020,3053,78.8,0.189
5370,3020,3089,136.7,0.328
5371,3021,3047,245.9,0.59
5372,3021,3072,80.9,0.194
5373,3022,3032,16.1,0.039
5374,3022,3034,12.9,0.031
5375,3023,3027,4.5,0.011
5376,3023,3052,45.5,0.109
5377,3024,3059,82.4,0.198
5378,3024,3129,212,0.509
5379,3025,3060,82.2,0.197
5380,3025,3098,144.5,0.347
5381,3026,3038,15.8,0.038
5382,3026,3048,82.3,0.198
5383,3027,3039,14.3,0.034
5384,3027,3052,42.5,0.102
5385,3028,3073,141.3,0.339
5386,3028,3087,100.3,0.241
5387,3029,3068,175,0.42
5388,3029,3073,78.3,0.188
5389,3030,3032,6.2,0.015
5390,3030,3155,202.7,0.486
5391,3031,3106,152.9,0.367
5392,3031,3109,125.8,0.302
5393,3032,3034,9.9,0.024
5394,3032,3155,201.7,0.484
5395,3033,3064,79.3,0.19
5396,3033,3107,155.7,0.374
5397,3034,3035,12.2,0.029
5398,3034,3156,203.5,0.488
5399,3035,3043,57.6,0.138
5400,3036,3042,16.2,0.039
5401,3036,3062,45.6,0.109
5402,3037,3055,79.3,0.19
5403,3037,3105,125.1,0.3
5404,3038,3056,82,0.197
5405,3038,3061,46.2,0.111
5406,3039,3046,14.4,0.035
5407,3039,3049,21.8,0.052
5408,3040,3058,234,0.562
5409,3040,3086,80.9,0.194
5410,3041,3095,86.3,0.207
5411,3042,3061,81.8,0.196
5412,3042,3062,42.3,0.102
5413,3043,3054,79.3,0.19
5414,3043,3166,201.4,0.483
5415,3044,3051,164.1,0.394
5416,3044,3103,100.1,0.24
5417,3045,3076,79,0.19
5418,3045,3111,139.8,0.336
5419,3046,3049,15.2,0.036
5420,3046,3065,38.1,0.091
5421,3046,3069,40.9,0.098
5422,3047,3070,247.6,0.594
5423,3047,3100,80.7,0.194
5424,3048,3056,18.3,0.044
5425,3048,3065,77,0.185
5426,3049,3052,15.9,0.038
5427,3049,3071,42.6,0.102
5428,3050,3082,79.1,0.19
5429,3050,3116,140.2,0.336
5430,3051,3132,128.8,0.309
5431,3052,3067,57.4,0.138
5432,3052,3071,31.7,0.076
5433,3052,3078,49.1,0.118
5434,3053,3085,79.7,0.191
5435,3053,3120,136.7,0.328
5436,3054,3066,79.3,0.19
5437,3054,3185,203.1,0.487
5438,3055,3079,84.3,0.202
5439,3055,3133,127.3,0.306
5440,3056,3081,76.4,0.183
5441,3056,3084,46.5,0.112
5442,3057,3089,79.4,0.191
5443,3057,3131,143.2,0.344
5444,3058,3074,164.5,0.395
5445,3058,3110,80.8,0.194
5446,3059,3092,82.1,0.197
5447,3059,3162,212,0.509
5448,3060,3094,82.3,0.198
5449,3060,3163,211.9,0.509
5450,3061,3084,80.9,0.194
5451,3061,3126,110,0.264
5452,3062,3102,67.8,0.163
5453,3063,3079,24.4,0.059
5454,3064,3097,79.3,0.19
5455,3064,3141,163.2,0.392
5456,3065,3069,25.2,0.06
5457,3065,3081,24.7,0.059
5458,3066,3080,71.5,0.172
5459,3066,3195,203.7,0.489
5460,3067,3088,78.6,0.189
5461,3068,3097,51.9,0.125
5462,3069,3075,32.2,0.077
5463,3069,3093,36.9,0.089
5464,3070,3086,178.1,0.427
5465,3070,3119,80.8,0.194
5466,3071,3075,6.7,0.016
5467,3071,3077,8.9,0.021
5468,3072,3100,246.6,0.592
5469,3072,3123,76.1,0.183
5470,3073,3118,79.2,0.19
5471,3073,3124,199.7,0.479
5472,3074,3125,81,0.194
5473,3075,3077,3.7,0.009
5474,3075,3101,36.3,0.087
5475,3076,3107,79,0.19
5476,3076,3142,139.9,0.336
5477,3077,3078,15,0.036
5478,3077,3217,402.1,0.965
5479,3078,3096,95.5,0.229
5480,3078,3208,386.2,0.927
5481,3079,3112,56.1,0.135
5482,3080,3091,86.6,0.208
5483,3080,3205,203.2,0.488
5484,3081,3093,47.7,0.114
5485,3081,3104,43.9,0.105
5486,3082,3111,79.5,0.191
5487,3082,3150,140.3,0.337
5488,3083,3160,161,0.386
5489,3083,3183,151.5,0.364
5490,3084,3104,76.2,0.183
5491,3084,3147,109.6,0.263
5492,3085,3116,79.1,0.19
5493,3085,3154,137.3,0.33
5494,3086,3110,234.1,0.562
5495,3086,3137,80.8,0.194
5496,3087,3118,125.1,0.3
5497,3087,3135,76.1,0.183
5498,3088,3105,63.2,0.152
5499,3089,3120,79,0.19
5500,3089,3161,144.1,0.346
5501,3090,3167,120.8,0.29
5502,3091,3103,79.4,0.191
5503,3091,3219,203.1,0.487
5504,3092,3127,82.3,0.198
5505,3092,3201,211.9,0.509
5506,3093,3101,21.7,0.052
5507,3093,3128,54.5,0.131
5508,3094,3129,82.2,0.197
5509,3094,3203,211.6,0.508
5510,3095,3098,21.1,0.051
5511,3095,3102,63.8,0.153
5512,3095,3108,23.6,0.057
5513,3096,3133,146.6,0.352
5514,3096,3208,296.4,0.711
5515,3097,3124,63.8,0.153
5516,3097,3157,126.8,0.304
5517,3098,3108,28.3,0.068
5518,3100,3119,247.7,0.594
5519,3100,3143,76.2,0.183
5520,3101,3117,70.7,0.17
5521,3101,3128,45,0.108
5522,3102,3126,82.8,0.199
5523,3102,3188,140.9,0.338
5524,3103,3114,79.3,0.19
5525,3103,3232,203.8,0.489
5526,3104,3128,81.3,0.195
5527,3104,3170,109.8,0.264
5528,3105,3133,81.1,0.195
5529,3106,3109,79.2,0.19
5530,3106,3122,120.6,0.289
5531,3106,3234,197.4,0.474
5532,3107,3141,80.2,0.192
5533,3108,3144,57.4,0.138
5534,3109,3113,79.2,0.19
5535,3109,3230,189.2,0.454
5536,3110,3115,82.3,0.198
5537,3110,3159,80.7,0.194
5538,3111,3142,79.2,0.19
5539,3111,3186,140.6,0.337
5540,3112,3131,36.3,0.087
5541,3112,3149,56.9,0.137
5542,3113,3121,79.4,0.191
5543,3113,3239,189,0.454
5544,3114,3132,79.8,0.192
5545,3114,3243,203.5,0.488
5546,3115,3125,82.1,0.197
5547,3115,3169,80.4,0.193
5548,3116,3150,79.5,0.191
5549,3116,3190,137.3,0.33
5550,3117,3194,181.6,0.436
5551,3117,3217,317.1,0.761
5552,3118,3164,76.1,0.183
5553,3118,3174,201.1,0.483
5554,3119,3137,178.1,0.427
5555,3119,3171,76.1,0.183
5556,3120,3154,79.6,0.191
5557,3120,3197,143.9,0.345
5558,3121,3130,79.1,0.19
5559,3121,3242,188.5,0.452
5560,3123,3143,246.8,0.592
5561,3123,3173,76.4,0.183
5562,3124,3157,133.5,0.32
5563,3124,3174,79.4,0.191
5564,3125,3140,164.7,0.395
5565,3125,3366,312.6,0.75
5566,3126,3147,78.2,0.188
5567,3126,3206,140.3,0.337
5568,3127,3160,82.4,0.198
5569,3127,3231,211.7,0.508
5570,3128,3145,30.1,0.072
5571,3128,3151,87.8,0.211
5572,3129,3162,82.4,0.198
5573,3129,3233,211.6,0.508
5574,3130,3136,79.5,0.191
5575,3130,3251,188.5,0.452
5576,3131,3149,43.9,0.105
5577,3131,3161,79.5,0.191
5578,3132,3261,203.8,0.489
5579,3133,3168,141.3,0.339
5580,3134,3138,50.2,0.12
5581,3135,3164,124.8,0.3
5582,3135,3181,77.6,0.186
5583,3136,3139,79.3,0.19
5584,3136,3268,204.2,0.49
5585,3137,3159,234.1,0.562
5586,3137,3189,76.2,0.183
5587,3138,3293,253.8,0.609
5588,3139,3146,79.3,0.19
5589,3139,3286,213,0.511
5590,3140,3148,82.2,0.197
5591,3140,3380,312.3,0.75
5592,3141,3180,53.8,0.129
5593,3142,3214,140.5,0.337
5594,3142,3353,414.1,0.994
5595,3143,3171,247.5,0.594
5596,3143,3198,76.2,0.183
5597,3144,3163,42.7,0.102
5598,3144,3182,52.3,0.126
5599,3145,3196,82.8,0.199
5600,3145,3207,98.3,0.236
5601,3146,3153,79.1,0.19
5602,3146,3297,213.5,0.512
5603,3147,3170,76.5,0.184
5604,3147,3229,140.4,0.337
5605,3148,3222,741.5,1.78
5606,3148,3387,312.5,0.75
5607,3149,3168,26.7,0.064
5608,3150,3186,79.2,0.19
5609,3150,3220,137.2,0.329
5610,3151,3172,64,0.154
5611,3151,3213,110.3,0.265
5612,3152,3181,105.2,0.252
5613,3152,3204,81.2,0.195
5614,3153,3158,79.5,0.191
5615,3153,3310,213.2,0.512
5616,3154,3190,79.3,0.19
5617,3154,3227,143.5,0.344
5618,3155,3156,20.8,0.05
5619,3155,3175,29,0.07
5620,3155,3177,29.7,0.071
5621,3156,3166,59.1,0.142
5622,3156,3178,26.4,0.063
5623,3157,3180,71,0.17
5624,3157,3200,77.7,0.186
5625,3158,3165,79,0.19
5626,3158,3319,213.9,0.513
5627,3159,3169,81.7,0.196
5628,3159,3209,76.9,0.185
5629,3160,3193,83.2,0.2
5630,3160,3269,211.7,0.508
5631,3161,3197,79.3,0.19
5632,3161,3224,121.3,0.291
5633,3162,3201,82.3,0.198
5634,3162,3271,211.8,0.508
5635,3163,3182,37.1,0.089
5636,3163,3203,82.2,0.197
5637,3164,3210,77.9,0.187
5638,3164,3216,201.3,0.483
5639,3165,3176,79.6,0.191
5640,3165,3332,213.6,0.513
5641,3166,3184,20.5,0.049
5642,3166,3185,79,0.19
5643,3167,3298,185.7,0.446
5644,3167,3299,239.1,0.574
5645,3168,3212,72.2,0.173
5646,3169,3357,231.9,0.557
5647,3170,3196,91.4,0.219
5648,3170,3252,140.3,0.337
5649,3171,3189,178.1,0.427
5650,3171,3218,76.3,0.183
5651,3172,3194,83.2,0.2
5652,3172,3236,109.7,0.263
5653,3173,3198,246.7,0.592
5654,3173,3223,78.7,0.189
5655,3174,3216,76.1,0.183
5656,3174,3225,201.7,0.484
5657,3175,3177,11,0.026
5658,3175,3306,184.6,0.443
5659,3176,3191,80.8,0.194
5660,3176,3215,66,0.158
5661,3177,3178,17.9,0.043
5662,3177,3276,148.1,0.355
5663,3178,3179,8.5,0.02
5664,3178,3289,160.8,0.386
5665,3179,3184,41.4,0.099
5666,3179,3202,48.9,0.117
5667,3180,3200,33.2,0.08
5668,3181,3210,125.2,0.3
5669,3181,3228,79.5,0.191
5670,3182,3188,20.1,0.048
5671,3182,3221,63.8,0.153
5672,3183,3193,25.3,0.061
5673,3183,3199,26.1,0.063
5674,3184,3192,79.7,0.191
5675,3184,3202,27.7,0.066
5676,3185,3192,18.3,0.044
5677,3185,3195,79.1,0.19
5678,3186,3214,79.1,0.19
5679,3186,3253,137.4,0.33
5680,3187,3222,4717.6,11.322
5681,3188,3206,81.6,0.196
5682,3188,3221,59.4,0.143
5683,3189,3209,234.1,0.562
5684,3189,3237,76.2,0.183
5685,3190,3220,79.4,0.191
5686,3190,3262,140.3,0.337
5687,3191,3204,79.6,0.191
5688,3192,3256,99.3,0.238
5689,3193,3199,12.8,0.031
5690,3193,3323,218.2,0.524
5691,3194,3211,74.6,0.179
5692,3194,3259,109.8,0.264
5693,3195,3205,79.4,0.191
5694,3195,3342,180.4,0.433
5695,3196,3207,55.2,0.132
5696,3196,3284,140.3,0.337
5697,3197,3227,79.3,0.19
5698,3197,3257,121.6,0.292
5699,3198,3218,247.7,0.594
5700,3198,3245,79.3,0.19
5701,3199,3223,86.8,0.208
5702,3199,3301,140.3,0.337
5703,3200,3225,46.7,0.112
5704,3201,3231,82.2,0.197
5705,3201,3328,212,0.509
5706,3202,3256,106.9,0.257
5707,3202,3317,153.9,0.369
5708,3203,3233,82.3,0.198
5709,3203,3247,99.3,0.238
5710,3204,3228,83.2,0.2
5711,3205,3219,79.1,0.19
5712,3205,3379,209.8,0.504
5713,3206,3229,74.9,0.18
5714,3206,3311,140.4,0.337
5715,3207,3213,21.2,0.051
5716,3207,3235,38.3,0.092
5717,3208,3226,35.3,0.085
5718,3209,3344,154.6,0.371
5719,3210,3263,79.2,0.19
5720,3210,3267,201.1,0.483
5721,3211,3248,115.4,0.277
5722,3211,3288,110,0.264
5723,3212,3224,17,0.041
5724,3212,3226,14.9,0.036
5725,3213,3235,31.4,0.075
5726,3213,3236,66,0.158
5727,3214,3260,96.8,0.232
5728,3214,3279,105.6,0.253
5729,3215,3275,81.8,0.196
5730,3215,3282,224.2,0.538
5731,3216,3267,77.8,0.187
5732,3216,3278,201.7,0.484
5733,3217,3238,44.5,0.107
5734,3218,3237,178,0.427
5735,3218,3277,79.1,0.19
5736,3219,3232,79.2,0.19
5737,3219,3389,209.8,0.504
5738,3220,3253,79.2,0.19
5739,3220,3274,97.7,0.234
5740,3221,3247,42.9,0.103
5741,3222,3472,323.6,0.777
5742,3223,3245,247.2,0.593
5743,3223,3436,280.3,0.673
5744,3224,3257,79.5,0.191
5745,3225,3278,76.1,0.183
5746,3226,3238,18.3,0.044
5747,3226,3336,188.7,0.453
5748,3227,3262,81.7,0.196
5749,3227,3308,127.2,0.305
5750,3228,3263,125.2,0.3
5751,3228,3282,79.3,0.19
5752,3229,3252,76.4,0.183
5753,3229,3347,140.2,0.336
5754,3230,3234,81.4,0.195
5755,3230,3239,78.5,0.188
5756,3230,3240,14.5,0.035
5757,3231,3269,82.3,0.198
5758,3231,3376,211.9,0.509
5759,3232,3243,79.3,0.19
5760,3232,3399,209.5,0.503
5761,3233,3271,82,0.197
5762,3233,3326,139.3,0.334
5763,3234,3241,12.8,0.031
5764,3235,3321,109,0.262
5765,3235,3354,126.8,0.304
5766,3236,3259,78.5,0.188
5767,3236,3354,137.8,0.331
5768,3237,3244,104.4,0.251
5769,3237,3302,79.2,0.19
5770,3238,3248,15.4,0.037
5771,3238,3340,162,0.389
5772,3239,3242,79.2,0.19
5773,3239,3246,14,0.034
5774,3240,3241,80.9,0.194
5775,3240,3246,78,0.187
5776,3240,3249,11.4,0.027
5777,3241,3250,11.9,0.029
5778,3241,3293,246.9,0.593
5779,3242,3251,79.5,0.191
5780,3242,3254,14.8,0.036
5781,3243,3261,79.1,0.19
5782,3243,3412,210,0.504
5783,3245,3277,247,0.593
5784,3245,3467,280.1,0.672
5785,3246,3254,79.7,0.191
5786,3246,3255,11.9,0.029
5787,3247,3273,37.1,0.089
5788,3248,3343,143.4,0.344
5789,3248,3356,108.6,0.261
5790,3249,3250,76.4,0.183
5791,3249,3255,77.4,0.186
5792,3249,3258,12.1,0.029
5793,3250,3258,77.3,0.186
5794,3250,3305,249,0.598
5795,3251,3264,15.1,0.036
5796,3251,3268,80.8,0.194
5797,3252,3284,91.4,0.219
5798,3252,3374,140.4,0.337
5799,3253,3283,50.3,0.121
5800,3253,3291,55.2,0.132
5801,3254,3264,79.1,0.19
5802,3254,3265,12.4,0.03
5803,3255,3265,79.5,0.191
5804,3255,3266,12,0.029
5805,3256,3325,86.4,0.207
5806,3256,3341,83.3,0.2
5807,3257,3308,79.6,0.191
5808,3258,3266,80.1,0.192
5809,3258,3381,146.4,0.351
5810,3259,3288,79.4,0.191
5811,3259,3377,136.4,0.327
5812,3260,3279,138.2,0.332
5813,3260,3407,223.1,0.535
5814,3261,3280,79.6,0.191
5815,3261,3421,209.5,0.503
5816,3262,3313,54.9,0.132
5817,3263,3338,79.6,0.191
5818,3263,3345,201.2,0.483
5819,3264,3268,78.9,0.189
5820,3264,3270,11.5,0.028
5821,3265,3270,79.1,0.19
5822,3265,3272,10.8,0.026
5823,3266,3272,77.1,0.185
5824,3266,3381,127.1,0.305
5825,3267,3345,79.3,0.19
5826,3267,3353,201.6,0.484
5827,3268,3286,79.8,0.192
5828,3268,3287,18.6,0.045
5829,3269,3323,82.2,0.197
5830,3269,3409,211.8,0.508
5831,3270,3281,10.9,0.026
5832,3270,3287,79.3,0.19
5833,3271,3328,82.4,0.198
5834,3271,3385,159.9,0.384
5835,3272,3281,79.5,0.191
5836,3272,3433,201.9,0.485
5837,3273,3290,19.7,0.047
5838,3273,3311,82,0.197
5839,3274,3303,29.6,0.071
5840,3274,3307,42.8,0.103
5841,3275,3359,78.1,0.187
5842,3275,3360,201,0.482
5843,3276,3309,33.1,0.079
5844,3276,3316,40.4,0.097
5845,3277,3285,83.2,0.2
5846,3277,3491,280.4,0.673
5847,3278,3353,78.1,0.187
5848,3279,3283,47.3,0.114
5849,3280,3295,79,0.19
5850,3280,3437,209.6,0.503
5851,3281,3287,79.1,0.19
5852,3281,3440,203,0.487
5853,3282,3338,125.2,0.3
5854,3282,3360,77.8,0.187
5855,3283,3291,72.7,0.174
5856,3283,3432,189.2,0.454
5857,3284,3321,76.4,0.183
5858,3284,3397,144.1,0.346
5859,3285,3300,82.8,0.199
5860,3285,3500,280.3,0.673
5861,3286,3297,79.4,0.191
5862,3286,3304,15.4,0.037
5863,3287,3304,79.6,0.191
5864,3287,3447,205.8,0.494
5865,3288,3358,136.4,0.327
5866,3288,3373,88,0.211
5867,3289,3329,34.7,0.083
5868,3289,3331,37.4,0.09
5869,3290,3326,36,0.086
5870,3290,3418,161,0.386
5871,3291,3292,6.9,0.017
5872,3292,3303,78.7,0.189
5873,3292,3438,189.2,0.454
5874,3293,3305,13.5,0.032
5875,3293,3306,58,0.139
5876,3294,3296,110.1,0.264
5877,3294,3365,68.5,0.164
5878,3294,3419,317.7,0.762
5879,3295,3299,35.9,0.086
5880,3295,3355,90.3,0.217
5881,3295,3452,208.1,0.499
5882,3296,3298,57.6,0.138
5883,3296,3318,31,0.074
5884,3297,3310,79.2,0.19
5885,3297,3314,14.5,0.035
5886,3298,3299,53,0.127
5887,3298,3355,50.2,0.12
5888,3300,3302,12,0.029
5889,3300,3506,280.2,0.672
5890,3301,3375,102.6,0.246
5891,3301,3400,121.2,0.291
5892,3302,3312,70.1,0.168
5893,3303,3307,31.8,0.076
5894,3303,3443,188.7,0.453
5895,3304,3314,79.5,0.191
5896,3304,3456,200.5,0.481
5897,3305,3320,56.7,0.136
5898,3305,3410,146,0.35
5899,3306,3309,30.5,0.073
5900,3306,3315,32,0.077
5901,3306,3320,12.7,0.03
5902,3307,3313,47.8,0.115
5903,3308,3335,30.4,0.073
5904,3309,3315,6.1,0.015
5905,3310,3319,79.4,0.191
5906,3310,3324,15.5,0.037
5907,3311,3347,71.8,0.172
5908,3311,3418,155.9,0.374
5909,3312,3327,82.1,0.197
5910,3312,3512,280.5,0.673
5911,3313,3322,79.2,0.19
5912,3313,3427,175,0.42
5913,3314,3324,79.1,0.19
5914,3314,3464,201.1,0.483
5915,3315,3316,5.7,0.014
5916,3315,3330,13.3,0.032
5917,3316,3329,41.5,0.1
5918,3316,3334,14.5,0.035
5919,3317,3333,12.6,0.03
5920,3317,3341,67.4,0.162
5921,3318,3365,83.9,0.201
5922,3318,3386,84,0.202
5923,3319,3332,79.4,0.191
5924,3319,3339,14.3,0.034
5925,3320,3330,36.1,0.087
5926,3320,3352,49.9,0.12
5927,3320,3445,179.4,0.431
5928,3321,3354,69,0.166
5929,3321,3363,42.3,0.102
5930,3322,3335,58.3,0.14
5931,3322,3382,66.8,0.16
5932,3323,3375,82.4,0.198
5933,3323,3425,185.4,0.445
5934,3324,3339,79.5,0.191
5935,3324,3471,199.9,0.48
5936,3325,3337,10.6,0.025
5937,3325,3341,78.9,0.189
5938,3326,3385,85.5,0.205
5939,3326,3418,131.2,0.315
5940,3327,3344,82.3,0.198
5941,3327,3520,280.3,0.673
5942,3328,3376,82.3,0.198
5943,3328,3428,182.9,0.439
5944,3329,3331,6.5,0.016
5945,3329,3346,13.7,0.033
5946,3330,3334,9.6,0.023
5947,3330,3352,18.6,0.045
5948,3331,3333,4.7,0.011
5949,3331,3350,16,0.038
5950,3332,3349,14.6,0.035
5951,3332,3359,80.6,0.193
5952,3333,3350,14.3,0.034
5953,3333,3351,65.7,0.158
5954,3334,3346,38.2,0.092
5955,3334,3414,118.7,0.285
5956,3335,3336,11.6,0.028
5957,3335,3382,88.4,0.212
5958,3336,3340,22.3,0.054
5959,3336,3455,233.5,0.56
5960,3337,3342,3.8,0.009
5961,3337,3361,54.2,0.13
5962,3338,3392,77.7,0.186
5963,3338,3396,201.2,0.483
5964,3339,3349,79.3,0.19
5965,3339,3479,201.1,0.483
5966,3340,3343,13.1,0.031
5967,3340,3460,236.6,0.568
5968,3341,3351,11,0.026
5969,3342,3371,38.2,0.092
5970,3343,3348,54.1,0.13
5971,3343,3368,41,0.098
5972,3344,3357,82.3,0.198
5973,3344,3529,280.4,0.673
5974,3345,3391,161.8,0.388
5975,3345,3396,79.3,0.19
5976,3346,3350,9.8,0.024
5977,3346,3474,189.2,0.454
5978,3347,3374,76.3,0.183
5979,3347,3413,110.9,0.266
5980,3348,3356,52.8,0.127
5981,3348,3477,189,0.454
5982,3349,3372,80.8,0.194
5983,3349,3485,200.8,0.482
5984,3350,3362,62.9,0.151
5985,3350,3370,25,0.06
5986,3351,3361,38.1,0.091
5987,3351,3362,13.4,0.032
5988,3352,3369,20.2,0.048
5989,3353,3391,88.2,0.212
5990,3353,3398,79.1,0.19
5991,3353,3407,215,0.516
5992,3354,3384,44.9,0.108
5993,3355,3386,90.4,0.217
5994,3355,3468,175.2,0.42
5995,3356,3358,29.8,0.072
5996,3356,3482,190.2,0.456
5997,3357,3366,82.3,0.198
5998,3357,3534,280.4,0.673
5999,3358,3367,77.7,0.186
6000,3359,3372,16.1,0.039
6001,3359,3402,179.4,0.431
6002,3360,3392,125,0.3
6003,3360,3402,76.9,0.185
6004,3361,3371,67.7,0.162
6005,3362,3364,14.7,0.035
6006,3362,3388,46,0.11
6007,3363,3390,44.4,0.107
6008,3363,3394,51.4,0.123
6009,3364,3378,103.9,0.249
6010,3364,3417,127.7,0.306
6011,3365,3415,83.8,0.201
6012,3365,3470,288.8,0.693
6013,3366,3380,164.3,0.394
6014,3366,3545,280.2,0.672
6015,3367,3373,79,0.19
6016,3367,3488,189,0.454
6017,3368,3420,131,0.314
6018,3368,3469,156.4,0.375
6019,3369,3414,84.9,0.204
6020,3369,3473,165.1,0.396
6021,3370,3388,61.5,0.148
6022,3370,3459,137.5,0.33
6023,3371,3378,17.9,0.043
6024,3372,3408,64,0.154
6025,3372,3411,174.6,0.419
6026,3373,3377,79.2,0.19
6027,3373,3494,189.4,0.455
6028,3374,3383,43.4,0.104
6029,3374,3406,63.5,0.152
6030,3375,3400,69.5,0.167
6031,3375,3424,112.5,0.27
6032,3376,3409,82.3,0.198
6033,3376,3430,118.4,0.284
6034,3377,3384,82.2,0.197
6035,3377,3504,189.1,0.454
6036,3378,3379,43.2,0.104
6037,3378,3403,52.8,0.127
6038,3379,3389,79.2,0.19
6039,3379,3403,45.6,0.109
6040,3380,3387,82.3,0.198
6041,3380,3560,280.5,0.673
6042,3381,3431,87.1,0.209
6043,3382,3427,100.7,0.242
6044,3383,3397,47,0.113
6045,3383,3401,30.3,0.073
6046,3384,3390,82.4,0.198
6047,3384,3508,189.3,0.454
6048,3385,3393,13.4,0.032
6049,3386,3415,83.9,0.201
6050,3386,3480,142.7,0.342
6051,3387,3472,817.4,1.962
6052,3387,3566,280.3,0.673
6053,3388,3404,26.1,0.063
6054,3389,3399,79,0.19
6055,3389,3465,115.2,0.276
6056,3390,3394,25.7,0.062
6057,3390,3513,189.2,0.454
6058,3391,3398,39.5,0.095
6059,3392,3434,76.7,0.184
6060,3392,3439,201.5,0.484
6061,3393,3423,57,0.137
6062,3393,3428,73.4,0.176
6063,3394,3395,53.5,0.128
6064,3395,3397,41.3,0.099
6065,3395,3518,189,0.454
6066,3396,3439,77.8,0.187
6067,3396,3446,201.5,0.484
6068,3397,3401,38.2,0.092
6069,3398,3446,79.5,0.191
6070,3398,3449,193.2,0.464
6071,3399,3412,79.4,0.191
6072,3399,3521,189.7,0.455
6073,3400,3405,13.7,0.033
6074,3400,3416,21.5,0.052
6075,3401,3406,70.8,0.17
6076,3401,3524,189.1,0.454
6077,3402,3411,14.5,0.035
6078,3402,3434,124.8,0.3
6079,3403,3465,105.9,0.254
6080,3404,3417,79.5,0.191
6081,3404,3459,79.3,0.19
6082,3405,3416,18.8,0.045
6083,3405,3435,65.1,0.156
6084,3406,3413,87.2,0.209
6085,3406,3530,192.9,0.463
6086,3407,3432,301.9,0.725
6087,3407,3449,84.3,0.202
6088,3408,3448,157,0.377
6089,3408,3490,121.6,0.292
6090,3409,3426,50.9,0.122
6091,3409,3429,46.1,0.111
6092,3411,3442,125.6,0.301
6093,3411,3448,61.1,0.147
6094,3412,3421,79,0.19
6095,3412,3538,194.8,0.468
6096,3413,3418,82.6,0.198
6097,3413,3536,189.5,0.455
6098,3414,3473,81,0.194
6099,3415,3493,116.1,0.279
6100,3415,3510,261.8,0.628
6101,3416,3422,22.7,0.054
6102,3417,3489,107.6,0.258
6103,3418,3423,82.6,0.198
6104,3418,3544,188,0.451
6105,3419,3470,81.5,0.196
6106,3419,3499,204.3,0.49
6107,3420,3461,63.1,0.151
6108,3420,3462,52.2,0.125
6109,3421,3437,79.4,0.191
6110,3421,3554,194.9,0.468
6111,3422,3424,109.5,0.263
6112,3422,3435,76.4,0.183
6113,3422,3516,171.2,0.411
6114,3423,3428,49.2,0.118
6115,3424,3425,110,0.264
6116,3424,3481,99.3,0.238
6117,3425,3426,41.1,0.099
6118,3425,3441,26.5,0.064
6119,3426,3429,68.4,0.164
6120,3426,3441,30.9,0.074
6121,3427,3453,46.1,0.111
6122,3428,3430,103.2,0.248
6123,3428,3451,43.4,0.104
6124,3429,3430,109.7,0.263
6125,3429,3511,159,0.382
6126,3430,3478,81.2,0.195
6127,3431,3433,40.1,0.096
6128,3431,3507,119,0.286
6129,3432,3438,79.3,0.19
6130,3432,3525,140.3,0.337
6131,3433,3440,79.6,0.191
6132,3434,3442,14.4,0.035
6133,3434,3492,201.4,0.483
6134,3435,3436,14.3,0.034
6135,3435,3466,48.2,0.116
6136,3436,3444,83.5,0.2
6137,3436,3458,25.3,0.061
6138,3437,3452,79.2,0.19
6139,3437,3563,195,0.468
6140,3438,3443,79.4,0.191
6141,3438,3531,140.3,0.337
6142,3439,3492,76.9,0.185
6143,3439,3497,201.2,0.483
6144,3440,3447,78.4,0.188
6145,3441,3481,82.7,0.198
6146,3441,3547,204.3,0.49
6147,3442,3486,61.5,0.148
6148,3442,3503,201.4,0.483
6149,3443,3450,55,0.132
6150,3443,3495,70.6,0.169
6151,3444,3457,82.9,0.199
6152,3444,3598,242.6,0.582
6153,3445,3463,77.8,0.187
6154,3445,3574,202.6,0.486
6155,3446,3496,182.8,0.439
6156,3446,3497,77.5,0.186
6157,3447,3456,79.7,0.191
6158,3448,3486,124.8,0.3
6159,3448,3498,76.3,0.183
6160,3449,3496,77.7,0.186
6161,3449,3509,129.2,0.31
6162,3450,3453,22.2,0.053
6163,3450,3476,31.8,0.076
6164,3451,3478,38.7,0.093
6165,3451,3556,158.5,0.38
6166,3452,3468,85.4,0.205
6167,3452,3570,194.9,0.468
6168,3453,3455,14.2,0.034
6169,3453,3476,38.3,0.092
6170,3454,3463,12.3,0.03
6171,3455,3460,17.4,0.042
6172,3455,3537,166.4,0.399
6173,3456,3464,80,0.192
6174,3457,3467,81.6,0.196
6175,3457,3605,241.8,0.58
6176,3458,3466,27.7,0.066
6177,3458,3550,141.8,0.34
6178,3459,3474,32.6,0.078
6179,3459,3484,46.4,0.111
6180,3460,3461,15.4,0.037
6181,3460,3539,166.9,0.401
6182,3461,3462,33.9,0.081
6183,3461,3505,84.1,0.202
6184,3462,3469,79.8,0.192
6185,3462,3553,139.8,0.336
6186,3463,3585,201.3,0.483
6187,3464,3471,79.2,0.19
6188,3465,3515,80,0.192
6189,3465,3521,110.1,0.264
6190,3466,3551,170,0.408
6191,3467,3475,82.6,0.198
6192,3467,3609,243.4,0.584
6193,3468,3480,85.4,0.205
6194,3468,3587,198,0.475
6195,3469,3477,79.3,0.19
6196,3469,3557,139.9,0.336
6197,3470,3510,79.5,0.191
6198,3470,3532,181,0.434
6199,3471,3479,79.2,0.19
6200,3472,3640,278.2,0.668
6201,3472,4043,10781.1,25.875
6202,3473,3474,14.2,0.034
6203,3473,3591,200.6,0.481
6204,3474,3484,50.2,0.12
6205,3474,3594,200.6,0.481
6206,3475,3483,81.5,0.196
6207,3475,3620,244.6,0.587
6208,3476,3501,50.4,0.121
6209,3477,3482,76.9,0.185
6210,3477,3564,140.4,0.337
6211,3478,3487,22.9,0.055
6212,3479,3485,79.1,0.19
6213,3480,3493,79.2,0.19
6214,3480,3597,201.2,0.483
6215,3481,3516,82.3,0.198
6216,3481,3577,204.2,0.49
6217,3482,3488,83.6,0.201
6218,3482,3567,140.6,0.337
6219,3483,3491,83.4,0.2
6220,3483,3628,245,0.588
6221,3484,3489,44.1,0.106
6222,3485,3490,79.3,0.19
6223,3486,3528,76,0.182
6224,3486,3533,201.4,0.483
6225,3487,3511,60.3,0.145
6226,3487,3517,61.9,0.149
6227,3488,3494,79.2,0.19
6228,3488,3572,140.3,0.337
6229,3489,3515,158.2,0.38
6230,3489,3631,244.7,0.587
6231,3490,3514,38.3,0.092
6232,3491,3500,83.2,0.2
6233,3491,3634,242.8,0.583
6234,3492,3503,15.4,0.037
6235,3492,3542,201.2,0.483
6236,3493,3522,51.4,0.123
6237,3493,3555,229.6,0.551
6238,3494,3504,79.2,0.19
6239,3494,3580,140.4,0.337
6240,3495,3501,27.3,0.066
6241,3495,3519,38.5,0.092
6242,3496,3509,139.6,0.335
6243,3496,3548,78.2,0.188
6244,3497,3542,76.5,0.184
6245,3497,3548,202.1,0.485
6246,3498,3528,125,0.3
6247,3498,3540,76.2,0.183
6248,3499,3502,6.1,0.015
6249,3499,3765,492.6,1.182
6250,3500,3506,82.2,0.197
6251,3500,3644,242.4,0.582
6252,3501,3519,42.7,0.102
6253,3502,3588,256.3,0.615
6254,3502,3740,440.1,1.056
6255,3503,3533,60.3,0.145
6256,3503,3552,201.3,0.483
6257,3504,3508,82.4,0.198
6258,3504,3586,140.3,0.337
6259,3505,3541,80.8,0.194
6260,3505,3546,69.3,0.166
6261,3506,3512,82.3,0.198
6262,3506,3647,242.3,0.582
6263,3508,3513,82.3,0.198
6264,3508,3590,140.2,0.336
6265,3509,3525,237.6,0.57
6266,3509,3558,78.6,0.189
6267,3509,3565,139.1,0.334
6268,3510,3555,76.1,0.183
6269,3510,3571,185.2,0.444
6270,3511,3517,14,0.034
6271,3511,3527,37.9,0.091
6272,3512,3520,82.2,0.197
6273,3512,3654,242.3,0.582
6274,3513,3518,79.1,0.19
6275,3513,3599,141.9,0.341
6276,3514,3540,112.1,0.269
6277,3514,3559,76.1,0.183
6278,3515,3526,86.3,0.207
6279,3516,3551,82.4,0.198
6280,3516,3606,204.1,0.49
6281,3517,3523,12.1,0.029
6282,3518,3524,79.4,0.191
6283,3518,3604,143.3,0.344
6284,3519,3535,35.3,0.085
6285,3520,3529,82.3,0.198
6286,3520,3660,242.3,0.582
6287,3521,3526,6.7,0.016
6288,3522,3543,58.4,0.14
6289,3522,3569,83.7,0.201
6290,3523,3527,33.6,0.081
6291,3523,3562,73,0.175
6292,3524,3530,79.4,0.191
6293,3524,3607,143.6,0.345
6294,3525,3531,79.8,0.192
6295,3525,3602,143.3,0.344
6296,3526,3538,72.1,0.173
6297,3526,3549,36.7,0.088
6298,3527,3547,44.2,0.106
6299,3528,3568,76.3,0.183
6300,3528,3578,201.3,0.483
6301,3529,3534,82.3,0.198
6302,3529,3669,242.2,0.581
6303,3530,3536,79.2,0.19
6304,3530,3612,141.8,0.34
6305,3531,3535,66,0.158
6306,3531,3593,102.3,0.246
6307,3533,3578,76.3,0.183
6308,3533,3584,201.2,0.483
6309,3534,3545,82.2,0.197
6310,3534,3680,242.3,0.582
6311,3535,3537,14.5,0.035
6312,3535,3593,121.4,0.291
6313,3536,3544,83.2,0.2
6314,3536,3617,140.2,0.336
6315,3537,3539,16.3,0.039
6316,3537,3611,167.2,0.401
6317,3538,3554,79.4,0.191
6318,3538,3582,74.5,0.179
6319,3539,3541,18.9,0.045
6320,3539,3613,167.4,0.402
6321,3540,3568,125,0.3
6322,3540,3583,76.2,0.183
6323,3541,3546,41.9,0.101
6324,3541,3573,71.5,0.172
6325,3542,3552,15.2,0.036
6326,3542,3576,140.9,0.338
6327,3544,3556,157.6,0.378
6328,3544,3626,142.4,0.342
6329,3545,3560,164.6,0.395
6330,3545,3689,242.3,0.582
6331,3546,3553,80.1,0.192
6332,3546,3625,140.4,0.337
6333,3547,3562,34.4,0.083
6334,3547,3577,82.1,0.197
6335,3548,3558,142.8,0.343
6336,3548,3581,58.8,0.141
6337,3549,3561,51.8,0.124
6338,3549,3582,66.7,0.16
6339,3550,3579,74.7,0.179
6340,3550,3589,75.6,0.181
6341,3551,3579,82.3,0.198
6342,3551,3638,204.1,0.49
6343,3552,3584,60.9,0.146
6344,3552,3601,228,0.547
6345,3553,3557,79.8,0.192
6346,3553,3630,140.4,0.337
6347,3554,3563,79.2,0.19
6348,3554,3646,164.1,0.394
6349,3555,3616,191.1,0.459
6350,3555,3629,161.1,0.387
6351,3556,3562,148.8,0.357
6352,3556,3641,146.1,0.351
6353,3557,3564,78.7,0.189
6354,3557,3637,140.6,0.337
6355,3558,3565,115.3,0.277
6356,3558,3603,82.7,0.198
6357,3559,3583,99.2,0.238
6358,3559,3633,139.8,0.336
6359,3560,3566,82.2,0.197
6360,3560,3704,242.5,0.582
6361,3562,3600,83.9,0.201
6362,3563,3570,78.9,0.189
6363,3563,3677,201.1,0.483
6364,3564,3567,78.1,0.187
6365,3564,3645,140.2,0.336
6366,3565,3575,29.5,0.071
6367,3566,3640,878.7,2.109
6368,3566,3716,242.5,0.582
6369,3567,3572,82.7,0.198
6370,3567,3648,140.4,0.337
6371,3568,3608,76.1,0.183
6372,3568,3615,201.4,0.483
6373,3569,3618,84,0.202
6374,3569,3629,180.5,0.433
6375,3570,3587,85.7,0.206
6376,3570,3692,199.4,0.479
6377,3572,3580,79.1,0.19
6378,3572,3651,140.4,0.337
6379,3573,3614,96.5,0.232
6380,3573,3619,80.5,0.193
6381,3574,3585,79.6,0.191
6382,3574,3693,200.2,0.48
6383,3575,3602,79.1,0.19
6384,3575,3627,115.9,0.278
6385,3576,3581,81.6,0.196
6386,3576,3595,83.7,0.201
6387,3577,3600,53.9,0.129
6388,3577,3606,82.5,0.198
6389,3578,3615,76.2,0.183
6390,3578,3622,201.4,0.483
6391,3579,3596,48.5,0.116
6392,3579,3670,204.1,0.49
6393,3580,3586,79.3,0.19
6394,3580,3659,140.3,0.337
6395,3581,3592,67.8,0.163
6396,3581,3595,26.1,0.063
6397,3582,3624,86.6,0.208
6398,3583,3608,124.9,0.3
6399,3583,3643,110.3,0.265
6400,3584,3622,76.5,0.184
6401,3584,3639,244.6,0.587
6402,3585,3591,48.6,0.117
6403,3585,3703,201.3,0.483
6404,3586,3590,82.5,0.198
6405,3586,3664,140.4,0.337
6406,3587,3597,85.2,0.204
6407,3587,3706,200.2,0.48
6408,3588,3851,492.2,1.181
6409,3588,4185,1636,3.926
6410,3589,3596,10.3,0.025
6411,3589,3598,82,0.197
6412,3590,3599,82.6,0.198
6413,3590,3674,140.4,0.337
6414,3591,3594,14.4,0.035
6415,3591,3715,202.4,0.486
6416,3592,3603,77.4,0.186
6417,3592,3623,55.8,0.134
6418,3593,3610,45.9,0.11
6419,3594,3720,202.7,0.486
6420,3594,3723,216.7,0.52
6421,3595,3601,14.1,0.034
6422,3595,3623,79.8,0.192
6423,3596,3635,69.4,0.167
6424,3597,3618,81.3,0.195
6425,3597,3727,202.1,0.485
6426,3598,3605,82.3,0.198
6427,3598,3756,244.5,0.587
6428,3599,3604,77.8,0.187
6429,3599,3682,138.6,0.333
6430,3600,3642,84.5,0.203
6431,3601,3632,80.9,0.194
6432,3601,3639,62.2,0.149
6433,3602,3610,86.3,0.207
6434,3602,3650,102.4,0.246
6435,3603,3627,86.1,0.207
6436,3603,3656,92.6,0.222
6437,3604,3607,80.1,0.192
6438,3605,3609,83.1,0.199
6439,3605,3671,113.9,0.273
6440,3606,3638,82.2,0.197
6441,3606,3642,72.7,0.174
6442,3607,3612,79.5,0.191
6443,3607,3694,143.1,0.343
6444,3608,3649,71.6,0.172
6445,3608,3657,203.1,0.487
6446,3609,3620,81.4,0.195
6447,3609,3714,157.2,0.377
6448,3610,3611,14.6,0.035
6449,3610,3662,115,0.276
6450,3611,3613,16,0.038
6451,3611,3653,89.8,0.216
6452,3612,3617,79.5,0.191
6453,3612,3697,138.9,0.333
6454,3613,3614,17.4,0.042
6455,3613,3652,85.9,0.206
6456,3614,3619,54.2,0.13
6457,3614,3636,42.6,0.102
6458,3615,3657,76.3,0.183
6459,3615,3661,200.9,0.482
6460,3617,3626,83.2,0.2
6461,3617,3711,140.5,0.337
6462,3618,3667,153.1,0.367
6463,3618,3683,104.9,0.252
6464,3619,3625,79.4,0.191
6465,3619,3713,143.6,0.345
6466,3620,3628,81.7,0.196
6467,3621,3707,133.8,0.321
6468,3622,3661,75.6,0.181
6469,3622,3688,264.9,0.636
6470,3623,3632,15.6,0.037
6471,3623,3656,90.3,0.217
6472,3624,3646,34,0.082
6473,3624,3676,171.9,0.413
6474,3625,3630,79.5,0.191
6475,3625,3722,143.3,0.344
6476,3626,3641,157.7,0.378
6477,3626,3718,137.9,0.331
6478,3627,3650,80.1,0.192
6479,3627,3673,96.3,0.231
6480,3628,3634,83.8,0.201
6481,3629,3667,80.9,0.194
6482,3629,3700,212.4,0.51
6483,3630,3637,79.2,0.19
6484,3630,3729,143.3,0.344
6485,3631,3737,158.7,0.381
6486,3631,3809,329.1,0.79
6487,3632,3665,90.5,0.217
6488,3632,3717,126.5,0.304
6489,3633,3643,105,0.252
6490,3633,3679,83.2,0.2
6491,3634,3644,83.3,0.2
6492,3634,3786,242.7,0.582
6493,3635,3710,146.8,0.352
6494,3635,3734,145.1,0.348
6495,3636,3687,105.8,0.254
6496,3636,3690,85.9,0.206
6497,3637,3645,79.7,0.191
6498,3637,3735,143.7,0.345
6499,3638,3670,82.3,0.198
6500,3638,3684,92,0.221
6501,3639,3688,78.4,0.188
6502,3640,3793,255.2,0.612
6503,3641,3655,244.1,0.586
6504,3641,3730,134.2,0.322
6505,3642,3655,37.4,0.09
6506,3642,3658,41.5,0.1
6507,3643,3649,137.6,0.33
6508,3643,3691,79.2,0.19
6509,3644,3647,82.2,0.197
6510,3644,3790,242.3,0.582
6511,3645,3648,77.8,0.187
6512,3645,3741,143.6,0.345
6513,3646,3668,50.7,0.122
6514,3647,3654,82.3,0.198
6515,3647,3794,242.3,0.582
6516,3648,3651,82.1,0.197
6517,3648,3748,143.2,0.344
6518,3649,3663,209.7,0.503
6519,3649,3698,79.2,0.19
6520,3650,3672,70.8,0.17
6521,3650,3705,104.5,0.251
6522,3651,3659,79.5,0.191
6523,3651,3754,143.3,0.344
6524,3652,3685,55.6,0.133
6525,3652,3687,54.8,0.132
6526,3653,3662,35.6,0.085
6527,3653,3678,45.5,0.109
6528,3654,3660,82.2,0.197
6529,3654,3803,242,0.581
6530,3655,3658,48.5,0.116
6531,3655,3750,134.5,0.323
6532,3656,3665,15.9,0.038
6533,3656,3673,36.9,0.089
6534,3657,3663,12.1,0.029
6535,3657,3666,40.4,0.097
6536,3658,3684,42.5,0.102
6537,3659,3664,79.3,0.19
6538,3659,3760,143.5,0.344
6539,3660,3669,82.2,0.197
6540,3660,3811,242.4,0.582
6541,3661,3686,30.5,0.073
6542,3662,3672,16.4,0.039
6543,3662,3675,15,0.036
6544,3663,3666,40.1,0.096
6545,3663,3724,79.8,0.192
6546,3664,3674,82.5,0.198
6547,3664,3764,143.4,0.344
6548,3665,3681,28.5,0.068
6549,3665,3702,54.2,0.13
6550,3666,3686,168.5,0.404
6551,3667,3731,97.9,0.235
6552,3667,3765,234.3,0.562
6553,3668,3677,46.1,0.111
6554,3668,3721,72,0.173
6555,3668,3732,187.7,0.45
6556,3669,3680,82.3,0.198
6557,3669,3824,242.3,0.582
6558,3670,3710,82.2,0.197
6559,3670,3733,112.1,0.269
6560,3671,3714,94.7,0.227
6561,3671,3761,130.8,0.314
6562,3672,3675,4.6,0.011
6563,3672,3708,79.9,0.192
6564,3673,3681,13,0.031
6565,3673,3695,51.1,0.123
6566,3674,3682,82.9,0.199
6567,3674,3769,143.4,0.344
6568,3675,3678,14.8,0.036
6569,3675,3746,125.9,0.302
6570,3677,3692,79,0.19
6571,3677,3721,55,0.132
6572,3678,3685,14,0.034
6573,3678,3749,126.9,0.305
6574,3679,3691,128.6,0.309
6575,3679,3736,83.9,0.201
6576,3680,3689,82.3,0.198
6577,3680,3839,242.2,0.581
6578,3681,3702,45.5,0.109
6579,3681,3719,79.9,0.192
6580,3682,3694,158.4,0.38
6581,3682,3777,143.6,0.345
6582,3683,3731,119,0.286
6583,3683,3755,104,0.25
6584,3684,3733,84.6,0.203
6585,3685,3687,13.8,0.033
6586,3685,3753,127.5,0.306
6587,3686,3709,281.3,0.675
6588,3686,3742,79.5,0.191
6589,3687,3699,45.1,0.108
6590,3687,3728,52.2,0.125
6591,3687,3758,128.9,0.309
6592,3688,3709,29.1,0.07
6593,3689,3696,81.7,0.196
6594,3689,3845,242.1,0.581
6595,3690,3699,21.8,0.052
6596,3690,3701,19.9,0.048
6597,3691,3698,140,0.336
6598,3692,3706,85.9,0.206
6599,3692,3778,136.4,0.327
6600,3693,3703,78.7,0.189
6601,3693,3808,201.4,0.483
6602,3694,3697,78.2,0.188
6603,3695,3705,29.7,0.071
6604,3695,3712,29.1,0.07
6605,3696,3704,82.8,0.199
6606,3696,3856,241.7,0.58
6607,3697,3711,79.9,0.192
6608,3697,3787,143.4,0.344
6609,3698,3724,208.6,0.501
6610,3698,3759,79.2,0.19
6611,3699,3701,10.4,0.025
6612,3699,3770,130.4,0.313
6613,3701,3713,80.1,0.192
6614,3701,3789,141,0.338
6615,3702,3726,23.1,0.055
6616,3703,3715,49,0.118
6617,3703,3818,195,0.468
6618,3704,3716,82.2,0.197
6619,3704,3863,242.2,0.581
6620,3705,3708,73.5,0.176
6621,3705,3712,7.1,0.017
6622,3706,3727,84.9,0.204
6623,3706,3774,105.7,0.254
6624,3707,3736,292.2,0.701
6625,3707,3752,184.6,0.443
6626,3707,3816,220.6,0.529
6627,3708,3746,53.6,0.129
6628,3709,3717,71.6,0.172
6629,3709,3763,79.4,0.191
6630,3710,3745,79.6,0.191
6631,3710,3776,132,0.317
6632,3711,3718,82.8,0.199
6633,3711,3791,143.4,0.344
6634,3712,3719,11.2,0.027
6635,3712,3746,78.5,0.188
6636,3713,3722,79.3,0.19
6637,3713,3792,143.1,0.343
6638,3714,3768,86,0.206
6639,3715,3720,13.4,0.032
6640,3715,3831,206.7,0.496
6641,3716,3793,934,2.242
6642,3716,3873,242.3,0.582
6643,3717,3726,76.4,0.183
6644,3718,3725,81.3,0.195
6645,3718,3798,145,0.348
6646,3719,3726,101.7,0.244
6647,3719,3746,79.1,0.19
6648,3720,3723,17.3,0.042
6649,3720,3834,206.6,0.496
6650,3721,3766,84.9,0.204
6651,3721,3779,208.5,0.5
6652,3722,3729,79.2,0.19
6653,3722,3800,143,0.343
6654,3723,3737,79.8,0.192
6655,3723,3846,201.5,0.484
6656,3724,3742,209.1,0.502
6657,3724,3771,79.4,0.191
6658,3725,3730,78.5,0.188
6659,3725,3804,146,0.35
6660,3726,3773,79.5,0.191
6661,3727,3755,83.6,0.201
6662,3727,3772,79.5,0.191
6663,3728,3758,85.4,0.205
6664,3728,3770,77.7,0.186
6665,3729,3735,79.5,0.191
6666,3729,3806,142.9,0.343
6667,3730,3739,80.4,0.193
6668,3730,3810,146.3,0.351
6669,3731,3781,98.8,0.237
6670,3733,3751,33.9,0.081
6671,3734,3745,23.8,0.057
6672,3734,3747,19.5,0.047
6673,3735,3741,79.5,0.191
6674,3735,3812,143,0.343
6675,3736,3759,294.1,0.706
6676,3736,3780,83.4,0.2
6677,3737,3843,174.6,0.419
6678,3739,3743,79.7,0.191
6679,3739,3820,146.2,0.351
6680,3741,3748,77.8,0.187
6681,3741,3821,143.1,0.343
6682,3742,3763,281.8,0.676
6683,3742,3784,79.1,0.19
6684,3743,3750,80.7,0.194
6685,3743,3833,146.1,0.351
6686,3744,3808,126.9,0.305
6687,3745,3747,13.4,0.032
6688,3745,3805,149.4,0.359
6689,3746,3749,10,0.024
6690,3746,3782,77.3,0.186
6691,3747,3756,81.5,0.196
6692,3747,3883,210.2,0.504
6693,3748,3754,82.4,0.198
6694,3748,3837,144.8,0.348
6695,3749,3753,12.2,0.029
6696,3749,3828,158.6,0.381
6697,3750,3757,77.5,0.186
6698,3750,3842,146.5,0.352
6699,3751,3762,18.7,0.045
6700,3751,3767,32.3,0.078
6701,3753,3758,9.5,0.023
6702,3753,3829,156.5,0.376
6703,3754,3760,79.3,0.19
6704,3754,3844,143.2,0.344
6705,3755,3781,84.7,0.203
6706,3756,3761,81.5,0.196
6707,3757,3762,79.3,0.19
6708,3757,3847,146.5,0.352
6709,3758,3770,50.8,0.122
6710,3758,3830,150.7,0.362
6711,3759,3771,209.4,0.503
6712,3760,3764,79.3,0.19
6713,3760,3849,143.1,0.343
6714,3761,3768,84.3,0.202
6715,3762,3767,26.3,0.063
6716,3762,3854,146.7,0.352
6717,3763,3773,148.5,0.356
6718,3763,3802,79.7,0.191
6719,3764,3769,82.5,0.198
6720,3764,3857,143.2,0.344
6721,3765,3775,25.3,0.061
6722,3765,3877,192.4,0.462
6723,3766,3778,23.4,0.056
6724,3766,3783,62.1,0.149
6725,3767,3776,18.8,0.045
6726,3768,3786,245.8,0.59
6727,3768,3919,239.1,0.574
6728,3769,3777,82.8,0.199
6729,3769,3862,143.3,0.344
6730,3770,3789,84.4,0.203
6731,3770,3838,127.4,0.306
6732,3771,3784,208.4,0.5
6733,3771,3814,79.2,0.19
6734,3772,3815,142.3,0.342
6735,3772,3817,83.2,0.2
6736,3773,3782,124.2,0.298
6737,3773,3813,78.9,0.189
6738,3774,3799,62.4,0.15
6739,3774,3855,128,0.307
6740,3775,3851,201.6,0.484
6741,3775,3888,191.1,0.459
6742,3776,3795,63.1,0.151
6743,3777,3785,157.2,0.377
6744,3777,3872,143.3,0.344
6745,3778,3797,51.8,0.124
6746,3780,3814,529.1,1.27
6747,3780,3827,83.4,0.2
6748,3781,3801,80.2,0.192
6749,3781,3815,77.1,0.185
6750,3782,3822,90.2,0.216
6751,3783,3819,146.3,0.351
6752,3783,3826,85.3,0.205
6753,3784,3841,79.4,0.191
6754,3785,3787,80,0.192
6755,3785,3887,152,0.365
6756,3786,3790,83.2,0.2
6757,3786,3939,241,0.578
6758,3787,3791,79.4,0.191
6759,3787,3891,143.2,0.344
6760,3788,3801,41.9,0.101
6761,3789,3792,79.5,0.191
6762,3789,3850,81.3,0.195
6763,3790,3794,82.1,0.197
6764,3790,3951,242.1,0.581
6765,3791,3798,82.3,0.198
6766,3791,3900,143.2,0.344
6767,3792,3800,79.3,0.19
6768,3792,3943,222.3,0.534
6769,3793,3964,248.6,0.597
6770,3794,3803,82.5,0.198
6771,3794,3962,242,0.581
6772,3795,3805,17.5,0.042
6773,3795,3859,82.1,0.197
6774,3797,3826,59,0.142
6775,3797,3855,79.5,0.191
6776,3798,3804,82.5,0.198
6777,3798,3902,143.3,0.344
6778,3799,3817,44.5,0.107
6779,3799,3848,66.1,0.159
6780,3800,3806,79.6,0.191
6781,3800,3913,161.7,0.388
6782,3801,3823,51.4,0.123
6783,3801,3852,77.9,0.187
6784,3802,3813,148.2,0.356
6785,3802,3864,78.7,0.189
6786,3803,3811,82.2,0.197
6787,3803,3969,242.3,0.582
6788,3804,3810,79.4,0.191
6789,3804,3906,143.6,0.345
6790,3805,3865,93.9,0.225
6791,3806,3812,79.4,0.191
6792,3806,3889,103.8,0.249
6793,3807,3816,85.7,0.206
6794,3808,3831,80.9,0.194
6795,3808,3932,181.1,0.435
6796,3809,3832,38.4,0.092
6797,3809,3870,82.5,0.198
6798,3810,3820,79,0.19
6799,3810,3911,143.4,0.344
6800,3811,3824,82.3,0.198
6801,3811,3978,242.1,0.581
6802,3812,3821,79.3,0.19
6803,3812,3874,73,0.175
6804,3813,3822,80,0.192
6805,3813,3879,79.3,0.19
6806,3814,3841,209.1,0.502
6807,3814,3881,80.9,0.194
6808,3815,3852,77.1,0.185
6809,3815,3869,81.7,0.196
6810,3816,3825,84,0.202
6811,3817,3848,38.7,0.093
6812,3817,3869,115,0.276
6813,3820,3833,79.3,0.19
6814,3820,3868,59.9,0.144
6815,3821,3836,64.2,0.154
6816,3821,3867,55.9,0.134
6817,3822,3828,19.3,0.046
6818,3822,3882,92,0.221
6819,3823,3860,82.5,0.198
6820,3823,3876,78,0.187
6821,3824,3839,82.4,0.198
6822,3824,3986,242.3,0.582
6823,3825,3827,12.5,0.03
6824,3825,3925,164.4,0.395
6825,3826,3878,150.1,0.36
6826,3826,3894,94.6,0.227
6827,3827,3881,549,1.318
6828,3827,4029,349.9,0.84
6829,3828,3829,6.5,0.016
6830,3828,3884,93.3,0.224
6831,3829,3830,13.5,0.032
6832,3829,3885,92.7,0.222
6833,3830,3838,57.6,0.138
6834,3830,3886,91.2,0.219
6835,3831,3834,13.9,0.033
6836,3831,4220,703.8,1.689
6837,3832,3843,250.6,0.601
6838,3832,3890,172,0.413
6839,3833,3842,79.4,0.191
6840,3833,3928,145.1,0.348
6841,3834,3846,64.8,0.156
6842,3834,4204,662.9,1.591
6843,3835,3871,59,0.142
6844,3836,3837,13.8,0.033
6845,3836,3866,53.3,0.128
6846,3837,3844,82.3,0.198
6847,3837,3875,52.6,0.126
6848,3838,3850,140.4,0.337
6849,3838,3892,79.3,0.19
6850,3839,3845,82.2,0.197
6851,3839,3991,242.4,0.582
6852,3840,3860,38.8,0.093
6853,3841,3864,281.9,0.677
6854,3841,3899,80.8,0.194
6855,3842,3847,79.6,0.191
6856,3842,3933,146.3,0.351
6857,3843,3858,27.3,0.066
6858,3844,3849,79.5,0.191
6859,3844,3896,73.7,0.177
6860,3845,3856,82.2,0.197
6861,3845,3998,242.3,0.582
6862,3846,3858,77.9,0.187
6863,3847,3854,79.1,0.19
6864,3847,3936,146.1,0.351
6865,3848,3898,73.1,0.175
6866,3849,3857,79.1,0.19
6867,3849,3907,92,0.221
6868,3850,3901,79.4,0.191
6869,3851,3945,186.6,0.448
6870,3851,4525,4201.8,10.084
6871,3852,3876,51.3,0.123
6872,3852,3895,82.5,0.198
6873,3853,3948,189.3,0.454
6874,3854,3859,79.3,0.19
6875,3854,3897,58.2,0.14
6876,3855,3894,121.6,0.292
6877,3855,3904,86.5,0.208
6878,3856,3863,82.2,0.197
6879,3856,4005,242.3,0.582
6880,3857,3862,82.4,0.198
6881,3857,3926,111.5,0.268
6882,3858,3890,68.9,0.165
6883,3858,4067,352.6,0.846
6884,3859,3865,83,0.199
6885,3859,3953,146.7,0.352
6886,3860,3871,21.7,0.052
6887,3860,3905,78,0.187
6888,3861,3880,22.2,0.053
6889,3862,3872,82.9,0.199
6890,3862,3940,131.3,0.315
6891,3863,3873,82.1,0.197
6892,3863,4012,242.2,0.581
6893,3864,3879,148.5,0.356
6894,3864,3914,80.8,0.194
6895,3865,3883,29.3,0.07
6896,3866,3867,43.2,0.104
6897,3866,3875,37.9,0.091
6898,3866,3916,93.6,0.225
6899,3867,3874,80.9,0.194
6900,3867,3916,79.2,0.19
6901,3869,3895,60.4,0.145
6902,3869,3898,82.6,0.198
6903,3870,3893,35.1,0.084
6904,3870,3918,173.4,0.416
6905,3871,3877,11.5,0.028
6906,3871,3955,152.5,0.366
6907,3872,3880,78.1,0.187
6908,3872,3961,143.2,0.344
6909,3873,3964,988.8,2.373
6910,3873,4017,242.1,0.581
6911,3874,3889,85.2,0.204
6912,3874,3979,166.5,0.4
6913,3875,3896,85.5,0.205
6914,3875,3917,71.7,0.172
6915,3876,3905,91,0.218
6916,3876,3912,81.2,0.195
6917,3877,3888,22.7,0.054
6918,3877,3956,146.8,0.352
6919,3879,3882,32.9,0.079
6920,3879,3903,42.5,0.102
6921,3880,3887,81.1,0.195
6922,3881,3899,209,0.502
6923,3881,3927,80.8,0.194
6924,3882,3884,18.5,0.044
6925,3882,3903,53.6,0.129
6926,3883,3920,82.4,0.198
6927,3883,3960,133.5,0.32
6928,3884,3885,7.5,0.018
6929,3884,3923,98.4,0.236
6930,3885,3886,15.5,0.037
6931,3885,3924,99.1,0.238
6932,3886,3892,102.5,0.246
6933,3886,3909,63.9,0.153
6934,3887,3891,77.5,0.186
6935,3887,3972,151.6,0.364
6936,3888,3945,185.2,0.444
6937,3888,4008,236.8,0.568
6938,3889,3913,98.3,0.236
6939,3889,3970,136.8,0.328
6940,3890,3918,90.2,0.216
6941,3891,3900,79.9,0.192
6942,3891,3981,143.3,0.344
6943,3892,3901,140.4,0.337
6944,3892,3935,81,0.194
6945,3893,3958,112,0.269
6946,3893,3967,134.7,0.323
6947,3894,3963,121.3,0.291
6948,3895,3912,65.7,0.158
6949,3895,3915,86.5,0.208
6950,3896,3907,78.3,0.188
6951,3896,3941,87.8,0.211
6952,3898,3908,87.4,0.21
6953,3898,3915,60.9,0.146
6954,3898,3921,55.1,0.132
6955,3899,3914,281.6,0.676
6956,3899,3938,80.8,0.194
6957,3900,3902,82.5,0.198
6958,3900,3987,143.2,0.344
6959,3901,3949,80.9,0.194
6960,3902,3906,82.2,0.197
6961,3902,3990,143,0.343
6962,3903,3922,49.5,0.119
6963,3904,3908,9.5,0.023
6964,3904,3952,182.2,0.437
6965,3905,3950,84.6,0.203
6966,3906,3911,79.3,0.19
6967,3906,3995,143.4,0.344
6968,3907,3926,81,0.194
6969,3908,3942,63.3,0.152
6970,3909,3929,36.3,0.087
6971,3909,3930,29.5,0.071
6972,3910,3919,84.4,0.203
6973,3910,3920,117.3,0.282
6974,3910,3997,138,0.331
6975,3911,3928,158.2,0.38
6976,3911,4002,143.4,0.344
6977,3912,3950,97.3,0.234
6978,3912,3954,77.1,0.185
6979,3913,3943,97.6,0.234
6980,3913,3965,80,0.192
6981,3914,3922,118.2,0.284
6982,3914,3966,80.8,0.194
6983,3915,3921,26.6,0.064
6984,3915,3954,104.6,0.251
6985,3916,3984,107,0.257
6986,3917,4042,208.4,0.5
6987,3917,4046,225.2,0.54
6988,3918,3958,163.2,0.392
6989,3919,3939,245.7,0.59
6990,3919,4050,220.8,0.53
6991,3920,3959,76.4,0.183
6992,3920,3960,107.7,0.258
6993,3921,3942,85.6,0.205
6994,3921,3999,134.7,0.323
6995,3922,3923,24.6,0.059
6996,3922,3971,98.1,0.235
6997,3923,3924,6.7,0.016
6998,3923,3973,99.4,0.239
6999,3924,3929,14.3,0.034
7000,3924,3974,99.2,0.238
7001,3926,3940,83.7,0.201
7002,3926,3976,80.2,0.192
7003,3927,3938,209,0.502
7004,3927,3980,79,0.19
7005,3928,3933,81.1,0.195
7006,3928,4014,146.4,0.351
7007,3929,3930,27,0.065
7008,3929,3975,100.5,0.241
7009,3930,3931,6.2,0.015
7010,3931,3934,80.2,0.192
7011,3931,4044,201.7,0.484
7012,3932,3948,65.7,0.158
7013,3932,3989,93.7,0.225
7014,3933,3936,77.3,0.186
7015,3933,4048,194.5,0.467
7016,3934,3935,48.1,0.115
7017,3934,3985,76.6,0.184
7018,3935,3937,33.7,0.081
7019,3936,3953,159.4,0.383
7020,3937,3944,80.7,0.194
7021,3937,3996,93.2,0.224
7022,3938,3966,281.8,0.676
7023,3938,3993,79.4,0.191
7024,3939,3951,82.9,0.199
7025,3939,4091,248.9,0.597
7026,3940,3961,86.3,0.207
7027,3940,4057,196.6,0.472
7028,3941,3976,128.8,0.309
7029,3941,4040,158.3,0.38
7030,3942,3947,6,0.014
7031,3942,3983,195.7,0.47
7032,3943,3957,29.7,0.071
7033,3944,3949,25.6,0.061
7034,3944,4010,109,0.262
7035,3945,4062,235.4,0.565
7036,3945,4219,817.8,1.963
7037,3946,3968,25.1,0.06
7038,3947,3994,81.5,0.196
7039,3947,4013,261,0.626
7040,3948,3989,69.3,0.166
7041,3948,4052,394.6,0.947
7042,3949,3957,59.1,0.142
7043,3950,3955,23.7,0.057
7044,3950,3992,74.4,0.179
7045,3951,3962,82.5,0.198
7046,3951,4102,249.8,0.6
7047,3953,3960,80.7,0.194
7048,3954,3992,104.6,0.251
7049,3954,3999,87,0.209
7050,3955,3956,13.8,0.033
7051,3955,4000,84.9,0.204
7052,3956,4004,91.4,0.219
7053,3957,3965,100,0.24
7054,3957,4025,125.5,0.301
7055,3958,3967,85.1,0.204
7056,3958,4007,81,0.194
7057,3959,3997,77.2,0.185
7058,3959,4018,168.7,0.405
7059,3960,4006,80.9,0.194
7060,3961,3968,77.8,0.187
7061,3962,3969,82.3,0.198
7062,3962,4109,250.2,0.6
7063,3963,3983,36.9,0.089
7064,3963,3988,34.6,0.083
7065,3964,4114,248.3,0.596
7066,3965,3970,77.7,0.186
7067,3966,3971,63,0.151
7068,3966,4011,78.8,0.189
7069,3967,4016,97,0.233
7070,3968,3972,78.5,0.188
7071,3969,3978,82.2,0.197
7072,3969,4119,249.8,0.6
7073,3970,3979,81.8,0.196
7074,3970,4072,241.4,0.579
7075,3971,3973,22.3,0.054
7076,3971,4015,92,0.221
7077,3972,3981,80.5,0.193
7078,3972,4130,254,0.61
7079,3973,3974,6.8,0.016
7080,3973,4019,100.5,0.241
7081,3974,3975,12.1,0.029
7082,3974,4020,102.4,0.246
7083,3975,4023,106.3,0.255
7084,3976,4041,119.2,0.286
7085,3977,4079,206.6,0.496
7086,3978,3986,82.3,0.198
7087,3978,4131,249.8,0.6
7088,3979,3984,61.2,0.147
7089,3979,4072,182.1,0.437
7090,3980,3993,208.9,0.501
7091,3980,4021,79.5,0.191
7092,3981,3987,79.7,0.191
7093,3981,4134,253.6,0.609
7094,3982,4038,119.3,0.286
7095,3983,3988,33.6,0.081
7096,3984,4028,89.4,0.215
7097,3985,3996,79.1,0.19
7098,3985,4059,140.4,0.337
7099,3986,3991,82.3,0.198
7100,3986,4136,249.7,0.599
7101,3987,3990,82.3,0.198
7102,3987,4036,93.2,0.224
7103,3988,4013,56.3,0.135
7104,3989,4069,150.4,0.361
7105,3990,3995,82.4,0.198
7106,3990,4053,111.6,0.268
7107,3991,3998,82.1,0.197
7108,3991,4143,249.7,0.599
7109,3992,4000,22.4,0.054
7110,3992,4031,80.6,0.193
7111,3993,4011,281.7,0.676
7112,3993,4035,79.1,0.19
7113,3994,4022,53,0.127
7114,3994,4030,151.5,0.364
7115,3995,4002,79.2,0.19
7116,3995,4045,86,0.206
7117,3996,4010,79.1,0.19
7118,3996,4071,140.2,0.336
7119,3997,4034,81.2,0.195
7120,3997,4056,169.8,0.408
7121,3998,4005,82.4,0.198
7122,3998,4147,249.8,0.6
7123,3999,4022,89.4,0.215
7124,3999,4031,112.1,0.269
7125,4000,4004,15.5,0.037
7126,4000,4037,78.6,0.189
7127,4001,4094,174.1,0.418
7128,4002,4009,106.8,0.256
7129,4002,4026,47.8,0.115
7130,4003,4052,92,0.221
7131,4004,4008,17.9,0.043
7132,4004,4087,160.1,0.384
7133,4005,4012,81.8,0.196
7134,4005,4158,249.6,0.599
7135,4006,4018,29.4,0.071
7136,4006,4060,100.4,0.241
7137,4007,4016,136.3,0.327
7138,4007,4051,79.4,0.191
7139,4008,4062,164.2,0.394
7140,4008,4090,158.6,0.381
7141,4009,4014,50,0.12
7142,4009,4074,118.4,0.284
7143,4010,4025,82,0.197
7144,4010,4089,140.3,0.337
7145,4011,4015,22.9,0.055
7146,4011,4033,41.1,0.099
7147,4012,4017,82.3,0.198
7148,4012,4161,249.7,0.599
7149,4013,4095,143.5,0.344
7150,4014,4024,31.8,0.076
7151,4015,4019,15,0.036
7152,4015,4033,42.3,0.102
7153,4016,4066,91.8,0.22
7154,4017,4114,1043.4,2.504
7155,4017,4168,249.6,0.599
7156,4018,4056,79.5,0.191
7157,4019,4020,7.8,0.019
7158,4019,4101,166.4,0.399
7159,4020,4023,10.5,0.025
7160,4020,4104,164.3,0.394
7161,4021,4035,208.6,0.501
7162,4021,4068,84.3,0.202
7163,4022,4032,24.1,0.058
7164,4023,4027,26,0.062
7165,4023,4105,158.1,0.379
7166,4024,4039,42.8,0.103
7167,4024,4088,111.6,0.268
7168,4025,4106,139.5,0.335
7169,4026,4045,87.9,0.211
7170,4026,4195,286.7,0.688
7171,4027,4044,79.3,0.19
7172,4027,4113,144.7,0.347
7173,4028,4046,86.7,0.208
7174,4028,4086,101.6,0.244
7175,4029,4038,15.3,0.037
7176,4029,4079,97.8,0.235
7177,4031,4075,92.7,0.222
7178,4032,4065,124.9,0.3
7179,4032,4085,94.4,0.227
7180,4033,4055,44,0.106
7181,4034,4050,35.2,0.084
7182,4034,4093,167.2,0.401
7183,4035,4055,262.1,0.629
7184,4035,4083,79.5,0.191
7185,4036,4053,84.1,0.202
7186,4036,4139,160.5,0.385
7187,4037,4077,90.7,0.218
7188,4037,4081,84.3,0.202
7189,4038,4058,54.1,0.13
7190,4038,4084,93.3,0.224
7191,4039,4048,28.4,0.068
7192,4039,4063,42.8,0.103
7193,4040,4041,77.1,0.185
7194,4040,4042,79.7,0.191
7195,4040,4118,123.4,0.296
7196,4041,4057,82.4,0.198
7197,4041,4117,119.1,0.286
7198,4042,4046,81.2,0.195
7199,4042,4123,123.6,0.297
7200,4044,4059,79.3,0.19
7201,4044,4132,144.7,0.347
7202,4045,4053,86.5,0.208
7203,4045,4186,239.1,0.574
7204,4046,4198,260.8,0.626
7205,4047,4061,208.1,0.499
7206,4048,4054,15.5,0.037
7207,4049,4067,228.4,0.548
7208,4050,4070,40.2,0.096
7209,4051,4061,19.9,0.048
7210,4051,4066,184.8,0.444
7211,4052,4079,84.9,0.204
7212,4052,4140,148.3,0.356
7213,4054,4103,97.5,0.234
7214,4054,4222,302.2,0.725
7215,4055,4099,86.8,0.208
7216,4056,4093,79.8,0.192
7217,4057,4064,12.9,0.031
7218,4059,4071,79.3,0.19
7219,4059,4144,144.9,0.348
7220,4060,4138,123.7,0.297
7221,4060,4163,199.8,0.48
7222,4061,4100,58.8,0.141
7223,4062,4146,157.8,0.379
7224,4062,4277,643.9,1.545
7225,4064,4080,83.8,0.201
7226,4064,4128,95,0.228
7227,4066,4095,51,0.122
7228,4067,4078,102.4,0.246
7229,4067,4124,79.2,0.19
7230,4068,4083,207.6,0.498
7231,4068,4122,153.2,0.368
7232,4068,4129,86.8,0.208
7233,4069,4107,128.7,0.309
7234,4069,4175,174.3,0.418
7235,4070,4073,61.8,0.148
7236,4070,4092,43,0.103
7237,4070,4141,167.4,0.402
7238,4071,4089,79.6,0.191
7239,4071,4160,144.9,0.348
7240,4072,4076,17.5,0.042
7241,4073,4082,74.7,0.179
7242,4073,4092,44.2,0.106
7243,4074,4088,79.3,0.19
7244,4074,4170,160.2,0.384
7245,4075,4077,11.3,0.027
7246,4075,4098,73,0.175
7247,4076,4086,53.2,0.128
7248,4076,4159,134.9,0.324
7249,4077,4081,20.9,0.05
7250,4077,4115,83.7,0.201
7251,4078,4100,207.7,0.498
7252,4078,4135,79.2,0.19
7253,4079,4084,10.7,0.026
7254,4079,4097,60.8,0.146
7255,4079,4111,55.1,0.132
7256,4080,4096,74.7,0.179
7257,4080,4252,309.3,0.742
7258,4081,4087,16.9,0.041
7259,4081,4157,122.3,0.294
7260,4082,4091,82.5,0.198
7261,4082,4164,134.1,0.322
7262,4083,4099,220.4,0.529
7263,4083,4137,79.3,0.19
7264,4084,4112,68.8,0.165
7265,4085,4098,22.8,0.055
7266,4085,4108,84.5,0.203
7267,4086,4166,138.1,0.331
7268,4087,4110,37.2,0.089
7269,4087,4162,130.5,0.313
7270,4088,4184,160.9,0.386
7271,4089,4106,80.8,0.194
7272,4089,4173,144.5,0.347
7273,4090,4110,35.9,0.086
7274,4090,4146,149.6,0.359
7275,4091,4102,83.2,0.2
7276,4091,4215,219.6,0.527
7277,4092,4116,40.4,0.097
7278,4093,4141,79.4,0.191
7279,4094,4124,254.1,0.61
7280,4094,4145,80.5,0.193
7281,4095,4127,37.5,0.09
7282,4095,4256,292,0.701
7283,4096,4120,86,0.206
7284,4096,4191,168.1,0.403
7285,4097,4111,33.7,0.081
7286,4097,4140,100.4,0.241
7287,4098,4115,24.7,0.059
7288,4099,4101,18.4,0.044
7289,4099,4149,98.5,0.236
7290,4099,4154,89.5,0.215
7291,4100,4127,210.3,0.505
7292,4100,4153,79.4,0.191
7293,4101,4104,6.6,0.016
7294,4101,4239,265.9,0.638
7295,4102,4109,82.2,0.197
7296,4102,4240,250.2,0.6
7297,4103,4121,77.9,0.187
7298,4103,4235,247.7,0.594
7299,4104,4105,14.9,0.036
7300,4104,4242,267.5,0.642
7301,4105,4113,72.3,0.174
7302,4105,4126,35.2,0.084
7303,4106,4125,77.5,0.186
7304,4106,4187,145.8,0.35
7305,4107,4133,77.9,0.187
7306,4107,4181,140.3,0.337
7307,4109,4119,82.4,0.198
7308,4109,4250,250,0.6
7309,4110,4151,64,0.154
7310,4111,4169,109.3,0.262
7311,4112,4190,146.3,0.351
7312,4112,4508,1422.5,3.414
7313,4113,4132,79.2,0.19
7314,4113,4188,135.9,0.326
7315,4114,4258,258.2,0.62
7316,4115,4157,72.7,0.174
7317,4115,4256,407.5,0.978
7318,4116,4148,66.3,0.159
7319,4116,4172,168.2,0.404
7320,4117,4118,72.2,0.173
7321,4117,4128,44.1,0.106
7322,4118,4123,80.2,0.192
7323,4118,4225,201.9,0.485
7324,4119,4131,82.3,0.198
7325,4119,4255,250,0.6
7326,4120,4130,41.1,0.099
7327,4120,4203,166.7,0.4
7328,4121,4138,93.7,0.225
7329,4121,4251,240.1,0.576
7330,4123,4210,169.7,0.407
7331,4124,4135,99.9,0.24
7332,4124,4167,79.2,0.19
7333,4125,4142,80.8,0.194
7334,4125,4199,147.5,0.354
7335,4126,4174,95.8,0.23
7336,4126,4244,236.2,0.567
7337,4127,4165,77.8,0.187
7338,4128,4234,216.8,0.52
7339,4129,4137,164,0.394
7340,4129,4171,92.8,0.223
7341,4130,4134,79.7,0.191
7342,4130,4217,172.9,0.415
7343,4131,4136,82.1,0.197
7344,4131,4263,250.1,0.6
7345,4132,4144,79.2,0.19
7346,4132,4200,135.2,0.324
7347,4133,4150,69.9,0.168
7348,4133,4193,123.4,0.296
7349,4134,4139,78.8,0.189
7350,4134,4230,189.6,0.455
7351,4135,4153,207.3,0.498
7352,4135,4176,79.2,0.19
7353,4136,4143,82.3,0.198
7354,4136,4267,249.1,0.598
7355,4137,4149,166.5,0.4
7356,4137,4180,81.4,0.195
7357,4138,4152,70.7,0.17
7358,4138,4209,146.2,0.351
7359,4139,4249,205.4,0.493
7360,4140,4150,28.1,0.067
7361,4140,4155,25.7,0.062
7362,4141,4172,78.7,0.189
7363,4142,4156,77.7,0.186
7364,4142,4211,147.9,0.355
7365,4143,4147,82.2,0.197
7366,4143,4275,250,0.6
7367,4144,4160,79.6,0.191
7368,4144,4212,135.7,0.326
7369,4145,4167,258.1,0.619
7370,4145,4189,78,0.187
7371,4146,4151,119.9,0.288
7372,4146,4514,2185,5.244
7373,4147,4158,82.4,0.198
7374,4147,4283,250,0.6
7375,4148,4164,39.5,0.095
7376,4148,4202,175.6,0.421
7377,4149,4154,28.2,0.068
7378,4149,4207,165.4,0.397
7379,4150,4155,11,0.026
7380,4150,4193,141.2,0.339
7381,4151,4177,58.6,0.141
7382,4152,4163,79.1,0.19
7383,4152,4209,213.3,0.512
7384,4153,4165,210.4,0.505
7385,4153,4192,79.6,0.191
7386,4154,4237,172.7,0.414
7387,4155,4169,79.4,0.191
7388,4155,4216,142,0.341
7389,4156,4159,26.9,0.065
7390,4156,4223,148.4,0.356
7391,4157,4162,25.9,0.062
7392,4158,4161,82.2,0.197
7393,4158,4291,250,0.6
7394,4159,4166,51.1,0.123
7395,4160,4173,78.5,0.188
7396,4160,4212,207.1,0.497
7397,4161,4168,82.6,0.198
7398,4161,4295,250,0.6
7399,4162,4177,38.3,0.092
7400,4163,4179,75.2,0.18
7401,4163,4253,219.1,0.526
7402,4164,4183,39.8,0.096
7403,4165,4206,79.9,0.192
7404,4166,4196,176.2,0.423
7405,4166,4241,146.1,0.351
7406,4167,4176,101.5,0.244
7407,4167,4205,81.3,0.195
7408,4168,4258,1099.6,2.639
7409,4168,4303,250.3,0.601
7410,4169,4190,80.2,0.192
7411,4169,4236,141.5,0.34
7412,4170,4184,79.2,0.19
7413,4170,4201,65.6,0.157
7414,4171,4180,119.7,0.287
7415,4171,4269,190.6,0.457
7416,4172,4202,73.4,0.176
7417,4173,4187,83.8,0.201
7418,4174,4188,79.3,0.19
7419,4174,4246,139.9,0.336
7420,4175,4181,24.2,0.058
7421,4175,4218,94.2,0.226
7422,4176,4192,206.8,0.496
7423,4176,4214,79.3,0.19
7424,4177,4178,8.5,0.02
7425,4178,4208,69.5,0.167
7426,4178,4361,446.9,1.073
7427,4179,4202,115.9,0.278
7428,4179,4253,139.5,0.335
7429,4180,4207,78.1,0.187
7430,4181,4197,75.6,0.181
7431,4183,4215,81,0.194
7432,4183,4238,178,0.427
7433,4184,4213,65.5,0.157
7434,4186,4194,66.2,0.159
7435,4186,4280,168.6,0.405
7436,4187,4199,74.9,0.18
7437,4188,4200,79.3,0.19
7438,4188,4261,140.5,0.337
7439,4189,4205,236.8,0.568
7440,4189,4227,79.9,0.192
7441,4190,4236,216.7,0.52
7442,4191,4203,88.8,0.213
7443,4191,4264,139.4,0.335
7444,4192,4206,210.7,0.506
7445,4192,4231,78.7,0.189
7446,4193,4197,18.1,0.043
7447,4194,4195,13.6,0.033
7448,4194,4286,167,0.401
7449,4195,4201,65.7,0.158
7450,4196,4198,10.5,0.025
7451,4196,4270,145.1,0.348
7452,4197,4216,83.9,0.201
7453,4197,4218,83.1,0.199
7454,4197,4259,120.8,0.29
7455,4198,4210,86,0.206
7456,4199,4211,82.4,0.198
7457,4200,4212,79,0.19
7458,4200,4273,140.9,0.338
7459,4201,4213,79.2,0.19
7460,4201,4293,164.3,0.394
7461,4202,4238,72.6,0.174
7462,4203,4217,76.3,0.183
7463,4203,4282,140.3,0.337
7464,4204,4224,42.4,0.102
7465,4204,4226,43,0.103
7466,4205,4214,119.7,0.287
7467,4205,4229,53.5,0.128
7468,4206,4254,80.5,0.193
7469,4207,4228,63.2,0.152
7470,4207,4269,150.6,0.361
7471,4209,4278,123.6,0.297
7472,4210,4225,86.2,0.207
7473,4210,4301,156.1,0.375
7474,4211,4223,80.1,0.192
7475,4213,4222,79.2,0.19
7476,4213,4302,161.1,0.387
7477,4214,4231,207.5,0.498
7478,4214,4260,79.2,0.19
7479,4215,4233,45.3,0.109
7480,4215,4271,103.6,0.249
7481,4215,4274,176.1,0.423
7482,4216,4236,79.7,0.191
7483,4216,4319,199.3,0.478
7484,4217,4230,80.2,0.192
7485,4217,4292,139.9,0.336
7486,4218,4220,8.8,0.021
7487,4218,4259,64.6,0.155
7488,4220,4224,18.5,0.044
7489,4220,4357,258.9,0.621
7490,4221,4262,69.2,0.166
7491,4222,4235,79.2,0.19
7492,4222,4311,158.5,0.38
7493,4223,4241,73.7,0.177
7494,4224,4226,5.6,0.013
7495,4224,4405,343.6,0.825
7496,4225,4234,41,0.098
7497,4226,4227,5.1,0.012
7498,4226,4247,30.7,0.074
7499,4227,4232,77.8,0.187
7500,4227,4247,31.1,0.075
7501,4228,4237,42.3,0.102
7502,4228,4306,137.9,0.331
7503,4229,4245,49.7,0.119
7504,4229,4248,32,0.077
7505,4230,4249,81.4,0.195
7506,4230,4308,139.8,0.336
7507,4231,4254,208.5,0.5
7508,4231,4279,79.5,0.191
7509,4232,4245,102.9,0.247
7510,4232,4247,159.2,0.382
7511,4233,4240,50.5,0.121
7512,4233,4268,70,0.168
7513,4234,4252,72.4,0.174
7514,4234,4312,145,0.348
7515,4235,4251,79.3,0.19
7516,4235,4322,155.3,0.373
7517,4236,4336,199.7,0.479
7518,4237,4239,16.9,0.041
7519,4237,4314,141.2,0.339
7520,4238,4272,81.3,0.195
7521,4238,4274,81.4,0.195
7522,4239,4242,6.3,0.015
7523,4239,4314,140.3,0.337
7524,4240,4250,82.4,0.198
7525,4240,4268,48.7,0.117
7526,4241,4270,178,0.427
7527,4241,4376,276.5,0.664
7528,4242,4244,10,0.024
7529,4242,4300,108.9,0.261
7530,4244,4246,8.8,0.021
7531,4244,4300,109.4,0.263
7532,4245,4248,27.8,0.067
7533,4245,4281,135.8,0.326
7534,4246,4261,81.4,0.195
7535,4246,4320,140.6,0.337
7536,4247,4287,75.2,0.18
7537,4248,4260,151.8,0.364
7538,4248,4289,85.9,0.206
7539,4249,4324,140.3,0.337
7540,4250,4255,82.2,0.197
7541,4250,4315,126.1,0.303
7542,4251,4265,28.9,0.069
7543,4252,4264,73.9,0.177
7544,4253,4262,71.2,0.171
7545,4253,4313,123.8,0.297
7546,4254,4294,75.8,0.182
7547,4255,4263,82.1,0.197
7548,4255,4362,212.7,0.51
7549,4256,4299,124.4,0.299
7550,4256,4309,100,0.24
7551,4258,4389,256.5,0.616
7552,4259,4321,115.3,0.277
7553,4260,4279,207.2,0.497
7554,4260,4304,79.2,0.19
7555,4261,4273,76.6,0.184
7556,4262,4272,82.7,0.198
7557,4263,4267,82.4,0.198
7558,4263,4386,249.8,0.6
7559,4264,4282,92.6,0.222
7560,4265,4278,73.9,0.177
7561,4265,4330,123.3,0.296
7562,4266,4280,72.5,0.174
7563,4267,4275,82.2,0.197
7564,4267,4397,250.4,0.601
7565,4268,4284,32.3,0.078
7566,4269,4306,134.4,0.323
7567,4269,4339,173.4,0.416
7568,4270,4276,12,0.029
7569,4271,4310,104.1,0.25
7570,4271,4328,100.1,0.24
7571,4272,4285,79.1,0.19
7572,4272,4348,160.5,0.385
7573,4273,4343,140.3,0.337
7574,4273,4376,632.4,1.518
7575,4274,4285,23.6,0.057
7576,4274,4290,30.3,0.073
7577,4275,4283,82.1,0.197
7578,4275,4404,250.1,0.6
7579,4276,4301,141.1,0.339
7580,4276,4432,374,0.898
7581,4278,4296,41,0.098
7582,4278,4313,216.2,0.519
7583,4279,4294,208.6,0.501
7584,4279,4323,79,0.19
7585,4280,4286,47.9,0.115
7586,4280,4350,140.1,0.336
7587,4281,4289,106,0.254
7588,4281,4298,75.8,0.182
7589,4282,4292,78,0.187
7590,4283,4291,82.4,0.198
7591,4283,4406,250,0.6
7592,4284,4315,74.2,0.178
7593,4284,4328,144.8,0.348
7594,4285,4290,35.6,0.085
7595,4285,4378,216.1,0.519
7596,4286,4288,31.3,0.075
7597,4287,4332,80.3,0.193
7598,4287,4405,237.8,0.571
7599,4288,4293,47.8,0.115
7600,4288,4353,140.3,0.337
7601,4289,4304,185.1,0.444
7602,4289,4329,85.9,0.206
7603,4290,4310,47,0.113
7604,4291,4295,82.1,0.197
7605,4292,4308,79.9,0.192
7606,4293,4297,31.4,0.075
7607,4294,4299,46.3,0.111
7608,4294,4305,27.7,0.066
7609,4294,4327,60.4,0.145
7610,4295,4303,82.5,0.198
7611,4295,4418,250,0.6
7612,4296,4331,77.3,0.186
7613,4296,4335,78.3,0.188
7614,4297,4302,48.2,0.116
7615,4297,4364,139.7,0.335
7616,4298,4326,56.7,0.136
7617,4298,4332,66.8,0.16
7618,4299,4305,29.7,0.071
7619,4299,4309,128.4,0.308
7620,4299,4317,36.4,0.087
7621,4300,4318,31.6,0.076
7622,4301,4312,68.7,0.165
7623,4301,4344,86.6,0.208
7624,4302,4307,31.4,0.075
7625,4303,4389,1159.7,2.783
7626,4303,4428,249.8,0.6
7627,4304,4323,207.3,0.498
7628,4304,4342,79.3,0.19
7629,4305,4317,21.8,0.052
7630,4305,4327,49.4,0.119
7631,4306,4314,53.8,0.129
7632,4306,4368,140.9,0.338
7633,4307,4311,47.9,0.115
7634,4307,4371,140,0.336
7635,4308,4324,78.7,0.189
7636,4308,4345,79.3,0.19
7637,4309,4352,87.2,0.209
7638,4310,4351,102.2,0.245
7639,4310,4411,239.8,0.576
7640,4311,4316,30.7,0.074
7641,4312,4349,75.4,0.181
7642,4313,4333,90.5,0.217
7643,4313,4358,160,0.384
7644,4314,4318,7.4,0.018
7645,4314,4374,141.8,0.34
7646,4315,4346,79.7,0.191
7647,4315,4365,178.9,0.429
7648,4316,4322,48,0.115
7649,4316,4380,139.6,0.335
7650,4317,4338,46.4,0.111
7651,4318,4320,16.3,0.039
7652,4318,4377,141.5,0.34
7653,4319,4321,13,0.031
7654,4319,4336,79.4,0.191
7655,4320,4334,81.8,0.196
7656,4320,4383,140,0.336
7657,4321,4375,122,0.293
7658,4322,4325,32.1,0.077
7659,4323,4337,207.9,0.499
7660,4323,4354,79.4,0.191
7661,4324,4340,126.3,0.303
7662,4325,4330,47.4,0.114
7663,4325,4391,140.4,0.337
7664,4326,4332,40.6,0.097
7665,4326,4372,116.2,0.279
7666,4327,4337,21.1,0.051
7667,4328,4351,48.6,0.117
7668,4329,4342,218.2,0.524
7669,4329,4360,85.6,0.205
7670,4330,4335,46.1,0.111
7671,4331,4358,79.1,0.19
7672,4331,4369,152.9,0.367
7673,4332,4363,74.6,0.179
7674,4333,4348,45.5,0.109
7675,4333,4392,210,0.504
7676,4334,4343,76.7,0.184
7677,4334,4398,138.5,0.332
7678,4335,4369,91.8,0.22
7679,4336,4375,103,0.247
7680,4337,4338,36.2,0.087
7681,4337,4370,78.5,0.188
7682,4338,4352,174.7,0.419
7683,4338,4373,79.3,0.19
7684,4339,4347,27.4,0.066
7685,4339,4356,115.2,0.276
7686,4340,4350,57.5,0.138
7687,4340,4355,63,0.151
7688,4342,4354,207.2,0.497
7689,4342,4379,79.3,0.19
7690,4343,4408,140.1,0.336
7691,4344,4349,38.8,0.093
7692,4344,4382,80.8,0.194
7693,4346,4362,45.7,0.11
7694,4346,4403,180.5,0.433
7695,4348,4359,34,0.082
7696,4349,4382,75.6,0.181
7697,4350,4353,79.5,0.191
7698,4350,4355,19.4,0.047
7699,4351,4365,44.6,0.107
7700,4351,4387,79.4,0.191
7701,4352,4388,79.4,0.191
7702,4352,4394,87,0.209
7703,4353,4364,79.1,0.19
7704,4353,4381,52.5,0.126
7705,4354,4370,207.7,0.498
7706,4354,4400,79.2,0.19
7707,4355,4381,86.3,0.207
7708,4355,4494,402.9,0.967
7709,4356,4368,77.2,0.185
7710,4356,4427,142.5,0.342
7711,4357,4385,54.6,0.131
7712,4357,4390,62.7,0.15
7713,4358,4392,79.5,0.191
7714,4358,4420,204.1,0.49
7715,4359,4378,50,0.12
7716,4359,4423,209.8,0.504
7717,4360,4372,32.5,0.078
7718,4360,4379,251,0.602
7719,4361,4462,588.7,1.413
7720,4361,4538,6541.9,15.701
7721,4362,4367,16.3,0.039
7722,4363,4409,97.6,0.234
7723,4363,4415,117.3,0.282
7724,4364,4371,79.2,0.19
7725,4364,4407,86.4,0.207
7726,4365,4387,57.1,0.137
7727,4365,4403,79.1,0.19
7728,4366,4395,77.3,0.186
7729,4367,4384,32.8,0.079
7730,4367,4426,180.8,0.434
7731,4368,4374,38.2,0.092
7732,4368,4422,105.2,0.252
7733,4369,4399,54.7,0.131
7734,4370,4373,36.4,0.087
7735,4370,4410,79.5,0.191
7736,4371,4380,79.2,0.19
7737,4371,4434,120,0.288
7738,4372,4402,53.6,0.129
7739,4373,4388,176.5,0.424
7740,4373,4414,79.3,0.19
7741,4374,4377,7,0.017
7742,4374,4422,112.2,0.269
7743,4375,4385,16.3,0.039
7744,4376,4510,570.4,1.369
7745,4377,4383,33.7,0.081
7746,4377,4429,126.1,0.303
7747,4378,4393,29.1,0.07
7748,4379,4400,207.4,0.498
7749,4379,4419,79.2,0.19
7750,4380,4391,79.6,0.191
7751,4380,4417,75.5,0.181
7752,4381,4407,86.5,0.208
7753,4381,4495,368.5,0.884
7754,4382,4421,79.2,0.19
7755,4383,4398,78.6,0.189
7756,4383,4447,142.6,0.342
7757,4384,4386,49,0.118
7758,4384,4401,33.2,0.08
7759,4385,4390,11.1,0.027
7760,4386,4397,81.9,0.197
7761,4386,4401,32.7,0.078
7762,4387,4395,9.1,0.022
7763,4387,4396,9.8,0.024
7764,4388,4394,33.4,0.08
7765,4388,4430,79.3,0.19
7766,4389,4471,192,0.461
7767,4390,4405,30.6,0.073
7768,4390,4537,5883.2,14.12
7769,4391,4399,55.3,0.133
7770,4392,4423,79.3,0.19
7771,4392,4449,204.3,0.49
7772,4393,4411,53.9,0.129
7773,4393,4452,210.3,0.505
7774,4394,4435,85.8,0.206
7775,4395,4396,4.5,0.011
7776,4395,4443,139.1,0.334
7777,4396,4457,137.2,0.329
7778,4397,4404,82.1,0.197
7779,4397,4453,128.3,0.308
7780,4398,4408,78.9,0.189
7781,4398,4456,138.9,0.333
7782,4399,4420,57.9,0.139
7783,4399,4437,87.1,0.209
7784,4400,4410,208,0.499
7785,4400,4440,79.3,0.19
7786,4401,4425,66.6,0.16
7787,4401,4446,181.6,0.436
7788,4402,4415,41.1,0.099
7789,4402,4419,283.9,0.681
7790,4403,4426,60.9,0.146
7791,4403,4457,162.7,0.39
7792,4404,4406,82.3,0.198
7793,4404,4478,206.1,0.495
7794,4405,4409,18.6,0.045
7795,4405,4536,5836.3,14.007
7796,4406,4412,82.3,0.198
7797,4406,4493,290.3,0.697
7798,4407,4434,85.9,0.206
7799,4407,4497,335,0.804
7800,4408,4467,149.2,0.358
7801,4409,4444,84.8,0.204
7802,4409,4479,193.1,0.463
7803,4410,4414,34.1,0.082
7804,4410,4448,79.2,0.19
7805,4411,4424,26.1,0.063
7806,4412,4418,82.3,0.198
7807,4412,4502,368.5,0.884
7808,4413,4427,60.4,0.145
7809,4414,4430,178.2,0.428
7810,4414,4451,79.2,0.19
7811,4415,4439,44.1,0.106
7812,4416,4459,104.9,0.252
7813,4417,4437,113.1,0.271
7814,4417,4454,80.8,0.194
7815,4418,4428,82.1,0.197
7816,4418,4509,448.8,1.077
7817,4419,4440,207.5,0.498
7818,4419,4455,79.3,0.19
7819,4420,4449,79.1,0.19
7820,4420,4450,114.2,0.274
7821,4421,4442,50.4,0.121
7822,4421,4515,702.8,1.687
7823,4422,4429,12,0.029
7824,4422,4436,41.1,0.099
7825,4423,4452,79.3,0.19
7826,4423,4470,205,0.492
7827,4424,4443,74.7,0.179
7828,4424,4473,210.1,0.504
7829,4425,4453,84.9,0.204
7830,4425,4466,182.5,0.438
7831,4426,4433,15.8,0.038
7832,4427,4436,61,0.146
7833,4427,4445,56.5,0.136
7834,4428,4471,1217.5,2.922
7835,4428,4512,524.4,1.259
7836,4429,4438,26.7,0.064
7837,4429,4441,24.4,0.059
7838,4430,4435,67.4,0.162
7839,4430,4460,79.2,0.19
7840,4431,4468,108.5,0.26
7841,4433,4446,47.3,0.114
7842,4433,4476,164.6,0.395
7843,4434,4454,87.3,0.21
7844,4434,4499,301.1,0.723
7845,4435,4462,82.8,0.199
7846,4436,4438,6.7,0.016
7847,4436,4469,139.6,0.335
7848,4437,4450,41.7,0.1
7849,4438,4441,14,0.034
7850,4438,4472,144.8,0.348
7851,4439,4444,29,0.07
7852,4439,4455,316.5,0.76
7853,4440,4448,206.9,0.497
7854,4440,4465,79.3,0.19
7855,4441,4447,74.2,0.178
7856,4441,4458,60.1,0.144
7857,4442,4459,135.1,0.324
7858,4443,4461,76.6,0.184
7859,4443,4490,235.6,0.565
7860,4444,4486,190.8,0.458
7861,4444,4513,543.5,1.304
7862,4446,4466,68.6,0.165
7863,4447,4456,75.6,0.181
7864,4447,4484,138.8,0.333
7865,4448,4451,35.6,0.085
7866,4448,4474,79.2,0.19
7867,4449,4470,79.3,0.19
7868,4449,4482,204.8,0.492
7869,4450,4477,100.7,0.242
7870,4451,4460,177.8,0.427
7871,4451,4475,79.1,0.19
7872,4452,4473,79.3,0.19
7873,4452,4483,204.3,0.49
7874,4453,4478,113.2,0.272
7875,4453,4481,183.6,0.441
7876,4454,4477,100.1,0.24
7877,4454,4500,264.8,0.636
7878,4455,4465,207.3,0.498
7879,4455,4513,458.1,1.099
7880,4456,4467,86.3,0.207
7881,4457,4461,22.1,0.053
7882,4457,4463,25.5,0.061
7883,4459,4468,77.5,0.186
7884,4459,4487,140.1,0.336
7885,4460,4462,97.7,0.234
7886,4460,4480,79.1,0.19
7887,4461,4463,10.4,0.025
7888,4461,4496,255,0.612
7889,4462,4485,89.5,0.215
7890,4463,4476,64.9,0.156
7891,4463,4488,128,0.307
7892,4465,4474,206.6,0.496
7893,4465,4518,712.7,1.71
7894,4466,4481,83.5,0.2
7895,4467,4489,125.6,0.301
7896,4468,4494,472.3,1.134
7897,4468,4506,280.1,0.672
7898,4470,4483,79.3,0.19
7899,4470,4491,204.1,0.49
7900,4471,4532,2416.5,5.8
7901,4473,4490,130.6,0.313
7902,4473,4492,204.1,0.49
7903,4474,4475,34.2,0.082
7904,4474,4521,1028.8,2.469
7905,4475,4480,179.5,0.431
7906,4475,4536,5338.8,12.813
7907,4476,4488,110.7,0.266
7908,4476,4528,2325.7,5.582
7909,4477,4482,35.9,0.086
7910,4477,4501,204.9,0.492
7911,4478,4493,119.2,0.286
7912,4480,4485,135.6,0.325
7913,4480,4524,1373.9,3.297
7914,4481,4534,3224.6,7.739
7915,4482,4491,79.7,0.191
7916,4483,4492,79.4,0.191
7917,4483,4498,204.4,0.491
7918,4485,4527,1711.7,4.108
7919,4488,4503,163.7,0.393
7920,4488,4511,226.7,0.544
7921,4490,4496,78.9,0.189
7922,4491,4498,79.2,0.19
7923,4491,4505,219.9,0.528
7924,4492,4504,204.6,0.491
7925,4492,4516,614.5,1.475
7926,4493,4502,111.6,0.268
7927,4494,4495,79.4,0.191
7928,4494,4507,992.3,2.382
7929,4495,4497,79,0.19
7930,4496,4503,78.3,0.188
7931,4497,4499,79.5,0.191
7932,4498,4504,79.3,0.19
7933,4498,4517,761.7,1.828
7934,4499,4500,79,0.19
7935,4500,4501,21.8,0.052
7936,4500,4507,63.7,0.153
7937,4501,4505,43.5,0.104
7938,4502,4509,115.7,0.278
7939,4503,4511,119.7,0.287
7940,4504,4519,760.3,1.825
7941,4504,4520,820.6,1.969
7942,4505,4507,27.3,0.066
7943,4509,4512,101.5,0.244
7944,4511,4516,290.3,0.697
7945,4511,4530,2183.4,5.24
7946,4512,4533,2577.9,6.187
7947,4513,4518,327,0.785
7948,4513,4522,666.3,1.599
7949,4516,4520,289.2,0.694
7950,4516,4529,1797.3,4.314
7951,4518,4521,379,0.91
7952,4518,4523,557.9,1.339
7953,4520,4526,624.6,1.499
7954,4520,4531,1557.8,3.739
7955,4521,4535,3711.3,8.907
7956,4536,4537,26.8,0.064
7957,4536,4540,13515.5,32.437
7958,4537,4539,1367.3,3.282
7959,4537,4541,13507.7,32.418
