muni_code,time,solar,solar_rate,disaster
02204,0,2,0.05834,0
02204,1,1,0.02917,0
02204,2,0,0,0
02204,3,3,0.0875,0
02204,4,3,0.0875,0
02204,5,2,0.05834,0
02204,6,3,0.0875,0
02204,7,2,0.05834,0
02204,8,1,0.02917,0
02204,9,0,0,0
02204,10,0,0,0
02204,11,1,0.02917,0
02204,12,1,0.02917,0
02204,13,2,0.05834,0
02204,14,1,0.02917,0
02204,15,0,0,0
02204,16,2,0.05834,0
02204,17,1,0.02917,0
02204,18,0,0,0
02204,19,1,0.02917,0
02204,20,0,0,0
02204,21,1,0.02917,0
02204,22,2,0.05834,0
02204,23,0,0,0
02204,24,0,0,0
02204,25,0,0,0
02204,26,0,0,0
02204,27,3,0.0875,0
02204,28,2,0.05834,0
02204,29,0,0,0
02204,30,3,0.0875,0
02204,31,3,0.0875,0
02204,32,0,0,0
02204,33,1,0.02917,0
02204,34,0,0,0
02204,40,309,9.01295,0
02204,43,0,0,0
02204,46,3,0.0875,0
02204,49,2,0.05834,0
02204,52,3,0.0875,0
02204,55,9,0.26251,0
02204,58,10,0.29168,0
02204,61,6,0.17501,0
02205,0,1,0.01812,0
02205,1,2,0.03624,0
02205,2,0,0,0
02205,3,2,0.03624,0
02205,4,0,0,0
02205,5,1,0.01812,0
02205,6,2,0.03624,0
02205,7,1,0.01812,0
02205,8,2,0.03624,0
02205,9,2,0.03624,0
02205,10,3,0.05437,0
02205,11,0,0,0
02205,12,0,0,0
02205,13,0,0,0
02205,14,0,0,0
02205,15,0,0,0
02205,16,1,0.01812,0
02205,17,1,0.01812,0
02205,18,0,0,0
02205,19,2,0.03624,0
02205,20,0,0,0
02205,21,1,0.01812,0
02205,22,2,0.03624,0
02205,23,1,0.01812,0
02205,24,0,0,0
02205,25,0,0,0
02205,26,1,0.01812,0
02205,27,0,0,0
02205,28,0,0,0
02205,29,3,0.05437,0
02205,30,1,0.01812,0
02205,31,0,0,0
02205,32,2,0.03624,0
02205,33,0,0,0
02205,34,0,0,0
02205,40,302,5.4729,0
02205,43,0,0,0
02205,46,3,0.05437,0
02205,49,2,0.03624,0
02205,52,1,0.01812,0
02205,55,14,0.25371,0
02205,58,6,0.10873,0
02205,61,3,0.05437,0
02206,0,9,0.14189,0
02206,1,5,0.07883,0
02206,2,9,0.14189,0
02206,3,3,0.0473,0
02206,4,6,0.09459,0
02206,5,10,0.15766,0
02206,6,11,0.17342,0
02206,7,7,0.11036,0
02206,8,4,0.06306,0
02206,9,3,0.0473,0
02206,10,5,0.07883,0
02206,11,3,0.0473,0
02206,12,3,0.0473,0
02206,13,5,0.07883,0
02206,14,10,0.15766,0
02206,15,7,0.11036,0
02206,16,8,0.12613,0
02206,17,10,0.15766,0
02206,18,10,0.15766,0
02206,19,16,0.25225,0
02206,20,0,0,0
02206,21,2,0.03153,0
02206,22,5,0.07883,0
02206,23,2,0.03153,0
02206,24,4,0.06306,0
02206,25,6,0.09459,0
02206,26,17,0.26802,0
02206,27,6,0.09459,0
02206,28,4,0.06306,0
02206,29,6,0.09459,0
02206,30,6,0.09459,0
02206,31,7,0.11036,0
02206,32,7,0.11036,0
02206,33,2,0.03153,0
02206,34,11,0.17342,0
02206,40,1772,27.93675,0
02206,43,0,0,0
02206,46,11,0.17342,0
02206,49,6,0.09459,0
02206,52,9,0.14189,0
02206,55,12,0.18919,0
02206,58,20,0.31531,0
02206,61,5,0.07883,0
02207,0,2,0.04976,1
02207,1,4,0.09951,1
02207,2,3,0.07463,1
02207,3,1,0.02488,1
02207,4,5,0.12439,1
02207,5,1,0.02488,1
02207,6,0,0,1
02207,7,4,0.09951,1
02207,8,3,0.07463,1
02207,9,1,0.02488,1
02207,10,4,0.09951,1
02207,11,2,0.04976,1
02207,12,3,0.07463,1
02207,13,1,0.02488,1
02207,14,3,0.07463,1
02207,15,1,0.02488,1
02207,16,0,0,1
02207,17,3,0.07463,1
02207,18,4,0.09951,1
02207,19,8,0.19902,1
02207,20,0,0,1
02207,21,2,0.04976,1
02207,22,13,0.32342,1
02207,23,1,0.02488,1
02207,24,2,0.04976,1
02207,25,10,0.24878,1
02207,26,4,0.09951,1
02207,27,1,0.02488,1
02207,28,1,0.02488,1
02207,29,8,0.19902,1
02207,30,2,0.04976,1
02207,31,0,0,1
02207,32,2,0.04976,1
02207,33,0,0,1
02207,34,5,0.12439,1
02207,40,867,21.56931,1
02207,43,0,0,1
02207,46,11,0.27366,1
02207,49,2,0.04976,1
02207,52,4,0.09951,1
02207,55,8,0.19902,1
02207,58,17,0.42293,1
02207,61,3,0.07463,1
02301,0,0,0,0
02301,1,0,0,0
02301,2,0,0,0
02301,3,0,0,0
02301,4,0,0,0
02301,5,0,0,0
02301,6,0,0,0
02301,7,0,0,0
02301,8,0,0,0
02301,9,0,0,0
02301,10,1,0.08975,0
02301,11,0,0,0
02301,12,0,0,0
02301,13,0,0,0
02301,14,0,0,0
02301,15,0,0,0
02301,16,0,0,0
02301,17,0,0,0
02301,18,2,0.1795,0
02301,19,1,0.08975,0
02301,20,0,0,0
02301,21,1,0.08975,0
02301,22,1,0.08975,0
02301,23,0,0,0
02301,24,0,0,0
02301,25,0,0,0
02301,26,1,0.08975,0
02301,27,1,0.08975,0
02301,28,0,0,0
02301,29,1,0.08975,0
02301,30,0,0,0
02301,31,1,0.08975,0
02301,32,0,0,0
02301,33,2,0.1795,0
02301,34,1,0.08975,0
02301,40,67,6.01328,0
02301,43,0,0,0
02301,46,1,0.08975,0
02301,49,0,0,0
02301,52,1,0.08975,0
02301,55,2,0.1795,0
02301,58,1,0.08975,0
02301,61,0,0,0
02304,0,0,0,0
02304,1,0,0,0
02304,2,0,0,0
02304,3,0,0,0
02304,4,0,0,0
02304,5,0,0,0
02304,6,0,0,0
02304,7,0,0,0
02304,8,0,0,0
02304,9,0,0,0
02304,10,0,0,0
02304,11,0,0,0
02304,12,0,0,0
02304,13,0,0,0
02304,14,0,0,0
02304,15,0,0,0
02304,16,0,0,0
02304,17,0,0,0
02304,18,0,0,0
02304,19,0,0,0
02304,20,0,0,0
02304,21,0,0,0
02304,22,0,0,0
02304,23,0,0,0
02304,24,0,0,0
02304,25,0,0,0
02304,26,0,0,0
02304,27,0,0,0
02304,28,0,0,0
02304,29,0,0,0
02304,30,0,0,0
02304,31,0,0,0
02304,32,0,0,0
02304,33,0,0,0
02304,34,0,0,0
02304,40,15,5.17956,0
02304,43,0,0,0
02304,46,0,0,0
02304,49,0,0,0
02304,52,0,0,0
02304,55,1,0.3453,0
02304,58,0,0,0
02304,61,0,0,0
02307,0,0,0,0
02307,1,0,0,0
02307,2,0,0,0
02307,3,0,0,0
02307,4,0,0,0
02307,5,0,0,0
02307,6,0,0,0
02307,7,0,0,0
02307,8,0,0,0
02307,9,0,0,0
02307,10,0,0,0
02307,11,0,0,0
02307,12,0,0,0
02307,13,0,0,0
02307,14,1,0.16134,0
02307,15,0,0,0
02307,16,0,0,0
02307,17,0,0,0
02307,18,0,0,0
02307,19,0,0,0
02307,20,0,0,0
02307,21,0,0,0
02307,22,0,0,0
02307,23,0,0,0
02307,24,0,0,0
02307,25,0,0,0
02307,26,0,0,0
02307,27,1,0.16134,0
02307,28,0,0,0
02307,29,1,0.16134,0
02307,30,0,0,0
02307,31,0,0,0
02307,32,0,0,0
02307,33,0,0,0
02307,34,0,0,0
02307,40,44,7.09906,0
02307,43,0,0,0
02307,46,1,0.16134,0
02307,49,0,0,0
02307,52,0,0,0
02307,55,0,0,0
02307,58,0,0,0
02307,61,0,0,0
02321,0,0,0,0
02321,1,0,0,0
02321,2,0,0,0
02321,3,1,0.09876,0
02321,4,0,0,0
02321,5,1,0.09876,0
02321,6,0,0,0
02321,7,0,0,0
02321,8,0,0,0
02321,9,0,0,0
02321,10,0,0,0
02321,11,0,0,0
02321,12,0,0,0
02321,13,0,0,0
02321,14,0,0,0
02321,15,0,0,0
02321,16,0,0,0
02321,17,0,0,0
02321,18,1,0.09876,0
02321,19,0,0,0
02321,20,0,0,0
02321,21,0,0,0
02321,22,1,0.09876,0
02321,23,0,0,0
02321,24,1,0.09876,0
02321,25,0,0,0
02321,26,0,0,0
02321,27,0,0,0
02321,28,0,0,0
02321,29,2,0.19751,0
02321,30,0,0,0
02321,31,1,0.09876,0
02321,32,0,0,0
02321,33,0,0,0
02321,34,0,0,0
02321,40,37,3.65396,0
02321,43,0,0,0
02321,46,0,0,0
02321,49,0,0,0
02321,52,0,0,0
02321,55,0,0,0
02321,58,0,0,0
02321,61,0,0,0
02343,0,0,0,0
02343,1,0,0,0
02343,2,0,0,0
02343,3,0,0,0
02343,4,0,0,0
02343,5,0,0,0
02343,6,0,0,0
02343,7,0,0,0
02343,8,0,0,0
02343,9,0,0,0
02343,10,0,0,0
02343,11,0,0,0
02343,12,0,0,0
02343,13,0,0,0
02343,14,0,0,0
02343,15,0,0,0
02343,16,0,0,0
02343,17,0,0,0
02343,18,0,0,0
02343,19,0,0,0
02343,20,0,0,0
02343,21,0,0,0
02343,22,0,0,0
02343,23,0,0,0
02343,24,0,0,0
02343,25,0,0,0
02343,26,0,0,0
02343,27,1,0.70671,0
02343,28,0,0,0
02343,29,0,0,0
02343,30,0,0,0
02343,31,0,0,0
02343,32,0,0,0
02343,33,0,0,0
02343,34,0,0,0
02343,40,12,8.48057,0
02343,43,0,0,0
02343,46,0,0,0
02343,49,0,0,0
02343,52,0,0,0
02343,55,0,0,0
02343,58,0,0,0
02343,61,2,1.41343,0
02361,0,0,0,0
02361,1,0,0,0
02361,2,0,0,0
02361,3,0,0,0
02361,4,0,0,0
02361,5,0,0,0
02361,6,3,0.19764,0
02361,7,0,0,0
02361,8,0,0,0
02361,9,0,0,0
02361,10,0,0,0
02361,11,1,0.06588,0
02361,12,0,0,0
02361,13,0,0,0
02361,14,1,0.06588,0
02361,15,0,0,0
02361,16,0,0,0
02361,17,1,0.06588,0
02361,18,1,0.06588,0
02361,19,2,0.13176,0
02361,20,0,0,0
02361,21,2,0.13176,0
02361,22,1,0.06588,0
02361,23,1,0.06588,0
02361,24,0,0,0
02361,25,0,0,0
02361,26,1,0.06588,0
02361,27,1,0.06588,0
02361,28,0,0,0
02361,29,0,0,0
02361,30,1,0.06588,0
02361,31,1,0.06588,0
02361,32,1,0.06588,0
02361,33,1,0.06588,0
02361,34,0,0,0
02361,40,161,10.60676,0
02361,43,0,0,0
02361,46,5,0.3294,0
02361,49,0,0,0
02361,52,1,0.06588,0
02361,55,6,0.39528,0
02361,58,4,0.26352,0
02361,61,1,0.06588,0
02362,0,0,0,0
02362,1,1,0.10335,0
02362,2,1,0.10335,0
02362,3,0,0,0
02362,4,0,0,0
02362,5,0,0,0
02362,6,0,0,0
02362,7,0,0,0
02362,8,0,0,0
02362,9,0,0,0
02362,10,2,0.2067,0
02362,11,1,0.10335,0
02362,12,0,0,0
02362,13,0,0,0
02362,14,0,0,0
02362,15,0,0,0
02362,16,0,0,0
02362,17,1,0.10335,0
02362,18,0,0,0
02362,19,1,0.10335,0
02362,20,0,0,0
02362,21,0,0,0
02362,22,0,0,0
02362,23,0,0,0
02362,24,0,0,0
02362,25,0,0,0
02362,26,1,0.10335,0
02362,27,0,0,0
02362,28,0,0,0
02362,29,0,0,0
02362,30,0,0,0
02362,31,0,0,0
02362,32,1,0.10335,0
02362,33,1,0.10335,0
02362,34,1,0.10335,0
02362,40,94,9.71476,0
02362,43,0,0,0
02362,46,0,0,0
02362,49,0,0,0
02362,52,4,0.41339,0
02362,55,2,0.2067,0
02362,58,1,0.10335,0
02362,61,1,0.10335,0
02367,0,0,0,0
02367,1,0,0,0
02367,2,0,0,0
02367,3,1,0.12849,0
02367,4,0,0,0
02367,5,0,0,0
02367,6,1,0.12849,0
02367,7,0,0,0
02367,8,0,0,0
02367,9,1,0.12849,0
02367,10,0,0,0
02367,11,0,0,0
02367,12,0,0,0
02367,13,0,0,0
02367,14,0,0,0
02367,15,0,0,0
02367,16,0,0,0
02367,17,0,0,0
02367,18,1,0.12849,0
02367,19,3,0.38546,0
02367,20,0,0,0
02367,21,2,0.25697,0
02367,22,1,0.12849,0
02367,23,1,0.12849,0
02367,24,0,0,0
02367,25,0,0,0
02367,26,0,0,0
02367,27,1,0.12849,0
02367,28,0,0,0
02367,29,2,0.25697,0
02367,30,2,0.25697,0
02367,31,0,0,0
02367,32,0,0,0
02367,33,0,0,0
02367,34,0,0,0
02367,40,145,18.63035,0
02367,43,0,0,0
02367,46,4,0.51394,0
02367,49,0,0,0
02367,52,1,0.12849,0
02367,55,2,0.25697,0
02367,58,2,0.25697,0
02367,61,2,0.25697,0
02381,0,1,0.07176,0
02381,1,2,0.14352,0
02381,2,1,0.07176,0
02381,3,0,0,0
02381,4,0,0,0
02381,5,1,0.07176,0
02381,6,0,0,0
02381,7,1,0.07176,0
02381,8,0,0,0
02381,9,1,0.07176,0
02381,10,0,0,0
02381,11,1,0.07176,0
02381,12,0,0,0
02381,13,0,0,0
02381,14,0,0,0
02381,15,0,0,0
02381,16,0,0,0
02381,17,1,0.07176,0
02381,18,1,0.07176,0
02381,19,0,0,0
02381,20,0,0,0
02381,21,0,0,0
02381,22,0,0,0
02381,23,0,0,0
02381,24,0,0,0
02381,25,1,0.07176,0
02381,26,1,0.07176,0
02381,27,1,0.07176,0
02381,28,1,0.07176,0
02381,29,0,0,0
02381,30,1,0.07176,0
02381,31,2,0.14352,0
02381,32,2,0.14352,0
02381,33,0,0,0
02381,34,0,0,0
02381,40,162,11.6254,0
02381,43,0,0,0
02381,46,0,0,0
02381,49,2,0.14352,0
02381,52,0,0,0
02381,55,0,0,0
02381,58,6,0.43057,0
02381,61,0,0,0
02384,0,0,0,0
02384,1,0,0,0
02384,2,0,0,0
02384,3,0,0,0
02384,4,0,0,0
02384,5,0,0,0
02384,6,0,0,0
02384,7,1,0.07467,0
02384,8,1,0.07467,0
02384,9,1,0.07467,0
02384,10,1,0.07467,0
02384,11,0,0,0
02384,12,1,0.07467,0
02384,13,0,0,0
02384,14,1,0.07467,0
02384,15,1,0.07467,0
02384,16,0,0,0
02384,17,0,0,0
02384,18,0,0,0
02384,19,1,0.07467,0
02384,20,0,0,0
02384,21,1,0.07467,0
02384,22,0,0,0
02384,23,0,0,0
02384,24,0,0,0
02384,25,1,0.07467,0
02384,26,0,0,0
02384,27,0,0,0
02384,28,0,0,0
02384,29,0,0,0
02384,30,1,0.07467,0
02384,31,0,0,0
02384,32,0,0,0
02384,33,0,0,0
02384,34,0,0,0
02384,40,89,6.64576,0
02384,43,0,0,0
02384,46,0,0,0
02384,49,0,0,0
02384,52,0,0,0
02384,55,3,0.22401,0
02384,58,4,0.29869,0
02384,61,1,0.07467,0
02405,0,5,0.47971,0
02405,1,5,0.47971,0
02405,2,0,0,0
02405,3,1,0.09594,0
02405,4,5,0.47971,0
02405,5,2,0.19188,0
02405,6,2,0.19188,0
02405,7,1,0.09594,0
02405,8,0,0,0
02405,9,2,0.19188,0
02405,10,1,0.09594,0
02405,11,3,0.28783,0
02405,12,2,0.19188,0
02405,13,0,0,0
02405,14,1,0.09594,0
02405,15,0,0,0
02405,16,3,0.28783,0
02405,17,10,0.95942,0
02405,18,7,0.67159,0
02405,19,8,0.76753,0
02405,20,0,0,0
02405,21,2,0.19188,0
02405,22,2,0.19188,0
02405,23,1,0.09594,0
02405,24,3,0.28783,0
02405,25,7,0.67159,0
02405,26,4,0.38377,0
02405,27,4,0.38377,0
02405,28,0,0,0
02405,29,2,0.19188,0
02405,30,0,0,0
02405,31,1,0.09594,0
02405,32,3,0.28783,0
02405,33,1,0.09594,0
02405,34,3,0.28783,0
02405,40,830,79.63158,0
02405,43,0,0,0
02405,46,6,0.57565,0
02405,49,9,0.86348,0
02405,52,3,0.28783,0
02405,55,7,0.67159,0
02405,58,8,0.76753,0
02405,61,1,0.09594,0
02406,0,1,0.22051,0
02406,1,1,0.22051,0
02406,2,0,0,0
02406,3,1,0.22051,0
02406,4,0,0,0
02406,5,0,0,0
02406,6,0,0,0
02406,7,1,0.22051,0
02406,8,1,0.22051,0
02406,9,0,0,0
02406,10,1,0.22051,0
02406,11,0,0,0
02406,12,0,0,0
02406,13,0,0,0
02406,14,1,0.22051,0
02406,15,1,0.22051,0
02406,16,0,0,0
02406,17,0,0,0
02406,18,0,0,0
02406,19,3,0.66152,0
02406,20,0,0,0
02406,21,0,0,0
02406,22,0,0,0
02406,23,0,0,0
02406,24,0,0,0
02406,25,1,0.22051,0
02406,26,2,0.44101,0
02406,27,1,0.22051,0
02406,28,0,0,0
02406,29,0,0,0
02406,30,0,0,0
02406,31,0,0,0
02406,32,0,0,0
02406,33,0,0,0
02406,34,1,0.22051,0
02406,40,116,25.57883,0
02406,43,0,0,0
02406,46,1,0.22051,0
02406,49,0,0,0
02406,52,0,0,0
02406,55,0,0,0
02406,58,0,0,0
02406,61,0,0,0
02412,0,7,0.28899,1
02412,1,5,0.20642,1
02412,2,3,0.12385,1
02412,3,3,0.12385,1
02412,4,2,0.08257,1
02412,5,5,0.20642,1
02412,6,2,0.08257,1
02412,7,4,0.16514,1
02412,8,1,0.04128,1
02412,9,4,0.16514,1
02412,10,0,0,1
02412,11,0,0,1
02412,12,1,0.04128,1
02412,13,5,0.20642,1
02412,14,0,0,1
02412,15,6,0.24771,1
02412,16,2,0.08257,1
02412,17,3,0.12385,1
02412,18,6,0.24771,1
02412,19,7,0.28899,1
02412,20,0,0,1
02412,21,2,0.08257,1
02412,22,4,0.16514,1
02412,23,2,0.08257,1
02412,24,0,0,1
02412,25,4,0.16514,1
02412,26,6,0.24771,1
02412,27,10,0.41285,1
02412,28,2,0.08257,1
02412,29,2,0.08257,1
02412,30,3,0.12385,1
02412,31,5,0.20642,1
02412,32,3,0.12385,1
02412,33,2,0.08257,1
02412,34,2,0.08257,1
02412,40,1329,54.86748,1
02412,43,0,0,1
02412,46,17,0.70184,1
02412,49,8,0.33028,1
02412,52,11,0.45413,1
02412,55,7,0.28899,1
02412,58,20,0.8257,1
02412,61,10,0.41285,1
02423,0,1,0.19131,0
02423,1,1,0.19131,0
02423,2,0,0,0
02423,3,0,0,0
02423,4,0,0,0
02423,5,0,0,0
02423,6,0,0,0
02423,7,0,0,0
02423,8,0,0,0
02423,9,0,0,0
02423,10,0,0,0
02423,11,0,0,0
02423,12,0,0,0
02423,13,0,0,0
02423,14,0,0,0
02423,15,1,0.19131,0
02423,16,0,0,0
02423,17,1,0.19131,0
02423,18,0,0,0
02423,19,1,0.19131,0
02423,20,0,0,0
02423,21,1,0.19131,0
02423,22,0,0,0
02423,23,0,0,0
02423,24,0,0,0
02423,25,1,0.19131,0
02423,26,0,0,0
02423,27,0,0,0
02423,28,0,0,0
02423,29,0,0,0
02423,30,1,0.19131,0
02423,31,1,0.19131,0
02423,32,1,0.19131,0
02423,33,0,0,0
02423,34,0,0,0
02423,40,71,13.58332,0
02423,43,0,0,0
02423,46,0,0,0
02423,49,0,0,0
02423,52,0,0,0
02423,55,0,0,0
02423,58,0,0,0
02423,61,0,0,0
02426,0,1,0.46555,0
02426,1,0,0,0
02426,2,0,0,0
02426,3,1,0.46555,0
02426,4,0,0,0
02426,5,0,0,0
02426,6,1,0.46555,0
02426,7,0,0,0
02426,8,0,0,0
02426,9,0,0,0
02426,10,0,0,0
02426,11,0,0,0
02426,12,0,0,0
02426,13,0,0,0
02426,14,1,0.46555,0
02426,15,0,0,0
02426,16,0,0,0
02426,17,1,0.46555,0
02426,18,0,0,0
02426,19,1,0.46555,0
02426,20,0,0,0
02426,21,0,0,0
02426,22,0,0,0
02426,23,0,0,0
02426,24,0,0,0
02426,25,0,0,0
02426,26,0,0,0
02426,27,0,0,0
02426,28,0,0,0
02426,29,0,0,0
02426,30,1,0.46555,0
02426,31,0,0,0
02426,32,0,0,0
02426,33,0,0,0
02426,34,0,0,0
02426,40,38,17.69088,0
02426,43,0,0,0
02426,46,0,0,0
02426,49,0,0,0
02426,52,0,0,0
02426,55,0,0,0
02426,58,0,0,0
02426,61,0,0,0
02441,0,0,0,0
02441,1,0,0,0
02441,2,0,0,0
02441,3,1,0.09867,0
02441,4,0,0,0
02441,5,2,0.19734,0
02441,6,1,0.09867,0
02441,7,0,0,0
02441,8,1,0.09867,0
02441,9,1,0.09867,0
02441,10,1,0.09867,0
02441,11,3,0.296,0
02441,12,1,0.09867,0
02441,13,0,0,0
02441,14,0,0,0
02441,15,2,0.19734,0
02441,16,0,0,0
02441,17,0,0,0
02441,18,2,0.19734,0
02441,19,1,0.09867,0
02441,20,0,0,0
02441,21,0,0,0
02441,22,0,0,0
02441,23,0,0,0
02441,24,1,0.09867,0
02441,25,1,0.09867,0
02441,26,3,0.296,0
02441,27,2,0.19734,0
02441,28,3,0.296,0
02441,29,0,0,0
02441,30,0,0,0
02441,31,2,0.19734,0
02441,32,2,0.19734,0
02441,33,1,0.09867,0
02441,34,2,0.19734,0
02441,40,272,26.83769,0
02441,43,0,0,0
02441,46,2,0.19734,0
02441,49,1,0.09867,0
02441,52,3,0.296,0
02441,55,4,0.39467,0
02441,58,3,0.296,0
02441,61,0,0,0
02443,0,0,0,1
02443,1,0,0,1
02443,2,3,0.54015,1
02443,3,0,0,1
02443,4,0,0,1
02443,5,2,0.3601,1
02443,6,0,0,1
02443,7,0,0,1
02443,8,0,0,1
02443,9,1,0.18005,1
02443,10,1,0.18005,1
02443,11,0,0,1
02443,12,0,0,1
02443,13,0,0,1
02443,14,0,0,1
02443,15,2,0.3601,1
02443,16,0,0,1
02443,17,0,0,1
02443,18,2,0.3601,1
02443,19,1,0.18005,1
02443,20,0,0,1
02443,21,0,0,1
02443,22,0,0,1
02443,23,0,0,1
02443,24,0,0,1
02443,25,0,0,1
02443,26,2,0.3601,1
02443,27,0,0,1
02443,28,1,0.18005,1
02443,29,0,0,1
02443,30,0,0,1
02443,31,0,0,1
02443,32,3,0.54015,1
02443,33,0,0,1
02443,34,0,0,1
02443,40,185,33.30933,1
02443,43,0,0,1
02443,46,1,0.18005,1
02443,49,1,0.18005,1
02443,52,2,0.3601,1
02443,55,2,0.3601,1
02443,58,1,0.18005,1
02443,61,1,0.18005,1
02445,0,1,0.05461,0
02445,1,18,0.98296,0
02445,2,4,0.21844,0
02445,3,1,0.05461,0
02445,4,0,0,0
02445,5,0,0,0
02445,6,4,0.21844,0
02445,7,3,0.16383,0
02445,8,1,0.05461,0
02445,9,1,0.05461,0
02445,10,3,0.16383,0
02445,11,1,0.05461,0
02445,12,1,0.05461,0
02445,13,2,0.10922,0
02445,14,1,0.05461,0
02445,15,2,0.10922,0
02445,16,5,0.27304,0
02445,17,1,0.05461,0
02445,18,3,0.16383,0
02445,19,7,0.38226,0
02445,20,0,0,0
02445,21,3,0.16383,0
02445,22,1,0.05461,0
02445,23,1,0.05461,0
02445,24,0,0,0
02445,25,1,0.05461,0
02445,26,1,0.05461,0
02445,27,1,0.05461,0
02445,28,0,0,0
02445,29,3,0.16383,0
02445,30,1,0.05461,0
02445,31,1,0.05461,0
02445,32,2,0.10922,0
02445,33,2,0.10922,0
02445,34,1,0.05461,0
02445,40,567,30.9633,0
02445,43,0,0,0
02445,46,6,0.32765,0
02445,49,1,0.05461,0
02445,52,4,0.21844,0
02445,55,6,0.32765,0
02445,58,4,0.21844,0
02445,61,3,0.16383,0
02446,0,2,0.1426,1
02446,1,13,0.92692,1
02446,2,1,0.0713,1
02446,3,4,0.2852,1
02446,4,2,0.1426,1
02446,5,1,0.0713,1
02446,6,2,0.1426,1
02446,7,0,0,1
02446,8,1,0.0713,1
02446,9,0,0,1
02446,10,3,0.2139,1
02446,11,5,0.35651,1
02446,12,3,0.2139,1
02446,13,1,0.0713,1
02446,14,2,0.1426,1
02446,15,1,0.0713,1
02446,16,4,0.2852,1
02446,17,4,0.2852,1
02446,18,0,0,1
02446,19,4,0.2852,1
02446,20,0,0,1
02446,21,1,0.0713,1
02446,22,4,0.2852,1
02446,23,1,0.0713,1
02446,24,1,0.0713,1
02446,25,2,0.1426,1
02446,26,4,0.2852,1
02446,27,0,0,1
02446,28,1,0.0713,1
02446,29,0,0,1
02446,30,1,0.0713,1
02446,31,1,0.0713,1
02446,32,1,0.0713,1
02446,33,0,0,1
02446,34,4,0.2852,1
02446,40,517,36.86275,1
02446,43,0,0,1
02446,46,3,0.2139,1
02446,49,3,0.2139,1
02446,52,5,0.35651,1
02446,55,3,0.2139,1
02446,58,7,0.49911,1
02446,61,3,0.2139,1
02450,0,0,0,0
02450,1,0,0,0
02450,2,0,0,0
02450,3,0,0,0
02450,4,0,0,0
02450,5,0,0,0
02450,6,0,0,0
02450,7,0,0,0
02450,8,0,0,0
02450,9,0,0,0
02450,10,0,0,0
02450,11,0,0,0
02450,12,0,0,0
02450,13,1,0.39857,0
02450,14,0,0,0
02450,15,0,0,0
02450,16,2,0.79713,0
02450,17,0,0,0
02450,18,1,0.39857,0
02450,19,0,0,0
02450,20,0,0,0
02450,21,0,0,0
02450,22,0,0,0
02450,23,1,0.39857,0
02450,24,0,0,0
02450,25,1,0.39857,0
02450,26,0,0,0
02450,27,0,0,0
02450,28,0,0,0
02450,29,1,0.39857,0
02450,30,1,0.39857,0
02450,31,0,0,0
02450,32,0,0,0
02450,33,2,0.79713,0
02450,34,0,0,0
02450,40,81,32.28378,0
02450,43,0,0,0
02450,46,0,0,0
02450,49,0,0,0
02450,52,0,0,0
02450,55,0,0,0
02450,58,2,0.79713,0
02450,61,0,0,0
03203,0,21,0.55179,1
03203,1,8,0.21021,1
03203,2,15,0.39414,1
03203,3,7,0.18393,1
03203,4,7,0.18393,1
03203,5,10,0.26276,1
03203,6,9,0.23648,1
03203,7,15,0.39414,1
03203,8,17,0.44669,1
03203,9,7,0.18393,1
03203,10,11,0.28903,1
03203,11,10,0.26276,1
03203,12,9,0.23648,1
03203,13,8,0.21021,1
03203,14,8,0.21021,1
03203,15,5,0.13138,1
03203,16,9,0.23648,1
03203,17,8,0.21021,1
03203,18,9,0.23648,1
03203,19,23,0.60434,1
03203,20,0,0,1
03203,21,15,0.39414,1
03203,22,9,0.23648,1
03203,23,5,0.13138,1
03203,24,8,0.21021,1
03203,25,8,0.21021,1
03203,26,6,0.15765,1
03203,27,6,0.15765,1
03203,28,3,0.07883,1
03203,29,4,0.1051,1
03203,30,5,0.13138,1
03203,31,7,0.18393,1
03203,32,5,0.13138,1
03203,33,6,0.15765,1
03203,34,4,0.1051,1
03203,40,2762,72.57344,1
03203,43,0,0,1
03203,46,17,0.44669,1
03203,49,8,0.21021,1
03203,52,24,0.63062,1
03203,55,8,0.21021,1
03203,58,23,0.60434,1
03203,61,5,0.13138,1
03205,0,22,0.22517,1
03205,1,14,0.14329,1
03205,2,15,0.15353,1
03205,3,13,0.13306,1
03205,4,18,0.18423,1
03205,5,14,0.14329,1
03205,6,13,0.13306,1
03205,7,14,0.14329,1
03205,8,13,0.13306,1
03205,9,12,0.12282,1
03205,10,17,0.174,1
03205,11,8,0.08188,1
03205,12,13,0.13306,1
03205,13,22,0.22517,1
03205,14,13,0.13306,1
03205,15,13,0.13306,1
03205,16,10,0.10235,1
03205,17,14,0.14329,1
03205,18,17,0.174,1
03205,19,23,0.23541,1
03205,20,0,0,1
03205,21,9,0.09212,1
03205,22,9,0.09212,1
03205,23,11,0.11259,1
03205,24,2,0.02047,1
03205,25,24,0.24564,1
03205,26,20,0.2047,1
03205,27,12,0.12282,1
03205,28,13,0.13306,1
03205,29,14,0.14329,1
03205,30,9,0.09212,1
03205,31,8,0.08188,1
03205,32,15,0.15353,1
03205,33,15,0.15353,1
03205,34,15,0.15353,1
03205,40,3064,31.36067,1
03205,43,0,0,1
03205,46,33,0.33776,1
03205,49,19,0.19447,1
03205,52,26,0.26612,1
03205,55,32,0.32753,1
03205,58,36,0.36847,1
03205,61,17,0.174,1
03207,0,4,0.11223,1
03207,1,8,0.22445,1
03207,2,3,0.08417,1
03207,3,8,0.22445,1
03207,4,5,0.14028,1
03207,5,3,0.08417,1
03207,6,1,0.02806,1
03207,7,10,0.28057,1
03207,8,5,0.14028,1
03207,9,6,0.16834,1
03207,10,8,0.22445,1
03207,11,1,0.02806,1
03207,12,1,0.02806,1
03207,13,4,0.11223,1
03207,14,3,0.08417,1
03207,15,3,0.08417,1
03207,16,5,0.14028,1
03207,17,3,0.08417,1
03207,18,3,0.08417,1
03207,19,7,0.1964,1
03207,20,0,0,1
03207,21,5,0.14028,1
03207,22,9,0.25251,1
03207,23,0,0,1
03207,24,0,0,1
03207,25,7,0.1964,1
03207,26,8,0.22445,1
03207,27,2,0.05611,1
03207,28,3,0.08417,1
03207,29,4,0.11223,1
03207,30,1,0.02806,1
03207,31,2,0.05611,1
03207,32,1,0.02806,1
03207,33,1,0.02806,1
03207,34,7,0.1964,1
03207,40,1241,34.81847,1
03207,43,0,0,1
03207,46,9,0.25251,1
03207,49,5,0.14028,1
03207,52,10,0.28057,1
03207,55,8,0.22445,1
03207,58,14,0.3928,1
03207,61,3,0.08417,1
03210,0,13,0.65796,1
03210,1,18,0.91102,1
03210,2,15,0.75919,1
03210,3,9,0.45551,1
03210,4,10,0.50612,1
03210,5,13,0.65796,1
03210,6,15,0.75919,1
03210,7,14,0.70857,1
03210,8,15,0.75919,1
03210,9,13,0.65796,1
03210,10,9,0.45551,1
03210,11,8,0.4049,1
03210,12,10,0.50612,1
03210,13,11,0.55674,1
03210,14,12,0.60735,1
03210,15,10,0.50612,1
03210,16,12,0.60735,1
03210,17,7,0.35429,1
03210,18,5,0.25306,1
03210,19,16,0.8098,1
03210,20,0,0,1
03210,21,8,0.4049,1
03210,22,6,0.30367,1
03210,23,15,0.75919,1
03210,24,5,0.25306,1
03210,25,11,0.55674,1
03210,26,7,0.35429,1
03210,27,13,0.65796,1
03210,28,7,0.35429,1
03210,29,6,0.30367,1
03210,30,3,0.15184,1
03210,31,3,0.15184,1
03210,32,5,0.25306,1
03210,33,4,0.20245,1
03210,34,8,0.4049,1
03210,40,2738,138.57678,1
03210,43,0,0,1
03210,46,17,0.86041,1
03210,49,15,0.75919,1
03210,52,17,0.86041,1
03210,55,25,1.26531,1
03210,58,23,1.16409,1
03210,61,6,0.30367,1
03213,0,11,0.39839,1
03213,1,3,0.10865,1
03213,2,1,0.03622,1
03213,3,5,0.18109,1
03213,4,2,0.07243,1
03213,5,4,0.14487,1
03213,6,1,0.03622,1
03213,7,4,0.14487,1
03213,8,0,0,1
03213,9,0,0,1
03213,10,2,0.07243,1
03213,11,4,0.14487,1
03213,12,6,0.2173,1
03213,13,4,0.14487,1
03213,14,5,0.18109,1
03213,15,4,0.14487,1
03213,16,4,0.14487,1
03213,17,2,0.07243,1
03213,18,2,0.07243,1
03213,19,10,0.36217,1
03213,20,0,0,1
03213,21,2,0.07243,1
03213,22,4,0.14487,1
03213,23,2,0.07243,1
03213,24,1,0.03622,1
03213,25,2,0.07243,1
03213,26,3,0.10865,1
03213,27,2,0.07243,1
03213,28,1,0.03622,1
03213,29,3,0.10865,1
03213,30,2,0.07243,1
03213,31,1,0.03622,1
03213,32,0,0,1
03213,33,9,0.32596,1
03213,34,1,0.03622,1
03213,40,871,31.5454,1
03213,43,0,0,1
03213,46,7,0.25352,1
03213,49,0,0,1
03213,52,3,0.10865,1
03213,55,9,0.32596,1
03213,58,10,0.36217,1
03213,61,2,0.07243,1
03302,0,0,0,0
03302,1,1,0.15763,0
03302,2,0,0,0
03302,3,0,0,0
03302,4,0,0,0
03302,5,1,0.15763,0
03302,6,1,0.15763,0
03302,7,1,0.15763,0
03302,8,0,0,0
03302,9,0,0,0
03302,10,0,0,0
03302,11,2,0.31526,0
03302,12,0,0,0
03302,13,0,0,0
03302,14,0,0,0
03302,15,1,0.15763,0
03302,16,0,0,0
03302,17,3,0.47289,0
03302,18,0,0,0
03302,19,1,0.15763,0
03302,20,0,0,0
03302,21,0,0,0
03302,22,0,0,0
03302,23,0,0,0
03302,24,0,0,0
03302,25,0,0,0
03302,26,0,0,0
03302,27,0,0,0
03302,28,0,0,0
03302,29,0,0,0
03302,30,0,0,0
03302,31,1,0.15763,0
03302,32,1,0.15763,0
03302,33,1,0.15763,0
03302,34,0,0,0
03302,40,49,7.72383,0
03302,43,0,0,0
03302,46,0,0,0
03302,49,0,0,0
03302,52,0,0,0
03302,55,0,0,0
03302,58,3,0.47289,0
03302,61,0,0,0
03303,0,4,0.29214,0
03303,1,0,0,0
03303,2,1,0.07304,0
03303,3,0,0,0
03303,4,4,0.29214,0
03303,5,1,0.07304,0
03303,6,1,0.07304,0
03303,7,3,0.21911,0
03303,8,1,0.07304,0
03303,9,1,0.07304,0
03303,10,0,0,0
03303,11,1,0.07304,0
03303,12,1,0.07304,0
03303,13,2,0.14607,0
03303,14,4,0.29214,0
03303,15,1,0.07304,0
03303,16,0,0,0
03303,17,1,0.07304,0
03303,18,0,0,0
03303,19,3,0.21911,0
03303,20,0,0,0
03303,21,1,0.07304,0
03303,22,2,0.14607,0
03303,23,1,0.07304,0
03303,24,0,0,0
03303,25,1,0.07304,0
03303,26,3,0.21911,0
03303,27,1,0.07304,0
03303,28,2,0.14607,0
03303,29,2,0.14607,0
03303,30,4,0.29214,0
03303,31,2,0.14607,0
03303,32,1,0.07304,0
03303,33,1,0.07304,0
03303,34,1,0.07304,0
03303,40,306,22.34882,0
03303,43,0,0,0
03303,46,2,0.14607,0
03303,49,0,0,0
03303,52,3,0.21911,0
03303,55,4,0.29214,0
03303,58,5,0.36518,0
03303,61,0,0,0
03381,0,4,0.25165,0
03381,1,5,0.31456,0
03381,2,3,0.18874,0
03381,3,2,0.12583,0
03381,4,4,0.25165,0
03381,5,2,0.12583,0
03381,6,2,0.12583,0
03381,7,4,0.25165,0
03381,8,2,0.12583,0
03381,9,3,0.18874,0
03381,10,2,0.12583,0
03381,11,1,0.06291,0
03381,12,1,0.06291,0
03381,13,1,0.06291,0
03381,14,1,0.06291,0
03381,15,0,0,0
03381,16,7,0.44039,0
03381,17,2,0.12583,0
03381,18,4,0.25165,0
03381,19,4,0.25165,0
03381,20,0,0,0
03381,21,0,0,0
03381,22,2,0.12583,0
03381,23,2,0.12583,0
03381,24,0,0,0
03381,25,2,0.12583,0
03381,26,1,0.06291,0
03381,27,2,0.12583,0
03381,28,2,0.12583,0
03381,29,7,0.44039,0
03381,30,0,0,0
03381,31,7,0.44039,0
03381,32,6,0.37748,0
03381,33,2,0.12583,0
03381,34,4,0.25165,0
03381,40,663,41.71123,0
03381,43,0,0,0
03381,46,5,0.31456,0
03381,49,5,0.31456,0
03381,52,7,0.44039,0
03381,55,2,0.12583,0
03381,58,12,0.75495,0
03381,61,3,0.18874,0
03402,0,3,0.38129,0
03402,1,0,0,0
03402,2,1,0.1271,0
03402,3,1,0.1271,0
03402,4,0,0,0
03402,5,1,0.1271,0
03402,6,1,0.1271,0
03402,7,1,0.1271,0
03402,8,0,0,0
03402,9,0,0,0
03402,10,2,0.25419,0
03402,11,1,0.1271,0
03402,12,1,0.1271,0
03402,13,0,0,0
03402,14,0,0,0
03402,15,0,0,0
03402,16,0,0,0
03402,17,2,0.25419,0
03402,18,0,0,0
03402,19,2,0.25419,0
03402,20,0,0,0
03402,21,1,0.1271,0
03402,22,0,0,0
03402,23,0,0,0
03402,24,1,0.1271,0
03402,25,1,0.1271,0
03402,26,0,0,0
03402,27,1,0.1271,0
03402,28,0,0,0
03402,29,1,0.1271,0
03402,30,2,0.25419,0
03402,31,1,0.1271,0
03402,32,2,0.25419,0
03402,33,1,0.1271,0
03402,34,0,0,0
03402,40,207,26.3091,0
03402,43,0,0,0
03402,46,5,0.63549,0
03402,49,2,0.25419,0
03402,52,4,0.50839,0
03402,55,1,0.1271,0
03402,58,8,1.01678,0
03402,61,0,0,0
03441,0,0,0,1
03441,1,0,0,1
03441,2,0,0,1
03441,3,1,0.17483,1
03441,4,2,0.34965,1
03441,5,1,0.17483,1
03441,6,3,0.52448,1
03441,7,1,0.17483,1
03441,8,0,0,1
03441,9,0,0,1
03441,10,0,0,1
03441,11,0,0,1
03441,12,0,0,1
03441,13,0,0,1
03441,14,0,0,1
03441,15,0,0,1
03441,16,1,0.17483,1
03441,17,1,0.17483,1
03441,18,2,0.34965,1
03441,19,2,0.34965,1
03441,20,0,0,1
03441,21,1,0.17483,1
03441,22,0,0,1
03441,23,2,0.34965,1
03441,24,0,0,1
03441,25,0,0,1
03441,26,1,0.17483,1
03441,27,1,0.17483,1
03441,28,0,0,1
03441,29,2,0.34965,1
03441,30,1,0.17483,1
03441,31,1,0.17483,1
03441,32,0,0,1
03441,33,0,0,1
03441,34,2,0.34965,1
03441,40,242,42.30769,1
03441,43,0,0,1
03441,46,5,0.87413,1
03441,49,0,0,1
03441,52,1,0.17483,1
03441,55,1,0.17483,1
03441,58,4,0.6993,1
03441,61,1,0.17483,1
03461,0,7,0.59529,1
03461,1,5,0.42521,1
03461,2,6,0.51025,1
03461,3,6,0.51025,1
03461,4,3,0.25512,1
03461,5,5,0.42521,1
03461,6,2,0.17008,1
03461,7,3,0.25512,1
03461,8,4,0.34016,1
03461,9,7,0.59529,1
03461,10,2,0.17008,1
03461,11,5,0.42521,1
03461,12,2,0.17008,1
03461,13,5,0.42521,1
03461,14,5,0.42521,1
03461,15,7,0.59529,1
03461,16,8,0.68033,1
03461,17,9,0.76537,1
03461,18,5,0.42521,1
03461,19,11,0.93545,1
03461,20,0,0,1
03461,21,8,0.68033,1
03461,22,10,0.85041,1
03461,23,0,0,1
03461,24,5,0.42521,1
03461,25,3,0.25512,1
03461,26,9,0.76537,1
03461,27,13,1.10554,1
03461,28,3,0.25512,1
03461,29,5,0.42521,1
03461,30,5,0.42521,1
03461,31,5,0.42521,1
03461,32,4,0.34016,1
03461,33,4,0.34016,1
03461,34,9,0.76537,1
03461,40,1447,123.05468,1
03461,43,0,0,1
03461,46,29,2.4662,1
03461,49,9,0.76537,1
03461,52,24,2.04099,1
03461,55,14,1.19058,1
03461,58,21,1.78587,1
03461,61,7,0.59529,1
03482,0,9,0.56868,1
03482,1,7,0.44231,1
03482,2,5,0.31594,1
03482,3,1,0.06319,1
03482,4,5,0.31594,1
03482,5,5,0.31594,1
03482,6,6,0.37912,1
03482,7,1,0.06319,1
03482,8,5,0.31594,1
03482,9,5,0.31594,1
03482,10,3,0.18956,1
03482,11,0,0,1
03482,12,6,0.37912,1
03482,13,0,0,1
03482,14,4,0.25275,1
03482,15,2,0.12637,1
03482,16,6,0.37912,1
03482,17,5,0.31594,1
03482,18,1,0.06319,1
03482,19,12,0.75825,1
03482,20,0,0,1
03482,21,3,0.18956,1
03482,22,8,0.5055,1
03482,23,3,0.18956,1
03482,24,0,0,1
03482,25,2,0.12637,1
03482,26,2,0.12637,1
03482,27,3,0.18956,1
03482,28,17,1.07418,1
03482,29,5,0.31594,1
03482,30,9,0.56868,1
03482,31,13,0.82143,1
03482,32,5,0.31594,1
03482,33,9,0.56868,1
03482,34,7,0.44231,1
03482,40,1387,87.64059,1
03482,43,0,0,1
03482,46,17,1.07418,1
03482,49,3,0.18956,1
03482,52,16,1.01099,1
03482,55,15,0.94781,1
03482,58,21,1.32693,1
03482,61,7,0.44231,1
03483,0,1,0.10162,1
03483,1,3,0.30485,1
03483,2,0,0,1
03483,3,1,0.10162,1
03483,4,0,0,1
03483,5,3,0.30485,1
03483,6,1,0.10162,1
03483,7,0,0,1
03483,8,0,0,1
03483,9,1,0.10162,1
03483,10,0,0,1
03483,11,0,0,1
03483,12,0,0,1
03483,13,1,0.10162,1
03483,14,2,0.20323,1
03483,15,3,0.30485,1
03483,16,4,0.40646,1
03483,17,6,0.60969,1
03483,18,2,0.20323,1
03483,19,1,0.10162,1
03483,20,0,0,1
03483,21,2,0.20323,1
03483,22,0,0,1
03483,23,1,0.10162,1
03483,24,0,0,1
03483,25,2,0.20323,1
03483,26,1,0.10162,1
03483,27,4,0.40646,1
03483,28,1,0.10162,1
03483,29,0,0,1
03483,30,1,0.10162,1
03483,31,0,0,1
03483,32,1,0.10162,1
03483,33,0,0,1
03483,34,4,0.40646,1
03483,40,265,26.92816,1
03483,43,0,0,1
03483,46,3,0.30485,1
03483,49,2,0.20323,1
03483,52,1,0.10162,1
03483,55,1,0.10162,1
03483,58,3,0.30485,1
03483,61,3,0.30485,1
03484,0,5,1.44259,1
03484,1,2,0.57703,1
03484,2,1,0.28852,1
03484,3,2,0.57703,1
03484,4,1,0.28852,1
03484,5,3,0.86555,1
03484,6,0,0,1
03484,7,0,0,1
03484,8,2,0.57703,1
03484,9,2,0.57703,1
03484,10,1,0.28852,1
03484,11,2,0.57703,1
03484,12,1,0.28852,1
03484,13,0,0,1
03484,14,0,0,1
03484,15,2,0.57703,1
03484,16,1,0.28852,1
03484,17,0,0,1
03484,18,3,0.86555,1
03484,19,2,0.57703,1
03484,20,0,0,1
03484,21,0,0,1
03484,22,0,0,1
03484,23,2,0.57703,1
03484,24,0,0,1
03484,25,0,0,1
03484,26,0,0,1
03484,27,0,0,1
03484,28,0,0,1
03484,29,0,0,1
03484,30,0,0,1
03484,31,1,0.28852,1
03484,32,0,0,1
03484,33,1,0.28852,1
03484,34,0,0,1
03484,40,286,82.51587,1
03484,43,0,0,1
03484,46,4,1.15407,1
03484,49,0,0,1
03484,52,2,0.57703,1
03484,55,1,0.28852,1
03484,58,2,0.57703,1
03484,61,0,0,1
03485,0,0,0,0
03485,1,0,0,0
03485,2,0,0,0
03485,3,0,0,0
03485,4,1,0.35778,0
03485,5,1,0.35778,0
03485,6,0,0,0
03485,7,0,0,0
03485,8,1,0.35778,0
03485,9,0,0,0
03485,10,0,0,0
03485,11,0,0,0
03485,12,0,0,0
03485,13,3,1.07335,0
03485,14,0,0,0
03485,15,0,0,0
03485,16,0,0,0
03485,17,0,0,0
03485,18,0,0,0
03485,19,2,0.71556,0
03485,20,0,0,0
03485,21,1,0.35778,0
03485,22,0,0,0
03485,23,0,0,0
03485,24,0,0,0
03485,25,0,0,0
03485,26,1,0.35778,0
03485,27,0,0,0
03485,28,0,0,0
03485,29,0,0,0
03485,30,0,0,0
03485,31,1,0.35778,0
03485,32,0,0,0
03485,33,1,0.35778,0
03485,34,0,0,0
03485,40,106,37.92487,0
03485,43,0,0,0
03485,46,0,0,0
03485,49,0,0,0
03485,52,2,0.71556,0
03485,55,1,0.35778,0
03485,58,0,0,0
03485,61,0,0,0
03501,0,1,0.10715,0
03501,1,0,0,0
03501,2,0,0,0
03501,3,1,0.10715,0
03501,4,2,0.21429,0
03501,5,2,0.21429,0
03501,6,3,0.32144,0
03501,7,2,0.21429,0
03501,8,0,0,0
03501,9,1,0.10715,0
03501,10,0,0,0
03501,11,0,0,0
03501,12,0,0,0
03501,13,3,0.32144,0
03501,14,0,0,0
03501,15,0,0,0
03501,16,1,0.10715,0
03501,17,1,0.10715,0
03501,18,1,0.10715,0
03501,19,1,0.10715,0
03501,20,0,0,0
03501,21,2,0.21429,0
03501,22,0,0,0
03501,23,0,0,0
03501,24,0,0,0
03501,25,1,0.10715,0
03501,26,1,0.10715,0
03501,27,0,0,0
03501,28,0,0,0
03501,29,0,0,0
03501,30,3,0.32144,0
03501,31,1,0.10715,0
03501,32,0,0,0
03501,33,0,0,0
03501,34,0,0,0
03501,40,198,21.21504,0
03501,43,0,0,0
03501,46,2,0.21429,0
03501,49,2,0.21429,0
03501,52,5,0.53573,0
03501,55,1,0.10715,0
03501,58,2,0.21429,0
03501,61,0,0,0
03503,0,0,0,1
03503,1,4,0.96409,1
03503,2,2,0.48204,1
03503,3,1,0.24102,1
03503,4,2,0.48204,1
03503,5,3,0.72307,1
03503,6,0,0,1
03503,7,0,0,1
03503,8,2,0.48204,1
03503,9,1,0.24102,1
03503,10,2,0.48204,1
03503,11,0,0,1
03503,12,1,0.24102,1
03503,13,1,0.24102,1
03503,14,0,0,1
03503,15,1,0.24102,1
03503,16,1,0.24102,1
03503,17,1,0.24102,1
03503,18,2,0.48204,1
03503,19,2,0.48204,1
03503,20,0,0,1
03503,21,2,0.48204,1
03503,22,0,0,1
03503,23,2,0.48204,1
03503,24,0,0,1
03503,25,0,0,1
03503,26,1,0.24102,1
03503,27,1,0.24102,1
03503,28,0,0,1
03503,29,0,0,1
03503,30,1,0.24102,1
03503,31,1,0.24102,1
03503,32,0,0,1
03503,33,0,0,1
03503,34,2,0.48204,1
03503,40,319,76.886,1
03503,43,0,0,1
03503,46,2,0.48204,1
03503,49,0,0,1
03503,52,2,0.48204,1
03503,55,0,0,1
03503,58,3,0.72307,1
03503,61,0,0,1
03506,0,2,0.34101,0
03506,1,0,0,0
03506,2,0,0,0
03506,3,0,0,0
03506,4,1,0.1705,0
03506,5,0,0,0
03506,6,1,0.1705,0
03506,7,0,0,0
03506,8,0,0,0
03506,9,0,0,0
03506,10,1,0.1705,0
03506,11,0,0,0
03506,12,1,0.1705,0
03506,13,0,0,0
03506,14,0,0,0
03506,15,3,0.51151,0
03506,16,0,0,0
03506,17,1,0.1705,0
03506,18,1,0.1705,0
03506,19,3,0.51151,0
03506,20,0,0,0
03506,21,0,0,0
03506,22,0,0,0
03506,23,1,0.1705,0
03506,24,0,0,0
03506,25,0,0,0
03506,26,4,0.68201,0
03506,27,1,0.1705,0
03506,28,0,0,0
03506,29,1,0.1705,0
03506,30,2,0.34101,0
03506,31,0,0,0
03506,32,0,0,0
03506,33,3,0.51151,0
03506,34,0,0,0
03506,40,167,28.474,0
03506,43,0,0,0
03506,46,0,0,0
03506,49,1,0.1705,0
03506,52,1,0.1705,0
03506,55,0,0,0
03506,58,2,0.34101,0
03506,61,0,0,0
03507,0,2,0.11981,1
03507,1,4,0.23962,1
03507,2,0,0,1
03507,3,1,0.05991,1
03507,4,0,0,1
03507,5,1,0.05991,1
03507,6,2,0.11981,1
03507,7,5,0.29953,1
03507,8,2,0.11981,1
03507,9,2,0.11981,1
03507,10,0,0,1
03507,11,3,0.17972,1
03507,12,0,0,1
03507,13,4,0.23962,1
03507,14,0,0,1
03507,15,1,0.05991,1
03507,16,4,0.23962,1
03507,17,0,0,1
03507,18,1,0.05991,1
03507,19,2,0.11981,1
03507,20,0,0,1
03507,21,0,0,1
03507,22,3,0.17972,1
03507,23,0,0,1
03507,24,2,0.11981,1
03507,25,1,0.05991,1
03507,26,3,0.17972,1
03507,27,2,0.11981,1
03507,28,1,0.05991,1
03507,29,1,0.05991,1
03507,30,1,0.05991,1
03507,31,5,0.29953,1
03507,32,1,0.05991,1
03507,33,0,0,1
03507,34,1,0.05991,1
03507,40,449,26.8975,1
03507,43,0,0,1
03507,46,5,0.29953,1
03507,49,3,0.17972,1
03507,52,9,0.53915,1
03507,55,2,0.11981,1
03507,58,7,0.41934,1
03507,61,2,0.11981,1
03524,0,7,0.54184,0
03524,1,3,0.23222,0
03524,2,1,0.07741,0
03524,3,1,0.07741,0
03524,4,3,0.23222,0
03524,5,0,0,0
03524,6,1,0.07741,0
03524,7,2,0.15481,0
03524,8,1,0.07741,0
03524,9,0,0,0
03524,10,0,0,0
03524,11,1,0.07741,0
03524,12,1,0.07741,0
03524,13,1,0.07741,0
03524,14,2,0.15481,0
03524,15,1,0.07741,0
03524,16,1,0.07741,0
03524,17,2,0.15481,0
03524,18,2,0.15481,0
03524,19,1,0.07741,0
03524,20,0,0,0
03524,21,2,0.15481,0
03524,22,1,0.07741,0
03524,23,0,0,0
03524,24,1,0.07741,0
03524,25,2,0.15481,0
03524,26,2,0.15481,0
03524,27,2,0.15481,0
03524,28,3,0.23222,0
03524,29,0,0,0
03524,30,2,0.15481,0
03524,31,0,0,0
03524,32,1,0.07741,0
03524,33,2,0.15481,0
03524,34,1,0.07741,0
03524,40,366,28.33037,0
03524,43,0,0,0
03524,46,2,0.15481,0
03524,49,2,0.15481,0
03524,52,4,0.30962,0
03524,55,0,0,0
03524,58,4,0.30962,0
03524,61,1,0.07741,0
04206,0,3,0.08505,1
04206,1,6,0.17011,1
04206,2,5,0.14176,1
04206,3,0,0,1
04206,4,8,0.22681,1
04206,5,13,0.36856,1
04206,6,5,0.14176,1
04206,7,8,0.22681,1
04206,8,5,0.14176,1
04206,9,4,0.1134,1
04206,10,10,0.28351,1
04206,11,5,0.14176,1
04206,12,3,0.08505,1
04206,13,5,0.14176,1
04206,14,5,0.14176,1
04206,15,5,0.14176,1
04206,16,1,0.02835,1
04206,17,5,0.14176,1
04206,18,2,0.0567,1
04206,19,13,0.36856,1
04206,20,0,0,1
04206,21,1,0.02835,1
04206,22,8,0.22681,1
04206,23,1,0.02835,1
04206,24,4,0.1134,1
04206,25,8,0.22681,1
04206,26,4,0.1134,1
04206,27,7,0.19846,1
04206,28,2,0.0567,1
04206,29,6,0.17011,1
04206,30,9,0.25516,1
04206,31,9,0.25516,1
04206,32,1,0.02835,1
04206,33,2,0.0567,1
04206,34,9,0.25516,1
04206,40,1276,36.176,1
04206,43,0,0,1
04206,46,14,0.39692,1
04206,49,11,0.31186,1
04206,52,9,0.25516,1
04206,55,16,0.45362,1
04206,58,8,0.22681,1
04206,61,10,0.28351,1
04208,0,12,0.39761,1
04208,1,6,0.19881,1
04208,2,8,0.26508,1
04208,3,7,0.23194,1
04208,4,1,0.03313,1
04208,5,9,0.29821,1
04208,6,4,0.13254,1
04208,7,6,0.19881,1
04208,8,11,0.36448,1
04208,9,10,0.33135,1
04208,10,6,0.19881,1
04208,11,13,0.43075,1
04208,12,9,0.29821,1
04208,13,6,0.19881,1
04208,14,4,0.13254,1
04208,15,4,0.13254,1
04208,16,5,0.16567,1
04208,17,3,0.0994,1
04208,18,3,0.0994,1
04208,19,9,0.29821,1
04208,20,0,0,1
04208,21,10,0.33135,1
04208,22,5,0.16567,1
04208,23,8,0.26508,1
04208,24,2,0.06627,1
04208,25,4,0.13254,1
04208,26,4,0.13254,1
04208,27,2,0.06627,1
04208,28,4,0.13254,1
04208,29,6,0.19881,1
04208,30,6,0.19881,1
04208,31,8,0.26508,1
04208,32,6,0.19881,1
04208,33,3,0.0994,1
04208,34,2,0.06627,1
04208,40,1590,52.6839,1
04208,43,0,0,1
04208,46,17,0.56329,1
04208,49,17,0.56329,1
04208,52,9,0.29821,1
04208,55,8,0.26508,1
04208,58,26,0.8615,1
04208,61,8,0.26508,1
04301,0,1,0.0812,1
04301,1,0,0,1
04301,2,1,0.0812,1
04301,3,0,0,1
04301,4,4,0.32478,1
04301,5,3,0.24359,1
04301,6,2,0.16239,1
04301,7,2,0.16239,1
04301,8,1,0.0812,1
04301,9,0,0,1
04301,10,6,0.48717,1
04301,11,0,0,1
04301,12,1,0.0812,1
04301,13,6,0.48717,1
04301,14,2,0.16239,1
04301,15,3,0.24359,1
04301,16,0,0,1
04301,17,2,0.16239,1
04301,18,2,0.16239,1
04301,19,6,0.48717,1
04301,20,0,0,1
04301,21,2,0.16239,1
04301,22,3,0.24359,1
04301,23,1,0.0812,1
04301,24,1,0.0812,1
04301,25,1,0.0812,1
04301,26,3,0.24359,1
04301,27,1,0.0812,1
04301,28,2,0.16239,1
04301,29,0,0,1
04301,30,3,0.24359,1
04301,31,6,0.48717,1
04301,32,1,0.0812,1
04301,33,4,0.32478,1
04301,34,3,0.24359,1
04301,40,604,49.0419,1
04301,43,0,0,1
04301,46,6,0.48717,1
04301,49,3,0.24359,1
04301,52,8,0.64956,1
04301,55,6,0.48717,1
04301,58,8,0.64956,1
04301,61,1,0.0812,1
04302,0,0,0,1
04302,1,0,0,1
04302,2,0,0,1
04302,3,0,0,1
04302,4,0,0,1
04302,5,0,0,1
04302,6,0,0,1
04302,7,0,0,1
04302,8,0,0,1
04302,9,0,0,1
04302,10,0,0,1
04302,11,0,0,1
04302,12,0,0,1
04302,13,0,0,1
04302,14,0,0,1
04302,15,1,0.68446,1
04302,16,0,0,1
04302,17,0,0,1
04302,18,0,0,1
04302,19,1,0.68446,1
04302,20,0,0,1
04302,21,0,0,1
04302,22,0,0,1
04302,23,0,0,1
04302,24,0,0,1
04302,25,0,0,1
04302,26,0,0,1
04302,27,0,0,1
04302,28,1,0.68446,1
04302,29,0,0,1
04302,30,1,0.68446,1
04302,31,0,0,1
04302,32,0,0,1
04302,33,0,0,1
04302,34,0,0,1
04302,40,42,28.74743,1
04302,43,0,0,1
04302,46,0,0,1
04302,49,0,0,1
04302,52,1,0.68446,1
04302,55,0,0,1
04302,58,1,0.68446,1
04302,61,0,0,1
04321,0,8,0.33616,1
04321,1,5,0.2101,1
04321,2,2,0.08404,1
04321,3,2,0.08404,1
04321,4,4,0.16808,1
04321,5,3,0.12606,1
04321,6,6,0.25212,1
04321,7,8,0.33616,1
04321,8,10,0.4202,1
04321,9,2,0.08404,1
04321,10,5,0.2101,1
04321,11,4,0.16808,1
04321,12,5,0.2101,1
04321,13,2,0.08404,1
04321,14,4,0.16808,1
04321,15,2,0.08404,1
04321,16,2,0.08404,1
04321,17,4,0.16808,1
04321,18,4,0.16808,1
04321,19,7,0.29414,1
04321,20,0,0,1
04321,21,3,0.12606,1
04321,22,7,0.29414,1
04321,23,3,0.12606,1
04321,24,3,0.12606,1
04321,25,7,0.29414,1
04321,26,5,0.2101,1
04321,27,4,0.16808,1
04321,28,4,0.16808,1
04321,29,1,0.04202,1
04321,30,8,0.33616,1
04321,31,5,0.2101,1
04321,32,1,0.04202,1
04321,33,2,0.08404,1
04321,34,3,0.12606,1
04321,40,1115,46.85268,1
04321,43,0,0,1
04321,46,10,0.4202,1
04321,49,4,0.16808,1
04321,52,15,0.63031,1
04321,55,14,0.58828,1
04321,58,16,0.67233,1
04321,61,10,0.4202,1
04322,0,3,0.26085,1
04322,1,4,0.3478,1
04322,2,3,0.26085,1
04322,3,0,0,1
04322,4,1,0.08695,1
04322,5,2,0.1739,1
04322,6,0,0,1
04322,7,2,0.1739,1
04322,8,0,0,1
04322,9,1,0.08695,1
04322,10,2,0.1739,1
04322,11,2,0.1739,1
04322,12,1,0.08695,1
04322,13,0,0,1
04322,14,2,0.1739,1
04322,15,0,0,1
04322,16,0,0,1
04322,17,2,0.1739,1
04322,18,3,0.26085,1
04322,19,3,0.26085,1
04322,20,0,0,1
04322,21,0,0,1
04322,22,1,0.08695,1
04322,23,1,0.08695,1
04322,24,0,0,1
04322,25,2,0.1739,1
04322,26,3,0.26085,1
04322,27,1,0.08695,1
04322,28,4,0.3478,1
04322,29,1,0.08695,1
04322,30,1,0.08695,1
04322,31,1,0.08695,1
04322,32,1,0.08695,1
04322,33,0,0,1
04322,34,1,0.08695,1
04322,40,403,35.04043,1
04322,43,0,0,1
04322,46,4,0.3478,1
04322,49,4,0.3478,1
04322,52,4,0.3478,1
04322,55,5,0.43474,1
04322,58,12,1.04339,1
04322,61,4,0.3478,1
04324,0,3,0.32726,1
04324,1,1,0.10909,1
04324,2,2,0.21817,1
04324,3,1,0.10909,1
04324,4,1,0.10909,1
04324,5,1,0.10909,1
04324,6,1,0.10909,1
04324,7,0,0,1
04324,8,0,0,1
04324,9,1,0.10909,1
04324,10,0,0,1
04324,11,0,0,1
04324,12,1,0.10909,1
04324,13,1,0.10909,1
04324,14,0,0,1
04324,15,1,0.10909,1
04324,16,1,0.10909,1
04324,17,0,0,1
04324,18,2,0.21817,1
04324,19,2,0.21817,1
04324,20,0,0,1
04324,21,3,0.32726,1
04324,22,2,0.21817,1
04324,23,0,0,1
04324,24,0,0,1
04324,25,0,0,1
04324,26,0,0,1
04324,27,1,0.10909,1
04324,28,1,0.10909,1
04324,29,0,0,1
04324,30,0,0,1
04324,31,0,0,1
04324,32,0,0,1
04324,33,1,0.10909,1
04324,34,2,0.21817,1
04324,40,256,27.92626,1
04324,43,0,0,1
04324,46,2,0.21817,1
04324,49,2,0.21817,1
04324,52,4,0.43635,1
04324,55,0,0,1
04324,58,2,0.21817,1
04324,61,3,0.32726,1
04341,0,1,0.07157,1
04341,1,3,0.21472,1
04341,2,0,0,1
04341,3,1,0.07157,1
04341,4,1,0.07157,1
04341,5,2,0.14314,1
04341,6,1,0.07157,1
04341,7,1,0.07157,1
04341,8,4,0.28629,1
04341,9,3,0.21472,1
04341,10,1,0.07157,1
04341,11,3,0.21472,1
04341,12,3,0.21472,1
04341,13,3,0.21472,1
04341,14,1,0.07157,1
04341,15,2,0.14314,1
04341,16,0,0,1
04341,17,1,0.07157,1
04341,18,3,0.21472,1
04341,19,4,0.28629,1
04341,20,0,0,1
04341,21,0,0,1
04341,22,4,0.28629,1
04341,23,3,0.21472,1
04341,24,1,0.07157,1
04341,25,2,0.14314,1
04341,26,5,0.35786,1
04341,27,3,0.21472,1
04341,28,0,0,1
04341,29,3,0.21472,1
04341,30,0,0,1
04341,31,3,0.21472,1
04341,32,1,0.07157,1
04341,33,3,0.21472,1
04341,34,2,0.14314,1
04341,40,488,34.927,1
04341,43,0,0,1
04341,46,7,0.501,1
04341,49,5,0.35786,1
04341,52,7,0.501,1
04341,55,7,0.501,1
04341,58,5,0.35786,1
04341,61,2,0.14314,1
04362,0,5,0.40601,1
04362,1,7,0.56841,1
04362,2,2,0.1624,1
04362,3,5,0.40601,1
04362,4,6,0.48721,1
04362,5,3,0.24361,1
04362,6,4,0.32481,1
04362,7,4,0.32481,1
04362,8,7,0.56841,1
04362,9,2,0.1624,1
04362,10,5,0.40601,1
04362,11,3,0.24361,1
04362,12,2,0.1624,1
04362,13,2,0.1624,1
04362,14,0,0,1
04362,15,6,0.48721,1
04362,16,4,0.32481,1
04362,17,6,0.48721,1
04362,18,8,0.64961,1
04362,19,12,0.97442,1
04362,20,0,0,1
04362,21,25,2.03004,1
04362,22,88,7.14576,1
04362,23,18,1.46163,1
04362,24,19,1.54283,1
04362,25,10,0.81202,1
04362,26,10,0.81202,1
04362,27,5,0.40601,1
04362,28,3,0.24361,1
04362,29,5,0.40601,1
04362,30,0,0,1
04362,31,5,0.40601,1
04362,32,3,0.24361,1
04362,33,5,0.40601,1
04362,34,51,4.14129,1
04362,40,2180,177.01989,1
04362,43,0,0,1
04362,46,13,1.05562,1
04362,49,4,0.32481,1
04362,52,9,0.73082,1
04362,55,5,0.40601,1
04362,58,9,0.73082,1
04362,61,5,0.40601,1
04421,0,14,0.49568,1
04421,1,14,0.49568,1
04421,2,19,0.67271,1
04421,3,6,0.21243,1
04421,4,14,0.49568,1
04421,5,6,0.21243,1
04421,6,7,0.24784,1
04421,7,16,0.56649,1
04421,8,13,0.46027,1
04421,9,3,0.10622,1
04421,10,16,0.56649,1
04421,11,14,0.49568,1
04421,12,6,0.21243,1
04421,13,11,0.38946,1
04421,14,7,0.24784,1
04421,15,6,0.21243,1
04421,16,6,0.21243,1
04421,17,7,0.24784,1
04421,18,7,0.24784,1
04421,19,18,0.6373,1
04421,20,0,0,1
04421,21,7,0.24784,1
04421,22,3,0.10622,1
04421,23,2,0.07081,1
04421,24,4,0.14162,1
04421,25,1,0.03541,1
04421,26,5,0.17703,1
04421,27,5,0.17703,1
04421,28,6,0.21243,1
04421,29,9,0.31865,1
04421,30,6,0.21243,1
04421,31,6,0.21243,1
04421,32,3,0.10622,1
04421,33,8,0.28325,1
04421,34,7,0.24784,1
04421,40,2102,74.42289,1
04421,43,0,0,1
04421,46,6,0.21243,1
04421,49,5,0.17703,1
04421,52,8,0.28325,1
04421,55,13,0.46027,1
04421,58,18,0.6373,1
04421,61,9,0.31865,1
04422,0,0,0,1
04422,1,2,0.23895,1
04422,2,0,0,1
04422,3,1,0.11947,1
04422,4,0,0,1
04422,5,3,0.35842,1
04422,6,0,0,1
04422,7,2,0.23895,1
04422,8,0,0,1
04422,9,2,0.23895,1
04422,10,0,0,1
04422,11,0,0,1
04422,12,1,0.11947,1
04422,13,3,0.35842,1
04422,14,2,0.23895,1
04422,15,2,0.23895,1
04422,16,2,0.23895,1
04422,17,1,0.11947,1
04422,18,1,0.11947,1
04422,19,2,0.23895,1
04422,20,0,0,1
04422,21,1,0.11947,1
04422,22,4,0.4779,1
04422,23,0,0,1
04422,24,1,0.11947,1
04422,25,2,0.23895,1
04422,26,1,0.11947,1
04422,27,3,0.35842,1
04422,28,3,0.35842,1
04422,29,1,0.11947,1
04422,30,0,0,1
04422,31,2,0.23895,1
04422,32,0,0,1
04422,33,0,0,1
04422,34,1,0.11947,1
04422,40,414,49.46237,1
04422,43,0,0,1
04422,46,4,0.4779,1
04422,49,1,0.11947,1
04422,52,7,0.83632,1
04422,55,4,0.4779,1
04422,58,6,0.71685,1
04422,61,3,0.35842,1
04424,0,5,0.87673,1
04424,1,5,0.87673,1
04424,2,7,1.22742,1
04424,3,2,0.35069,1
04424,4,2,0.35069,1
04424,5,6,1.05208,1
04424,6,0,0,1
04424,7,1,0.17535,1
04424,8,2,0.35069,1
04424,9,1,0.17535,1
04424,10,2,0.35069,1
04424,11,3,0.52604,1
04424,12,0,0,1
04424,13,0,0,1
04424,14,0,0,1
04424,15,1,0.17535,1
04424,16,1,0.17535,1
04424,17,0,0,1
04424,18,0,0,1
04424,19,5,0.87673,1
04424,20,0,0,1
04424,21,2,0.35069,1
04424,22,6,1.05208,1
04424,23,0,0,1
04424,24,0,0,1
04424,25,4,0.70139,1
04424,26,2,0.35069,1
04424,27,3,0.52604,1
04424,28,0,0,1
04424,29,2,0.35069,1
04424,30,5,0.87673,1
04424,31,5,0.87673,1
04424,32,3,0.52604,1
04424,33,3,0.52604,1
04424,34,0,0,1
04424,40,575,100.82413,1
04424,43,0,0,1
04424,46,3,0.52604,1
04424,49,2,0.35069,1
04424,52,12,2.10416,1
04424,55,23,4.03297,1
04424,58,20,3.50693,1
04424,61,9,1.57812,1
04444,0,0,0,1
04444,1,0,0,1
04444,2,1,0.13816,1
04444,3,1,0.13816,1
04444,4,0,0,1
04444,5,0,0,1
04444,6,0,0,1
04444,7,1,0.13816,1
04444,8,2,0.27632,1
04444,9,1,0.13816,1
04444,10,2,0.27632,1
04444,11,1,0.13816,1
04444,12,1,0.13816,1
04444,13,1,0.13816,1
04444,14,0,0,1
04444,15,1,0.13816,1
04444,16,2,0.27632,1
04444,17,1,0.13816,1
04444,18,1,0.13816,1
04444,19,2,0.27632,1
04444,20,0,0,1
04444,21,2,0.27632,1
04444,22,1,0.13816,1
04444,23,2,0.27632,1
04444,24,0,0,1
04444,25,0,0,1
04444,26,2,0.27632,1
04444,27,0,0,1
04444,28,1,0.13816,1
04444,29,0,0,1
04444,30,0,0,1
04444,31,2,0.27632,1
04444,32,2,0.27632,1
04444,33,1,0.13816,1
04444,34,1,0.13816,1
04444,40,282,38.96104,1
04444,43,0,0,1
04444,46,1,0.13816,1
04444,49,0,0,1
04444,52,5,0.6908,1
04444,55,2,0.27632,1
04444,58,6,0.82896,1
04444,61,4,0.55264,1
04501,0,4,0.23951,1
04501,1,3,0.17963,1
04501,2,0,0,1
04501,3,5,0.29938,1
04501,4,3,0.17963,1
04501,5,2,0.11975,1
04501,6,2,0.11975,1
04501,7,3,0.17963,1
04501,8,5,0.29938,1
04501,9,1,0.05988,1
04501,10,2,0.11975,1
04501,11,3,0.17963,1
04501,12,1,0.05988,1
04501,13,1,0.05988,1
04501,14,5,0.29938,1
04501,15,4,0.23951,1
04501,16,0,0,1
04501,17,2,0.11975,1
04501,18,0,0,1
04501,19,6,0.35926,1
04501,20,0,0,1
04501,21,0,0,1
04501,22,1,0.05988,1
04501,23,0,0,1
04501,24,1,0.05988,1
04501,25,1,0.05988,1
04501,26,3,0.17963,1
04501,27,5,0.29938,1
04501,28,3,0.17963,1
04501,29,1,0.05988,1
04501,30,1,0.05988,1
04501,31,2,0.11975,1
04501,32,2,0.11975,1
04501,33,5,0.29938,1
04501,34,2,0.11975,1
04501,40,737,44.12909,1
04501,43,0,0,1
04501,46,9,0.53889,1
04501,49,2,0.11975,1
04501,52,3,0.17963,1
04501,55,8,0.47901,1
04501,58,7,0.41914,1
04501,61,2,0.11975,1
04505,0,15,0.60357,1
04505,1,16,0.64381,1
04505,2,0,0,1
04505,3,16,0.64381,1
04505,4,12,0.48286,1
04505,5,8,0.32191,1
04505,6,12,0.48286,1
04505,7,3,0.12071,1
04505,8,6,0.24143,1
04505,9,5,0.20119,1
04505,10,8,0.32191,1
04505,11,5,0.20119,1
04505,12,2,0.08048,1
04505,13,6,0.24143,1
04505,14,7,0.28167,1
04505,15,24,0.96572,1
04505,16,5,0.20119,1
04505,17,9,0.36214,1
04505,18,7,0.28167,1
04505,19,14,0.56333,1
04505,20,0,0,1
04505,21,6,0.24143,1
04505,22,8,0.32191,1
04505,23,6,0.24143,1
04505,24,3,0.12071,1
04505,25,5,0.20119,1
04505,26,11,0.44262,1
04505,27,7,0.28167,1
04505,28,4,0.16095,1
04505,29,1,0.04024,1
04505,30,8,0.32191,1
04505,31,8,0.32191,1
04505,32,1,0.04024,1
04505,33,5,0.20119,1
04505,34,9,0.36214,1
04505,40,1871,75.28569,1
04505,43,0,0,1
04505,46,18,0.72429,1
04505,49,12,0.48286,1
04505,52,16,0.64381,1
04505,55,17,0.68405,1
04505,58,14,0.56333,1
04505,61,10,0.40238,1
04581,0,2,0.31576,1
04581,1,0,0,1
04581,2,1,0.15788,1
04581,3,1,0.15788,1
04581,4,2,0.31576,1
04581,5,0,0,1
04581,6,2,0.31576,1
04581,7,4,0.63151,1
04581,8,3,0.47363,1
04581,9,0,0,1
04581,10,3,0.47363,1
04581,11,3,0.47363,1
04581,12,1,0.15788,1
04581,13,0,0,1
04581,14,1,0.15788,1
04581,15,0,0,1
04581,16,0,0,1
04581,17,1,0.15788,1
04581,18,2,0.31576,1
04581,19,2,0.31576,1
04581,20,0,0,1
04581,21,2,0.31576,1
04581,22,1,0.15788,1
04581,23,2,0.31576,1
04581,24,3,0.47363,1
04581,25,7,1.10515,1
04581,26,8,1.26302,1
04581,27,4,0.63151,1
04581,28,3,0.47363,1
04581,29,2,0.31576,1
04581,30,2,0.31576,1
04581,31,8,1.26302,1
04581,32,6,0.94727,1
04581,33,4,0.63151,1
04581,34,6,0.94727,1
04581,40,554,87.46448,1
04581,43,0,0,1
04581,46,5,0.78939,1
04581,49,8,1.26302,1
04581,52,6,0.94727,1
04581,55,8,1.26302,1
04581,58,9,1.4209,1
04581,61,1,0.15788,1
04606,0,4,0.32336,1
04606,1,3,0.24252,1
04606,2,5,0.4042,1
04606,3,13,1.05093,1
04606,4,7,0.56589,1
04606,5,9,0.72757,1
04606,6,4,0.32336,1
04606,7,7,0.56589,1
04606,8,3,0.24252,1
04606,9,4,0.32336,1
04606,10,14,1.13177,1
04606,11,4,0.32336,1
04606,12,5,0.4042,1
04606,13,3,0.24252,1
04606,14,14,1.13177,1
04606,15,10,0.80841,1
04606,16,8,0.64673,1
04606,17,10,0.80841,1
04606,18,11,0.88925,1
04606,19,15,1.21261,1
04606,20,0,0,1
04606,21,8,0.64673,1
04606,22,4,0.32336,1
04606,23,8,0.64673,1
04606,24,6,0.48504,1
04606,25,5,0.4042,1
04606,26,7,0.56589,1
04606,27,10,0.80841,1
04606,28,7,0.56589,1
04606,29,11,0.88925,1
04606,30,13,1.05093,1
04606,31,9,0.72757,1
04606,32,15,1.21261,1
04606,33,12,0.97009,1
04606,34,11,0.88925,1
04606,40,2050,165.72352,1
04606,43,0,0,1
04606,46,14,1.13177,1
04606,49,5,0.4042,1
04606,52,25,2.02102,1
04606,55,4,0.32336,1
04606,58,16,1.29345,1
04606,61,3,0.24252,1
05201,0,18,0.057,0
05201,1,20,0.06333,0
05201,2,13,0.04116,0
05201,3,19,0.06016,0
05201,4,13,0.04116,0
05201,5,17,0.05383,0
05201,6,13,0.04116,0
05201,7,14,0.04433,0
05201,8,9,0.0285,0
05201,9,9,0.0285,0
05201,10,14,0.04433,0
05201,11,11,0.03483,0
05201,12,13,0.04116,0
05201,13,10,0.03166,0
05201,14,16,0.05066,0
05201,15,20,0.06333,0
05201,16,15,0.0475,0
05201,17,13,0.04116,0
05201,18,18,0.057,0
05201,19,34,0.10766,0
05201,20,0,0,0
05201,21,8,0.02533,0
05201,22,19,0.06016,0
05201,23,8,0.02533,0
05201,24,3,0.0095,0
05201,25,12,0.038,0
05201,26,16,0.05066,0
05201,27,28,0.08866,0
05201,28,10,0.03166,0
05201,29,16,0.05066,0
05201,30,23,0.07283,0
05201,31,10,0.03166,0
05201,32,24,0.07599,0
05201,33,18,0.057,0
05201,34,7,0.02216,0
05201,40,4362,13.81193,0
05201,43,0,0,0
05201,46,41,0.12982,0
05201,49,32,0.10133,0
05201,52,30,0.09499,0
05201,55,50,0.15832,0
05201,58,69,0.21848,0
05201,61,33,0.10449,0
05202,0,1,0.01827,0
05202,1,0,0,0
05202,2,2,0.03654,0
05202,3,3,0.05481,0
05202,4,2,0.03654,0
05202,5,6,0.10963,0
05202,6,4,0.07309,0
05202,7,1,0.01827,0
05202,8,2,0.03654,0
05202,9,2,0.03654,0
05202,10,0,0,0
05202,11,0,0,0
05202,12,0,0,0
05202,13,1,0.01827,0
05202,14,0,0,0
05202,15,0,0,0
05202,16,3,0.05481,0
05202,17,1,0.01827,0
05202,18,4,0.07309,0
05202,19,0,0,0
05202,20,0,0,0
05202,21,0,0,0
05202,22,5,0.09136,0
05202,23,3,0.05481,0
05202,24,1,0.01827,0
05202,25,2,0.03654,0
05202,26,6,0.10963,0
05202,27,2,0.03654,0
05202,28,3,0.05481,0
05202,29,2,0.03654,0
05202,30,1,0.01827,0
05202,31,3,0.05481,0
05202,32,3,0.05481,0
05202,33,3,0.05481,0
05202,34,3,0.05481,0
05202,40,731,13.35648,0
05202,43,0,0,0
05202,46,2,0.03654,0
05202,49,3,0.05481,0
05202,52,7,0.1279,0
05202,55,11,0.20099,0
05202,58,6,0.10963,0
05202,61,6,0.10963,0
05203,0,2,0.02169,0
05203,1,2,0.02169,0
05203,2,4,0.04339,0
05203,3,3,0.03254,0
05203,4,2,0.02169,0
05203,5,4,0.04339,0
05203,6,3,0.03254,0
05203,7,0,0,0
05203,8,1,0.01085,0
05203,9,3,0.03254,0
05203,10,4,0.04339,0
05203,11,1,0.01085,0
05203,12,2,0.02169,0
05203,13,3,0.03254,0
05203,14,5,0.05423,0
05203,15,3,0.03254,0
05203,16,1,0.01085,0
05203,17,1,0.01085,0
05203,18,3,0.03254,0
05203,19,3,0.03254,0
05203,20,0,0,0
05203,21,0,0,0
05203,22,2,0.02169,0
05203,23,7,0.07592,0
05203,24,1,0.01085,0
05203,25,4,0.04339,0
05203,26,3,0.03254,0
05203,27,2,0.02169,0
05203,28,4,0.04339,0
05203,29,1,0.01085,0
05203,30,1,0.01085,0
05203,31,1,0.01085,0
05203,32,1,0.01085,0
05203,33,0,0,0
05203,34,0,0,0
05203,40,423,4.588,0
05203,43,0,0,0
05203,46,4,0.04339,0
05203,49,2,0.02169,0
05203,52,8,0.08677,0
05203,55,9,0.09762,0
05203,58,5,0.05423,0
05203,61,2,0.02169,0
05204,0,5,0.06741,0
05204,1,4,0.05393,0
05204,2,4,0.05393,0
05204,3,9,0.12133,0
05204,4,3,0.04044,0
05204,5,1,0.01348,0
05204,6,3,0.04044,0
05204,7,10,0.13482,0
05204,8,1,0.01348,0
05204,9,4,0.05393,0
05204,10,7,0.09437,0
05204,11,0,0,0
05204,12,6,0.08089,0
05204,13,3,0.04044,0
05204,14,2,0.02696,0
05204,15,3,0.04044,0
05204,16,6,0.08089,0
05204,17,4,0.05393,0
05204,18,1,0.01348,0
05204,19,4,0.05393,0
05204,20,0,0,0
05204,21,1,0.01348,0
05204,22,2,0.02696,0
05204,23,2,0.02696,0
05204,24,1,0.01348,0
05204,25,4,0.05393,0
05204,26,6,0.08089,0
05204,27,5,0.06741,0
05204,28,0,0,0
05204,29,0,0,0
05204,30,0,0,0
05204,31,3,0.04044,0
05204,32,6,0.08089,0
05204,33,3,0.04044,0
05204,34,1,0.01348,0
05204,40,891,12.01213,0
05204,43,0,0,0
05204,46,3,0.04044,0
05204,49,15,0.20222,0
05204,52,7,0.09437,0
05204,55,7,0.09437,0
05204,58,18,0.24267,0
05204,61,8,0.10785,0
05207,0,1,0.02145,0
05207,1,8,0.17163,0
05207,2,4,0.08581,0
05207,3,0,0,0
05207,4,0,0,0
05207,5,0,0,0
05207,6,1,0.02145,0
05207,7,0,0,0
05207,8,0,0,0
05207,9,2,0.04291,0
05207,10,0,0,0
05207,11,0,0,0
05207,12,2,0.04291,0
05207,13,2,0.04291,0
05207,14,0,0,0
05207,15,4,0.08581,0
05207,16,0,0,0
05207,17,0,0,0
05207,18,0,0,0
05207,19,1,0.02145,0
05207,20,0,0,0
05207,21,1,0.02145,0
05207,22,1,0.02145,0
05207,23,0,0,0
05207,24,0,0,0
05207,25,0,0,0
05207,26,2,0.04291,0
05207,27,0,0,0
05207,28,4,0.08581,0
05207,29,2,0.04291,0
05207,30,1,0.02145,0
05207,31,0,0,0
05207,32,0,0,0
05207,33,1,0.02145,0
05207,34,0,0,0
05207,40,320,6.86504,0
05207,43,0,0,0
05207,46,1,0.02145,0
05207,49,2,0.04291,0
05207,52,0,0,0
05207,55,7,0.15017,0
05207,58,0,0,0
05207,61,0,0,0
05209,0,0,0,0
05209,1,1,0.03121,0
05209,2,5,0.15606,0
05209,3,2,0.06243,0
05209,4,3,0.09364,0
05209,5,4,0.12485,0
05209,6,5,0.15606,0
05209,7,2,0.06243,0
05209,8,1,0.03121,0
05209,9,0,0,0
05209,10,4,0.12485,0
05209,11,2,0.06243,0
05209,12,3,0.09364,0
05209,13,2,0.06243,0
05209,14,0,0,0
05209,15,1,0.03121,0
05209,16,1,0.03121,0
05209,17,2,0.06243,0
05209,18,5,0.15606,0
05209,19,1,0.03121,0
05209,20,0,0,0
05209,21,2,0.06243,0
05209,22,0,0,0
05209,23,1,0.03121,0
05209,24,0,0,0
05209,25,5,0.15606,0
05209,26,4,0.12485,0
05209,27,1,0.03121,0
05209,28,4,0.12485,0
05209,29,0,0,0
05209,30,1,0.03121,0
05209,31,6,0.18728,0
05209,32,1,0.03121,0
05209,33,1,0.03121,0
05209,34,0,0,0
05209,40,544,16.97984,0
05209,43,0,0,0
05209,46,0,0,0
05209,49,3,0.09364,0
05209,52,3,0.09364,0
05209,55,3,0.09364,0
05209,58,6,0.18728,0
05209,61,3,0.09364,0
05211,0,2,0.06045,0
05211,1,1,0.03023,0
05211,2,1,0.03023,0
05211,3,1,0.03023,0
05211,4,1,0.03023,0
05211,5,3,0.09068,0
05211,6,0,0,0
05211,7,2,0.06045,0
05211,8,0,0,0
05211,9,3,0.09068,0
05211,10,2,0.06045,0
05211,11,1,0.03023,0
05211,12,2,0.06045,0
05211,13,1,0.03023,0
05211,14,0,0,0
05211,15,2,0.06045,0
05211,16,2,0.06045,0
05211,17,0,0,0
05211,18,2,0.06045,0
05211,19,7,0.21159,0
05211,20,0,0,0
05211,21,2,0.06045,0
05211,22,2,0.06045,0
05211,23,0,0,0
05211,24,1,0.03023,0
05211,25,0,0,0
05211,26,3,0.09068,0
05211,27,7,0.21159,0
05211,28,2,0.06045,0
05211,29,2,0.06045,0
05211,30,3,0.09068,0
05211,31,4,0.12091,0
05211,32,1,0.03023,0
05211,33,4,0.12091,0
05211,34,0,0,0
05211,40,581,17.561889999999998,0
05211,43,0,0,0
05211,46,5,0.15114,0
05211,49,4,0.12091,0
05211,52,8,0.24182,0
05211,55,2,0.06045,0
05211,58,5,0.15114,0
05211,61,4,0.12091,0
05214,0,5,0.19744,0
05214,1,5,0.19744,0
05214,2,1,0.03949,0
05214,3,1,0.03949,0
05214,4,0,0,0
05214,5,4,0.15795,0
05214,6,3,0.11846,0
05214,7,1,0.03949,0
05214,8,0,0,0
05214,9,2,0.07898,0
05214,10,1,0.03949,0
05214,11,1,0.03949,0
05214,12,2,0.07898,0
05214,13,2,0.07898,0
05214,14,2,0.07898,0
05214,15,0,0,0
05214,16,6,0.23693,0
05214,17,1,0.03949,0
05214,18,3,0.11846,0
05214,19,4,0.15795,0
05214,20,0,0,0
05214,21,0,0,0
05214,22,1,0.03949,0
05214,23,6,0.23693,0
05214,24,0,0,0
05214,25,3,0.11846,0
05214,26,4,0.15795,0
05214,27,2,0.07898,0
05214,28,6,0.23693,0
05214,29,2,0.07898,0
05214,30,8,0.31591,0
05214,31,2,0.07898,0
05214,32,1,0.03949,0
05214,33,1,0.03949,0
05214,34,3,0.11846,0
05214,40,653,25.78582,0
05214,43,0,0,0
05214,46,5,0.19744,0
05214,49,3,0.11846,0
05214,52,10,0.39488,0
05214,55,4,0.15795,0
05214,58,9,0.35539,0
05214,61,3,0.11846,0
05215,0,3,0.109,0
05215,1,5,0.18167,0
05215,2,1,0.03633,0
05215,3,2,0.07267,0
05215,4,0,0,0
05215,5,5,0.18167,0
05215,6,1,0.03633,0
05215,7,1,0.03633,0
05215,8,2,0.07267,0
05215,9,0,0,0
05215,10,0,0,0
05215,11,0,0,0
05215,12,0,0,0
05215,13,1,0.03633,0
05215,14,1,0.03633,0
05215,15,1,0.03633,0
05215,16,2,0.07267,0
05215,17,2,0.07267,0
05215,18,1,0.03633,0
05215,19,1,0.03633,0
05215,20,0,0,0
05215,21,0,0,0
05215,22,0,0,0
05215,23,0,0,0
05215,24,0,0,0
05215,25,0,0,0
05215,26,0,0,0
05215,27,1,0.03633,0
05215,28,2,0.07267,0
05215,29,0,0,0
05215,30,2,0.07267,0
05215,31,1,0.03633,0
05215,32,4,0.14533,0
05215,33,2,0.07267,0
05215,34,0,0,0
05215,40,325,11.80831,0
05215,43,0,0,0
05215,46,0,0,0
05215,49,0,0,0
05215,52,1,0.03633,0
05215,55,4,0.14533,0
05215,58,0,0,0
05215,61,2,0.07267,0
05303,0,0,0,0
05303,1,0,0,0
05303,2,1,0.1873,0
05303,3,0,0,0
05303,4,0,0,0
05303,5,0,0,0
05303,6,2,0.3746,0
05303,7,1,0.1873,0
05303,8,0,0,0
05303,9,0,0,0
05303,10,0,0,0
05303,11,1,0.1873,0
05303,12,0,0,0
05303,13,0,0,0
05303,14,0,0,0
05303,15,0,0,0
05303,16,0,0,0
05303,17,1,0.1873,0
05303,18,0,0,0
05303,19,1,0.1873,0
05303,20,0,0,0
05303,21,0,0,0
05303,22,0,0,0
05303,23,0,0,0
05303,24,0,0,0
05303,25,0,0,0
05303,26,1,0.1873,0
05303,27,0,0,0
05303,28,0,0,0
05303,29,0,0,0
05303,30,0,0,0
05303,31,0,0,0
05303,32,0,0,0
05303,33,0,0,0
05303,34,0,0,0
05303,40,83,15.54598,0
05303,43,0,0,0
05303,46,1,0.1873,0
05303,49,1,0.1873,0
05303,52,1,0.1873,0
05303,55,0,0,0
05303,58,0,0,0
05303,61,0,0,0
05327,0,0,0,0
05327,1,0,0,0
05327,2,0,0,0
05327,3,0,0,0
05327,4,0,0,0
05327,5,0,0,0
05327,6,0,0,0
05327,7,0,0,0
05327,8,0,0,0
05327,9,0,0,0
05327,10,0,0,0
05327,11,0,0,0
05327,12,0,0,0
05327,13,0,0,0
05327,14,0,0,0
05327,15,0,0,0
05327,16,0,0,0
05327,17,0,0,0
05327,18,0,0,0
05327,19,0,0,0
05327,20,0,0,0
05327,21,0,0,0
05327,22,0,0,0
05327,23,0,0,0
05327,24,0,0,0
05327,25,0,0,0
05327,26,0,0,0
05327,27,1,0.41999,0
05327,28,0,0,0
05327,29,0,0,0
05327,30,0,0,0
05327,31,0,0,0
05327,32,0,0,0
05327,33,0,0,0
05327,34,0,0,0
05327,40,12,5.0399,0
05327,43,0,0,0
05327,46,0,0,0
05327,49,0,0,0
05327,52,0,0,0
05327,55,1,0.41999,0
05327,58,0,0,0
05327,61,0,0,0
05346,0,0,0,0
05346,1,0,0,0
05346,2,1,0.29771,0
05346,3,0,0,0
05346,4,0,0,0
05346,5,0,0,0
05346,6,0,0,0
05346,7,0,0,0
05346,8,0,0,0
05346,9,0,0,0
05346,10,0,0,0
05346,11,0,0,0
05346,12,0,0,0
05346,13,0,0,0
05346,14,0,0,0
05346,15,0,0,0
05346,16,0,0,0
05346,17,0,0,0
05346,18,0,0,0
05346,19,0,0,0
05346,20,0,0,0
05346,21,0,0,0
05346,22,0,0,0
05346,23,0,0,0
05346,24,0,0,0
05346,25,0,0,0
05346,26,0,0,0
05346,27,0,0,0
05346,28,0,0,0
05346,29,0,0,0
05346,30,0,0,0
05346,31,0,0,0
05346,32,0,0,0
05346,33,0,0,0
05346,34,0,0,0
05346,40,19,5.65645,0
05346,43,0,0,0
05346,46,0,0,0
05346,49,0,0,0
05346,52,1,0.29771,0
05346,55,0,0,0
05346,58,0,0,0
05346,61,0,0,0
05349,0,0,0,0
05349,1,0,0,0
05349,2,0,0,0
05349,3,0,0,0
05349,4,0,0,0
05349,5,0,0,0
05349,6,0,0,0
05349,7,1,0.13682,0
05349,8,0,0,0
05349,9,1,0.13682,0
05349,10,1,0.13682,0
05349,11,0,0,0
05349,12,1,0.13682,0
05349,13,0,0,0
05349,14,0,0,0
05349,15,1,0.13682,0
05349,16,0,0,0
05349,17,0,0,0
05349,18,1,0.13682,0
05349,19,1,0.13682,0
05349,20,0,0,0
05349,21,0,0,0
05349,22,0,0,0
05349,23,0,0,0
05349,24,0,0,0
05349,25,0,0,0
05349,26,0,0,0
05349,27,1,0.13682,0
05349,28,0,0,0
05349,29,0,0,0
05349,30,0,0,0
05349,31,0,0,0
05349,32,0,0,0
05349,33,0,0,0
05349,34,0,0,0
05349,40,59,8.07224,0
05349,43,0,0,0
05349,46,0,0,0
05349,49,0,0,0
05349,52,0,0,0
05349,55,1,0.13682,0
05349,58,0,0,0
05349,61,1,0.13682,0
05361,0,1,0.10567,0
05361,1,0,0,0
05361,2,1,0.10567,0
05361,3,1,0.10567,0
05361,4,1,0.10567,0
05361,5,1,0.10567,0
05361,6,0,0,0
05361,7,0,0,0
05361,8,1,0.10567,0
05361,9,0,0,0
05361,10,0,0,0
05361,11,0,0,0
05361,12,0,0,0
05361,13,0,0,0
05361,14,0,0,0
05361,15,0,0,0
05361,16,0,0,0
05361,17,0,0,0
05361,18,0,0,0
05361,19,0,0,0
05361,20,0,0,0
05361,21,0,0,0
05361,22,1,0.10567,0
05361,23,0,0,0
05361,24,0,0,0
05361,25,0,0,0
05361,26,3,0.31702,0
05361,27,1,0.10567,0
05361,28,3,0.31702,0
05361,29,0,0,0
05361,30,0,0,0
05361,31,0,0,0
05361,32,0,0,0
05361,33,0,0,0
05361,34,0,0,0
05361,40,119,12.57529,0
05361,43,0,0,0
05361,46,2,0.21135,0
05361,49,1,0.10567,0
05361,52,1,0.10567,0
05361,55,1,0.10567,0
05361,58,1,0.10567,0
05361,61,1,0.10567,0
05363,0,0,0,0
05363,1,1,0.16447,0
05363,2,1,0.16447,0
05363,3,0,0,0
05363,4,0,0,0
05363,5,0,0,0
05363,6,0,0,0
05363,7,1,0.16447,0
05363,8,1,0.16447,0
05363,9,1,0.16447,0
05363,10,0,0,0
05363,11,1,0.16447,0
05363,12,2,0.32895,0
05363,13,0,0,0
05363,14,0,0,0
05363,15,0,0,0
05363,16,0,0,0
05363,17,1,0.16447,0
05363,18,1,0.16447,0
05363,19,0,0,0
05363,20,0,0,0
05363,21,1,0.16447,0
05363,22,0,0,0
05363,23,0,0,0
05363,24,0,0,0
05363,25,0,0,0
05363,26,1,0.16447,0
05363,27,0,0,0
05363,28,1,0.16447,0
05363,29,0,0,0
05363,30,0,0,0
05363,31,0,0,0
05363,32,0,0,0
05363,33,0,0,0
05363,34,0,0,0
05363,40,134,22.03947,0
05363,43,0,0,0
05363,46,0,0,0
05363,49,0,0,0
05363,52,0,0,0
05363,55,0,0,0
05363,58,1,0.16447,0
05363,61,0,0,0
05366,0,0,0,0
05366,1,0,0,0
05366,2,0,0,0
05366,3,2,0.40112,0
05366,4,0,0,0
05366,5,0,0,0
05366,6,0,0,0
05366,7,0,0,0
05366,8,1,0.20056,0
05366,9,0,0,0
05366,10,0,0,0
05366,11,0,0,0
05366,12,0,0,0
05366,13,0,0,0
05366,14,0,0,0
05366,15,1,0.20056,0
05366,16,1,0.20056,0
05366,17,0,0,0
05366,18,0,0,0
05366,19,0,0,0
05366,20,0,0,0
05366,21,0,0,0
05366,22,0,0,0
05366,23,0,0,0
05366,24,0,0,0
05366,25,0,0,0
05366,26,1,0.20056,0
05366,27,0,0,0
05366,28,1,0.20056,0
05366,29,0,0,0
05366,30,0,0,0
05366,31,0,0,0
05366,32,0,0,0
05366,33,3,0.60168,0
05366,34,0,0,0
05366,40,130,26.073,0
05366,43,0,0,0
05366,46,0,0,0
05366,49,0,0,0
05366,52,1,0.20056,0
05366,55,1,0.20056,0
05366,58,0,0,0
05366,61,0,0,0
05464,0,0,0,0
05464,1,0,0,0
05464,2,1,0.38314,0
05464,3,0,0,0
05464,4,0,0,0
05464,5,0,0,0
05464,6,0,0,0
05464,7,0,0,0
05464,8,0,0,0
05464,9,0,0,0
05464,10,1,0.38314,0
05464,11,0,0,0
05464,12,0,0,0
05464,13,0,0,0
05464,14,0,0,0
05464,15,3,1.14943,0
05464,16,0,0,0
05464,17,0,0,0
05464,18,0,0,0
05464,19,0,0,0
05464,20,0,0,0
05464,21,0,0,0
05464,22,0,0,0
05464,23,0,0,0
05464,24,0,0,0
05464,25,0,0,0
05464,26,0,0,0
05464,27,0,0,0
05464,28,1,0.38314,0
05464,29,0,0,0
05464,30,1,0.38314,0
05464,31,0,0,0
05464,32,0,0,0
05464,33,0,0,0
05464,34,0,0,0
05464,40,38,14.55939,0
05464,43,0,0,0
05464,46,0,0,0
05464,49,1,0.38314,0
05464,52,0,0,0
05464,55,0,0,0
05464,58,0,0,0
05464,61,0,0,0
06202,0,4,0.04654,0
06202,1,4,0.04654,0
06202,2,11,0.12798,0
06202,3,5,0.05817,0
06202,4,7,0.08144,0
06202,5,9,0.10471,0
06202,6,13,0.15125,0
06202,7,9,0.10471,0
06202,8,12,0.13961,0
06202,9,1,0.01163,0
06202,10,5,0.05817,0
06202,11,4,0.04654,0
06202,12,0,0,0
06202,13,3,0.0349,0
06202,14,2,0.02327,0
06202,15,10,0.11634,0
06202,16,4,0.04654,0
06202,17,4,0.04654,0
06202,18,4,0.04654,0
06202,19,11,0.12798,0
06202,20,0,0,0
06202,21,3,0.0349,0
06202,22,2,0.02327,0
06202,23,2,0.02327,0
06202,24,0,0,0
06202,25,0,0,0
06202,26,8,0.09307,0
06202,27,4,0.04654,0
06202,28,13,0.15125,0
06202,29,7,0.08144,0
06202,30,2,0.02327,0
06202,31,5,0.05817,0
06202,32,6,0.06981,0
06202,33,4,0.04654,0
06202,34,2,0.02327,0
06202,40,1123,13.06528,0
06202,43,0,0,0
06202,46,14,0.16288,0
06202,49,10,0.11634,0
06202,52,15,0.17451,0
06202,55,15,0.17451,0
06202,58,23,0.26759,0
06202,61,10,0.11634,0
06205,0,0,0,0
06205,1,0,0,0
06205,2,0,0,0
06205,3,0,0,0
06205,4,1,0.0271,0
06205,5,3,0.08131,0
06205,6,1,0.0271,0
06205,7,2,0.05421,0
06205,8,0,0,0
06205,9,0,0,0
06205,10,0,0,0
06205,11,0,0,0
06205,12,0,0,0
06205,13,0,0,0
06205,14,0,0,0
06205,15,4,0.10842,0
06205,16,3,0.08131,0
06205,17,0,0,0
06205,18,0,0,0
06205,19,2,0.05421,0
06205,20,0,0,0
06205,21,0,0,0
06205,22,1,0.0271,0
06205,23,1,0.0271,0
06205,24,0,0,0
06205,25,0,0,0
06205,26,1,0.0271,0
06205,27,0,0,0
06205,28,3,0.08131,0
06205,29,0,0,0
06205,30,3,0.08131,0
06205,31,0,0,0
06205,32,0,0,0
06205,33,0,0,0
06205,34,0,0,0
06205,40,239,6.47802,0
06205,43,0,0,0
06205,46,2,0.05421,0
06205,49,1,0.0271,0
06205,52,6,0.16263,0
06205,55,2,0.05421,0
06205,58,11,0.29815,0
06205,61,4,0.10842,0
06207,0,1,0.03168,0
06207,1,4,0.12671,0
06207,2,1,0.03168,0
06207,3,4,0.12671,0
06207,4,4,0.12671,0
06207,5,4,0.12671,0
06207,6,0,0,0
06207,7,3,0.09503,0
06207,8,1,0.03168,0
06207,9,1,0.03168,0
06207,10,2,0.06335,0
06207,11,3,0.09503,0
06207,12,1,0.03168,0
06207,13,3,0.09503,0
06207,14,0,0,0
06207,15,3,0.09503,0
06207,16,4,0.12671,0
06207,17,4,0.12671,0
06207,18,5,0.15838,0
06207,19,11,0.34844,0
06207,20,0,0,0
06207,21,4,0.12671,0
06207,22,2,0.06335,0
06207,23,4,0.12671,0
06207,24,3,0.09503,0
06207,25,1,0.03168,0
06207,26,4,0.12671,0
06207,27,6,0.19006,0
06207,28,1,0.03168,0
06207,29,3,0.09503,0
06207,30,4,0.12671,0
06207,31,6,0.19006,0
06207,32,3,0.09503,0
06207,33,1,0.03168,0
06207,34,2,0.06335,0
06207,40,787,24.92952,0
06207,43,0,0,0
06207,46,12,0.38012,0
06207,49,5,0.15838,0
06207,52,9,0.28509,0
06207,55,6,0.19006,0
06207,58,16,0.50683,0
06207,61,5,0.15838,0
06208,0,0,0,0
06208,1,2,0.08102,0
06208,2,0,0,0
06208,3,3,0.12154,0
06208,4,3,0.12154,0
06208,5,3,0.12154,0
06208,6,2,0.08102,0
06208,7,4,0.16205,0
06208,8,3,0.12154,0
06208,9,1,0.04051,0
06208,10,2,0.08102,0
06208,11,0,0,0
06208,12,3,0.12154,0
06208,13,7,0.28358,0
06208,14,5,0.20256,0
06208,15,3,0.12154,0
06208,16,3,0.12154,0
06208,17,2,0.08102,0
06208,18,3,0.12154,0
06208,19,5,0.20256,0
06208,20,0,0,0
06208,21,0,0,0
06208,22,1,0.04051,0
06208,23,0,0,0
06208,24,0,0,0
06208,25,1,0.04051,0
06208,26,0,0,0
06208,27,2,0.08102,0
06208,28,4,0.16205,0
06208,29,1,0.04051,0
06208,30,1,0.04051,0
06208,31,1,0.04051,0
06208,32,1,0.04051,0
06208,33,0,0,0
06208,34,1,0.04051,0
06208,40,634,25.68465,0
06208,43,0,0,0
06208,46,9,0.36461,0
06208,49,1,0.04051,0
06208,52,3,0.12154,0
06208,55,9,0.36461,0
06208,58,7,0.28358,0
06208,61,0,0,0
06209,0,1,0.03603,0
06209,1,0,0,0
06209,2,2,0.07205,0
06209,3,0,0,0
06209,4,3,0.10808,0
06209,5,3,0.10808,0
06209,6,5,0.18013,0
06209,7,5,0.18013,0
06209,8,2,0.07205,0
06209,9,2,0.07205,0
06209,10,0,0,0
06209,11,0,0,0
06209,12,0,0,0
06209,13,2,0.07205,0
06209,14,3,0.10808,0
06209,15,5,0.18013,0
06209,16,4,0.14411,0
06209,17,3,0.10808,0
06209,18,4,0.14411,0
06209,19,4,0.14411,0
06209,20,0,0,0
06209,21,2,0.07205,0
06209,22,1,0.03603,0
06209,23,0,0,0
06209,24,0,0,0
06209,25,0,0,0
06209,26,0,0,0
06209,27,0,0,0
06209,28,3,0.10808,0
06209,29,2,0.07205,0
06209,30,3,0.10808,0
06209,31,6,0.21616,0
06209,32,1,0.03603,0
06209,33,1,0.03603,0
06209,34,3,0.10808,0
06209,40,463,16.68048,0
06209,43,0,0,0
06209,46,8,0.28822,0
06209,49,5,0.18013,0
06209,52,5,0.18013,0
06209,55,7,0.25219,0
06209,58,7,0.25219,0
06209,61,2,0.07205,0
06211,0,8,0.16748,0
06211,1,8,0.16748,0
06211,2,12,0.25121,0
06211,3,4,0.08374,0
06211,4,9,0.18841,0
06211,5,9,0.18841,0
06211,6,6,0.12561,0
06211,7,5,0.10467,0
06211,8,6,0.12561,0
06211,9,2,0.04187,0
06211,10,5,0.10467,0
06211,11,9,0.18841,0
06211,12,6,0.12561,0
06211,13,10,0.20935,0
06211,14,15,0.31402,0
06211,15,7,0.14654,0
06211,16,9,0.18841,0
06211,17,10,0.20935,0
06211,18,3,0.0628,0
06211,19,15,0.31402,0
06211,20,0,0,0
06211,21,5,0.10467,0
06211,22,4,0.08374,0
06211,23,6,0.12561,0
06211,24,2,0.04187,0
06211,25,9,0.18841,0
06211,26,8,0.16748,0
06211,27,16,0.33495,0
06211,28,8,0.16748,0
06211,29,7,0.14654,0
06211,30,7,0.14654,0
06211,31,11,0.23028,0
06211,32,9,0.18841,0
06211,33,5,0.10467,0
06211,34,7,0.14654,0
06211,40,2082,43.58566,0
06211,43,0,0,0
06211,46,26,0.5443,0
06211,49,16,0.33495,0
06211,52,20,0.41869,0
06211,55,21,0.43962,0
06211,58,29,0.6071,0
06211,61,6,0.12561,0
06212,0,0,0,0
06212,1,1,0.05899,0
06212,2,1,0.05899,0
06212,3,2,0.11797,0
06212,4,0,0,0
06212,5,1,0.05899,0
06212,6,1,0.05899,0
06212,7,1,0.05899,0
06212,8,0,0,0
06212,9,0,0,0
06212,10,0,0,0
06212,11,1,0.05899,0
06212,12,0,0,0
06212,13,0,0,0
06212,14,2,0.11797,0
06212,15,2,0.11797,0
06212,16,0,0,0
06212,17,0,0,0
06212,18,3,0.17696,0
06212,19,2,0.11797,0
06212,20,0,0,0
06212,21,0,0,0
06212,22,0,0,0
06212,23,0,0,0
06212,24,0,0,0
06212,25,0,0,0
06212,26,0,0,0
06212,27,1,0.05899,0
06212,28,1,0.05899,0
06212,29,0,0,0
06212,30,0,0,0
06212,31,0,0,0
06212,32,0,0,0
06212,33,0,0,0
06212,34,0,0,0
06212,40,115,6.78346,0
06212,43,0,0,0
06212,46,1,0.05899,0
06212,49,1,0.05899,0
06212,52,2,0.11797,0
06212,55,0,0,0
06212,58,3,0.17696,0
06212,61,3,0.17696,0
06213,0,1,0.03097,0
06213,1,1,0.03097,0
06213,2,4,0.1239,0
06213,3,7,0.21682,0
06213,4,4,0.1239,0
06213,5,2,0.06195,0
06213,6,0,0,0
06213,7,1,0.03097,0
06213,8,1,0.03097,0
06213,9,1,0.03097,0
06213,10,0,0,0
06213,11,0,0,0
06213,12,0,0,0
06213,13,2,0.06195,0
06213,14,8,0.24779,0
06213,15,6,0.18584,0
06213,16,3,0.09292,0
06213,17,4,0.1239,0
06213,18,2,0.06195,0
06213,19,4,0.1239,0
06213,20,0,0,0
06213,21,2,0.06195,0
06213,22,0,0,0
06213,23,2,0.06195,0
06213,24,0,0,0
06213,25,1,0.03097,0
06213,26,0,0,0
06213,27,3,0.09292,0
06213,28,2,0.06195,0
06213,29,0,0,0
06213,30,5,0.15487,0
06213,31,4,0.1239,0
06213,32,1,0.03097,0
06213,33,1,0.03097,0
06213,34,0,0,0
06213,40,499,15.45609,0
06213,43,0,0,0
06213,46,7,0.21682,0
06213,49,4,0.1239,0
06213,52,5,0.15487,0
06213,55,7,0.21682,0
06213,58,6,0.18584,0
06213,61,2,0.06195,0
06301,0,3,0.20878,0
06301,1,0,0,0
06301,2,7,0.48716,0
06301,3,2,0.13919,0
06301,4,3,0.20878,0
06301,5,1,0.06959,0
06301,6,2,0.13919,0
06301,7,1,0.06959,0
06301,8,0,0,0
06301,9,1,0.06959,0
06301,10,1,0.06959,0
06301,11,0,0,0
06301,12,0,0,0
06301,13,1,0.06959,0
06301,14,0,0,0
06301,15,2,0.13919,0
06301,16,0,0,0
06301,17,1,0.06959,0
06301,18,3,0.20878,0
06301,19,6,0.41757,0
06301,20,0,0,0
06301,21,1,0.06959,0
06301,22,2,0.13919,0
06301,23,3,0.20878,0
06301,24,1,0.06959,0
06301,25,2,0.13919,0
06301,26,4,0.27838,0
06301,27,1,0.06959,0
06301,28,4,0.27838,0
06301,29,4,0.27838,0
06301,30,2,0.13919,0
06301,31,2,0.13919,0
06301,32,1,0.06959,0
06301,33,1,0.06959,0
06301,34,0,0,0
06301,40,395,27.48973,0
06301,43,0,0,0
06301,46,8,0.55675,0
06301,49,2,0.13919,0
06301,52,5,0.34797,0
06301,55,4,0.27838,0
06301,58,13,0.90473,0
06301,61,2,0.13919,0
06302,0,0,0,0
06302,1,1,0.088,0
06302,2,2,0.17601,0
06302,3,0,0,0
06302,4,3,0.26401,0
06302,5,2,0.17601,0
06302,6,2,0.17601,0
06302,7,0,0,0
06302,8,1,0.088,0
06302,9,1,0.088,0
06302,10,1,0.088,0
06302,11,0,0,0
06302,12,0,0,0
06302,13,0,0,0
06302,14,0,0,0
06302,15,5,0.44002,0
06302,16,3,0.26401,0
06302,17,0,0,0
06302,18,1,0.088,0
06302,19,1,0.088,0
06302,20,0,0,0
06302,21,0,0,0
06302,22,2,0.17601,0
06302,23,1,0.088,0
06302,24,0,0,0
06302,25,2,0.17601,0
06302,26,3,0.26401,0
06302,27,4,0.35202,0
06302,28,0,0,0
06302,29,2,0.17601,0
06302,30,0,0,0
06302,31,4,0.35202,0
06302,32,0,0,0
06302,33,0,0,0
06302,34,2,0.17601,0
06302,40,325,28.6016,0
06302,43,0,0,0
06302,46,5,0.44002,0
06302,49,1,0.088,0
06302,52,3,0.26401,0
06302,55,2,0.17601,0
06302,58,4,0.35202,0
06302,61,2,0.17601,0
06321,0,1,0.05276,0
06321,1,1,0.05276,0
06321,2,1,0.05276,0
06321,3,0,0,0
06321,4,2,0.10553,0
06321,5,5,0.26382,0
06321,6,2,0.10553,0
06321,7,1,0.05276,0
06321,8,0,0,0
06321,9,0,0,0
06321,10,4,0.21106,0
06321,11,1,0.05276,0
06321,12,2,0.10553,0
06321,13,2,0.10553,0
06321,14,2,0.10553,0
06321,15,0,0,0
06321,16,4,0.21106,0
06321,17,3,0.15829,0
06321,18,3,0.15829,0
06321,19,3,0.15829,0
06321,20,0,0,0
06321,21,4,0.21106,0
06321,22,4,0.21106,0
06321,23,0,0,0
06321,24,0,0,0
06321,25,3,0.15829,0
06321,26,3,0.15829,0
06321,27,3,0.15829,0
06321,28,1,0.05276,0
06321,29,4,0.21106,0
06321,30,2,0.10553,0
06321,31,4,0.21106,0
06321,32,1,0.05276,0
06321,33,3,0.15829,0
06321,34,2,0.10553,0
06321,40,592,31.23681,0
06321,43,0,0,0
06321,46,9,0.47488,0
06321,49,1,0.05276,0
06321,52,2,0.10553,0
06321,55,10,0.52765,0
06321,58,11,0.58041,0
06321,61,2,0.10553,0
06322,0,1,0.17743,0
06322,1,0,0,0
06322,2,1,0.17743,0
06322,3,0,0,0
06322,4,1,0.17743,0
06322,5,0,0,0
06322,6,0,0,0
06322,7,0,0,0
06322,8,0,0,0
06322,9,0,0,0
06322,10,0,0,0
06322,11,0,0,0
06322,12,0,0,0
06322,13,0,0,0
06322,14,0,0,0
06322,15,0,0,0
06322,16,0,0,0
06322,17,0,0,0
06322,18,0,0,0
06322,19,0,0,0
06322,20,0,0,0
06322,21,0,0,0
06322,22,0,0,0
06322,23,0,0,0
06322,24,0,0,0
06322,25,0,0,0
06322,26,0,0,0
06322,27,0,0,0
06322,28,0,0,0
06322,29,0,0,0
06322,30,0,0,0
06322,31,0,0,0
06322,32,1,0.17743,0
06322,33,0,0,0
06322,34,0,0,0
06322,40,42,7.45209,0
06322,43,0,0,0
06322,46,0,0,0
06322,49,1,0.17743,0
06322,52,0,0,0
06322,55,2,0.35486,0
06322,58,1,0.17743,0
06322,61,0,0,0
06323,0,0,0,0
06323,1,0,0,0
06323,2,2,0.28094,0
06323,3,0,0,0
06323,4,0,0,0
06323,5,0,0,0
06323,6,2,0.28094,0
06323,7,1,0.14047,0
06323,8,0,0,0
06323,9,0,0,0
06323,10,0,0,0
06323,11,0,0,0
06323,12,0,0,0
06323,13,1,0.14047,0
06323,14,1,0.14047,0
06323,15,0,0,0
06323,16,0,0,0
06323,17,1,0.14047,0
06323,18,0,0,0
06323,19,1,0.14047,0
06323,20,0,0,0
06323,21,0,0,0
06323,22,0,0,0
06323,23,0,0,0
06323,24,1,0.14047,0
06323,25,0,0,0
06323,26,0,0,0
06323,27,1,0.14047,0
06323,28,0,0,0
06323,29,1,0.14047,0
06323,30,1,0.14047,0
06323,31,1,0.14047,0
06323,32,0,0,0
06323,33,0,0,0
06323,34,0,0,0
06323,40,116,16.29442,0
06323,43,0,0,0
06323,46,0,0,0
06323,49,2,0.28094,0
06323,52,0,0,0
06323,55,2,0.28094,0
06323,58,1,0.14047,0
06323,61,0,0,0
06324,0,1,0.11804,0
06324,1,1,0.11804,0
06324,2,3,0.35411,0
06324,3,2,0.23607,0
06324,4,0,0,0
06324,5,1,0.11804,0
06324,6,2,0.23607,0
06324,7,1,0.11804,0
06324,8,1,0.11804,0
06324,9,0,0,0
06324,10,0,0,0
06324,11,0,0,0
06324,12,0,0,0
06324,13,0,0,0
06324,14,1,0.11804,0
06324,15,1,0.11804,0
06324,16,2,0.23607,0
06324,17,0,0,0
06324,18,0,0,0
06324,19,5,0.59018,0
06324,20,0,0,0
06324,21,0,0,0
06324,22,1,0.11804,0
06324,23,0,0,0
06324,24,1,0.11804,0
06324,25,0,0,0
06324,26,0,0,0
06324,27,0,0,0
06324,28,0,0,0
06324,29,1,0.11804,0
06324,30,0,0,0
06324,31,3,0.35411,0
06324,32,1,0.11804,0
06324,33,0,0,0
06324,34,0,0,0
06324,40,198,23.3711,0
06324,43,0,0,0
06324,46,2,0.23607,0
06324,49,2,0.23607,0
06324,52,2,0.23607,0
06324,55,2,0.23607,0
06324,58,3,0.35411,0
06324,61,1,0.11804,0
06341,0,1,0.13592,0
06341,1,0,0,0
06341,2,2,0.27185,0
06341,3,0,0,0
06341,4,1,0.13592,0
06341,5,2,0.27185,0
06341,6,1,0.13592,0
06341,7,0,0,0
06341,8,0,0,0
06341,9,0,0,0
06341,10,0,0,0
06341,11,0,0,0
06341,12,0,0,0
06341,13,0,0,0
06341,14,0,0,0
06341,15,1,0.13592,0
06341,16,0,0,0
06341,17,1,0.13592,0
06341,18,0,0,0
06341,19,0,0,0
06341,20,0,0,0
06341,21,0,0,0
06341,22,0,0,0
06341,23,0,0,0
06341,24,0,0,0
06341,25,0,0,0
06341,26,0,0,0
06341,27,2,0.27185,0
06341,28,0,0,0
06341,29,0,0,0
06341,30,0,0,0
06341,31,0,0,0
06341,32,0,0,0
06341,33,0,0,0
06341,34,0,0,0
06341,40,79,10.73807,0
06341,43,0,0,0
06341,46,0,0,0
06341,49,0,0,0
06341,52,3,0.40777,0
06341,55,0,0,0
06341,58,0,0,0
06341,61,1,0.13592,0
06361,0,0,0,0
06361,1,0,0,0
06361,2,0,0,0
06361,3,0,0,0
06361,4,0,0,0
06361,5,0,0,0
06361,6,0,0,0
06361,7,0,0,0
06361,8,0,0,0
06361,9,1,0.17156,0
06361,10,1,0.17156,0
06361,11,0,0,0
06361,12,0,0,0
06361,13,0,0,0
06361,14,2,0.34311,0
06361,15,0,0,0
06361,16,2,0.34311,0
06361,17,0,0,0
06361,18,0,0,0
06361,19,0,0,0
06361,20,0,0,0
06361,21,0,0,0
06361,22,0,0,0
06361,23,0,0,0
06361,24,0,0,0
06361,25,0,0,0
06361,26,1,0.17156,0
06361,27,1,0.17156,0
06361,28,0,0,0
06361,29,0,0,0
06361,30,0,0,0
06361,31,0,0,0
06361,32,0,0,0
06361,33,0,0,0
06361,34,0,0,0
06361,40,68,11.66581,0
06361,43,0,0,0
06361,46,0,0,0
06361,49,0,0,0
06361,52,1,0.17156,0
06361,55,0,0,0
06361,58,2,0.34311,0
06361,61,1,0.17156,0
06363,0,1,0.17759,0
06363,1,0,0,0
06363,2,0,0,0
06363,3,0,0,0
06363,4,0,0,0
06363,5,0,0,0
06363,6,0,0,0
06363,7,0,0,0
06363,8,1,0.17759,0
06363,9,0,0,0
06363,10,0,0,0
06363,11,0,0,0
06363,12,0,0,0
06363,13,0,0,0
06363,14,0,0,0
06363,15,0,0,0
06363,16,1,0.17759,0
06363,17,0,0,0
06363,18,0,0,0
06363,19,0,0,0
06363,20,0,0,0
06363,21,0,0,0
06363,22,0,0,0
06363,23,0,0,0
06363,24,0,0,0
06363,25,0,0,0
06363,26,0,0,0
06363,27,0,0,0
06363,28,0,0,0
06363,29,0,0,0
06363,30,0,0,0
06363,31,1,0.17759,0
06363,32,0,0,0
06363,33,0,0,0
06363,34,0,0,0
06363,40,52,9.23459,0
06363,43,0,0,0
06363,46,0,0,0
06363,49,0,0,0
06363,52,0,0,0
06363,55,0,0,0
06363,58,1,0.17759,0
06363,61,0,0,0
06364,0,0,0,0
06364,1,0,0,0
06364,2,2,0.24579,0
06364,3,0,0,0
06364,4,0,0,0
06364,5,2,0.24579,0
06364,6,0,0,0
06364,7,0,0,0
06364,8,0,0,0
06364,9,0,0,0
06364,10,0,0,0
06364,11,0,0,0
06364,12,1,0.1229,0
06364,13,0,0,0
06364,14,0,0,0
06364,15,1,0.1229,0
06364,16,0,0,0
06364,17,0,0,0
06364,18,0,0,0
06364,19,2,0.24579,0
06364,20,0,0,0
06364,21,0,0,0
06364,22,1,0.1229,0
06364,23,0,0,0
06364,24,0,0,0
06364,25,0,0,0
06364,26,2,0.24579,0
06364,27,0,0,0
06364,28,0,0,0
06364,29,0,0,0
06364,30,0,0,0
06364,31,0,0,0
06364,32,0,0,0
06364,33,0,0,0
06364,34,0,0,0
06364,40,89,10.93769,0
06364,43,0,0,0
06364,46,0,0,0
06364,49,0,0,0
06364,52,0,0,0
06364,55,0,0,0
06364,58,1,0.1229,0
06364,61,1,0.1229,0
06365,0,0,0,0
06365,1,0,0,0
06365,2,1,0.29308,0
06365,3,0,0,0
06365,4,0,0,0
06365,5,0,0,0
06365,6,0,0,0
06365,7,0,0,0
06365,8,0,0,0
06365,9,0,0,0
06365,10,0,0,0
06365,11,1,0.29308,0
06365,12,0,0,0
06365,13,0,0,0
06365,14,1,0.29308,0
06365,15,1,0.29308,0
06365,16,0,0,0
06365,17,0,0,0
06365,18,0,0,0
06365,19,0,0,0
06365,20,0,0,0
06365,21,0,0,0
06365,22,0,0,0
06365,23,0,0,0
06365,24,0,0,0
06365,25,0,0,0
06365,26,0,0,0
06365,27,1,0.29308,0
06365,28,1,0.29308,0
06365,29,1,0.29308,0
06365,30,0,0,0
06365,31,0,0,0
06365,32,0,0,0
06365,33,0,0,0
06365,34,0,0,0
06365,40,61,17.87808,0
06365,43,0,0,0
06365,46,0,0,0
06365,49,0,0,0
06365,52,0,0,0
06365,55,0,0,0
06365,58,0,0,0
06365,61,0,0,0
06366,0,0,0,0
06366,1,0,0,0
06366,2,1,0.23164,0
06366,3,0,0,0
06366,4,1,0.23164,0
06366,5,0,0,0
06366,6,0,0,0
06366,7,0,0,0
06366,8,1,0.23164,0
06366,9,0,0,0
06366,10,0,0,0
06366,11,0,0,0
06366,12,0,0,0
06366,13,0,0,0
06366,14,1,0.23164,0
06366,15,0,0,0
06366,16,0,0,0
06366,17,0,0,0
06366,18,0,0,0
06366,19,1,0.23164,0
06366,20,0,0,0
06366,21,0,0,0
06366,22,0,0,0
06366,23,0,0,0
06366,24,0,0,0
06366,25,0,0,0
06366,26,0,0,0
06366,27,0,0,0
06366,28,0,0,0
06366,29,0,0,0
06366,30,0,0,0
06366,31,0,0,0
06366,32,0,0,0
06366,33,0,0,0
06366,34,0,0,0
06366,40,30,6.94927,0
06366,43,0,0,0
06366,46,0,0,0
06366,49,0,0,0
06366,52,0,0,0
06366,55,0,0,0
06366,58,2,0.46328,0
06366,61,2,0.46328,0
06367,0,2,0.41902,0
06367,1,0,0,0
06367,2,1,0.20951,0
06367,3,0,0,0
06367,4,0,0,0
06367,5,1,0.20951,0
06367,6,0,0,0
06367,7,1,0.20951,0
06367,8,1,0.20951,0
06367,9,0,0,0
06367,10,0,0,0
06367,11,0,0,0
06367,12,2,0.41902,0
06367,13,0,0,0
06367,14,0,0,0
06367,15,0,0,0
06367,16,1,0.20951,0
06367,17,0,0,0
06367,18,0,0,0
06367,19,0,0,0
06367,20,0,0,0
06367,21,0,0,0
06367,22,2,0.41902,0
06367,23,0,0,0
06367,24,0,0,0
06367,25,0,0,0
06367,26,0,0,0
06367,27,0,0,0
06367,28,0,0,0
06367,29,0,0,0
06367,30,0,0,0
06367,31,0,0,0
06367,32,0,0,0
06367,33,0,0,0
06367,34,0,0,0
06367,40,84,17.59899,0
06367,43,0,0,0
06367,46,1,0.20951,0
06367,49,0,0,0
06367,52,0,0,0
06367,55,0,0,0
06367,58,0,0,0
06367,61,0,0,0
06381,0,1,0.04187,0
06381,1,2,0.08375,0
06381,2,0,0,0
06381,3,1,0.04187,0
06381,4,5,0.20936,0
06381,5,3,0.12562,0
06381,6,1,0.04187,0
06381,7,3,0.12562,0
06381,8,1,0.04187,0
06381,9,0,0,0
06381,10,2,0.08375,0
06381,11,3,0.12562,0
06381,12,1,0.04187,0
06381,13,3,0.12562,0
06381,14,2,0.08375,0
06381,15,0,0,0
06381,16,6,0.25124,0
06381,17,3,0.12562,0
06381,18,5,0.20936,0
06381,19,10,0.41873,0
06381,20,0,0,0
06381,21,0,0,0
06381,22,0,0,0
06381,23,3,0.12562,0
06381,24,0,0,0
06381,25,0,0,0
06381,26,3,0.12562,0
06381,27,0,0,0
06381,28,3,0.12562,0
06381,29,5,0.20936,0
06381,30,1,0.04187,0
06381,31,3,0.12562,0
06381,32,1,0.04187,0
06381,33,0,0,0
06381,34,2,0.08375,0
06381,40,506,21.18751,0
06381,43,0,0,0
06381,46,3,0.12562,0
06381,49,2,0.08375,0
06381,52,0,0,0
06381,55,5,0.20936,0
06381,58,5,0.20936,0
06381,61,3,0.12562,0
06401,0,0,0,0
06401,1,0,0,0
06401,2,0,0,0
06401,3,0,0,0
06401,4,0,0,0
06401,5,0,0,0
06401,6,0,0,0
06401,7,0,0,0
06401,8,0,0,0
06401,9,0,0,0
06401,10,0,0,0
06401,11,0,0,0
06401,12,0,0,0
06401,13,0,0,0
06401,14,0,0,0
06401,15,0,0,0
06401,16,1,0.1271,0
06401,17,0,0,0
06401,18,0,0,0
06401,19,0,0,0
06401,20,0,0,0
06401,21,0,0,0
06401,22,0,0,0
06401,23,0,0,0
06401,24,0,0,0
06401,25,0,0,0
06401,26,0,0,0
06401,27,0,0,0
06401,28,0,0,0
06401,29,0,0,0
06401,30,0,0,0
06401,31,0,0,0
06401,32,2,0.25419,0
06401,33,0,0,0
06401,34,0,0,0
06401,40,33,4.1942,0
06401,43,0,0,0
06401,46,0,0,0
06401,49,0,0,0
06401,52,0,0,0
06401,55,0,0,0
06401,58,0,0,0
06401,61,0,0,0
06402,0,1,0.07055,0
06402,1,2,0.14109,0
06402,2,7,0.49383,0
06402,3,0,0,0
06402,4,1,0.07055,0
06402,5,3,0.21164,0
06402,6,0,0,0
06402,7,0,0,0
06402,8,1,0.07055,0
06402,9,1,0.07055,0
06402,10,2,0.14109,0
06402,11,0,0,0
06402,12,1,0.07055,0
06402,13,0,0,0
06402,14,2,0.14109,0
06402,15,1,0.07055,0
06402,16,3,0.21164,0
06402,17,2,0.14109,0
06402,18,2,0.14109,0
06402,19,2,0.14109,0
06402,20,0,0,0
06402,21,0,0,0
06402,22,0,0,0
06402,23,1,0.07055,0
06402,24,0,0,0
06402,25,0,0,0
06402,26,0,0,0
06402,27,0,0,0
06402,28,3,0.21164,0
06402,29,2,0.14109,0
06402,30,4,0.28219,0
06402,31,3,0.21164,0
06402,32,0,0,0
06402,33,1,0.07055,0
06402,34,3,0.21164,0
06402,40,344,24.26808,0
06402,43,0,0,0
06402,46,1,0.07055,0
06402,49,1,0.07055,0
06402,52,2,0.14109,0
06402,55,5,0.35273,0
06402,58,5,0.35273,0
06402,61,0,0,0
06403,0,0,0,0
06403,1,0,0,0
06403,2,0,0,0
06403,3,0,0,0
06403,4,2,0.27382,0
06403,5,1,0.13691,0
06403,6,0,0,0
06403,7,0,0,0
06403,8,0,0,0
06403,9,0,0,0
06403,10,0,0,0
06403,11,0,0,0
06403,12,0,0,0
06403,13,1,0.13691,0
06403,14,0,0,0
06403,15,0,0,0
06403,16,0,0,0
06403,17,1,0.13691,0
06403,18,2,0.27382,0
06403,19,2,0.27382,0
06403,20,0,0,0
06403,21,1,0.13691,0
06403,22,2,0.27382,0
06403,23,0,0,0
06403,24,0,0,0
06403,25,0,0,0
06403,26,0,0,0
06403,27,1,0.13691,0
06403,28,0,0,0
06403,29,1,0.13691,0
06403,30,4,0.54765,0
06403,31,0,0,0
06403,32,0,0,0
06403,33,0,0,0
06403,34,0,0,0
06403,40,115,15.7448,0
06403,43,0,0,0
06403,46,2,0.27382,0
06403,49,0,0,0
06403,52,1,0.13691,0
06403,55,2,0.27382,0
06403,58,0,0,0
06403,61,0,0,0
06426,0,1,0.1294,0
06426,1,1,0.1294,0
06426,2,1,0.1294,0
06426,3,2,0.2588,0
06426,4,0,0,0
06426,5,5,0.647,0
06426,6,4,0.5176,0
06426,7,4,0.5176,0
06426,8,6,0.7764,0
06426,9,1,0.1294,0
06426,10,1,0.1294,0
06426,11,0,0,0
06426,12,0,0,0
06426,13,2,0.2588,0
06426,14,2,0.2588,0
06426,15,2,0.2588,0
06426,16,0,0,0
06426,17,4,0.5176,0
06426,18,0,0,0
06426,19,3,0.3882,0
06426,20,0,0,0
06426,21,1,0.1294,0
06426,22,3,0.3882,0
06426,23,1,0.1294,0
06426,24,3,0.3882,0
06426,25,2,0.2588,0
06426,26,2,0.2588,0
06426,27,2,0.2588,0
06426,28,3,0.3882,0
06426,29,4,0.5176,0
06426,30,0,0,0
06426,31,1,0.1294,0
06426,32,1,0.1294,0
06426,33,0,0,0
06426,34,1,0.1294,0
06426,40,454,58.74741,0
06426,43,0,0,0
06426,46,2,0.2588,0
06426,49,1,0.1294,0
06426,52,2,0.2588,0
06426,55,4,0.5176,0
06426,58,7,0.9058,0
06426,61,1,0.1294,0
06461,0,0,0,0
06461,1,1,0.07039,0
06461,2,0,0,0
06461,3,2,0.14078,0
06461,4,1,0.07039,0
06461,5,0,0,0
06461,6,0,0,0
06461,7,3,0.21116,0
06461,8,3,0.21116,0
06461,9,0,0,0
06461,10,0,0,0
06461,11,0,0,0
06461,12,1,0.07039,0
06461,13,3,0.21116,0
06461,14,0,0,0
06461,15,2,0.14078,0
06461,16,1,0.07039,0
06461,17,2,0.14078,0
06461,18,0,0,0
06461,19,7,0.49271,0
06461,20,0,0,0
06461,21,0,0,0
06461,22,0,0,0
06461,23,3,0.21116,0
06461,24,0,0,0
06461,25,0,0,0
06461,26,0,0,0
06461,27,0,0,0
06461,28,2,0.14078,0
06461,29,0,0,0
06461,30,2,0.14078,0
06461,31,1,0.07039,0
06461,32,0,0,0
06461,33,0,0,0
06461,34,0,0,0
06461,40,329,23.1576,0
06461,43,0,0,0
06461,46,5,0.35194,0
06461,49,3,0.21116,0
06461,52,3,0.21116,0
06461,55,4,0.28155,0
06461,58,7,0.49271,0
06461,61,2,0.14078,0
07203,0,92,0.27426,1
07203,1,94,0.28023,1
07203,2,86,0.25638,1
07203,3,90,0.2683,1
07203,4,75,0.22358,1
07203,5,79,0.23551,1
07203,6,74,0.2206,1
07203,7,80,0.23849,1
07203,8,61,0.18185,1
07203,9,65,0.19377,1
07203,10,60,0.17887,1
07203,11,81,0.24147,1
07203,12,45,0.13415,1
07203,13,54,0.16098,1
07203,14,42,0.12521,1
07203,15,62,0.18483,1
07203,16,67,0.19974,1
07203,17,50,0.14906,1
07203,18,60,0.17887,1
07203,19,130,0.38755,1
07203,20,0,0,1
07203,21,82,0.24445,1
07203,22,83,0.24743,1
07203,23,61,0.18185,1
07203,24,29,0.08645,1
07203,25,68,0.20272,1
07203,26,86,0.25638,1
07203,27,60,0.17887,1
07203,28,44,0.13117,1
07203,29,58,0.17291,1
07203,30,62,0.18483,1
07203,31,56,0.16694,1
07203,32,51,0.15204,1
07203,33,54,0.16098,1
07203,34,43,0.12819,1
07203,40,17355,51.7374,1
07203,43,0,0,1
07203,46,146,0.43524,1
07203,49,97,0.28917,1
07203,52,132,0.39351,1
07203,55,104,0.31004,1
07203,58,271,0.80788,1
07203,61,79,0.23551,1
07207,0,26,0.33574,1
07207,1,30,0.38739,1
07207,2,35,0.45196,1
07207,3,16,0.20661,1
07207,4,22,0.28409,1
07207,5,25,0.32283,1
07207,6,16,0.20661,1
07207,7,20,0.25826,1
07207,8,18,0.23244,1
07207,9,12,0.15496,1
07207,10,11,0.14204,1
07207,11,23,0.297,1
07207,12,14,0.18078,1
07207,13,9,0.11622,1
07207,14,19,0.24535,1
07207,15,13,0.16787,1
07207,16,10,0.12913,1
07207,17,16,0.20661,1
07207,18,14,0.18078,1
07207,19,27,0.34865,1
07207,20,0,0,1
07207,21,16,0.20661,1
07207,22,18,0.23244,1
07207,23,10,0.12913,1
07207,24,3,0.03874,1
07207,25,15,0.1937,1
07207,26,15,0.1937,1
07207,27,13,0.16787,1
07207,28,6,0.07748,1
07207,29,11,0.14204,1
07207,30,14,0.18078,1
07207,31,16,0.20661,1
07207,32,11,0.14204,1
07207,33,11,0.14204,1
07207,34,13,0.16787,1
07207,40,4082,52.7111,1
07207,43,0,0,1
07207,46,37,0.47778,1
07207,49,18,0.23244,1
07207,52,32,0.41322,1
07207,55,33,0.42613,1
07207,58,61,0.7877,1
07207,61,15,0.1937,1
07209,0,22,0.5706,1
07209,1,24,0.62247,1
07209,2,24,0.62247,1
07209,3,10,0.25936,1
07209,4,19,0.49279,1
07209,5,30,0.77809,1
07209,6,16,0.41498,1
07209,7,15,0.38904,1
07209,8,20,0.51873,1
07209,9,26,0.67434,1
07209,10,19,0.49279,1
07209,11,25,0.64841,1
07209,12,21,0.54466,1
07209,13,25,0.64841,1
07209,14,14,0.36311,1
07209,15,7,0.18155,1
07209,16,36,0.93371,1
07209,17,22,0.5706,1
07209,18,10,0.25936,1
07209,19,24,0.62247,1
07209,20,0,0,1
07209,21,34,0.88183,1
07209,22,15,0.38904,1
07209,23,15,0.38904,1
07209,24,21,0.54466,1
07209,25,14,0.36311,1
07209,26,22,0.5706,1
07209,27,14,0.36311,1
07209,28,5,0.12968,1
07209,29,12,0.31124,1
07209,30,10,0.25936,1
07209,31,8,0.20749,1
07209,32,13,0.33717,1
07209,33,6,0.15562,1
07209,34,17,0.44092,1
07209,40,4464,115.77965,1
07209,43,0,0,1
07209,46,31,0.80403,1
07209,49,15,0.38904,1
07209,52,25,0.64841,1
07209,55,24,0.62247,1
07209,58,38,0.98558,1
07209,61,14,0.36311,1
07210,0,18,0.30948,1
07210,1,14,0.24071,1
07210,2,15,0.2579,1
07210,3,16,0.27509,1
07210,4,16,0.27509,1
07210,5,18,0.30948,1
07210,6,15,0.2579,1
07210,7,9,0.15474,1
07210,8,10,0.17193,1
07210,9,2,0.03439,1
07210,10,11,0.18913,1
07210,11,13,0.22351,1
07210,12,14,0.24071,1
07210,13,13,0.22351,1
07210,14,15,0.2579,1
07210,15,10,0.17193,1
07210,16,5,0.08597,1
07210,17,9,0.15474,1
07210,18,7,0.12035,1
07210,19,19,0.32667,1
07210,20,0,0,1
07210,21,5,0.08597,1
07210,22,6,0.10316,1
07210,23,16,0.27509,1
07210,24,3,0.05158,1
07210,25,9,0.15474,1
07210,26,15,0.2579,1
07210,27,9,0.15474,1
07210,28,5,0.08597,1
07210,29,13,0.22351,1
07210,30,4,0.06877,1
07210,31,12,0.20632,1
07210,32,14,0.24071,1
07210,33,9,0.15474,1
07210,34,12,0.20632,1
07210,40,2926,50.30776,1
07210,43,0,0,1
07210,46,44,0.75651,1
07210,49,28,0.48141,1
07210,52,29,0.49861,1
07210,55,20,0.34387,1
07210,58,43,0.73931,1
07210,61,3,0.05158,1
07212,0,15,0.25953,1
07212,1,21,0.36334,1
07212,2,42,0.72668,1
07212,3,22,0.38064,1
07212,4,15,0.25953,1
07212,5,45,0.77859,1
07212,6,13,0.22493,1
07212,7,29,0.50176,1
07212,8,24,0.41525,1
07212,9,26,0.44985,1
07212,10,33,0.57096,1
07212,11,26,0.44985,1
07212,12,29,0.50176,1
07212,13,25,0.43255,1
07212,14,32,0.55366,1
07212,15,24,0.41525,1
07212,16,30,0.51906,1
07212,17,43,0.74398,1
07212,18,26,0.44985,1
07212,19,67,1.15923,1
07212,20,0,0,1
07212,21,30,0.51906,1
07212,22,27,0.46715,1
07212,23,33,0.57096,1
07212,24,12,0.20762,1
07212,25,26,0.44985,1
07212,26,35,0.60557,1
07212,27,46,0.79589,1
07212,28,30,0.51906,1
07212,29,31,0.53636,1
07212,30,35,0.60557,1
07212,31,54,0.9343,1
07212,32,34,0.58827,1
07212,33,39,0.67478,1
07212,34,23,0.39794,1
07212,40,8010,138.58851,1
07212,43,0,0,1
07212,46,68,1.17653,1
07212,49,75,1.29765,1
07212,52,54,0.9343,1
07212,55,60,1.03812,1
07212,58,83,1.43606,1
07212,61,32,0.55366,1
07213,0,9,0.14423,1
07213,1,15,0.24038,1
07213,2,11,0.17628,1
07213,3,19,0.30449,1
07213,4,16,0.25641,1
07213,5,16,0.25641,1
07213,6,4,0.0641,1
07213,7,18,0.28846,1
07213,8,20,0.32051,1
07213,9,9,0.14423,1
07213,10,19,0.30449,1
07213,11,1,0.01603,1
07213,12,12,0.19231,1
07213,13,15,0.24038,1
07213,14,14,0.22436,1
07213,15,6,0.09615,1
07213,16,10,0.16026,1
07213,17,20,0.32051,1
07213,18,17,0.27244,1
07213,19,23,0.36859,1
07213,20,0,0,1
07213,21,7,0.11218,1
07213,22,12,0.19231,1
07213,23,5,0.08013,1
07213,24,9,0.14423,1
07213,25,20,0.32051,1
07213,26,12,0.19231,1
07213,27,6,0.09615,1
07213,28,13,0.20833,1
07213,29,6,0.09615,1
07213,30,8,0.12821,1
07213,31,13,0.20833,1
07213,32,12,0.19231,1
07213,33,11,0.17628,1
07213,34,8,0.12821,1
07213,40,3331,53.38141,1
07213,43,0,0,1
07213,46,33,0.52885,1
07213,49,31,0.49679,1
07213,52,34,0.54487,1
07213,55,47,0.75321,1
07213,58,38,0.60897,1
07213,61,26,0.41667,1
07214,0,9,0.29104,1
07214,1,10,0.32337,1
07214,2,11,0.35571,1
07214,3,12,0.38805,1
07214,4,8,0.2587,1
07214,5,10,0.32337,1
07214,6,10,0.32337,1
07214,7,7,0.22636,1
07214,8,10,0.32337,1
07214,9,10,0.32337,1
07214,10,8,0.2587,1
07214,11,6,0.19402,1
07214,12,8,0.2587,1
07214,13,9,0.29104,1
07214,14,2,0.06467,1
07214,15,10,0.32337,1
07214,16,2,0.06467,1
07214,17,12,0.38805,1
07214,18,2,0.06467,1
07214,19,8,0.2587,1
07214,20,0,0,1
07214,21,8,0.2587,1
07214,22,10,0.32337,1
07214,23,10,0.32337,1
07214,24,2,0.06467,1
07214,25,14,0.45272,1
07214,26,14,0.45272,1
07214,27,8,0.2587,1
07214,28,8,0.2587,1
07214,29,5,0.16169,1
07214,30,4,0.12935,1
07214,31,3,0.09701,1
07214,32,13,0.42039,1
07214,33,3,0.09701,1
07214,34,5,0.16169,1
07214,40,1915,61.92601,1
07214,43,0,0,1
07214,46,20,0.64675,1
07214,49,10,0.32337,1
07214,52,17,0.54973,1
07214,55,21,0.67908,1
07214,58,31,1.00246,1
07214,61,12,0.38805,1
07301,0,5,0.40746,1
07301,1,3,0.24448,1
07301,2,4,0.32597,1
07301,3,2,0.16299,1
07301,4,2,0.16299,1
07301,5,4,0.32597,1
07301,6,4,0.32597,1
07301,7,2,0.16299,1
07301,8,1,0.08149,1
07301,9,5,0.40746,1
07301,10,1,0.08149,1
07301,11,4,0.32597,1
07301,12,3,0.24448,1
07301,13,7,0.57045,1
07301,14,1,0.08149,1
07301,15,1,0.08149,1
07301,16,0,0,1
07301,17,2,0.16299,1
07301,18,2,0.16299,1
07301,19,2,0.16299,1
07301,20,0,0,1
07301,21,4,0.32597,1
07301,22,3,0.24448,1
07301,23,0,0,1
07301,24,0,0,1
07301,25,1,0.08149,1
07301,26,2,0.16299,1
07301,27,3,0.24448,1
07301,28,0,0,1
07301,29,1,0.08149,1
07301,30,0,0,1
07301,31,0,0,1
07301,32,2,0.16299,1
07301,33,0,0,1
07301,34,1,0.08149,1
07301,40,627,51.09608,1
07301,43,0,0,1
07301,46,5,0.40746,1
07301,49,11,0.89642,1
07301,52,4,0.32597,1
07301,55,5,0.40746,1
07301,58,10,0.81493,1
07301,61,3,0.24448,1
07303,0,2,0.21026,1
07303,1,1,0.10513,1
07303,2,1,0.10513,1
07303,3,1,0.10513,1
07303,4,3,0.31539,1
07303,5,2,0.21026,1
07303,6,2,0.21026,1
07303,7,1,0.10513,1
07303,8,1,0.10513,1
07303,9,0,0,1
07303,10,3,0.31539,1
07303,11,15,1.57696,1
07303,12,1,0.10513,1
07303,13,0,0,1
07303,14,4,0.42052,1
07303,15,1,0.10513,1
07303,16,1,0.10513,1
07303,17,1,0.10513,1
07303,18,0,0,1
07303,19,7,0.73591,1
07303,20,0,0,1
07303,21,2,0.21026,1
07303,22,0,0,1
07303,23,1,0.10513,1
07303,24,0,0,1
07303,25,1,0.10513,1
07303,26,3,0.31539,1
07303,27,2,0.21026,1
07303,28,0,0,1
07303,29,0,0,1
07303,30,2,0.21026,1
07303,31,1,0.10513,1
07303,32,0,0,1
07303,33,1,0.10513,1
07303,34,1,0.10513,1
07303,40,447,46.99327,1
07303,43,0,0,1
07303,46,3,0.31539,1
07303,49,2,0.21026,1
07303,52,5,0.52565,1
07303,55,3,0.31539,1
07303,58,6,0.63078,1
07303,61,0,0,1
07308,0,5,0.34597,1
07308,1,7,0.48436,1
07308,2,1,0.06919,1
07308,3,1,0.06919,1
07308,4,2,0.13839,1
07308,5,2,0.13839,1
07308,6,2,0.13839,1
07308,7,0,0,1
07308,8,3,0.20758,1
07308,9,3,0.20758,1
07308,10,4,0.27678,1
07308,11,1,0.06919,1
07308,12,2,0.13839,1
07308,13,1,0.06919,1
07308,14,6,0.41517,1
07308,15,0,0,1
07308,16,5,0.34597,1
07308,17,2,0.13839,1
07308,18,3,0.20758,1
07308,19,9,0.62275,1
07308,20,0,0,1
07308,21,3,0.20758,1
07308,22,2,0.13839,1
07308,23,3,0.20758,1
07308,24,1,0.06919,1
07308,25,4,0.27678,1
07308,26,2,0.13839,1
07308,27,2,0.13839,1
07308,28,4,0.27678,1
07308,29,2,0.13839,1
07308,30,5,0.34597,1
07308,31,4,0.27678,1
07308,32,2,0.13839,1
07308,33,3,0.20758,1
07308,34,1,0.06919,1
07308,40,863,59.71492,1
07308,43,0,0,1
07308,46,20,1.38389,1
07308,49,3,0.20758,1
07308,52,2,0.13839,1
07308,55,8,0.55356,1
07308,58,9,0.62275,1
07308,61,4,0.27678,1
07322,0,5,0.5761,1
07322,1,5,0.5761,1
07322,2,3,0.34566,1
07322,3,6,0.69132,1
07322,4,2,0.23044,1
07322,5,3,0.34566,1
07322,6,6,0.69132,1
07322,7,6,0.69132,1
07322,8,3,0.34566,1
07322,9,2,0.23044,1
07322,10,4,0.46088,1
07322,11,3,0.34566,1
07322,12,4,0.46088,1
07322,13,3,0.34566,1
07322,14,6,0.69132,1
07322,15,3,0.34566,1
07322,16,4,0.46088,1
07322,17,3,0.34566,1
07322,18,6,0.69132,1
07322,19,10,1.15221,1
07322,20,0,0,1
07322,21,4,0.46088,1
07322,22,2,0.23044,1
07322,23,7,0.80654,1
07322,24,2,0.23044,1
07322,25,5,0.5761,1
07322,26,6,0.69132,1
07322,27,3,0.34566,1
07322,28,4,0.46088,1
07322,29,2,0.23044,1
07322,30,1,0.11522,1
07322,31,3,0.34566,1
07322,32,3,0.34566,1
07322,33,3,0.34566,1
07322,34,2,0.23044,1
07322,40,988,113.838,1
07322,43,0,0,1
07322,46,16,1.84353,1
07322,49,6,0.69132,1
07322,52,5,0.5761,1
07322,55,6,0.69132,1
07322,58,9,1.03699,1
07322,61,2,0.23044,1
07342,0,4,0.32036,1
07342,1,6,0.48054,1
07342,2,0,0,1
07342,3,1,0.08009,1
07342,4,4,0.32036,1
07342,5,5,0.40045,1
07342,6,7,0.56063,1
07342,7,8,0.64072,1
07342,8,0,0,1
07342,9,1,0.08009,1
07342,10,1,0.08009,1
07342,11,1,0.08009,1
07342,12,3,0.24027,1
07342,13,2,0.16018,1
07342,14,5,0.40045,1
07342,15,1,0.08009,1
07342,16,1,0.08009,1
07342,17,1,0.08009,1
07342,18,2,0.16018,1
07342,19,11,0.88099,1
07342,20,0,0,1
07342,21,0,0,1
07342,22,2,0.16018,1
07342,23,2,0.16018,1
07342,24,1,0.08009,1
07342,25,2,0.16018,1
07342,26,1,0.08009,1
07342,27,2,0.16018,1
07342,28,1,0.08009,1
07342,29,4,0.32036,1
07342,30,2,0.16018,1
07342,31,1,0.08009,1
07342,32,2,0.16018,1
07342,33,2,0.16018,1
07342,34,7,0.56063,1
07342,40,759,60.78808,1
07342,43,0,0,1
07342,46,7,0.56063,1
07342,49,4,0.32036,1
07342,52,5,0.40045,1
07342,55,5,0.40045,1
07342,58,14,1.12126,1
07342,61,2,0.16018,1
07344,0,1,0.17822,1
07344,1,1,0.17822,1
07344,2,2,0.35644,1
07344,3,2,0.35644,1
07344,4,2,0.35644,1
07344,5,2,0.35644,1
07344,6,1,0.17822,1
07344,7,1,0.17822,1
07344,8,0,0,1
07344,9,0,0,1
07344,10,0,0,1
07344,11,2,0.35644,1
07344,12,3,0.53466,1
07344,13,2,0.35644,1
07344,14,1,0.17822,1
07344,15,0,0,1
07344,16,0,0,1
07344,17,2,0.35644,1
07344,18,2,0.35644,1
07344,19,1,0.17822,1
07344,20,0,0,1
07344,21,0,0,1
07344,22,0,0,1
07344,23,0,0,1
07344,24,0,0,1
07344,25,2,0.35644,1
07344,26,0,0,1
07344,27,1,0.17822,1
07344,28,0,0,1
07344,29,0,0,1
07344,30,2,0.35644,1
07344,31,1,0.17822,1
07344,32,0,0,1
07344,33,1,0.17822,1
07344,34,1,0.17822,1
07344,40,272,48.47621,1
07344,43,0,0,1
07344,46,3,0.53466,1
07344,49,0,0,1
07344,52,2,0.35644,1
07344,55,2,0.35644,1
07344,58,2,0.35644,1
07344,61,0,0,1
07362,0,0,0,0
07362,1,0,0,0
07362,2,0,0,0
07362,3,0,0,0
07362,4,0,0,0
07362,5,0,0,0
07362,6,2,0.34483,0
07362,7,1,0.17241,0
07362,8,0,0,0
07362,9,0,0,0
07362,10,0,0,0
07362,11,0,0,0
07362,12,0,0,0
07362,13,0,0,0
07362,14,0,0,0
07362,15,1,0.17241,0
07362,16,1,0.17241,0
07362,17,0,0,0
07362,18,0,0,0
07362,19,1,0.17241,0
07362,20,0,0,0
07362,21,0,0,0
07362,22,0,0,0
07362,23,0,0,0
07362,24,0,0,0
07362,25,0,0,0
07362,26,0,0,0
07362,27,0,0,0
07362,28,1,0.17241,0
07362,29,2,0.34483,0
07362,30,1,0.17241,0
07362,31,0,0,0
07362,32,0,0,0
07362,33,1,0.17241,0
07362,34,0,0,0
07362,40,93,16.03448,0
07362,43,0,0,0
07362,46,1,0.17241,0
07362,49,2,0.34483,0
07362,52,0,0,0
07362,55,0,0,0
07362,58,0,0,0
07362,61,0,0,0
07402,0,0,0,0
07402,1,0,0,0
07402,2,0,0,0
07402,3,0,0,0
07402,4,0,0,0
07402,5,0,0,0
07402,6,1,0.35323,0
07402,7,0,0,0
07402,8,0,0,0
07402,9,0,0,0
07402,10,0,0,0
07402,11,0,0,0
07402,12,1,0.35323,0
07402,13,0,0,0
07402,14,0,0,0
07402,15,1,0.35323,0
07402,16,0,0,0
07402,17,0,0,0
07402,18,0,0,0
07402,19,0,0,0
07402,20,0,0,0
07402,21,0,0,0
07402,22,0,0,0
07402,23,0,0,0
07402,24,0,0,0
07402,25,0,0,0
07402,26,0,0,0
07402,27,0,0,0
07402,28,0,0,0
07402,29,0,0,0
07402,30,0,0,0
07402,31,0,0,0
07402,32,0,0,0
07402,33,0,0,0
07402,34,0,0,0
07402,40,48,16.95514,0
07402,43,0,0,0
07402,46,0,0,0
07402,49,0,0,0
07402,52,0,0,0
07402,55,0,0,0
07402,58,0,0,0
07402,61,0,0,0
07405,0,0,0,0
07405,1,0,0,0
07405,2,0,0,0
07405,3,1,0.15193,0
07405,4,0,0,0
07405,5,0,0,0
07405,6,0,0,0
07405,7,1,0.15193,0
07405,8,0,0,0
07405,9,0,0,0
07405,10,0,0,0
07405,11,0,0,0
07405,12,0,0,0
07405,13,0,0,0
07405,14,0,0,0
07405,15,0,0,0
07405,16,0,0,0
07405,17,0,0,0
07405,18,0,0,0
07405,19,0,0,0
07405,20,0,0,0
07405,21,0,0,0
07405,22,1,0.15193,0
07405,23,0,0,0
07405,24,0,0,0
07405,25,0,0,0
07405,26,0,0,0
07405,27,0,0,0
07405,28,0,0,0
07405,29,1,0.15193,0
07405,30,0,0,0
07405,31,1,0.15193,0
07405,32,0,0,0
07405,33,0,0,0
07405,34,0,0,0
07405,40,27,4.1021,0
07405,43,0,0,0
07405,46,0,0,0
07405,49,0,0,0
07405,52,2,0.30386,0
07405,55,0,0,0
07405,58,0,0,0
07405,61,0,0,0
07407,0,0,0,1
07407,1,0,0,1
07407,2,1,0.27941,1
07407,3,0,0,1
07407,4,1,0.27941,1
07407,5,0,0,1
07407,6,0,0,1
07407,7,2,0.55882,1
07407,8,0,0,1
07407,9,0,0,1
07407,10,0,0,1
07407,11,0,0,1
07407,12,0,0,1
07407,13,1,0.27941,1
07407,14,0,0,1
07407,15,0,0,1
07407,16,0,0,1
07407,17,2,0.55882,1
07407,18,0,0,1
07407,19,1,0.27941,1
07407,20,0,0,1
07407,21,0,0,1
07407,22,0,0,1
07407,23,1,0.27941,1
07407,24,0,0,1
07407,25,0,0,1
07407,26,0,0,1
07407,27,0,0,1
07407,28,1,0.27941,1
07407,29,0,0,1
07407,30,1,0.27941,1
07407,31,2,0.55882,1
07407,32,0,0,1
07407,33,1,0.27941,1
07407,34,0,0,1
07407,40,102,28.49958,1
07407,43,0,0,1
07407,46,1,0.27941,1
07407,49,0,0,1
07407,52,0,0,1
07407,55,2,0.55882,1
07407,58,1,0.27941,1
07407,61,1,0.27941,1
07408,0,0,0,1
07408,1,0,0,1
07408,2,1,0.0665,1
07408,3,1,0.0665,1
07408,4,4,0.26601,1
07408,5,3,0.19951,1
07408,6,3,0.19951,1
07408,7,4,0.26601,1
07408,8,0,0,1
07408,9,0,0,1
07408,10,0,0,1
07408,11,2,0.13301,1
07408,12,2,0.13301,1
07408,13,1,0.0665,1
07408,14,0,0,1
07408,15,1,0.0665,1
07408,16,3,0.19951,1
07408,17,0,0,1
07408,18,1,0.0665,1
07408,19,3,0.19951,1
07408,20,0,0,1
07408,21,0,0,1
07408,22,0,0,1
07408,23,2,0.13301,1
07408,24,0,0,1
07408,25,0,0,1
07408,26,0,0,1
07408,27,3,0.19951,1
07408,28,0,0,1
07408,29,0,0,1
07408,30,4,0.26601,1
07408,31,3,0.19951,1
07408,32,0,0,1
07408,33,1,0.0665,1
07408,34,0,0,1
07408,40,377,25.07149,1
07408,43,0,0,1
07408,46,0,0,1
07408,49,2,0.13301,1
07408,52,2,0.13301,1
07408,55,1,0.0665,1
07408,58,2,0.13301,1
07408,61,3,0.19951,1
07421,0,0,0,1
07421,1,1,0.06134,1
07421,2,1,0.06134,1
07421,3,1,0.06134,1
07421,4,4,0.24535,1
07421,5,8,0.49071,1
07421,6,3,0.18402,1
07421,7,2,0.12268,1
07421,8,0,0,1
07421,9,1,0.06134,1
07421,10,1,0.06134,1
07421,11,1,0.06134,1
07421,12,0,0,1
07421,13,1,0.06134,1
07421,14,2,0.12268,1
07421,15,3,0.18402,1
07421,16,1,0.06134,1
07421,17,1,0.06134,1
07421,18,1,0.06134,1
07421,19,5,0.30669,1
07421,20,0,0,1
07421,21,1,0.06134,1
07421,22,2,0.12268,1
07421,23,1,0.06134,1
07421,24,0,0,1
07421,25,0,0,1
07421,26,1,0.06134,1
07421,27,3,0.18402,1
07421,28,1,0.06134,1
07421,29,1,0.06134,1
07421,30,3,0.18402,1
07421,31,1,0.06134,1
07421,32,1,0.06134,1
07421,33,0,0,1
07421,34,0,0,1
07421,40,392,24.04465,1
07421,43,0,0,1
07421,46,2,0.12268,1
07421,49,4,0.24535,1
07421,52,2,0.12268,1
07421,55,3,0.18402,1
07421,58,2,0.12268,1
07421,61,1,0.06134,1
07422,0,0,0,1
07422,1,0,0,1
07422,2,0,0,1
07422,3,2,0.62383,1
07422,4,2,0.62383,1
07422,5,1,0.31192,1
07422,6,2,0.62383,1
07422,7,0,0,1
07422,8,0,0,1
07422,9,0,0,1
07422,10,1,0.31192,1
07422,11,0,0,1
07422,12,0,0,1
07422,13,0,0,1
07422,14,0,0,1
07422,15,1,0.31192,1
07422,16,1,0.31192,1
07422,17,0,0,1
07422,18,3,0.93575,1
07422,19,1,0.31192,1
07422,20,0,0,1
07422,21,0,0,1
07422,22,2,0.62383,1
07422,23,1,0.31192,1
07422,24,0,0,1
07422,25,0,0,1
07422,26,2,0.62383,1
07422,27,2,0.62383,1
07422,28,0,0,1
07422,29,0,0,1
07422,30,0,0,1
07422,31,0,0,1
07422,32,0,0,1
07422,33,1,0.31192,1
07422,34,0,0,1
07422,40,161,50.21834,1
07422,43,0,0,1
07422,46,0,0,1
07422,49,0,0,1
07422,52,1,0.31192,1
07422,55,1,0.31192,1
07422,58,1,0.31192,1
07422,61,0,0,1
07423,0,0,0,0
07423,1,0,0,0
07423,2,1,0.28281,0
07423,3,1,0.28281,0
07423,4,0,0,0
07423,5,0,0,0
07423,6,2,0.56561,0
07423,7,1,0.28281,0
07423,8,0,0,0
07423,9,0,0,0
07423,10,0,0,0
07423,11,0,0,0
07423,12,0,0,0
07423,13,0,0,0
07423,14,0,0,0
07423,15,0,0,0
07423,16,0,0,0
07423,17,0,0,0
07423,18,0,0,0
07423,19,1,0.28281,0
07423,20,0,0,0
07423,21,0,0,0
07423,22,0,0,0
07423,23,0,0,0
07423,24,0,0,0
07423,25,0,0,0
07423,26,0,0,0
07423,27,0,0,0
07423,28,0,0,0
07423,29,0,0,0
07423,30,0,0,0
07423,31,2,0.56561,0
07423,32,0,0,0
07423,33,1,0.28281,0
07423,34,0,0,0
07423,40,79,22.34163,0
07423,43,0,0,0
07423,46,1,0.28281,0
07423,49,1,0.28281,0
07423,52,0,0,0
07423,55,0,0,0
07423,58,0,0,0
07423,61,0,0,0
07444,0,0,0,0
07444,1,0,0,0
07444,2,0,0,0
07444,3,0,0,0
07444,4,0,0,0
07444,5,0,0,0
07444,6,0,0,0
07444,7,0,0,0
07444,8,0,0,0
07444,9,0,0,0
07444,10,0,0,0
07444,11,0,0,0
07444,12,0,0,0
07444,13,0,0,0
07444,14,0,0,0
07444,15,0,0,0
07444,16,0,0,0
07444,17,0,0,0
07444,18,0,0,0
07444,19,1,0.59952,0
07444,20,0,0,0
07444,21,0,0,0
07444,22,0,0,0
07444,23,0,0,0
07444,24,0,0,0
07444,25,0,0,0
07444,26,0,0,0
07444,27,0,0,0
07444,28,1,0.59952,0
07444,29,0,0,0
07444,30,0,0,0
07444,31,0,0,0
07444,32,0,0,0
07444,33,0,0,0
07444,34,1,0.59952,0
07444,40,33,19.78417,0
07444,43,0,0,0
07444,46,0,0,0
07444,49,0,0,0
07444,52,0,0,0
07444,55,0,0,0
07444,58,0,0,0
07444,61,0,0,0
07446,0,0,0,0
07446,1,0,0,0
07446,2,0,0,0
07446,3,0,0,0
07446,4,0,0,0
07446,5,0,0,0
07446,6,0,0,0
07446,7,0,0,0
07446,8,0,0,0
07446,9,0,0,0
07446,10,0,0,0
07446,11,0,0,0
07446,12,0,0,0
07446,13,1,0.75643,0
07446,14,0,0,0
07446,15,0,0,0
07446,16,0,0,0
07446,17,0,0,0
07446,18,0,0,0
07446,19,0,0,0
07446,20,0,0,0
07446,21,0,0,0
07446,22,0,0,0
07446,23,0,0,0
07446,24,0,0,0
07446,25,0,0,0
07446,26,0,0,0
07446,27,0,0,0
07446,28,0,0,0
07446,29,0,0,0
07446,30,0,0,0
07446,31,0,0,0
07446,32,0,0,0
07446,33,0,0,0
07446,34,0,0,0
07446,40,9,6.80787,0
07446,43,0,0,0
07446,46,0,0,0
07446,49,0,0,0
07446,52,0,0,0
07446,55,1,0.75643,0
07446,58,0,0,0
07446,61,0,0,0
07447,0,4,0.19127,1
07447,1,3,0.14345,1
07447,2,2,0.09563,1
07447,3,8,0.38254,1
07447,4,5,0.23909,1
07447,5,2,0.09563,1
07447,6,1,0.04782,1
07447,7,3,0.14345,1
07447,8,1,0.04782,1
07447,9,0,0,1
07447,10,8,0.38254,1
07447,11,15,0.71726,1
07447,12,0,0,1
07447,13,1,0.04782,1
07447,14,1,0.04782,1
07447,15,1,0.04782,1
07447,16,3,0.14345,1
07447,17,3,0.14345,1
07447,18,1,0.04782,1
07447,19,5,0.23909,1
07447,20,0,0,1
07447,21,3,0.14345,1
07447,22,0,0,1
07447,23,0,0,1
07447,24,0,0,1
07447,25,2,0.09563,1
07447,26,3,0.14345,1
07447,27,5,0.23909,1
07447,28,2,0.09563,1
07447,29,4,0.19127,1
07447,30,1,0.04782,1
07447,31,4,0.19127,1
07447,32,4,0.19127,1
07447,33,1,0.04782,1
07447,34,1,0.04782,1
07447,40,598,28.59465,1
07447,43,0,0,1
07447,46,7,0.33472,1
07447,49,2,0.09563,1
07447,52,3,0.14345,1
07447,55,5,0.23909,1
07447,58,4,0.19127,1
07447,61,2,0.09563,1
07461,0,5,0.24604,1
07461,1,5,0.24604,1
07461,2,11,0.54129,1
07461,3,10,0.49208,1
07461,4,3,0.14762,1
07461,5,8,0.39366,1
07461,6,10,0.49208,1
07461,7,4,0.19683,1
07461,8,4,0.19683,1
07461,9,6,0.29525,1
07461,10,3,0.14762,1
07461,11,7,0.34445,1
07461,12,3,0.14762,1
07461,13,12,0.59049,1
07461,14,1,0.04921,1
07461,15,4,0.19683,1
07461,16,2,0.09842,1
07461,17,5,0.24604,1
07461,18,3,0.14762,1
07461,19,13,0.6397,1
07461,20,0,0,1
07461,21,5,0.24604,1
07461,22,7,0.34445,1
07461,23,5,0.24604,1
07461,24,5,0.24604,1
07461,25,2,0.09842,1
07461,26,4,0.19683,1
07461,27,1,0.04921,1
07461,28,21,1.03336,1
07461,29,6,0.29525,1
07461,30,5,0.24604,1
07461,31,7,0.34445,1
07461,32,10,0.49208,1
07461,33,3,0.14762,1
07461,34,20,0.98416,1
07461,40,1569,77.20697,1
07461,43,0,0,1
07461,46,24,1.18099,1
07461,49,13,0.6397,1
07461,52,17,0.83653,1
07461,55,7,0.34445,1
07461,58,23,1.13178,1
07461,61,1,0.04921,1
07464,0,4,0.61586,1
07464,1,0,0,1
07464,2,4,0.61586,1
07464,3,2,0.30793,1
07464,4,1,0.15396,1
07464,5,7,1.07775,1
07464,6,2,0.30793,1
07464,7,2,0.30793,1
07464,8,2,0.30793,1
07464,9,0,0,1
07464,10,2,0.30793,1
07464,11,1,0.15396,1
07464,12,2,0.30793,1
07464,13,0,0,1
07464,14,1,0.15396,1
07464,15,1,0.15396,1
07464,16,0,0,1
07464,17,1,0.15396,1
07464,18,2,0.30793,1
07464,19,3,0.46189,1
07464,20,0,0,1
07464,21,1,0.15396,1
07464,22,1,0.15396,1
07464,23,1,0.15396,1
07464,24,1,0.15396,1
07464,25,1,0.15396,1
07464,26,1,0.15396,1
07464,27,1,0.15396,1
07464,28,2,0.30793,1
07464,29,0,0,1
07464,30,0,0,1
07464,31,3,0.46189,1
07464,32,0,0,1
07464,33,1,0.15396,1
07464,34,1,0.15396,1
07464,40,457,70.36182,1
07464,43,0,0,1
07464,46,2,0.30793,1
07464,49,4,0.61586,1
07464,52,2,0.30793,1
07464,55,1,0.15396,1
07464,58,6,0.92379,1
07464,61,0,0,1
07465,0,0,0,1
07465,1,0,0,1
07465,2,2,0.39992,1
07465,3,1,0.19996,1
07465,4,3,0.59988,1
07465,5,0,0,1
07465,6,0,0,1
07465,7,5,0.9998,1
07465,8,2,0.39992,1
07465,9,2,0.39992,1
07465,10,1,0.19996,1
07465,11,2,0.39992,1
07465,12,1,0.19996,1
07465,13,1,0.19996,1
07465,14,0,0,1
07465,15,2,0.39992,1
07465,16,1,0.19996,1
07465,17,2,0.39992,1
07465,18,0,0,1
07465,19,7,1.39972,1
07465,20,0,0,1
07465,21,1,0.19996,1
07465,22,0,0,1
07465,23,2,0.39992,1
07465,24,1,0.19996,1
07465,25,1,0.19996,1
07465,26,0,0,1
07465,27,0,0,1
07465,28,1,0.19996,1
07465,29,0,0,1
07465,30,3,0.59988,1
07465,31,2,0.39992,1
07465,32,1,0.19996,1
07465,33,0,0,1
07465,34,2,0.39992,1
07465,40,351,70.18596,1
07465,43,0,0,1
07465,46,3,0.59988,1
07465,49,2,0.39992,1
07465,52,1,0.19996,1
07465,55,1,0.19996,1
07465,58,6,1.19976,1
07465,61,2,0.39992,1
07466,0,3,0.17271,1
07466,1,1,0.05757,1
07466,2,1,0.05757,1
07466,3,3,0.17271,1
07466,4,3,0.17271,1
07466,5,8,0.46056,1
07466,6,8,0.46056,1
07466,7,5,0.28785,1
07466,8,4,0.23028,1
07466,9,2,0.11514,1
07466,10,4,0.23028,1
07466,11,0,0,1
07466,12,2,0.11514,1
07466,13,7,0.40299,1
07466,14,1,0.05757,1
07466,15,2,0.11514,1
07466,16,3,0.17271,1
07466,17,7,0.40299,1
07466,18,3,0.17271,1
07466,19,8,0.46056,1
07466,20,0,0,1
07466,21,1,0.05757,1
07466,22,7,0.40299,1
07466,23,2,0.11514,1
07466,24,4,0.23028,1
07466,25,2,0.11514,1
07466,26,2,0.11514,1
07466,27,5,0.28785,1
07466,28,2,0.11514,1
07466,29,2,0.11514,1
07466,30,0,0,1
07466,31,5,0.28785,1
07466,32,5,0.28785,1
07466,33,7,0.40299,1
07466,34,2,0.11514,1
07466,40,1148,66.09096,1
07466,43,0,0,1
07466,46,9,0.51813,1
07466,49,3,0.17271,1
07466,52,7,0.40299,1
07466,55,6,0.34542,1
07466,58,8,0.46056,1
07466,61,4,0.23028,1
07481,0,3,0.20986,1
07481,1,4,0.27982,1
07481,2,4,0.27982,1
07481,3,1,0.06995,1
07481,4,2,0.13991,1
07481,5,2,0.13991,1
07481,6,2,0.13991,1
07481,7,3,0.20986,1
07481,8,5,0.34977,1
07481,9,4,0.27982,1
07481,10,2,0.13991,1
07481,11,0,0,1
07481,12,2,0.13991,1
07481,13,2,0.13991,1
07481,14,5,0.34977,1
07481,15,3,0.20986,1
07481,16,2,0.13991,1
07481,17,5,0.34977,1
07481,18,2,0.13991,1
07481,19,7,0.48968,1
07481,20,0,0,1
07481,21,3,0.20986,1
07481,22,3,0.20986,1
07481,23,1,0.06995,1
07481,24,2,0.13991,1
07481,25,8,0.55964,1
07481,26,5,0.34977,1
07481,27,2,0.13991,1
07481,28,1,0.06995,1
07481,29,5,0.34977,1
07481,30,1,0.06995,1
07481,31,2,0.13991,1
07481,32,6,0.41973,1
07481,33,2,0.13991,1
07481,34,4,0.27982,1
07481,40,750,52.4659,1
07481,43,0,0,1
07481,46,2,0.13991,1
07481,49,0,0,1
07481,52,4,0.27982,1
07481,55,7,0.48968,1
07481,58,11,0.7695,1
07481,61,2,0.13991,1
07482,0,2,0.33613,1
07482,1,3,0.5042,1
07482,2,0,0,1
07482,3,0,0,1
07482,4,2,0.33613,1
07482,5,2,0.33613,1
07482,6,6,1.0084,1
07482,7,2,0.33613,1
07482,8,0,0,1
07482,9,0,0,1
07482,10,0,0,1
07482,11,1,0.16807,1
07482,12,1,0.16807,1
07482,13,2,0.33613,1
07482,14,3,0.5042,1
07482,15,1,0.16807,1
07482,16,0,0,1
07482,17,2,0.33613,1
07482,18,2,0.33613,1
07482,19,3,0.5042,1
07482,20,0,0,1
07482,21,1,0.16807,1
07482,22,0,0,1
07482,23,0,0,1
07482,24,1,0.16807,1
07482,25,2,0.33613,1
07482,26,1,0.16807,1
07482,27,1,0.16807,1
07482,28,0,0,1
07482,29,0,0,1
07482,30,0,0,1
07482,31,0,0,1
07482,32,0,0,1
07482,33,1,0.16807,1
07482,34,2,0.33613,1
07482,40,310,52.10084,1
07482,43,0,0,1
07482,46,3,0.5042,1
07482,49,2,0.33613,1
07482,52,3,0.5042,1
07482,55,9,1.51261,1
07482,58,2,0.33613,1
07482,61,2,0.33613,1
07483,0,2,0.21841,1
07483,1,1,0.10921,1
07483,2,3,0.32762,1
07483,3,1,0.10921,1
07483,4,5,0.54603,1
07483,5,1,0.10921,1
07483,6,2,0.21841,1
07483,7,0,0,1
07483,8,1,0.10921,1
07483,9,1,0.10921,1
07483,10,3,0.32762,1
07483,11,0,0,1
07483,12,0,0,1
07483,13,1,0.10921,1
07483,14,3,0.32762,1
07483,15,1,0.10921,1
07483,16,2,0.21841,1
07483,17,4,0.43682,1
07483,18,0,0,1
07483,19,1,0.10921,1
07483,20,0,0,1
07483,21,1,0.10921,1
07483,22,1,0.10921,1
07483,23,0,0,1
07483,24,0,0,1
07483,25,2,0.21841,1
07483,26,0,0,1
07483,27,1,0.10921,1
07483,28,3,0.32762,1
07483,29,1,0.10921,1
07483,30,0,0,1
07483,31,3,0.32762,1
07483,32,3,0.32762,1
07483,33,1,0.10921,1
07483,34,2,0.21841,1
07483,40,489,53.40177,1
07483,43,0,0,1
07483,46,4,0.43682,1
07483,49,1,0.10921,1
07483,52,1,0.10921,1
07483,55,7,0.76444,1
07483,58,6,0.65524,1
07483,61,0,0,1
07484,0,3,0.83869,1
07484,1,0,0,1
07484,2,3,0.83869,1
07484,3,1,0.27956,1
07484,4,0,0,1
07484,5,1,0.27956,1
07484,6,4,1.11826,1
07484,7,1,0.27956,1
07484,8,0,0,1
07484,9,0,0,1
07484,10,0,0,1
07484,11,1,0.27956,1
07484,12,0,0,1
07484,13,0,0,1
07484,14,0,0,1
07484,15,1,0.27956,1
07484,16,2,0.55913,1
07484,17,1,0.27956,1
07484,18,1,0.27956,1
07484,19,0,0,1
07484,20,0,0,1
07484,21,1,0.27956,1
07484,22,2,0.55913,1
07484,23,1,0.27956,1
07484,24,0,0,1
07484,25,0,0,1
07484,26,0,0,1
07484,27,0,0,1
07484,28,0,0,1
07484,29,0,0,1
07484,30,0,0,1
07484,31,1,0.27956,1
07484,32,0,0,1
07484,33,3,0.83869,1
07484,34,2,0.55913,1
07484,40,216,60.3858,1
07484,43,0,0,1
07484,46,1,0.27956,1
07484,49,3,0.83869,1
07484,52,1,0.27956,1
07484,55,3,0.83869,1
07484,58,1,0.27956,1
07484,61,1,0.27956,1
07501,0,3,0.18892,1
07501,1,1,0.06297,1
07501,2,4,0.25189,1
07501,3,3,0.18892,1
07501,4,3,0.18892,1
07501,5,2,0.12594,1
07501,6,8,0.50378,1
07501,7,1,0.06297,1
07501,8,2,0.12594,1
07501,9,0,0,1
07501,10,0,0,1
07501,11,1,0.06297,1
07501,12,3,0.18892,1
07501,13,1,0.06297,1
07501,14,3,0.18892,1
07501,15,2,0.12594,1
07501,16,3,0.18892,1
07501,17,3,0.18892,1
07501,18,2,0.12594,1
07501,19,8,0.50378,1
07501,20,0,0,1
07501,21,0,0,1
07501,22,0,0,1
07501,23,0,0,1
07501,24,0,0,1
07501,25,2,0.12594,1
07501,26,0,0,1
07501,27,0,0,1
07501,28,5,0.31486,1
07501,29,1,0.06297,1
07501,30,1,0.06297,1
07501,31,2,0.12594,1
07501,32,2,0.12594,1
07501,33,2,0.12594,1
07501,34,0,0,1
07501,40,488,30.73048,1
07501,43,0,0,1
07501,46,5,0.31486,1
07501,49,2,0.12594,1
07501,52,3,0.18892,1
07501,55,3,0.18892,1
07501,58,8,0.50378,1
07501,61,2,0.12594,1
07502,0,1,0.14756,1
07502,1,1,0.14756,1
07502,2,0,0,1
07502,3,2,0.29512,1
07502,4,2,0.29512,1
07502,5,0,0,1
07502,6,0,0,1
07502,7,1,0.14756,1
07502,8,0,0,1
07502,9,2,0.29512,1
07502,10,2,0.29512,1
07502,11,0,0,1
07502,12,2,0.29512,1
07502,13,1,0.14756,1
07502,14,1,0.14756,1
07502,15,0,0,1
07502,16,0,0,1
07502,17,1,0.14756,1
07502,18,1,0.14756,1
07502,19,2,0.29512,1
07502,20,0,0,1
07502,21,0,0,1
07502,22,2,0.29512,1
07502,23,2,0.29512,1
07502,24,1,0.14756,1
07502,25,2,0.29512,1
07502,26,0,0,1
07502,27,2,0.29512,1
07502,28,0,0,1
07502,29,0,0,1
07502,30,1,0.14756,1
07502,31,3,0.44267,1
07502,32,2,0.29512,1
07502,33,0,0,1
07502,34,3,0.44267,1
07502,40,291,42.93935,1
07502,43,0,0,1
07502,46,1,0.14756,1
07502,49,1,0.14756,1
07502,52,1,0.14756,1
07502,55,4,0.59023,1
07502,58,6,0.88535,1
07502,61,0,0,1
07503,0,1,0.15373,1
07503,1,1,0.15373,1
07503,2,0,0,1
07503,3,0,0,1
07503,4,1,0.15373,1
07503,5,2,0.30746,1
07503,6,4,0.61491,1
07503,7,1,0.15373,1
07503,8,2,0.30746,1
07503,9,1,0.15373,1
07503,10,0,0,1
07503,11,3,0.46118,1
07503,12,0,0,1
07503,13,1,0.15373,1
07503,14,1,0.15373,1
07503,15,2,0.30746,1
07503,16,1,0.15373,1
07503,17,2,0.30746,1
07503,18,1,0.15373,1
07503,19,1,0.15373,1
07503,20,0,0,1
07503,21,1,0.15373,1
07503,22,1,0.15373,1
07503,23,0,0,1
07503,24,1,0.15373,1
07503,25,2,0.30746,1
07503,26,2,0.30746,1
07503,27,2,0.30746,1
07503,28,1,0.15373,1
07503,29,2,0.30746,1
07503,30,0,0,1
07503,31,0,0,1
07503,32,1,0.15373,1
07503,33,0,0,1
07503,34,0,0,1
07503,40,314,48.27056,1
07503,43,0,0,1
07503,46,4,0.61491,1
07503,49,0,0,1
07503,52,3,0.46118,1
07503,55,3,0.46118,1
07503,58,1,0.15373,1
07503,61,0,0,1
07504,0,2,0.30409,1
07504,1,1,0.15205,1
07504,2,1,0.15205,1
07504,3,1,0.15205,1
07504,4,1,0.15205,1
07504,5,2,0.30409,1
07504,6,0,0,1
07504,7,2,0.30409,1
07504,8,3,0.45614,1
07504,9,2,0.30409,1
07504,10,0,0,1
07504,11,1,0.15205,1
07504,12,1,0.15205,1
07504,13,2,0.30409,1
07504,14,1,0.15205,1
07504,15,2,0.30409,1
07504,16,0,0,1
07504,17,1,0.15205,1
07504,18,2,0.30409,1
07504,19,1,0.15205,1
07504,20,0,0,1
07504,21,1,0.15205,1
07504,22,3,0.45614,1
07504,23,1,0.15205,1
07504,24,2,0.30409,1
07504,25,1,0.15205,1
07504,26,1,0.15205,1
07504,27,1,0.15205,1
07504,28,0,0,1
07504,29,1,0.15205,1
07504,30,0,0,1
07504,31,2,0.30409,1
07504,32,1,0.15205,1
07504,33,2,0.30409,1
07504,34,2,0.30409,1
07504,40,352,53.51984,1
07504,43,0,0,1
07504,46,2,0.30409,1
07504,49,0,0,1
07504,52,0,0,1
07504,55,5,0.76023,1
07504,58,5,0.76023,1
07504,61,1,0.15205,1
07505,0,0,0,1
07505,1,1,0.18612,1
07505,2,1,0.18612,1
07505,3,3,0.55835,1
07505,4,0,0,1
07505,5,1,0.18612,1
07505,6,1,0.18612,1
07505,7,1,0.18612,1
07505,8,0,0,1
07505,9,1,0.18612,1
07505,10,1,0.18612,1
07505,11,0,0,1
07505,12,1,0.18612,1
07505,13,1,0.18612,1
07505,14,1,0.18612,1
07505,15,0,0,1
07505,16,1,0.18612,1
07505,17,1,0.18612,1
07505,18,0,0,1
07505,19,0,0,1
07505,20,0,0,1
07505,21,1,0.18612,1
07505,22,1,0.18612,1
07505,23,0,0,1
07505,24,0,0,1
07505,25,1,0.18612,1
07505,26,0,0,1
07505,27,0,0,1
07505,28,0,0,1
07505,29,0,0,1
07505,30,0,0,1
07505,31,2,0.37223,1
07505,32,1,0.18612,1
07505,33,2,0.37223,1
07505,34,0,0,1
07505,40,176,32.75637,1
07505,43,0,0,1
07505,46,4,0.74446,1
07505,49,1,0.18612,1
07505,52,3,0.55835,1
07505,55,3,0.55835,1
07505,58,0,0,1
07505,61,1,0.18612,1
07521,0,7,0.38243,1
07521,1,6,0.3278,1
07521,2,4,0.21853,1
07521,3,8,0.43706,1
07521,4,3,0.1639,1
07521,5,3,0.1639,1
07521,6,3,0.1639,1
07521,7,3,0.1639,1
07521,8,6,0.3278,1
07521,9,4,0.21853,1
07521,10,3,0.1639,1
07521,11,2,0.10927,1
07521,12,2,0.10927,1
07521,13,7,0.38243,1
07521,14,9,0.4917,1
07521,15,5,0.27316,1
07521,16,6,0.3278,1
07521,17,1,0.05463,1
07521,18,5,0.27316,1
07521,19,8,0.43706,1
07521,20,0,0,1
07521,21,3,0.1639,1
07521,22,5,0.27316,1
07521,23,2,0.10927,1
07521,24,0,0,1
07521,25,5,0.27316,1
07521,26,5,0.27316,1
07521,27,2,0.10927,1
07521,28,2,0.10927,1
07521,29,5,0.27316,1
07521,30,5,0.27316,1
07521,31,3,0.1639,1
07521,32,2,0.10927,1
07521,33,5,0.27316,1
07521,34,7,0.38243,1
07521,40,1020,55.72552,1
07521,43,0,0,1
07521,46,11,0.60096,1
07521,49,5,0.27316,1
07521,52,10,0.54633,1
07521,55,5,0.27316,1
07521,58,14,0.76486,1
07521,61,1,0.05463,1
07522,0,1,0.09547,1
07522,1,4,0.38186,1
07522,2,2,0.19093,1
07522,3,6,0.57279,1
07522,4,2,0.19093,1
07522,5,5,0.47733,1
07522,6,3,0.2864,1
07522,7,0,0,1
07522,8,2,0.19093,1
07522,9,5,0.47733,1
07522,10,2,0.19093,1
07522,11,0,0,1
07522,12,3,0.2864,1
07522,13,4,0.38186,1
07522,14,1,0.09547,1
07522,15,6,0.57279,1
07522,16,4,0.38186,1
07522,17,1,0.09547,1
07522,18,2,0.19093,1
07522,19,3,0.2864,1
07522,20,0,0,1
07522,21,1,0.09547,1
07522,22,2,0.19093,1
07522,23,0,0,1
07522,24,1,0.09547,1
07522,25,4,0.38186,1
07522,26,2,0.19093,1
07522,27,1,0.09547,1
07522,28,1,0.09547,1
07522,29,1,0.09547,1
07522,30,4,0.38186,1
07522,31,0,0,1
07522,32,3,0.2864,1
07522,33,2,0.19093,1
07522,34,1,0.09547,1
07522,40,504,48.11456,1
07522,43,0,0,1
07522,46,2,0.19093,1
07522,49,3,0.2864,1
07522,52,3,0.2864,1
07522,55,3,0.2864,1
07522,58,2,0.19093,1
07522,61,2,0.19093,1
07541,0,3,0.69461,0
07541,1,3,0.69461,0
07541,2,1,0.23154,0
07541,3,1,0.23154,0
07541,4,1,0.23154,0
07541,5,3,0.69461,0
07541,6,0,0,0
07541,7,2,0.46307,0
07541,8,1,0.23154,0
07541,9,1,0.23154,0
07541,10,0,0,0
07541,11,1,0.23154,0
07541,12,3,0.69461,0
07541,13,1,0.23154,0
07541,14,2,0.46307,0
07541,15,3,0.69461,0
07541,16,2,0.46307,0
07541,17,2,0.46307,0
07541,18,0,0,0
07541,19,5,1.15768,0
07541,20,0,0,0
07541,21,2,0.46307,0
07541,22,2,0.46307,0
07541,23,0,0,0
07541,24,0,0,0
07541,25,2,0.46307,0
07541,26,2,0.46307,0
07541,27,1,0.23154,0
07541,28,2,0.46307,0
07541,29,2,0.46307,0
07541,30,0,0,0
07541,31,1,0.23154,0
07541,32,0,0,0
07541,33,3,0.69461,0
07541,34,2,0.46307,0
07541,40,396,91.68789,0
07541,43,0,0,0
07541,46,2,0.46307,0
07541,49,3,0.69461,0
07541,52,3,0.69461,0
07541,55,3,0.69461,0
07541,58,4,0.92614,0
07541,61,4,0.92614,0
07544,0,0,0,1
07544,1,1,0.4948,1
07544,2,0,0,1
07544,3,0,0,1
07544,4,1,0.4948,1
07544,5,0,0,1
07544,6,0,0,1
07544,7,0,0,1
07544,8,1,0.4948,1
07544,9,0,0,1
07544,10,2,0.98961,1
07544,11,0,0,1
07544,12,0,0,1
07544,13,0,0,1
07544,14,3,1.48441,1
07544,15,1,0.4948,1
07544,16,1,0.4948,1
07544,17,0,0,1
07544,18,0,0,1
07544,19,1,0.4948,1
07544,20,0,0,1
07544,21,1,0.4948,1
07544,22,0,0,1
07544,23,1,0.4948,1
07544,24,0,0,1
07544,25,2,0.98961,1
07544,26,0,0,1
07544,27,3,1.48441,1
07544,28,1,0.4948,1
07544,29,1,0.4948,1
07544,30,4,1.97922,1
07544,31,2,0.98961,1
07544,32,1,0.4948,1
07544,33,1,0.4948,1
07544,34,2,0.98961,1
07544,40,194,95.99208,1
07544,43,0,0,1
07544,46,2,0.98961,1
07544,49,2,0.98961,1
07544,52,2,0.98961,1
07544,55,0,0,1
07544,58,1,0.4948,1
07544,61,1,0.4948,1
07561,0,10,1.21684,1
07561,1,7,0.85179,1
07561,2,6,0.7301,1
07561,3,6,0.7301,1
07561,4,15,1.82526,1
07561,5,8,0.97347,1
07561,6,12,1.46021,1
07561,7,10,1.21684,1
07561,8,10,1.21684,1
07561,9,7,0.85179,1
07561,10,7,0.85179,1
07561,11,8,0.97347,1
07561,12,2,0.24337,1
07561,13,6,0.7301,1
07561,14,4,0.48674,1
07561,15,1,0.12168,1
07561,16,1,0.12168,1
07561,17,13,1.58189,1
07561,18,8,0.97347,1
07561,19,6,0.7301,1
07561,20,0,0,1
07561,21,7,0.85179,1
07561,22,4,0.48674,1
07561,23,1,0.12168,1
07561,24,1,0.12168,1
07561,25,6,0.7301,1
07561,26,5,0.60842,1
07561,27,2,0.24337,1
07561,28,4,0.48674,1
07561,29,3,0.36505,1
07561,30,2,0.24337,1
07561,31,1,0.12168,1
07561,32,3,0.36505,1
07561,33,7,0.85179,1
07561,34,3,0.36505,1
07561,40,1277,155.39061,1
07561,43,0,0,1
07561,46,2,0.24337,1
07561,49,5,0.60842,1
07561,52,8,0.97347,1
07561,55,12,1.46021,1
07561,58,6,0.7301,1
07561,61,6,0.7301,1
