{
"type": "FeatureCollection",
"features": [
{ "type": "Feature", "properties": { "geoid": "250250001011" }, "geometry": { "type": "Polygon", "coordinates": [ [ [ -71.13627, 42.3609 ], [ -71.13281, 42.36011 ], [ -71.1324, 42.36047 ], [ -71.13178, 42.36006 ], [ -71.12977, 42.36107 ], [ -71.13042, 42.36196 ], [ -71.13022, 42.36269 ], [ -71.13309, 42.36338 ], [ -71.13533, 42.36318 ], [ -71.13627, 42.3609 ] ] ] } },
{ "type": "Feature", "properties": { "geoid": "250250001012" }, "geometry": { "type": "Polygon", "coordinates": [ [ [ -71.13696, 42.35932 ], [ -71.1333, 42.35858 ], [ -71.13162, 42.3588 ], [ -71.13149, 42.3586 ], [ -71.12888, 42.36037 ], [ -71.12977, 42.36107 ], [ -71.13178, 42.36006 ], [ -71.1324, 42.36047 ], [ -71.13281, 42.36011 ], [ -71.13627, 42.3609 ], [ -71.13696, 42.35932 ] ] ] } },
{ "type": "Feature", "properties": { "geoid": "250250001021" }, "geometry": { "type": "Polygon", "coordinates": [ [ [ -71.14449, 42.35844 ], [ -71.13798, 42.35761 ], [ -71.1366, 42.36016 ], [ -71.13924, 42.3608 ], [ -71.13956, 42.36022 ], [ -71.14088, 42.36057 ], [ -71.14427, 42.36078 ], [ -71.14449, 42.35844 ] ] ] } },
{ "type": "Feature", "properties": { "geoid": "250250001022" }, "geometry": { "type": "Polygon", "coordinates": [ [ [ -71.1609, 42.35863 ], [ -71.15469, 42.35814 ], [ -71.15295, 42.35715 ], [ -71.13907, 42.35379 ], [ -71.13798, 42.35761 ], [ -71.14449, 42.35844 ], [ -71.14427, 42.36078 ], [ -71.14088, 42.36057 ], [ -71.13956, 42.36022 ], [ -71.13924, 42.3608 ], [ -71.1366, 42.36016 ], [ -71.13533, 42.36318 ], [ -71.1354, 42.36474 ], [ -71.13955, 42.3637 ], [ -71.14451, 42.36293 ], [ -71.14669, 42.3612 ], [ -71.14793, 42.36064 ], [ -71.15185, 42.36008 ], [ -71.15478, 42.35916 ], [ -71.15826, 42.35877 ], [ -71.15947, 42.35908 ], [ -71.1609, 42.35863 ] ] ] } },
{ "type": "Feature", "properties": { "geoid": "250250002011" }, "geometry": { "type": "Polygon", "coordinates": [ [ [ -71.16256, 42.35553 ], [ -71.15838, 42.35479 ], [ -71.15806, 42.35407 ], [ -71.15568, 42.35563 ], [ -71.15433, 42.35568 ], [ -71.15376, 42.35753 ], [ -71.15469, 42.35814 ], [ -71.1609, 42.35863 ], [ -71.1619, 42.358 ], [ -71.16256, 42.35553 ] ] ] } },
{ "type": "Feature", "properties": { "geoid": "250250002012" }, "geometry": { "type": "Polygon", "coordinates": [ [ [ -71.16318, 42.35241 ], [ -71.16018, 42.35269 ], [ -71.15806, 42.35407 ], [ -71.15838, 42.35479 ], [ -71.16256, 42.35553 ], [ -71.16318, 42.35241 ] ] ] } },
{ "type": "Feature", "properties": { "geoid": "250250002013" }, "geometry": { "type": "Polygon", "coordinates": [ [ [ -71.1676, 42.3506 ], [ -71.16539, 42.35027 ], [ -71.16309, 42.34904 ], [ -71.1629, 42.35244 ], [ -71.16318, 42.35241 ], [ -71.16279, 42.35482 ], [ -71.16422, 42.35552 ], [ -71.16502, 42.35319 ], [ -71.16764, 42.35379 ], [ -71.1676, 42.3506 ] ] ] } },
{ "type": "Feature", "properties": { "geoid": "250250002014" }, "geometry": { "type": "Polygon", "coordinates": [ [ [ -71.16309, 42.34904 ], [ -71.16044, 42.34892 ], [ -71.1603, 42.35214 ], [ -71.16057, 42.35267 ], [ -71.1629, 42.35244 ], [ -71.16309, 42.34904 ] ] ] } },
{ "type": "Feature", "properties": { "geoid": "250250002021" }, "geometry": { "type": "Polygon", "coordinates": [ [ [ -71.16044, 42.34892 ], [ -71.15575, 42.34911 ], [ -71.15494, 42.3516 ], [ -71.15662, 42.35189 ], [ -71.16017, 42.35188 ], [ -71.1603, 42.35214 ], [ -71.16044, 42.34892 ] ] ] } },
{ "type": "Feature", "properties": { "geoid": "250250002022" }, "geometry": { "type": "Polygon", "coordinates": [ [ [ -71.16057, 42.35267 ], [ -71.16017, 42.35188 ], [ -71.15662, 42.35189 ], [ -71.15494, 42.3516 ], [ -71.15413, 42.35331 ], [ -71.15614, 42.35535 ], [ -71.15708, 42.35451 ], [ -71.16057, 42.35267 ] ] ] } },
{ "type": "Feature", "properties": { "geoid": "250250002023" }, "geometry": { "type": "Polygon", "coordinates": [ [ [ -71.15614, 42.35535 ], [ -71.15411, 42.35315 ], [ -71.15575, 42.34911 ], [ -71.15345, 42.34915 ], [ -71.15192, 42.35164 ], [ -71.14786, 42.35034 ], [ -71.14674, 42.35229 ], [ -71.15088, 42.35335 ], [ -71.14908, 42.35615 ], [ -71.15376, 42.35753 ], [ -71.15433, 42.35568 ], [ -71.15614, 42.35535 ] ] ] } },
{ "type": "Feature", "properties": { "geoid": "250250003011" }, "geometry": { "type": "Polygon", "coordinates": [ [ [ -71.17139, 42.35609 ], [ -71.16881, 42.35589 ], [ -71.1666, 42.35684 ], [ -71.16764, 42.35379 ], [ -71.16502, 42.35319 ], [ -71.16422, 42.35552 ], [ -71.16279, 42.35482 ], [ -71.16177, 42.35818 ], [ -71.16337, 42.35794 ], [ -71.16947, 42.35805 ], [ -71.17139, 42.35609 ] ] ] } },
{ "type": "Feature", "properties": { "geoid": "250250003012" }, "geometry": { "type": "Polygon", "coordinates": [ [ [ -71.17392, 42.35346 ], [ -71.17352, 42.35318 ], [ -71.17239, 42.35436 ], [ -71.17029, 42.35245 ], [ -71.1696, 42.35315 ], [ -71.16781, 42.35284 ], [ -71.1666, 42.35684 ], [ -71.16881, 42.35589 ], [ -71.17139, 42.35609 ], [ -71.17392, 42.35346 ] ] ] } },
{ "type": "Feature", "properties": { "geoid": "250250003013" }, "geometry": { "type": "Polygon", "coordinates": [ [ [ -71.17352, 42.35318 ], [ -71.16843, 42.35066 ], [ -71.1676, 42.3506 ], [ -71.16781, 42.35284 ], [ -71.1696, 42.35315 ], [ -71.17029, 42.35245 ], [ -71.17239, 42.35436 ], [ -71.17352, 42.35318 ] ] ] } },
{ "type": "Feature", "properties": { "geoid": "250250003014" }, "geometry": { "type": "Polygon", "coordinates": [ [ [ -71.17485, 42.35034 ], [ -71.16993, 42.34938 ], [ -71.16885, 42.34974 ], [ -71.16811, 42.35066 ], [ -71.17394, 42.3534 ], [ -71.17485, 42.35034 ] ] ] } },
{ "type": "Feature", "properties": { "geoid": "250250003021" }, "geometry": { "type": "Polygon", "coordinates": [ [ [ -71.1748, 42.35027 ], [ -71.17427, 42.34958 ], [ -71.17057, 42.34895 ], [ -71.16766, 42.34664 ], [ -71.16212, 42.34637 ], [ -71.16044, 42.34892 ], [ -71.16309, 42.34904 ], [ -71.16539, 42.35027 ], [ -71.16788, 42.35065 ], [ -71.16898, 42.34964 ], [ -71.16993, 42.34938 ], [ -71.17191, 42.34995 ], [ -71.1748, 42.35027 ] ] ] } },
{ "type": "Feature", "properties": { "geoid": "250250003022" }, "geometry": { "type": "Polygon", "coordinates": [ [ [ -71.17427, 42.34958 ], [ -71.1667, 42.34001 ], [ -71.16613, 42.34009 ], [ -71.16584, 42.34187 ], [ -71.16212, 42.34637 ], [ -71.16766, 42.34664 ], [ -71.17057, 42.34895 ], [ -71.17427, 42.34958 ] ] ] } },
{ "type": "Feature", "properties": { "geoid": "250250004011" }, "geometry": { "type": "Polygon", "coordinates": [ [ [ -71.14726, 42.34271 ], [ -71.14701, 42.34178 ], [ -71.14548, 42.34201 ], [ -71.14407, 42.34274 ], [ -71.14311, 42.34388 ], [ -71.14454, 42.34462 ], [ -71.14726, 42.34271 ] ] ] } },
{ "type": "Feature", "properties": { "geoid": "250250004012" }, "geometry": { "type": "Polygon", "coordinates": [ [ [ -71.14997, 42.343 ], [ -71.14936, 42.34293 ], [ -71.14953, 42.34226 ], [ -71.14863, 42.34181 ], [ -71.14701, 42.34178 ], [ -71.14723, 42.34278 ], [ -71.14627, 42.34317 ], [ -71.14454, 42.34462 ], [ -71.14624, 42.34611 ], [ -71.14779, 42.34426 ], [ -71.14927, 42.34465 ], [ -71.15004, 42.34455 ], [ -71.14997, 42.343 ] ] ] } },
{ "type": "Feature", "properties": { "geoid": "250250004013" }, "geometry": { "type": "Polygon", "coordinates": [ [ [ -71.15304, 42.34516 ], [ -71.15128, 42.34464 ], [ -71.15102, 42.34499 ], [ -71.15004, 42.34455 ], [ -71.14927, 42.34465 ], [ -71.14779, 42.34426 ], [ -71.14624, 42.34611 ], [ -71.14865, 42.3472 ], [ -71.14976, 42.34819 ], [ -71.15124, 42.34581 ], [ -71.15307, 42.34615 ], [ -71.15304, 42.34516 ] ] ] } },
{ "type": "Feature", "properties": { "geoid": "250250004014" }, "geometry": { "type": "Polygon", "coordinates": [ [ [ -71.15473, 42.34121 ], [ -71.15138, 42.34042 ], [ -71.15027, 42.34132 ], [ -71.14863, 42.34181 ], [ -71.14953, 42.34226 ], [ -71.14936, 42.34293 ], [ -71.15013, 42.34314 ], [ -71.15016, 42.34469 ], [ -71.15102, 42.34499 ], [ -71.15128, 42.34464 ], [ -71.15307, 42.34511 ], [ -71.15346, 42.34318 ], [ -71.15473, 42.34121 ] ] ] } },
{ "type": "Feature", "properties": { "geoid": "250250004021" }, "geometry": { "type": "Polygon", "coordinates": [ [ [ -71.15976, 42.34006 ], [ -71.15788, 42.33973 ], [ -71.15529, 42.34034 ], [ -71.15346, 42.34318 ], [ -71.1559, 42.34423 ], [ -71.15772, 42.34459 ], [ -71.1579, 42.34325 ], [ -71.15976, 42.34006 ] ] ] } },
{ "type": "Feature", "properties": { "geoid": "250250004022" }, "geometry": { "type": "Polygon", "coordinates": [ [ [ -71.16613, 42.34009 ], [ -71.15976, 42.34006 ], [ -71.15786, 42.3434 ], [ -71.15769, 42.34512 ], [ -71.15823, 42.34663 ], [ -71.16131, 42.34758 ], [ -71.16533, 42.34267 ], [ -71.16605, 42.34147 ], [ -71.16613, 42.34009 ] ] ] } },
{ "type": "Feature", "properties": { "geoid": "250250004023" }, "geometry": { "type": "Polygon", "coordinates": [ [ [ -71.16131, 42.34758 ], [ -71.15823, 42.34663 ], [ -71.15772, 42.34459 ], [ -71.1559, 42.34423 ], [ -71.15346, 42.34318 ], [ -71.15291, 42.34565 ], [ -71.154, 42.34779 ], [ -71.15345, 42.34915 ], [ -71.16044, 42.34892 ], [ -71.16131, 42.34758 ] ] ] } },
{ "type": "Feature", "properties": { "geoid": "250250005021" }, "geometry": { "type": "Polygon", "coordinates": [ [ [ -71.15734, 42.33144 ], [ -71.15626, 42.33085 ], [ -71.14985, 42.33464 ], [ -71.15046, 42.33497 ], [ -71.15006, 42.33539 ], [ -71.1483, 42.33581 ], [ -71.14874, 42.33687 ], [ -71.14727, 42.3372 ], [ -71.14735, 42.33751 ], [ -71.15008, 42.33684 ], [ -71.14984, 42.33767 ], [ -71.15226, 42.33719 ], [ -71.15126, 42.33634 ], [ -71.15128, 42.33598 ], [ -71.15313, 42.33559 ], [ -71.15493, 42.33262 ], [ -71.15734, 42.33144 ] ] ] } },
{ "type": "Feature", "properties": { "geoid": "250250005022" }, "geometry": { "type": "Polygon", "coordinates": [ [ [ -71.16613, 42.34009 ], [ -71.16602, 42.33916 ], [ -71.16472, 42.33844 ], [ -71.16247, 42.33458 ], [ -71.16273, 42.33396 ], [ -71.1613, 42.33378 ], [ -71.15972, 42.33304 ], [ -71.15704, 42.33039 ], [ -71.15626, 42.33085 ], [ -71.15741, 42.33131 ], [ -71.15729, 42.3315 ], [ -71.15493, 42.33262 ], [ -71.15333, 42.33543 ], [ -71.15251, 42.33587 ], [ -71.15128, 42.33598 ], [ -71.15126, 42.33634 ], [ -71.15336, 42.33819 ], [ -71.15426, 42.33829 ], [ -71.15788, 42.33973 ], [ -71.16062, 42.34013 ], [ -71.16613, 42.34009 ] ] ] } },
{ "type": "Feature", "properties": { "geoid": "250250005023" }, "geometry": { "type": "Polygon", "coordinates": [ [ [ -71.15788, 42.33973 ], [ -71.1535, 42.33816 ], [ -71.15282, 42.33854 ], [ -71.15138, 42.34042 ], [ -71.15462, 42.34123 ], [ -71.15529, 42.34034 ], [ -71.15788, 42.33973 ] ] ] } },
{ "type": "Feature", "properties": { "geoid": "250250005024" }, "geometry": { "type": "Polygon", "coordinates": [ [ [ -71.16922, 42.33807 ], [ -71.16889, 42.33583 ], [ -71.16757, 42.33344 ], [ -71.16254, 42.33412 ], [ -71.16247, 42.33458 ], [ -71.16472, 42.33844 ], [ -71.16602, 42.33916 ], [ -71.16613, 42.34009 ], [ -71.1667, 42.34001 ], [ -71.16681, 42.33929 ], [ -71.16863, 42.33863 ], [ -71.16922, 42.33807 ] ] ] } },
{ "type": "Feature", "properties": { "geoid": "250250005031" }, "geometry": { "type": "Polygon", "coordinates": [ [ [ -71.15131, 42.34048 ], [ -71.14961, 42.33947 ], [ -71.14885, 42.33936 ], [ -71.14686, 42.34137 ], [ -71.14578, 42.34152 ], [ -71.14592, 42.3419 ], [ -71.14929, 42.34169 ], [ -71.15131, 42.34048 ] ] ] } },
{ "type": "Feature", "properties": { "geoid": "250250005032" }, "geometry": { "type": "Polygon", "coordinates": [ [ [ -71.15336, 42.33819 ], [ -71.15226, 42.33719 ], [ -71.14984, 42.33767 ], [ -71.14885, 42.33936 ], [ -71.15138, 42.34042 ], [ -71.15336, 42.33819 ] ] ] } },
{ "type": "Feature", "properties": { "geoid": "250250005051" }, "geometry": { "type": "Polygon", "coordinates": [ [ [ -71.14311, 42.34388 ], [ -71.14192, 42.34319 ], [ -71.1398, 42.34509 ], [ -71.1417, 42.34602 ], [ -71.14311, 42.34388 ] ] ] } },
{ "type": "Feature", "properties": { "geoid": "250250005052" }, "geometry": { "type": "Polygon", "coordinates": [ [ [ -71.14484, 42.34088 ], [ -71.14401, 42.34042 ], [ -71.14175, 42.3404 ], [ -71.13998, 42.34214 ], [ -71.14152, 42.34295 ], [ -71.14294, 42.34134 ], [ -71.14484, 42.34088 ] ] ] } },
{ "type": "Feature", "properties": { "geoid": "250250005053" }, "geometry": { "type": "Polygon", "coordinates": [ [ [ -71.14192, 42.34319 ], [ -71.13998, 42.34214 ], [ -71.13782, 42.34388 ], [ -71.1398, 42.34509 ], [ -71.14192, 42.34319 ] ] ] } },
{ "type": "Feature", "properties": { "geoid": "250250005061" }, "geometry": { "type": "Polygon", "coordinates": [ [ [ -71.14757, 42.34061 ], [ -71.14689, 42.34044 ], [ -71.14588, 42.33935 ], [ -71.14421, 42.34002 ], [ -71.14194, 42.34001 ], [ -71.14175, 42.3404 ], [ -71.14401, 42.34042 ], [ -71.14484, 42.34088 ], [ -71.14294, 42.34134 ], [ -71.14152, 42.34295 ], [ -71.14311, 42.34388 ], [ -71.14436, 42.34253 ], [ -71.14592, 42.3419 ], [ -71.14578, 42.34152 ], [ -71.14686, 42.34137 ], [ -71.14757, 42.34061 ] ] ] } },
{ "type": "Feature", "properties": { "geoid": "250250005062" }, "geometry": { "type": "Polygon", "coordinates": [ [ [ -71.15031, 42.33684 ], [ -71.14774, 42.33746 ], [ -71.14735, 42.33751 ], [ -71.14727, 42.3372 ], [ -71.14616, 42.33744 ], [ -71.14661, 42.33854 ], [ -71.14474, 42.3398 ], [ -71.14588, 42.33935 ], [ -71.14689, 42.34044 ], [ -71.14757, 42.34061 ], [ -71.14885, 42.33936 ], [ -71.15031, 42.33684 ] ] ] } },
{ "type": "Feature", "properties": { "geoid": "250250006011" }, "geometry": { "type": "Polygon", "coordinates": [ [ [ -71.14609, 42.35136 ], [ -71.14561, 42.35079 ], [ -71.13734, 42.35359 ], [ -71.14068, 42.354 ], [ -71.14418, 42.35489 ], [ -71.14609, 42.35136 ] ] ] } },
{ "type": "Feature", "properties": { "geoid": "250250006012" }, "geometry": { "type": "Polygon", "coordinates": [ [ [ -71.15399, 42.34793 ], [ -71.15307, 42.34615 ], [ -71.15124, 42.34581 ], [ -71.14976, 42.34819 ], [ -71.15036, 42.34897 ], [ -71.14708, 42.35016 ], [ -71.15192, 42.35164 ], [ -71.15342, 42.34946 ], [ -71.15399, 42.34793 ] ] ] } },
{ "type": "Feature", "properties": { "geoid": "250250006013" }, "geometry": { "type": "Polygon", "coordinates": [ [ [ -71.15088, 42.35335 ], [ -71.14674, 42.35229 ], [ -71.14786, 42.35034 ], [ -71.14708, 42.35016 ], [ -71.14561, 42.35079 ], [ -71.14609, 42.35144 ], [ -71.14506, 42.35332 ], [ -71.1485, 42.35421 ], [ -71.14875, 42.3538 ], [ -71.15036, 42.35419 ], [ -71.15088, 42.35335 ] ] ] } },
{ "type": "Feature", "properties": { "geoid": "250250006014" }, "geometry": { "type": "Polygon", "coordinates": [ [ [ -71.15036, 42.35419 ], [ -71.14875, 42.3538 ], [ -71.1485, 42.35421 ], [ -71.14506, 42.35332 ], [ -71.14418, 42.35489 ], [ -71.14908, 42.35615 ], [ -71.15036, 42.35419 ] ] ] } },
{ "type": "Feature", "properties": { "geoid": "250250006031" }, "geometry": { "type": "Polygon", "coordinates": [ [ [ -71.15036, 42.34897 ], [ -71.14905, 42.34746 ], [ -71.14624, 42.34611 ], [ -71.14505, 42.34496 ], [ -71.14311, 42.34388 ], [ -71.14037, 42.34869 ], [ -71.14184, 42.34932 ], [ -71.14708, 42.35016 ], [ -71.15036, 42.34897 ] ] ] } },
{ "type": "Feature", "properties": { "geoid": "250250006041" }, "geometry": { "type": "Polygon", "coordinates": [ [ [ -71.14027, 42.35254 ], [ -71.13973, 42.34898 ], [ -71.1389, 42.34903 ], [ -71.13758, 42.34865 ], [ -71.13446, 42.35324 ], [ -71.13734, 42.35359 ], [ -71.14027, 42.35254 ] ] ] } },
{ "type": "Feature", "properties": { "geoid": "250250006042" }, "geometry": { "type": "Polygon", "coordinates": [ [ [ -71.14708, 42.35016 ], [ -71.14184, 42.34932 ], [ -71.14037, 42.34869 ], [ -71.13973, 42.34898 ], [ -71.14027, 42.35254 ], [ -71.14708, 42.35016 ] ] ] } },
{ "type": "Feature", "properties": { "geoid": "250250007011" }, "geometry": { "type": "Polygon", "coordinates": [ [ [ -71.13825, 42.34413 ], [ -71.13782, 42.34388 ], [ -71.13425, 42.34658 ], [ -71.13467, 42.34685 ], [ -71.1356, 42.34623 ], [ -71.13666, 42.34677 ], [ -71.13729, 42.34613 ], [ -71.13645, 42.34557 ], [ -71.13825, 42.34413 ] ] ] } },
{ "type": "Feature", "properties": { "geoid": "250250007012" }, "geometry": { "type": "Polygon", "coordinates": [ [ [ -71.13967, 42.34521 ], [ -71.13825, 42.34413 ], [ -71.13645, 42.34557 ], [ -71.13729, 42.34613 ], [ -71.13666, 42.34677 ], [ -71.13823, 42.34759 ], [ -71.13967, 42.34521 ] ] ] } },
{ "type": "Feature", "properties": { "geoid": "250250007013" }, "geometry": { "type": "Polygon", "coordinates": [ [ [ -71.1417, 42.34602 ], [ -71.1398, 42.34509 ], [ -71.13758, 42.34865 ], [ -71.13908, 42.34905 ], [ -71.14022, 42.34877 ], [ -71.1417, 42.34602 ] ] ] } },
{ "type": "Feature", "properties": { "geoid": "250250007014" }, "geometry": { "type": "Polygon", "coordinates": [ [ [ -71.13823, 42.34759 ], [ -71.1356, 42.34623 ], [ -71.13467, 42.34685 ], [ -71.13596, 42.34796 ], [ -71.13504, 42.34817 ], [ -71.13584, 42.34927 ], [ -71.13569, 42.34999 ], [ -71.13638, 42.35039 ], [ -71.13738, 42.34898 ], [ -71.13823, 42.34759 ] ] ] } },
{ "type": "Feature", "properties": { "geoid": "250250007031" }, "geometry": { "type": "Polygon", "coordinates": [ [ [ -71.13107, 42.3505 ], [ -71.12975, 42.34885 ], [ -71.12858, 42.34983 ], [ -71.12685, 42.35009 ], [ -71.12407, 42.35155 ], [ -71.12294, 42.35142 ], [ -71.12286, 42.35186 ], [ -71.12131, 42.35167 ], [ -71.12126, 42.35187 ], [ -71.12502, 42.35224 ], [ -71.12586, 42.35144 ], [ -71.12726, 42.35077 ], [ -71.13002, 42.35077 ], [ -71.13107, 42.3505 ] ] ] } },
{ "type": "Feature", "properties": { "geoid": "250250007032" }, "geometry": { "type": "Polygon", "coordinates": [ [ [ -71.13211, 42.35306 ], [ -71.13107, 42.3505 ], [ -71.13002, 42.35077 ], [ -71.12726, 42.35077 ], [ -71.12586, 42.35144 ], [ -71.12502, 42.35224 ], [ -71.12692, 42.35244 ], [ -71.13211, 42.35306 ] ] ] } },
{ "type": "Feature", "properties": { "geoid": "250250007041" }, "geometry": { "type": "Polygon", "coordinates": [ [ [ -71.13638, 42.35039 ], [ -71.13569, 42.34999 ], [ -71.13572, 42.34904 ], [ -71.13145, 42.35115 ], [ -71.13211, 42.35306 ], [ -71.13456, 42.35335 ], [ -71.13638, 42.35039 ] ] ] } },
{ "type": "Feature", "properties": { "geoid": "250250007042" }, "geometry": { "type": "Polygon", "coordinates": [ [ [ -71.13576, 42.34797 ], [ -71.13425, 42.34658 ], [ -71.12975, 42.34885 ], [ -71.13003, 42.34922 ], [ -71.13325, 42.34767 ], [ -71.13408, 42.34863 ], [ -71.13576, 42.34797 ] ] ] } },
{ "type": "Feature", "properties": { "geoid": "250250007043" }, "geometry": { "type": "Polygon", "coordinates": [ [ [ -71.13408, 42.34863 ], [ -71.13325, 42.34767 ], [ -71.13003, 42.34922 ], [ -71.13087, 42.35014 ], [ -71.13408, 42.34863 ] ] ] } },
{ "type": "Feature", "properties": { "geoid": "250250007044" }, "geometry": { "type": "Polygon", "coordinates": [ [ [ -71.13572, 42.34904 ], [ -71.13504, 42.34817 ], [ -71.13087, 42.35014 ], [ -71.13145, 42.35115 ], [ -71.13377, 42.35007 ], [ -71.13572, 42.34904 ] ] ] } },
{ "type": "Feature", "properties": { "geoid": "250250008041" }, "geometry": { "type": "Polygon", "coordinates": [ [ [ -71.13907, 42.35379 ], [ -71.13734, 42.35359 ], [ -71.12803, 42.35726 ], [ -71.12865, 42.35769 ], [ -71.13034, 42.35685 ], [ -71.13162, 42.3588 ], [ -71.13308, 42.35856 ], [ -71.13696, 42.35932 ], [ -71.13814, 42.35728 ], [ -71.13907, 42.35379 ] ] ] } },
{ "type": "Feature", "properties": { "geoid": "250250008042" }, "geometry": { "type": "Polygon", "coordinates": [ [ [ -71.13149, 42.3586 ], [ -71.13034, 42.35685 ], [ -71.12876, 42.35766 ], [ -71.12803, 42.35726 ], [ -71.12318, 42.359 ], [ -71.12493, 42.36143 ], [ -71.12441, 42.36283 ], [ -71.12288, 42.36306 ], [ -71.12304, 42.36375 ], [ -71.12976, 42.3632 ], [ -71.13036, 42.36177 ], [ -71.12888, 42.36037 ], [ -71.13149, 42.3586 ] ] ] } },
{ "type": "Feature", "properties": { "geoid": "250250008051" }, "geometry": { "type": "Polygon", "coordinates": [ [ [ -71.13119, 42.3561 ], [ -71.13023, 42.35414 ], [ -71.13017, 42.35283 ], [ -71.12834, 42.3526 ], [ -71.12803, 42.35372 ], [ -71.12495, 42.35335 ], [ -71.12474, 42.3543 ], [ -71.12518, 42.35436 ], [ -71.12509, 42.35524 ], [ -71.13119, 42.3561 ] ] ] } },
{ "type": "Feature", "properties": { "geoid": "250250008052" }, "geometry": { "type": "Polygon", "coordinates": [ [ [ -71.13734, 42.35359 ], [ -71.13017, 42.35283 ], [ -71.13023, 42.35414 ], [ -71.1314, 42.35611 ], [ -71.13734, 42.35359 ] ] ] } },
{ "type": "Feature", "properties": { "geoid": "250250008053" }, "geometry": { "type": "Polygon", "coordinates": [ [ [ -71.12803, 42.35372 ], [ -71.12834, 42.3526 ], [ -71.12126, 42.35187 ], [ -71.12069, 42.35448 ], [ -71.12509, 42.35524 ], [ -71.12518, 42.35436 ], [ -71.12474, 42.3543 ], [ -71.12495, 42.35335 ], [ -71.12803, 42.35372 ] ] ] } },
{ "type": "Feature", "properties": { "geoid": "250250008061" }, "geometry": { "type": "Polygon", "coordinates": [ [ [ -71.12493, 42.36143 ], [ -71.12318, 42.359 ], [ -71.12096, 42.36015 ], [ -71.11934, 42.36053 ], [ -71.12, 42.364 ], [ -71.12304, 42.36375 ], [ -71.12288, 42.36306 ], [ -71.12441, 42.36283 ], [ -71.12493, 42.36143 ] ] ] } },
{ "type": "Feature", "properties": { "geoid": "250250008062" }, "geometry": { "type": "Polygon", "coordinates": [ [ [ -71.13545, 42.36485 ], [ -71.13533, 42.36318 ], [ -71.13309, 42.36338 ], [ -71.13022, 42.36269 ], [ -71.12976, 42.3632 ], [ -71.12, 42.364 ], [ -71.11934, 42.36053 ], [ -71.11765, 42.36092 ], [ -71.11835, 42.36691 ], [ -71.11921, 42.36754 ], [ -71.12235, 42.36788 ], [ -71.12586, 42.3691 ], [ -71.12666, 42.36983 ], [ -71.12722, 42.37201 ], [ -71.12829, 42.3727 ], [ -71.12995, 42.37268 ], [ -71.13019, 42.37242 ], [ -71.13041, 42.36925 ], [ -71.13154, 42.36719 ], [ -71.1328, 42.36613 ], [ -71.13545, 42.36485 ] ] ] } },
{ "type": "Feature", "properties": { "geoid": "250250008063" }, "geometry": { "type": "Polygon", "coordinates": [ [ [ -71.13128, 42.35616 ], [ -71.12073, 42.35462 ], [ -71.11813, 42.35509 ], [ -71.11842, 42.35654 ], [ -71.11753, 42.35941 ], [ -71.11765, 42.36092 ], [ -71.12077, 42.36021 ], [ -71.12376, 42.35876 ], [ -71.13128, 42.35616 ] ] ] } },
{ "type": "Feature", "properties": { "geoid": "250250008071" }, "geometry": { "type": "Polygon", "coordinates": [ [ [ -71.12128, 42.35178 ], [ -71.11094, 42.35045 ], [ -71.11073, 42.35182 ], [ -71.11412, 42.35239 ], [ -71.11724, 42.35411 ], [ -71.11813, 42.35509 ], [ -71.12073, 42.35462 ], [ -71.12128, 42.35178 ] ] ] } },
{ "type": "Feature", "properties": { "geoid": "250250101031" }, "geometry": { "type": "Polygon", "coordinates": [ [ [ -71.10685, 42.34876 ], [ -71.10114, 42.34776 ], [ -71.09717, 42.34898 ], [ -71.10496, 42.34991 ], [ -71.1051, 42.34926 ], [ -71.1067, 42.34943 ], [ -71.10685, 42.34876 ] ] ] } },
{ "type": "Feature", "properties": { "geoid": "250250101032" }, "geometry": { "type": "Polygon", "coordinates": [ [ [ -71.10056, 42.34936 ], [ -71.09717, 42.34898 ], [ -71.09778, 42.3506 ], [ -71.09818, 42.35074 ], [ -71.10024, 42.35087 ], [ -71.10056, 42.34936 ] ] ] } },
{ "type": "Feature", "properties": { "geoid": "250250101033" }, "geometry": { "type": "Polygon", "coordinates": [ [ [ -71.11093, 42.35047 ], [ -71.10657, 42.34991 ], [ -71.1067, 42.34943 ], [ -71.10569, 42.34932 ], [ -71.1051, 42.34926 ], [ -71.10496, 42.34991 ], [ -71.10056, 42.34936 ], [ -71.10024, 42.35087 ], [ -71.11073, 42.35182 ], [ -71.11093, 42.35047 ] ] ] } },
{ "type": "Feature", "properties": { "geoid": "250250101041" }, "geometry": { "type": "Polygon", "coordinates": [ [ [ -71.09288, 42.34916 ], [ -71.09287, 42.34764 ], [ -71.08792, 42.34746 ], [ -71.0895, 42.35085 ], [ -71.09163, 42.35028 ], [ -71.09162, 42.34919 ], [ -71.09288, 42.34916 ] ] ] } },
{ "type": "Feature", "properties": { "geoid": "250250101042" }, "geometry": { "type": "Polygon", "coordinates": [ [ [ -71.09818, 42.35074 ], [ -71.09778, 42.3506 ], [ -71.09717, 42.34898 ], [ -71.0969, 42.34897 ], [ -71.0895, 42.35085 ], [ -71.08986, 42.35158 ], [ -71.09499, 42.35057 ], [ -71.09818, 42.35074 ] ] ] } },
{ "type": "Feature", "properties": { "geoid": "250250101043" }, "geometry": { "type": "Polygon", "coordinates": [ [ [ -71.10098, 42.3478 ], [ -71.09287, 42.34764 ], [ -71.09288, 42.34916 ], [ -71.09162, 42.34919 ], [ -71.09163, 42.35028 ], [ -71.09717, 42.34898 ], [ -71.10098, 42.3478 ] ] ] } },
{ "type": "Feature", "properties": { "geoid": "250250102041" }, "geometry": { "type": "Polygon", "coordinates": [ [ [ -71.10685, 42.34876 ], [ -71.106, 42.3484 ], [ -71.10507, 42.3467 ], [ -71.10114, 42.34776 ], [ -71.10331, 42.34809 ], [ -71.10685, 42.34876 ] ] ] } },
{ "type": "Feature", "properties": { "geoid": "250250102042" }, "geometry": { "type": "Polygon", "coordinates": [ [ [ -71.10721, 42.34705 ], [ -71.10552, 42.34381 ], [ -71.10462, 42.34439 ], [ -71.10434, 42.34417 ], [ -71.10421, 42.34473 ], [ -71.106, 42.3484 ], [ -71.10689, 42.34859 ], [ -71.10721, 42.34705 ] ] ] } },
{ "type": "Feature", "properties": { "geoid": "250250102043" }, "geometry": { "type": "Polygon", "coordinates": [ [ [ -71.10507, 42.3467 ], [ -71.10416, 42.34457 ], [ -71.10439, 42.34412 ], [ -71.10361, 42.34406 ], [ -71.10252, 42.34338 ], [ -71.09812, 42.34764 ], [ -71.10114, 42.34776 ], [ -71.10507, 42.3467 ] ] ] } },
{ "type": "Feature", "properties": { "geoid": "250250102051" }, "geometry": { "type": "Polygon", "coordinates": [ [ [ -71.09955, 42.34311 ], [ -71.09841, 42.34079 ], [ -71.09649, 42.34184 ], [ -71.09741, 42.34369 ], [ -71.09955, 42.34311 ] ] ] } },
{ "type": "Feature", "properties": { "geoid": "250250102052" }, "geometry": { "type": "Polygon", "coordinates": [ [ [ -71.10182, 42.3425 ], [ -71.10031, 42.34105 ], [ -71.09926, 42.34063 ], [ -71.09841, 42.34079 ], [ -71.09955, 42.34311 ], [ -71.10182, 42.3425 ] ] ] } },
{ "type": "Feature", "properties": { "geoid": "250250102053" }, "geometry": { "type": "Polygon", "coordinates": [ [ [ -71.10252, 42.34338 ], [ -71.10182, 42.3425 ], [ -71.09955, 42.34311 ], [ -71.10033, 42.34457 ], [ -71.10098, 42.34488 ], [ -71.10252, 42.34338 ] ] ] } },
{ "type": "Feature", "properties": { "geoid": "250250102054" }, "geometry": { "type": "Polygon", "coordinates": [ [ [ -71.10098, 42.34488 ], [ -71.10033, 42.34457 ], [ -71.09955, 42.34311 ], [ -71.09741, 42.34369 ], [ -71.09896, 42.34681 ], [ -71.10098, 42.34488 ] ] ] } },
{ "type": "Feature", "properties": { "geoid": "250250102061" }, "geometry": { "type": "Polygon", "coordinates": [ [ [ -71.09896, 42.34681 ], [ -71.09741, 42.34369 ], [ -71.09464, 42.34455 ], [ -71.09449, 42.3453 ], [ -71.09533, 42.34523 ], [ -71.09569, 42.3461 ], [ -71.09405, 42.34744 ], [ -71.09287, 42.34764 ], [ -71.09812, 42.34764 ], [ -71.09896, 42.34681 ] ] ] } },
{ "type": "Feature", "properties": { "geoid": "250250102062" }, "geometry": { "type": "Polygon", "coordinates": [ [ [ -71.09569, 42.3461 ], [ -71.09533, 42.34523 ], [ -71.09475, 42.34539 ], [ -71.09445, 42.34519 ], [ -71.0933, 42.34651 ], [ -71.09227, 42.34711 ], [ -71.09185, 42.34676 ], [ -71.0907, 42.34654 ], [ -71.08776, 42.3473 ], [ -71.08964, 42.34764 ], [ -71.09287, 42.34764 ], [ -71.09405, 42.34744 ], [ -71.09569, 42.3461 ] ] ] } },
{ "type": "Feature", "properties": { "geoid": "250250103001" }, "geometry": { "type": "Polygon", "coordinates": [ [ [ -71.10094, 42.33617 ], [ -71.10031, 42.33594 ], [ -71.09219, 42.33914 ], [ -71.09322, 42.34089 ], [ -71.09572, 42.3401 ], [ -71.09729, 42.33878 ], [ -71.09899, 42.3391 ], [ -71.10094, 42.33617 ] ] ] } },
{ "type": "Feature", "properties": { "geoid": "250250103002" }, "geometry": { "type": "Polygon", "coordinates": [ [ [ -71.11, 42.34032 ], [ -71.10539, 42.33786 ], [ -71.10094, 42.33617 ], [ -71.09899, 42.3391 ], [ -71.10436, 42.34336 ], [ -71.10553, 42.34324 ], [ -71.10691, 42.34177 ], [ -71.10929, 42.34094 ], [ -71.11, 42.34032 ] ] ] } },
{ "type": "Feature", "properties": { "geoid": "250250104031" }, "geometry": { "type": "Polygon", "coordinates": [ [ [ -71.08997, 42.34392 ], [ -71.08681, 42.34344 ], [ -71.08767, 42.34529 ], [ -71.08955, 42.34541 ], [ -71.08997, 42.34392 ] ] ] } },
{ "type": "Feature", "properties": { "geoid": "250250104032" }, "geometry": { "type": "Polygon", "coordinates": [ [ [ -71.08955, 42.34541 ], [ -71.08773, 42.3452 ], [ -71.08826, 42.3464 ], [ -71.08746, 42.34663 ], [ -71.08776, 42.3473 ], [ -71.08926, 42.34689 ], [ -71.08955, 42.34541 ] ] ] } },
{ "type": "Feature", "properties": { "geoid": "250250104033" }, "geometry": { "type": "Polygon", "coordinates": [ [ [ -71.08826, 42.3464 ], [ -71.08681, 42.34344 ], [ -71.0858, 42.34333 ], [ -71.08746, 42.34663 ], [ -71.08826, 42.3464 ] ] ] } },
{ "type": "Feature", "properties": { "geoid": "250250104041" }, "geometry": { "type": "Polygon", "coordinates": [ [ [ -71.09181, 42.33987 ], [ -71.09103, 42.33961 ], [ -71.08661, 42.34147 ], [ -71.08731, 42.34199 ], [ -71.091, 42.34044 ], [ -71.09119, 42.34095 ], [ -71.09181, 42.33987 ] ] ] } },
{ "type": "Feature", "properties": { "geoid": "250250104042" }, "geometry": { "type": "Polygon", "coordinates": [ [ [ -71.0911, 42.3411 ], [ -71.091, 42.34044 ], [ -71.08731, 42.34199 ], [ -71.09033, 42.34261 ], [ -71.0911, 42.3411 ] ] ] } },
{ "type": "Feature", "properties": { "geoid": "250250104043" }, "geometry": { "type": "Polygon", "coordinates": [ [ [ -71.0902, 42.34319 ], [ -71.0866, 42.34261 ], [ -71.0858, 42.34333 ], [ -71.08997, 42.34392 ], [ -71.0902, 42.34319 ] ] ] } },
{ "type": "Feature", "properties": { "geoid": "250250104044" }, "geometry": { "type": "Polygon", "coordinates": [ [ [ -71.09029, 42.34278 ], [ -71.08757, 42.34215 ], [ -71.08661, 42.34147 ], [ -71.08496, 42.34277 ], [ -71.0858, 42.34333 ], [ -71.0866, 42.34261 ], [ -71.0902, 42.34319 ], [ -71.09029, 42.34278 ] ] ] } },
{ "type": "Feature", "properties": { "geoid": "250250104051" }, "geometry": { "type": "Polygon", "coordinates": [ [ [ -71.09574, 42.33773 ], [ -71.09052, 42.33567 ], [ -71.08468, 42.34029 ], [ -71.08661, 42.34147 ], [ -71.09574, 42.33773 ] ] ] } },
{ "type": "Feature", "properties": { "geoid": "250250104052" }, "geometry": { "type": "Polygon", "coordinates": [ [ [ -71.0933, 42.34074 ], [ -71.09219, 42.33914 ], [ -71.09103, 42.33961 ], [ -71.09181, 42.33987 ], [ -71.09041, 42.34229 ], [ -71.08926, 42.34689 ], [ -71.0909, 42.34654 ], [ -71.09064, 42.34526 ], [ -71.0916, 42.34211 ], [ -71.09221, 42.34134 ], [ -71.0933, 42.34074 ] ] ] } },
{ "type": "Feature", "properties": { "geoid": "250250104053" }, "geometry": { "type": "Polygon", "coordinates": [ [ [ -71.08661, 42.34147 ], [ -71.08468, 42.34029 ], [ -71.08315, 42.34162 ], [ -71.08496, 42.34277 ], [ -71.08661, 42.34147 ] ] ] } },
{ "type": "Feature", "properties": { "geoid": "250250104081" }, "geometry": { "type": "Polygon", "coordinates": [ [ [ -71.09741, 42.34369 ], [ -71.09649, 42.34184 ], [ -71.09531, 42.34222 ], [ -71.09469, 42.34276 ], [ -71.09464, 42.34455 ], [ -71.09741, 42.34369 ] ] ] } },
{ "type": "Feature", "properties": { "geoid": "250250105001" }, "geometry": { "type": "Polygon", "coordinates": [ [ [ -71.08776, 42.3473 ], [ -71.08585, 42.34339 ], [ -71.08496, 42.34277 ], [ -71.08188, 42.34552 ], [ -71.08463, 42.34609 ], [ -71.0856, 42.34788 ], [ -71.08776, 42.3473 ] ] ] } },
{ "type": "Feature", "properties": { "geoid": "250250105002" }, "geometry": { "type": "Polygon", "coordinates": [ [ [ -71.08496, 42.34277 ], [ -71.0841, 42.34219 ], [ -71.08091, 42.34479 ], [ -71.08182, 42.34541 ], [ -71.08496, 42.34277 ] ] ] } },
{ "type": "Feature", "properties": { "geoid": "250250105003" }, "geometry": { "type": "Polygon", "coordinates": [ [ [ -71.0841, 42.34219 ], [ -71.08315, 42.34162 ], [ -71.08008, 42.34422 ], [ -71.08091, 42.34479 ], [ -71.0841, 42.34219 ] ] ] } },
{ "type": "Feature", "properties": { "geoid": "250250106001" }, "geometry": { "type": "Polygon", "coordinates": [ [ [ -71.08182, 42.34541 ], [ -71.08008, 42.34422 ], [ -71.07593, 42.34736 ], [ -71.0762, 42.34791 ], [ -71.07872, 42.34783 ], [ -71.08182, 42.34541 ] ] ] } },
{ "type": "Feature", "properties": { "geoid": "250250106002" }, "geometry": { "type": "Polygon", "coordinates": [ [ [ -71.0856, 42.34788 ], [ -71.08463, 42.34609 ], [ -71.08238, 42.3458 ], [ -71.08182, 42.34541 ], [ -71.07872, 42.34783 ], [ -71.07951, 42.34951 ], [ -71.0856, 42.34788 ] ] ] } },
{ "type": "Feature", "properties": { "geoid": "250250106003" }, "geometry": { "type": "Polygon", "coordinates": [ [ [ -71.07951, 42.34951 ], [ -71.07872, 42.34783 ], [ -71.0762, 42.34791 ], [ -71.07638, 42.34831 ], [ -71.07539, 42.34858 ], [ -71.07513, 42.34815 ], [ -71.072, 42.34902 ], [ -71.07266, 42.35041 ], [ -71.07693, 42.34928 ], [ -71.07737, 42.35008 ], [ -71.07951, 42.34951 ] ] ] } },
{ "type": "Feature", "properties": { "geoid": "250250107011" }, "geometry": { "type": "Polygon", "coordinates": [ [ [ -71.08513, 42.35114 ], [ -71.08375, 42.34838 ], [ -71.07951, 42.34951 ], [ -71.07986, 42.3503 ], [ -71.08219, 42.34968 ], [ -71.08317, 42.35165 ], [ -71.08513, 42.35114 ] ] ] } },
{ "type": "Feature", "properties": { "geoid": "250250107012" }, "geometry": { "type": "Polygon", "coordinates": [ [ [ -71.08317, 42.35165 ], [ -71.08219, 42.34968 ], [ -71.07986, 42.3503 ], [ -71.08086, 42.35227 ], [ -71.08317, 42.35165 ] ] ] } },
{ "type": "Feature", "properties": { "geoid": "250250107013" }, "geometry": { "type": "Polygon", "coordinates": [ [ [ -71.08871, 42.34925 ], [ -71.08776, 42.3473 ], [ -71.08375, 42.34838 ], [ -71.0847, 42.3503 ], [ -71.08871, 42.34925 ] ] ] } },
{ "type": "Feature", "properties": { "geoid": "250250107021" }, "geometry": { "type": "Polygon", "coordinates": [ [ [ -71.0803, 42.35112 ], [ -71.07951, 42.34951 ], [ -71.07737, 42.35008 ], [ -71.07693, 42.34928 ], [ -71.07266, 42.35041 ], [ -71.07282, 42.35076 ], [ -71.07046, 42.35142 ], [ -71.07108, 42.35267 ], [ -71.07561, 42.35146 ], [ -71.07598, 42.35226 ], [ -71.0803, 42.35112 ] ] ] } },
{ "type": "Feature", "properties": { "geoid": "250250107022" }, "geometry": { "type": "Polygon", "coordinates": [ [ [ -71.08086, 42.35227 ], [ -71.0803, 42.35112 ], [ -71.07598, 42.35226 ], [ -71.07658, 42.35343 ], [ -71.08086, 42.35227 ] ] ] } },
{ "type": "Feature", "properties": { "geoid": "250250107023" }, "geometry": { "type": "Polygon", "coordinates": [ [ [ -71.07658, 42.35343 ], [ -71.07561, 42.35146 ], [ -71.07108, 42.35267 ], [ -71.07206, 42.35466 ], [ -71.07658, 42.35343 ] ] ] } },
{ "type": "Feature", "properties": { "geoid": "250250108011" }, "geometry": { "type": "Polygon", "coordinates": [ [ [ -71.07519, 42.35552 ], [ -71.0744, 42.35402 ], [ -71.07206, 42.35466 ], [ -71.07256, 42.35544 ], [ -71.07302, 42.35531 ], [ -71.07346, 42.35612 ], [ -71.07519, 42.35552 ] ] ] } },
{ "type": "Feature", "properties": { "geoid": "250250108012" }, "geometry": { "type": "Polygon", "coordinates": [ [ [ -71.07931, 42.35417 ], [ -71.07912, 42.35366 ], [ -71.07694, 42.35424 ], [ -71.07658, 42.35343 ], [ -71.0744, 42.35402 ], [ -71.07522, 42.35551 ], [ -71.07931, 42.35417 ] ] ] } },
{ "type": "Feature", "properties": { "geoid": "250250108013" }, "geometry": { "type": "Polygon", "coordinates": [ [ [ -71.08159, 42.3537 ], [ -71.08086, 42.35227 ], [ -71.07658, 42.35343 ], [ -71.07694, 42.35424 ], [ -71.07912, 42.35366 ], [ -71.07931, 42.35417 ], [ -71.07723, 42.35475 ], [ -71.07736, 42.35494 ], [ -71.08159, 42.3537 ] ] ] } },
{ "type": "Feature", "properties": { "geoid": "250250108021" }, "geometry": { "type": "Polygon", "coordinates": [ [ [ -71.08725, 42.35205 ], [ -71.08624, 42.34991 ], [ -71.0847, 42.3503 ], [ -71.08513, 42.35114 ], [ -71.08317, 42.35165 ], [ -71.0838, 42.35298 ], [ -71.08725, 42.35205 ] ] ] } },
{ "type": "Feature", "properties": { "geoid": "250250108022" }, "geometry": { "type": "Polygon", "coordinates": [ [ [ -71.08986, 42.35158 ], [ -71.08871, 42.34925 ], [ -71.08624, 42.34991 ], [ -71.08725, 42.35205 ], [ -71.08573, 42.35245 ], [ -71.08592, 42.35253 ], [ -71.08986, 42.35158 ] ] ] } },
{ "type": "Feature", "properties": { "geoid": "250250108023" }, "geometry": { "type": "Polygon", "coordinates": [ [ [ -71.08578, 42.35256 ], [ -71.0838, 42.35298 ], [ -71.08317, 42.35165 ], [ -71.08086, 42.35227 ], [ -71.08159, 42.3537 ], [ -71.08578, 42.35256 ] ] ] } },
{ "type": "Feature", "properties": { "geoid": "250250201011" }, "geometry": { "type": "Polygon", "coordinates": [ [ [ -71.072, 42.35742 ], [ -71.0713, 42.35577 ], [ -71.06764, 42.3566 ], [ -71.06794, 42.35745 ], [ -71.06984, 42.35703 ], [ -71.07029, 42.3578 ], [ -71.072, 42.35742 ] ] ] } },
{ "type": "Feature", "properties": { "geoid": "250250201012" }, "geometry": { "type": "Polygon", "coordinates": [ [ [ -71.07344, 42.35614 ], [ -71.07302, 42.35531 ], [ -71.0713, 42.35577 ], [ -71.072, 42.35742 ], [ -71.07029, 42.3578 ], [ -71.07079, 42.35947 ], [ -71.07212, 42.35947 ], [ -71.07344, 42.35614 ] ] ] } },
{ "type": "Feature", "properties": { "geoid": "250250201013" }, "geometry": { "type": "Polygon", "coordinates": [ [ [ -71.07006, 42.35784 ], [ -71.06984, 42.35703 ], [ -71.06794, 42.35745 ], [ -71.06764, 42.3566 ], [ -71.06499, 42.3572 ], [ -71.06507, 42.35886 ], [ -71.06871, 42.35885 ], [ -71.0685, 42.35803 ], [ -71.07006, 42.35784 ] ] ] } },
{ "type": "Feature", "properties": { "geoid": "250250201014" }, "geometry": { "type": "Polygon", "coordinates": [ [ [ -71.07079, 42.35947 ], [ -71.07029, 42.3578 ], [ -71.0685, 42.35803 ], [ -71.06871, 42.35885 ], [ -71.06507, 42.35886 ], [ -71.06505, 42.35937 ], [ -71.07079, 42.35947 ] ] ] } },
{ "type": "Feature", "properties": { "geoid": "250250202001" }, "geometry": { "type": "Polygon", "coordinates": [ [ [ -71.06691, 42.36114 ], [ -71.06682, 42.35935 ], [ -71.06505, 42.35937 ], [ -71.06516, 42.3612 ], [ -71.06691, 42.36114 ] ] ] } },
{ "type": "Feature", "properties": { "geoid": "250250202002" }, "geometry": { "type": "Polygon", "coordinates": [ [ [ -71.06875, 42.36108 ], [ -71.06864, 42.35929 ], [ -71.06682, 42.35935 ], [ -71.06691, 42.36114 ], [ -71.06875, 42.36108 ] ] ] } },
{ "type": "Feature", "properties": { "geoid": "250250202003" }, "geometry": { "type": "Polygon", "coordinates": [ [ [ -71.07237, 42.36114 ], [ -71.07212, 42.35947 ], [ -71.06863, 42.35957 ], [ -71.06875, 42.36108 ], [ -71.07045, 42.36087 ], [ -71.07237, 42.36114 ] ] ] } },
{ "type": "Feature", "properties": { "geoid": "250250203011" }, "geometry": { "type": "Polygon", "coordinates": [ [ [ -71.07235, 42.36134 ], [ -71.07045, 42.36087 ], [ -71.06372, 42.36124 ], [ -71.06372, 42.3622 ], [ -71.06513, 42.3624 ], [ -71.06537, 42.36483 ], [ -71.0676, 42.36504 ], [ -71.06895, 42.36562 ], [ -71.06822, 42.36625 ], [ -71.06734, 42.36648 ], [ -71.07058, 42.36801 ], [ -71.07154, 42.36711 ], [ -71.07062, 42.36675 ], [ -71.07086, 42.36648 ], [ -71.07022, 42.36615 ], [ -71.06928, 42.36719 ], [ -71.06845, 42.3666 ], [ -71.06946, 42.36563 ], [ -71.07048, 42.36356 ], [ -71.07166, 42.3627 ], [ -71.07235, 42.36134 ] ] ] } },
{ "type": "Feature", "properties": { "geoid": "250250203021" }, "geometry": { "type": "Polygon", "coordinates": [ [ [ -71.06516, 42.3612 ], [ -71.06499, 42.3572 ], [ -71.06264, 42.35798 ], [ -71.06291, 42.36123 ], [ -71.06516, 42.3612 ] ] ] } },
{ "type": "Feature", "properties": { "geoid": "250250203041" }, "geometry": { "type": "Polygon", "coordinates": [ [ [ -71.06057, 42.36583 ], [ -71.05942, 42.36463 ], [ -71.05986, 42.36434 ], [ -71.05896, 42.36338 ], [ -71.05839, 42.36369 ], [ -71.05853, 42.36695 ], [ -71.06057, 42.36583 ] ] ] } },
{ "type": "Feature", "properties": { "geoid": "250250203042" }, "geometry": { "type": "Polygon", "coordinates": [ [ [ -71.06372, 42.36328 ], [ -71.06372, 42.36124 ], [ -71.06291, 42.36123 ], [ -71.0622, 42.36226 ], [ -71.05896, 42.36338 ], [ -71.05986, 42.36434 ], [ -71.05942, 42.36463 ], [ -71.06067, 42.36578 ], [ -71.06312, 42.36447 ], [ -71.06372, 42.36328 ] ] ] } },
{ "type": "Feature", "properties": { "geoid": "250250203051" }, "geometry": { "type": "Polygon", "coordinates": [ [ [ -71.07056, 42.36803 ], [ -71.06734, 42.36648 ], [ -71.06749, 42.36631 ], [ -71.06481, 42.3656 ], [ -71.06339, 42.36419 ], [ -71.05853, 42.36695 ], [ -71.05979, 42.36877 ], [ -71.06299, 42.36839 ], [ -71.06392, 42.36902 ], [ -71.06948, 42.36905 ], [ -71.07056, 42.36803 ] ] ] } },
{ "type": "Feature", "properties": { "geoid": "250250203052" }, "geometry": { "type": "Polygon", "coordinates": [ [ [ -71.06888, 42.36568 ], [ -71.0676, 42.36504 ], [ -71.06537, 42.36483 ], [ -71.06513, 42.3624 ], [ -71.06372, 42.3622 ], [ -71.06339, 42.36419 ], [ -71.06468, 42.36552 ], [ -71.06761, 42.36643 ], [ -71.06888, 42.36568 ] ] ] } },
{ "type": "Feature", "properties": { "geoid": "250250301001" }, "geometry": { "type": "Polygon", "coordinates": [ [ [ -71.05732, 42.3678 ], [ -71.05649, 42.36708 ], [ -71.05652, 42.36663 ], [ -71.055, 42.36596 ], [ -71.05429, 42.36704 ], [ -71.05397, 42.36691 ], [ -71.0534, 42.36753 ], [ -71.05619, 42.36829 ], [ -71.05732, 42.3678 ] ] ] } },
{ "type": "Feature", "properties": { "geoid": "250250301002" }, "geometry": { "type": "Polygon", "coordinates": [ [ [ -71.05853, 42.36695 ], [ -71.05749, 42.36587 ], [ -71.0574, 42.36531 ], [ -71.05635, 42.36572 ], [ -71.05595, 42.36551 ], [ -71.05549, 42.36619 ], [ -71.05652, 42.36663 ], [ -71.05649, 42.36708 ], [ -71.05737, 42.36777 ], [ -71.05853, 42.36695 ] ] ] } },
{ "type": "Feature", "properties": { "geoid": "250250302001" }, "geometry": { "type": "Polygon", "coordinates": [ [ [ -71.05675, 42.3654 ], [ -71.05665, 42.36387 ], [ -71.05584, 42.36361 ], [ -71.05544, 42.36518 ], [ -71.05635, 42.36572 ], [ -71.05675, 42.3654 ] ] ] } },
{ "type": "Feature", "properties": { "geoid": "250250302002" }, "geometry": { "type": "Polygon", "coordinates": [ [ [ -71.05853, 42.36695 ], [ -71.05843, 42.36464 ], [ -71.05638, 42.36288 ], [ -71.05584, 42.36361 ], [ -71.05665, 42.36387 ], [ -71.05675, 42.3654 ], [ -71.0574, 42.36531 ], [ -71.05749, 42.36587 ], [ -71.05853, 42.36695 ] ] ] } },
{ "type": "Feature", "properties": { "geoid": "250250303011" }, "geometry": { "type": "Polygon", "coordinates": [ [ [ -71.05182, 42.35962 ], [ -71.05078, 42.35703 ], [ -71.05106, 42.35513 ], [ -71.0494, 42.3545 ], [ -71.0455, 42.35983 ], [ -71.04763, 42.36022 ], [ -71.05182, 42.35962 ] ] ] } },
{ "type": "Feature", "properties": { "geoid": "250250303012" }, "geometry": { "type": "Polygon", "coordinates": [ [ [ -71.05281, 42.36092 ], [ -71.05182, 42.35962 ], [ -71.04763, 42.36022 ], [ -71.0455, 42.35983 ], [ -71.04639, 42.36394 ], [ -71.05109, 42.36417 ], [ -71.0511, 42.36217 ], [ -71.05281, 42.36092 ] ] ] } },
{ "type": "Feature", "properties": { "geoid": "250250303021" }, "geometry": { "type": "Polygon", "coordinates": [ [ [ -71.06291, 42.36123 ], [ -71.06264, 42.35798 ], [ -71.06151, 42.35834 ], [ -71.06035, 42.35809 ], [ -71.05829, 42.35741 ], [ -71.05874, 42.35699 ], [ -71.05824, 42.35683 ], [ -71.05554, 42.35697 ], [ -71.05332, 42.35846 ], [ -71.05158, 42.35876 ], [ -71.05266, 42.36079 ], [ -71.05697, 42.36321 ], [ -71.05843, 42.36464 ], [ -71.05839, 42.36369 ], [ -71.0622, 42.36226 ], [ -71.06291, 42.36123 ] ] ] } },
{ "type": "Feature", "properties": { "geoid": "250250304001" }, "geometry": { "type": "Polygon", "coordinates": [ [ [ -71.05346, 42.36478 ], [ -71.05393, 42.3643 ], [ -71.05345, 42.36405 ], [ -71.05383, 42.3633 ], [ -71.05211, 42.36368 ], [ -71.05165, 42.36311 ], [ -71.05108, 42.364 ], [ -71.05346, 42.36478 ] ] ] } },
{ "type": "Feature", "properties": { "geoid": "250250304002" }, "geometry": { "type": "Polygon", "coordinates": [ [ [ -71.05595, 42.36551 ], [ -71.05393, 42.3643 ], [ -71.05288, 42.36577 ], [ -71.05429, 42.36704 ], [ -71.055, 42.36596 ], [ -71.05549, 42.36619 ], [ -71.05595, 42.36551 ] ] ] } },
{ "type": "Feature", "properties": { "geoid": "250250304003" }, "geometry": { "type": "Polygon", "coordinates": [ [ [ -71.05629, 42.36299 ], [ -71.05493, 42.36205 ], [ -71.05345, 42.36405 ], [ -71.05544, 42.36518 ], [ -71.05555, 42.36413 ], [ -71.05629, 42.36299 ] ] ] } },
{ "type": "Feature", "properties": { "geoid": "250250304004" }, "geometry": { "type": "Polygon", "coordinates": [ [ [ -71.05493, 42.36205 ], [ -71.05281, 42.36092 ], [ -71.0511, 42.36217 ], [ -71.05107, 42.3637 ], [ -71.05165, 42.36311 ], [ -71.05211, 42.36368 ], [ -71.05383, 42.3633 ], [ -71.05493, 42.36205 ] ] ] } },
{ "type": "Feature", "properties": { "geoid": "250250305001" }, "geometry": { "type": "Polygon", "coordinates": [ [ [ -71.05979, 42.36877 ], [ -71.05853, 42.36695 ], [ -71.05637, 42.36829 ], [ -71.05232, 42.36714 ], [ -71.05135, 42.36641 ], [ -71.05109, 42.36417 ], [ -71.04639, 42.36394 ], [ -71.04667, 42.3675 ], [ -71.04958, 42.37019 ], [ -71.04884, 42.3709 ], [ -71.04909, 42.3712 ], [ -71.0509, 42.3707 ], [ -71.055, 42.3707 ], [ -71.05979, 42.36877 ] ] ] } },
{ "type": "Feature", "properties": { "geoid": "250250305002" }, "geometry": { "type": "Polygon", "coordinates": [ [ [ -71.05346, 42.36478 ], [ -71.05108, 42.364 ], [ -71.05127, 42.36619 ], [ -71.0528, 42.36605 ], [ -71.05346, 42.36478 ] ] ] } },
{ "type": "Feature", "properties": { "geoid": "250250305003" }, "geometry": { "type": "Polygon", "coordinates": [ [ [ -71.05397, 42.36691 ], [ -71.05288, 42.36577 ], [ -71.0528, 42.36605 ], [ -71.05127, 42.36619 ], [ -71.05209, 42.36701 ], [ -71.0534, 42.36753 ], [ -71.05397, 42.36691 ] ] ] } },
{ "type": "Feature", "properties": { "geoid": "250250401001" }, "geometry": { "type": "Polygon", "coordinates": [ [ [ -71.06189, 42.37111 ], [ -71.0609, 42.37038 ], [ -71.05979, 42.36877 ], [ -71.055, 42.3707 ], [ -71.05791, 42.37236 ], [ -71.05844, 42.37212 ], [ -71.05867, 42.37238 ], [ -71.058, 42.37278 ], [ -71.05835, 42.37371 ], [ -71.0578, 42.3742 ], [ -71.05874, 42.37593 ], [ -71.06001, 42.37607 ], [ -71.06044, 42.37539 ], [ -71.06024, 42.37479 ], [ -71.06164, 42.37366 ], [ -71.06043, 42.37213 ], [ -71.06189, 42.37111 ] ] ] } },
{ "type": "Feature", "properties": { "geoid": "250250401002" }, "geometry": { "type": "Polygon", "coordinates": [ [ [ -71.06423, 42.37312 ], [ -71.06384, 42.37192 ], [ -71.06189, 42.37111 ], [ -71.06043, 42.37213 ], [ -71.06164, 42.37366 ], [ -71.06024, 42.37479 ], [ -71.06044, 42.37539 ], [ -71.05972, 42.37665 ], [ -71.06124, 42.37715 ], [ -71.0625, 42.37481 ], [ -71.06423, 42.37312 ] ] ] } },
{ "type": "Feature", "properties": { "geoid": "250250402001" }, "geometry": { "type": "Polygon", "coordinates": [ [ [ -71.05646, 42.37692 ], [ -71.05523, 42.37623 ], [ -71.05294, 42.37843 ], [ -71.05415, 42.37904 ], [ -71.05591, 42.37912 ], [ -71.05646, 42.37692 ] ] ] } },
{ "type": "Feature", "properties": { "geoid": "250250402002" }, "geometry": { "type": "Polygon", "coordinates": [ [ [ -71.06049, 42.37692 ], [ -71.05972, 42.37665 ], [ -71.06001, 42.37607 ], [ -71.05874, 42.37593 ], [ -71.0578, 42.3742 ], [ -71.05523, 42.37623 ], [ -71.05646, 42.37692 ], [ -71.05989, 42.37806 ], [ -71.06049, 42.37692 ] ] ] } },
{ "type": "Feature", "properties": { "geoid": "250250403001" }, "geometry": { "type": "Polygon", "coordinates": [ [ [ -71.06264, 42.37898 ], [ -71.05989, 42.37806 ], [ -71.05896, 42.37967 ], [ -71.06139, 42.3807 ], [ -71.06264, 42.37898 ] ] ] } },
{ "type": "Feature", "properties": { "geoid": "250250403002" }, "geometry": { "type": "Polygon", "coordinates": [ [ [ -71.06446, 42.37555 ], [ -71.06309, 42.37469 ], [ -71.06244, 42.37607 ], [ -71.06187, 42.37595 ], [ -71.06124, 42.37715 ], [ -71.06049, 42.37692 ], [ -71.05989, 42.37806 ], [ -71.06264, 42.37898 ], [ -71.06426, 42.37684 ], [ -71.0635, 42.37652 ], [ -71.06446, 42.37555 ] ] ] } },
{ "type": "Feature", "properties": { "geoid": "250250403003" }, "geometry": { "type": "Polygon", "coordinates": [ [ [ -71.0655, 42.37779 ], [ -71.06426, 42.37684 ], [ -71.06139, 42.3807 ], [ -71.06236, 42.3811 ], [ -71.06448, 42.37851 ], [ -71.0655, 42.37779 ] ] ] } },
{ "type": "Feature", "properties": { "geoid": "250250403004" }, "geometry": { "type": "Polygon", "coordinates": [ [ [ -71.06534, 42.3803 ], [ -71.0645, 42.37987 ], [ -71.06494, 42.37932 ], [ -71.06408, 42.37899 ], [ -71.06236, 42.3811 ], [ -71.0642, 42.38187 ], [ -71.06534, 42.3803 ] ] ] } },
{ "type": "Feature", "properties": { "geoid": "250250403005" }, "geometry": { "type": "Polygon", "coordinates": [ [ [ -71.06911, 42.37941 ], [ -71.06783, 42.37821 ], [ -71.06704, 42.37892 ], [ -71.0655, 42.37779 ], [ -71.06408, 42.37899 ], [ -71.06793, 42.3805 ], [ -71.06911, 42.37941 ] ] ] } },
{ "type": "Feature", "properties": { "geoid": "250250404011" }, "geometry": { "type": "Polygon", "coordinates": [ [ [ -71.07078, 42.37993 ], [ -71.06822, 42.37512 ], [ -71.06749, 42.37527 ], [ -71.06497, 42.37731 ], [ -71.06704, 42.37892 ], [ -71.06783, 42.37821 ], [ -71.06999, 42.38031 ], [ -71.07078, 42.37993 ] ] ] } },
{ "type": "Feature", "properties": { "geoid": "250250404012" }, "geometry": { "type": "Polygon", "coordinates": [ [ [ -71.07055, 42.37236 ], [ -71.06712, 42.37182 ], [ -71.06406, 42.369 ], [ -71.06299, 42.36839 ], [ -71.05979, 42.36877 ], [ -71.06108, 42.37058 ], [ -71.06384, 42.37192 ], [ -71.06421, 42.37283 ], [ -71.06415, 42.37341 ], [ -71.0632, 42.37394 ], [ -71.06187, 42.37595 ], [ -71.06244, 42.37607 ], [ -71.06309, 42.37469 ], [ -71.06446, 42.37555 ], [ -71.0635, 42.37652 ], [ -71.06497, 42.37731 ], [ -71.06718, 42.3754 ], [ -71.06822, 42.37512 ], [ -71.06791, 42.37463 ], [ -71.06959, 42.37351 ], [ -71.07055, 42.37236 ] ] ] } },
{ "type": "Feature", "properties": { "geoid": "250250406001" }, "geometry": { "type": "Polygon", "coordinates": [ [ [ -71.08097, 42.38232 ], [ -71.0807, 42.38104 ], [ -71.07566, 42.3802 ], [ -71.07247, 42.37266 ], [ -71.07055, 42.37236 ], [ -71.06959, 42.37351 ], [ -71.06791, 42.37463 ], [ -71.07154, 42.38095 ], [ -71.06906, 42.38379 ], [ -71.0616, 42.38079 ], [ -71.0585, 42.3845 ], [ -71.05759, 42.38462 ], [ -71.05552, 42.38712 ], [ -71.0574, 42.3873 ], [ -71.0657, 42.3866 ], [ -71.0709, 42.389 ], [ -71.06912, 42.39178 ], [ -71.06695, 42.39407 ], [ -71.06686, 42.39498 ], [ -71.06737, 42.3953 ], [ -71.06904, 42.39389 ], [ -71.06932, 42.39402 ], [ -71.0727, 42.3908 ], [ -71.0735, 42.3918 ], [ -71.07979, 42.38293 ], [ -71.08097, 42.38232 ] ] ] } },
{ "type": "Feature", "properties": { "geoid": "250250406002" }, "geometry": { "type": "Polygon", "coordinates": [ [ [ -71.07154, 42.38095 ], [ -71.0709, 42.37987 ], [ -71.06999, 42.38031 ], [ -71.06911, 42.37941 ], [ -71.06793, 42.3805 ], [ -71.06494, 42.37932 ], [ -71.0645, 42.37987 ], [ -71.06534, 42.3803 ], [ -71.0642, 42.38187 ], [ -71.06906, 42.38379 ], [ -71.07154, 42.38095 ] ] ] } },
{ "type": "Feature", "properties": { "geoid": "250250408011" }, "geometry": { "type": "Polygon", "coordinates": [ [ [ -71.05989, 42.37806 ], [ -71.05646, 42.37692 ], [ -71.05591, 42.37912 ], [ -71.05758, 42.37917 ], [ -71.05896, 42.37967 ], [ -71.05989, 42.37806 ] ] ] } },
{ "type": "Feature", "properties": { "geoid": "250250408012" }, "geometry": { "type": "Polygon", "coordinates": [ [ [ -71.0616, 42.38079 ], [ -71.05781, 42.37922 ], [ -71.05415, 42.37904 ], [ -71.05294, 42.37843 ], [ -71.05131, 42.38028 ], [ -71.04498, 42.37854 ], [ -71.0443, 42.38321 ], [ -71.04819, 42.38569 ], [ -71.05552, 42.38712 ], [ -71.05759, 42.38462 ], [ -71.0585, 42.3845 ], [ -71.0616, 42.38079 ] ] ] } },
{ "type": "Feature", "properties": { "geoid": "250250408013" }, "geometry": { "type": "Polygon", "coordinates": [ [ [ -71.05867, 42.37238 ], [ -71.05844, 42.37212 ], [ -71.05791, 42.37236 ], [ -71.055, 42.3707 ], [ -71.0509, 42.3707 ], [ -71.04909, 42.3712 ], [ -71.047, 42.3726 ], [ -71.0452, 42.3771 ], [ -71.04498, 42.37854 ], [ -71.05131, 42.38028 ], [ -71.05584, 42.37563 ], [ -71.05835, 42.37371 ], [ -71.05793, 42.37296 ], [ -71.05867, 42.37238 ] ] ] } },
{ "type": "Feature", "properties": { "geoid": "250250501011" }, "geometry": { "type": "Polygon", "coordinates": [ [ [ -71.03932, 42.38261 ], [ -71.03925, 42.38055 ], [ -71.03342, 42.38052 ], [ -71.0334, 42.38261 ], [ -71.03932, 42.38261 ] ] ] } },
{ "type": "Feature", "properties": { "geoid": "250250501012" }, "geometry": { "type": "Polygon", "coordinates": [ [ [ -71.04498, 42.37854 ], [ -71.04005, 42.37893 ], [ -71.04003, 42.37865 ], [ -71.03921, 42.37863 ], [ -71.03926, 42.38683 ], [ -71.04326, 42.38359 ], [ -71.0443, 42.38321 ], [ -71.04498, 42.37854 ] ] ] } },
{ "type": "Feature", "properties": { "geoid": "250250501013" }, "geometry": { "type": "Polygon", "coordinates": [ [ [ -71.03925, 42.38055 ], [ -71.03921, 42.37863 ], [ -71.03576, 42.37994 ], [ -71.03492, 42.37869 ], [ -71.03278, 42.37949 ], [ -71.03342, 42.38052 ], [ -71.03925, 42.38055 ] ] ] } },
{ "type": "Feature", "properties": { "geoid": "250250502001" }, "geometry": { "type": "Polygon", "coordinates": [ [ [ -71.04003, 42.37865 ], [ -71.0399, 42.37712 ], [ -71.03917, 42.37711 ], [ -71.03915, 42.37635 ], [ -71.03451, 42.37807 ], [ -71.03576, 42.37994 ], [ -71.03921, 42.37863 ], [ -71.04003, 42.37865 ] ] ] } },
{ "type": "Feature", "properties": { "geoid": "250250502002" }, "geometry": { "type": "Polygon", "coordinates": [ [ [ -71.03991, 42.37479 ], [ -71.03908, 42.37417 ], [ -71.03909, 42.37492 ], [ -71.03583, 42.37603 ], [ -71.03626, 42.37665 ], [ -71.0341, 42.37745 ], [ -71.03451, 42.37807 ], [ -71.03915, 42.37635 ], [ -71.03917, 42.37711 ], [ -71.0399, 42.37712 ], [ -71.03991, 42.37479 ] ] ] } },
{ "type": "Feature", "properties": { "geoid": "250250502003" }, "geometry": { "type": "Polygon", "coordinates": [ [ [ -71.03451, 42.37807 ], [ -71.0341, 42.37745 ], [ -71.02982, 42.37905 ], [ -71.03024, 42.37966 ], [ -71.03451, 42.37807 ] ] ] } },
{ "type": "Feature", "properties": { "geoid": "250250502004" }, "geometry": { "type": "Polygon", "coordinates": [ [ [ -71.0341, 42.37745 ], [ -71.03368, 42.37683 ], [ -71.03154, 42.37763 ], [ -71.03054, 42.37701 ], [ -71.02919, 42.37813 ], [ -71.02982, 42.37905 ], [ -71.0341, 42.37745 ] ] ] } },
{ "type": "Feature", "properties": { "geoid": "250250503001" }, "geometry": { "type": "Polygon", "coordinates": [ [ [ -71.04738, 42.37121 ], [ -71.04573, 42.36863 ], [ -71.04307, 42.37033 ], [ -71.04389, 42.3707 ], [ -71.04293, 42.37187 ], [ -71.04029, 42.37074 ], [ -71.03902, 42.37211 ], [ -71.03908, 42.37417 ], [ -71.03998, 42.3746 ], [ -71.03974, 42.3753 ], [ -71.04005, 42.37893 ], [ -71.04498, 42.37854 ], [ -71.0452, 42.3771 ], [ -71.04738, 42.37121 ] ] ] } },
{ "type": "Feature", "properties": { "geoid": "250250503002" }, "geometry": { "type": "Polygon", "coordinates": [ [ [ -71.04389, 42.3707 ], [ -71.04126, 42.36954 ], [ -71.04029, 42.37074 ], [ -71.04293, 42.37187 ], [ -71.04389, 42.3707 ] ] ] } },
{ "type": "Feature", "properties": { "geoid": "250250503003" }, "geometry": { "type": "Polygon", "coordinates": [ [ [ -71.04573, 42.36863 ], [ -71.04445, 42.36579 ], [ -71.0434, 42.3646 ], [ -71.04085, 42.36749 ], [ -71.03997, 42.36712 ], [ -71.03892, 42.3685 ], [ -71.04307, 42.37033 ], [ -71.04573, 42.36863 ] ] ] } },
{ "type": "Feature", "properties": { "geoid": "250250504001" }, "geometry": { "type": "Polygon", "coordinates": [ [ [ -71.04126, 42.36954 ], [ -71.03869, 42.36841 ], [ -71.03764, 42.36958 ], [ -71.04029, 42.37074 ], [ -71.04126, 42.36954 ] ] ] } },
{ "type": "Feature", "properties": { "geoid": "250250504002" }, "geometry": { "type": "Polygon", "coordinates": [ [ [ -71.03944, 42.36727 ], [ -71.03939, 42.36684 ], [ -71.03683, 42.36572 ], [ -71.03475, 42.36831 ], [ -71.03764, 42.36958 ], [ -71.03944, 42.36727 ] ] ] } },
{ "type": "Feature", "properties": { "geoid": "250250505001" }, "geometry": { "type": "Polygon", "coordinates": [ [ [ -71.03699, 42.36929 ], [ -71.03339, 42.36773 ], [ -71.03166, 42.36987 ], [ -71.03075, 42.3703 ], [ -71.03036, 42.37017 ], [ -71.03204, 42.37181 ], [ -71.03347, 42.37219 ], [ -71.03699, 42.36929 ] ] ] } },
{ "type": "Feature", "properties": { "geoid": "250250505002" }, "geometry": { "type": "Polygon", "coordinates": [ [ [ -71.03474, 42.37246 ], [ -71.03392, 42.37193 ], [ -71.03347, 42.37219 ], [ -71.03204, 42.37181 ], [ -71.03036, 42.37017 ], [ -71.02809, 42.36912 ], [ -71.02713, 42.3699 ], [ -71.02732, 42.37076 ], [ -71.02929, 42.3725 ], [ -71.03028, 42.37394 ], [ -71.03141, 42.37393 ], [ -71.03299, 42.37279 ], [ -71.03474, 42.37246 ] ] ] } },
{ "type": "Feature", "properties": { "geoid": "250250506001" }, "geometry": { "type": "Polygon", "coordinates": [ [ [ -71.03909, 42.37492 ], [ -71.03903, 42.37237 ], [ -71.03656, 42.37091 ], [ -71.03445, 42.37271 ], [ -71.03909, 42.37492 ] ] ] } },
{ "type": "Feature", "properties": { "geoid": "250250506002" }, "geometry": { "type": "Polygon", "coordinates": [ [ [ -71.04029, 42.37074 ], [ -71.03699, 42.36929 ], [ -71.03392, 42.37193 ], [ -71.03474, 42.37246 ], [ -71.03656, 42.37091 ], [ -71.03903, 42.37237 ], [ -71.04029, 42.37074 ] ] ] } },
{ "type": "Feature", "properties": { "geoid": "250250507001" }, "geometry": { "type": "Polygon", "coordinates": [ [ [ -71.03871, 42.37496 ], [ -71.03445, 42.37271 ], [ -71.03282, 42.37411 ], [ -71.03583, 42.37603 ], [ -71.03871, 42.37496 ] ] ] } },
{ "type": "Feature", "properties": { "geoid": "250250507002" }, "geometry": { "type": "Polygon", "coordinates": [ [ [ -71.03626, 42.37665 ], [ -71.03583, 42.37603 ], [ -71.03395, 42.37483 ], [ -71.03104, 42.37732 ], [ -71.03154, 42.37763 ], [ -71.03368, 42.37683 ], [ -71.0341, 42.37745 ], [ -71.03626, 42.37665 ] ] ] } },
{ "type": "Feature", "properties": { "geoid": "250250507003" }, "geometry": { "type": "Polygon", "coordinates": [ [ [ -71.03432, 42.37282 ], [ -71.03369, 42.37262 ], [ -71.03282, 42.37289 ], [ -71.02773, 42.37721 ], [ -71.02919, 42.37813 ], [ -71.03054, 42.37701 ], [ -71.03104, 42.37732 ], [ -71.03395, 42.37483 ], [ -71.03282, 42.37411 ], [ -71.03432, 42.37282 ] ] ] } },
{ "type": "Feature", "properties": { "geoid": "250250509011" }, "geometry": { "type": "Polygon", "coordinates": [ [ [ -71.03024, 42.37966 ], [ -71.02919, 42.37813 ], [ -71.02773, 42.37721 ], [ -71.02513, 42.37975 ], [ -71.02419, 42.37919 ], [ -71.02156, 42.38014 ], [ -71.02287, 42.38199 ], [ -71.02144, 42.38356 ], [ -71.02266, 42.38392 ], [ -71.0255, 42.38132 ], [ -71.02655, 42.38132 ], [ -71.02639, 42.38109 ], [ -71.03024, 42.37966 ] ] ] } },
{ "type": "Feature", "properties": { "geoid": "250250509012" }, "geometry": { "type": "Polygon", "coordinates": [ [ [ -71.03492, 42.37869 ], [ -71.03451, 42.37807 ], [ -71.02639, 42.38109 ], [ -71.02655, 42.38132 ], [ -71.0303, 42.38134 ], [ -71.03212, 42.3805 ], [ -71.03342, 42.38052 ], [ -71.03278, 42.37949 ], [ -71.03492, 42.37869 ] ] ] } },
{ "type": "Feature", "properties": { "geoid": "250250509013" }, "geometry": { "type": "Polygon", "coordinates": [ [ [ -71.03932, 42.38261 ], [ -71.0334, 42.38261 ], [ -71.03342, 42.38052 ], [ -71.03212, 42.3805 ], [ -71.0303, 42.38134 ], [ -71.0255, 42.38132 ], [ -71.02303, 42.38345 ], [ -71.02218, 42.38495 ], [ -71.02267, 42.38627 ], [ -71.02771, 42.38404 ], [ -71.03199, 42.3846 ], [ -71.03323, 42.38491 ], [ -71.03498, 42.38588 ], [ -71.03881, 42.38681 ], [ -71.03926, 42.38683 ], [ -71.03932, 42.38261 ] ] ] } },
{ "type": "Feature", "properties": { "geoid": "250250510001" }, "geometry": { "type": "Polygon", "coordinates": [ [ [ -71.02264, 42.38174 ], [ -71.02156, 42.38014 ], [ -71.01796, 42.38029 ], [ -71.01601, 42.38092 ], [ -71.01475, 42.3793 ], [ -71.01347, 42.37955 ], [ -71.01338, 42.38094 ], [ -71.01248, 42.38096 ], [ -71.01179, 42.38049 ], [ -71.01127, 42.38065 ], [ -71.01216, 42.38197 ], [ -71.01254, 42.38166 ], [ -71.0134, 42.3829 ], [ -71.01015, 42.3851 ], [ -71.01084, 42.38613 ], [ -71.02264, 42.38174 ] ] ] } },
{ "type": "Feature", "properties": { "geoid": "250250510002" }, "geometry": { "type": "Polygon", "coordinates": [ [ [ -71.02267, 42.38627 ], [ -71.02215, 42.38519 ], [ -71.02266, 42.38392 ], [ -71.0217, 42.38354 ], [ -71.01957, 42.38609 ], [ -71.01463, 42.385 ], [ -71.01449, 42.38477 ], [ -71.00805, 42.38712 ], [ -71.01183, 42.39009 ], [ -71.01312, 42.39163 ], [ -71.01, 42.39549 ], [ -71.01193, 42.39575 ], [ -71.01127, 42.39659 ], [ -71.0134, 42.3974 ], [ -71.01609, 42.3959 ], [ -71.01779, 42.3907 ], [ -71.02051, 42.38764 ], [ -71.02267, 42.38627 ] ] ] } },
{ "type": "Feature", "properties": { "geoid": "250250510003" }, "geometry": { "type": "Polygon", "coordinates": [ [ [ -71.02287, 42.38199 ], [ -71.02264, 42.38174 ], [ -71.02077, 42.38242 ], [ -71.01449, 42.38477 ], [ -71.01463, 42.385 ], [ -71.01957, 42.38609 ], [ -71.02287, 42.38199 ] ] ] } },
{ "type": "Feature", "properties": { "geoid": "250250511011" }, "geometry": { "type": "Polygon", "coordinates": [ [ [ -71.01084, 42.38613 ], [ -71.01015, 42.3851 ], [ -71.00002, 42.3885 ], [ -71.00044, 42.3885 ], [ -70.99917, 42.38923 ], [ -70.99919, 42.38963 ], [ -70.99997, 42.39001 ], [ -71.00642, 42.39056 ], [ -71.0062, 42.38947 ], [ -71.0075, 42.38965 ], [ -71.0063, 42.38905 ], [ -71.00667, 42.38758 ], [ -71.01084, 42.38613 ] ] ] } },
{ "type": "Feature", "properties": { "geoid": "250250511012" }, "geometry": { "type": "Polygon", "coordinates": [ [ [ -71.01305, 42.39173 ], [ -71.01183, 42.39009 ], [ -71.00805, 42.38712 ], [ -71.00667, 42.38758 ], [ -71.0063, 42.38905 ], [ -71.0075, 42.38965 ], [ -71.0062, 42.38947 ], [ -71.00628, 42.39149 ], [ -71.00495, 42.39164 ], [ -71.00467, 42.39205 ], [ -71.00597, 42.39282 ], [ -71.00826, 42.39334 ], [ -71.01161, 42.39349 ], [ -71.01305, 42.39173 ] ] ] } },
{ "type": "Feature", "properties": { "geoid": "250250511013" }, "geometry": { "type": "Polygon", "coordinates": [ [ [ -71.01324, 42.38301 ], [ -71.01308, 42.38222 ], [ -71.01254, 42.38166 ], [ -71.01216, 42.38197 ], [ -71.01127, 42.38065 ], [ -71.0057, 42.37904 ], [ -71.00442, 42.37911 ], [ -71.00258, 42.37829 ], [ -71.00017, 42.37774 ], [ -70.99933, 42.37774 ], [ -70.99669, 42.37874 ], [ -70.99465, 42.38115 ], [ -70.99463, 42.38271 ], [ -70.99651, 42.38298 ], [ -71.00076, 42.38451 ], [ -71.00002, 42.38563 ], [ -70.99642, 42.38435 ], [ -70.99566, 42.38466 ], [ -70.99565, 42.38509 ], [ -70.99618, 42.3854 ], [ -71.00111, 42.38697 ], [ -70.99938, 42.38857 ], [ -71.01041, 42.38501 ], [ -71.01324, 42.38301 ] ] ] } },
{ "type": "Feature", "properties": { "geoid": "250250511014" }, "geometry": { "type": "Polygon", "coordinates": [ [ [ -71.00642, 42.39056 ], [ -71.00442, 42.39021 ], [ -70.99946, 42.38979 ], [ -70.99913, 42.38927 ], [ -71.00044, 42.3885 ], [ -70.99938, 42.38857 ], [ -70.99908, 42.38814 ], [ -70.99668, 42.38835 ], [ -70.99535, 42.38936 ], [ -70.99673, 42.39029 ], [ -70.99445, 42.39332 ], [ -70.99505, 42.39357 ], [ -70.99823, 42.39027 ], [ -70.99872, 42.39088 ], [ -71.00353, 42.39269 ], [ -71.00365, 42.39247 ], [ -71.00597, 42.39282 ], [ -71.00467, 42.39205 ], [ -71.00495, 42.39164 ], [ -71.00628, 42.39149 ], [ -71.00642, 42.39056 ] ] ] } },
{ "type": "Feature", "properties": { "geoid": "250250512001" }, "geometry": { "type": "Polygon", "coordinates": [ [ [ -71.0434, 42.3646 ], [ -71.03963, 42.36178 ], [ -71.03776, 42.36128 ], [ -71.03425, 42.35928 ], [ -71.0328, 42.35926 ], [ -71.03161, 42.36122 ], [ -71.02952, 42.36222 ], [ -71.02841, 42.3622 ], [ -71.0303, 42.35941 ], [ -71.02986, 42.35766 ], [ -71.02716, 42.35608 ], [ -71.02643, 42.35726 ], [ -71.02816, 42.35826 ], [ -71.02642, 42.36231 ], [ -71.02629, 42.36384 ], [ -71.02652, 42.36439 ], [ -71.02789, 42.36533 ], [ -71.02887, 42.36575 ], [ -71.03027, 42.36395 ], [ -71.03341, 42.36423 ], [ -71.03939, 42.36684 ], [ -71.03939, 42.36747 ], [ -71.03869, 42.36841 ], [ -71.03892, 42.3685 ], [ -71.03997, 42.36712 ], [ -71.04085, 42.36749 ], [ -71.0434, 42.3646 ] ] ] } },
{ "type": "Feature", "properties": { "geoid": "250250512002" }, "geometry": { "type": "Polygon", "coordinates": [ [ [ -71.03573, 42.36713 ], [ -71.03298, 42.36592 ], [ -71.03358, 42.36521 ], [ -71.03262, 42.36481 ], [ -71.02982, 42.36456 ], [ -71.02887, 42.36575 ], [ -71.028, 42.36558 ], [ -71.03271, 42.36798 ], [ -71.0326, 42.36867 ], [ -71.03339, 42.36773 ], [ -71.03475, 42.36831 ], [ -71.03573, 42.36713 ] ] ] } },
{ "type": "Feature", "properties": { "geoid": "250250512003" }, "geometry": { "type": "Polygon", "coordinates": [ [ [ -71.03683, 42.36572 ], [ -71.03296, 42.36413 ], [ -71.03027, 42.36395 ], [ -71.02982, 42.36456 ], [ -71.03317, 42.36503 ], [ -71.03358, 42.36521 ], [ -71.03298, 42.36592 ], [ -71.03573, 42.36713 ], [ -71.03683, 42.36572 ] ] ] } },
{ "type": "Feature", "properties": { "geoid": "250250601011" }, "geometry": { "type": "Polygon", "coordinates": [ [ [ -71.02932, 42.33824 ], [ -71.02923, 42.33573 ], [ -71.02507, 42.3358 ], [ -71.02513, 42.33831 ], [ -71.02932, 42.33824 ] ] ] } },
{ "type": "Feature", "properties": { "geoid": "250250601012" }, "geometry": { "type": "Polygon", "coordinates": [ [ [ -71.03125, 42.334 ], [ -71.03123, 42.33319 ], [ -71.02501, 42.33328 ], [ -71.02503, 42.33409 ], [ -71.03125, 42.334 ] ] ] } },
{ "type": "Feature", "properties": { "geoid": "250250601013" }, "geometry": { "type": "Polygon", "coordinates": [ [ [ -71.03128, 42.33483 ], [ -71.03125, 42.334 ], [ -71.02503, 42.33409 ], [ -71.02507, 42.3358 ], [ -71.02923, 42.33573 ], [ -71.02921, 42.33486 ], [ -71.03128, 42.33483 ] ] ] } },
{ "type": "Feature", "properties": { "geoid": "250250601014" }, "geometry": { "type": "Polygon", "coordinates": [ [ [ -71.03123, 42.33319 ], [ -71.03114, 42.33065 ], [ -71.02807, 42.33206 ], [ -71.025, 42.33302 ], [ -71.02501, 42.33328 ], [ -71.03123, 42.33319 ] ] ] } },
{ "type": "Feature", "properties": { "geoid": "250250602001" }, "geometry": { "type": "Polygon", "coordinates": [ [ [ -71.03335, 42.33566 ], [ -71.03328, 42.33315 ], [ -71.0319, 42.33317 ], [ -71.03189, 42.33235 ], [ -71.03119, 42.33236 ], [ -71.03128, 42.33483 ], [ -71.02921, 42.33486 ], [ -71.02923, 42.33573 ], [ -71.03335, 42.33566 ] ] ] } },
{ "type": "Feature", "properties": { "geoid": "250250602002" }, "geometry": { "type": "Polygon", "coordinates": [ [ [ -71.0353, 42.33229 ], [ -71.03521, 42.32935 ], [ -71.03114, 42.33065 ], [ -71.03119, 42.33236 ], [ -71.03189, 42.33235 ], [ -71.0319, 42.33317 ], [ -71.03328, 42.33315 ], [ -71.03326, 42.33233 ], [ -71.0353, 42.33229 ] ] ] } },
{ "type": "Feature", "properties": { "geoid": "250250603011" }, "geometry": { "type": "Polygon", "coordinates": [ [ [ -71.04151, 42.33383 ], [ -71.04148, 42.33302 ], [ -71.03734, 42.33308 ], [ -71.03731, 42.33227 ], [ -71.03326, 42.33233 ], [ -71.0333, 42.33398 ], [ -71.04151, 42.33383 ] ] ] } },
{ "type": "Feature", "properties": { "geoid": "250250603012" }, "geometry": { "type": "Polygon", "coordinates": [ [ [ -71.03731, 42.33227 ], [ -71.03725, 42.32953 ], [ -71.03521, 42.32935 ], [ -71.0353, 42.33229 ], [ -71.03731, 42.33227 ] ] ] } },
{ "type": "Feature", "properties": { "geoid": "250250603013" }, "geometry": { "type": "Polygon", "coordinates": [ [ [ -71.04155, 42.33552 ], [ -71.04151, 42.33383 ], [ -71.0333, 42.33398 ], [ -71.03335, 42.33566 ], [ -71.04155, 42.33552 ] ] ] } },
{ "type": "Feature", "properties": { "geoid": "250250604001" }, "geometry": { "type": "Polygon", "coordinates": [ [ [ -71.04427, 42.33547 ], [ -71.04414, 42.33213 ], [ -71.04145, 42.33219 ], [ -71.04155, 42.33552 ], [ -71.04427, 42.33547 ] ] ] } },
{ "type": "Feature", "properties": { "geoid": "250250604002" }, "geometry": { "type": "Polygon", "coordinates": [ [ [ -71.04148, 42.33302 ], [ -71.04143, 42.33137 ], [ -71.03729, 42.33143 ], [ -71.03734, 42.33308 ], [ -71.04148, 42.33302 ] ] ] } },
{ "type": "Feature", "properties": { "geoid": "250250604003" }, "geometry": { "type": "Polygon", "coordinates": [ [ [ -71.04409, 42.33049 ], [ -71.04405, 42.33019 ], [ -71.04012, 42.33014 ], [ -71.03725, 42.32953 ], [ -71.03729, 42.33143 ], [ -71.04143, 42.33137 ], [ -71.04145, 42.33219 ], [ -71.04261, 42.33217 ], [ -71.04274, 42.3305 ], [ -71.04409, 42.33049 ] ] ] } },
{ "type": "Feature", "properties": { "geoid": "250250604004" }, "geometry": { "type": "Polygon", "coordinates": [ [ [ -71.04746, 42.33297 ], [ -71.04739, 42.33014 ], [ -71.04405, 42.33019 ], [ -71.04409, 42.33049 ], [ -71.04274, 42.3305 ], [ -71.04261, 42.33217 ], [ -71.04414, 42.33213 ], [ -71.04416, 42.33294 ], [ -71.04488, 42.33224 ], [ -71.04616, 42.33212 ], [ -71.04702, 42.33242 ], [ -71.04746, 42.33297 ] ] ] } },
{ "type": "Feature", "properties": { "geoid": "250250604005" }, "geometry": { "type": "Polygon", "coordinates": [ [ [ -71.04751, 42.3346 ], [ -71.04746, 42.33297 ], [ -71.04702, 42.33242 ], [ -71.0457, 42.33211 ], [ -71.04456, 42.33238 ], [ -71.04416, 42.33294 ], [ -71.04427, 42.33547 ], [ -71.04569, 42.33545 ], [ -71.04751, 42.3346 ] ] ] } },
{ "type": "Feature", "properties": { "geoid": "250250605011" }, "geometry": { "type": "Polygon", "coordinates": [ [ [ -71.03752, 42.3381 ], [ -71.03743, 42.33559 ], [ -71.03335, 42.33566 ], [ -71.03339, 42.33734 ], [ -71.03547, 42.33732 ], [ -71.03549, 42.33814 ], [ -71.03752, 42.3381 ] ] ] } },
{ "type": "Feature", "properties": { "geoid": "250250605012" }, "geometry": { "type": "Polygon", "coordinates": [ [ [ -71.0416, 42.33721 ], [ -71.04155, 42.33552 ], [ -71.03743, 42.33559 ], [ -71.03748, 42.33728 ], [ -71.0416, 42.33721 ] ] ] } },
{ "type": "Feature", "properties": { "geoid": "250250605013" }, "geometry": { "type": "Polygon", "coordinates": [ [ [ -71.04544, 42.33545 ], [ -71.04155, 42.33552 ], [ -71.0416, 42.33721 ], [ -71.03748, 42.33728 ], [ -71.03752, 42.3381 ], [ -71.04248, 42.33801 ], [ -71.04544, 42.33545 ] ] ] } },
{ "type": "Feature", "properties": { "geoid": "250250605014" }, "geometry": { "type": "Polygon", "coordinates": [ [ [ -71.03549, 42.33814 ], [ -71.03547, 42.33732 ], [ -71.03339, 42.33734 ], [ -71.03335, 42.33566 ], [ -71.02923, 42.33573 ], [ -71.02932, 42.33824 ], [ -71.03549, 42.33814 ] ] ] } },
{ "type": "Feature", "properties": { "geoid": "250250605015" }, "geometry": { "type": "Polygon", "coordinates": [ [ [ -71.04776, 42.33681 ], [ -71.04544, 42.33545 ], [ -71.04248, 42.33801 ], [ -71.04438, 42.33798 ], [ -71.04556, 42.33872 ], [ -71.04776, 42.33681 ] ] ] } },
{ "type": "Feature", "properties": { "geoid": "250250606011" }, "geometry": { "type": "Polygon", "coordinates": [ [ [ -71.05238, 42.3398 ], [ -71.04776, 42.33681 ], [ -71.04556, 42.33872 ], [ -71.05016, 42.34169 ], [ -71.05238, 42.3398 ] ] ] } },
{ "type": "Feature", "properties": { "geoid": "250250606021" }, "geometry": { "type": "Polygon", "coordinates": [ [ [ -71.05135, 42.3438 ], [ -71.04939, 42.34236 ], [ -71.05016, 42.34169 ], [ -71.04707, 42.3397 ], [ -71.04141, 42.34453 ], [ -71.03949, 42.34449 ], [ -71.04608, 42.34826 ], [ -71.05135, 42.3438 ] ] ] } },
{ "type": "Feature", "properties": { "geoid": "250250606031" }, "geometry": { "type": "Polygon", "coordinates": [ [ [ -71.04757, 42.34906 ], [ -71.04208, 42.34617 ], [ -71.03731, 42.34322 ], [ -71.03727, 42.3443 ], [ -71.03513, 42.3466 ], [ -71.03602, 42.34775 ], [ -71.04557, 42.35171 ], [ -71.04757, 42.34906 ] ] ] } },
{ "type": "Feature", "properties": { "geoid": "250250606041" }, "geometry": { "type": "Polygon", "coordinates": [ [ [ -71.04996, 42.35396 ], [ -71.0444, 42.35117 ], [ -71.03599, 42.3477 ], [ -71.0334, 42.35086 ], [ -71.03321, 42.35072 ], [ -71.03479, 42.34858 ], [ -71.03408, 42.34827 ], [ -71.03222, 42.35028 ], [ -71.03137, 42.34997 ], [ -71.0298, 42.35179 ], [ -71.03242, 42.35309 ], [ -71.04583, 42.35723 ], [ -71.04557, 42.35973 ], [ -71.04996, 42.35396 ] ] ] } },
{ "type": "Feature", "properties": { "geoid": "250250606042" }, "geometry": { "type": "Polygon", "coordinates": [ [ [ -71.05209, 42.35122 ], [ -71.04764, 42.34896 ], [ -71.04557, 42.35171 ], [ -71.05004, 42.35386 ], [ -71.05209, 42.35122 ] ] ] } },
{ "type": "Feature", "properties": { "geoid": "250250607001" }, "geometry": { "type": "Polygon", "coordinates": [ [ [ -71.05624, 42.33887 ], [ -71.05393, 42.33738 ], [ -71.05319, 42.338 ], [ -71.0524, 42.33749 ], [ -71.05084, 42.3388 ], [ -71.05393, 42.34079 ], [ -71.05624, 42.33887 ] ] ] } },
{ "type": "Feature", "properties": { "geoid": "250250607002" }, "geometry": { "type": "Polygon", "coordinates": [ [ [ -71.05703, 42.33831 ], [ -71.05389, 42.33624 ], [ -71.0524, 42.33749 ], [ -71.05319, 42.338 ], [ -71.05393, 42.33738 ], [ -71.05624, 42.33887 ], [ -71.05703, 42.33831 ] ] ] } },
{ "type": "Feature", "properties": { "geoid": "250250608001" }, "geometry": { "type": "Polygon", "coordinates": [ [ [ -71.05077, 42.33424 ], [ -71.04969, 42.33355 ], [ -71.04569, 42.33545 ], [ -71.04776, 42.33681 ], [ -71.05077, 42.33424 ] ] ] } },
{ "type": "Feature", "properties": { "geoid": "250250608002" }, "geometry": { "type": "Polygon", "coordinates": [ [ [ -71.05309, 42.33458 ], [ -71.05106, 42.33279 ], [ -71.04969, 42.33355 ], [ -71.05077, 42.33424 ], [ -71.04932, 42.3355 ], [ -71.05085, 42.33648 ], [ -71.05309, 42.33458 ] ] ] } },
{ "type": "Feature", "properties": { "geoid": "250250608003" }, "geometry": { "type": "Polygon", "coordinates": [ [ [ -71.0524, 42.33749 ], [ -71.04932, 42.3355 ], [ -71.04776, 42.33681 ], [ -71.05084, 42.3388 ], [ -71.0524, 42.33749 ] ] ] } },
{ "type": "Feature", "properties": { "geoid": "250250608004" }, "geometry": { "type": "Polygon", "coordinates": [ [ [ -71.05711, 42.33833 ], [ -71.05315, 42.33152 ], [ -71.05106, 42.33279 ], [ -71.05319, 42.33451 ], [ -71.05085, 42.33648 ], [ -71.0524, 42.33749 ], [ -71.05389, 42.33624 ], [ -71.05711, 42.33833 ] ] ] } },
{ "type": "Feature", "properties": { "geoid": "250250610001" }, "geometry": { "type": "Polygon", "coordinates": [ [ [ -71.05106, 42.33279 ], [ -71.04853, 42.33122 ], [ -71.04742, 42.33125 ], [ -71.04751, 42.3346 ], [ -71.05052, 42.33315 ], [ -71.05106, 42.33279 ] ] ] } },
{ "type": "Feature", "properties": { "geoid": "250250610002" }, "geometry": { "type": "Polygon", "coordinates": [ [ [ -71.0523, 42.33205 ], [ -71.05005, 42.33061 ], [ -71.05042, 42.33021 ], [ -71.04738, 42.33042 ], [ -71.04742, 42.33125 ], [ -71.04853, 42.33122 ], [ -71.05106, 42.33279 ], [ -71.0523, 42.33205 ] ] ] } },
{ "type": "Feature", "properties": { "geoid": "250250610003" }, "geometry": { "type": "Polygon", "coordinates": [ [ [ -71.05315, 42.33152 ], [ -71.05266, 42.32936 ], [ -71.05212, 42.32906 ], [ -71.05181, 42.32937 ], [ -71.05212, 42.32962 ], [ -71.05172, 42.32959 ], [ -71.05005, 42.33061 ], [ -71.0523, 42.33205 ], [ -71.05315, 42.33152 ] ] ] } },
{ "type": "Feature", "properties": { "geoid": "250250611011" }, "geometry": { "type": "Polygon", "coordinates": [ [ [ -71.05693, 42.32855 ], [ -71.05687, 42.32687 ], [ -71.05549, 42.32686 ], [ -71.05542, 42.3275 ], [ -71.05483, 42.32804 ], [ -71.05257, 42.32711 ], [ -71.05262, 42.3286 ], [ -71.05693, 42.32855 ] ] ] } },
{ "type": "Feature", "properties": { "geoid": "250250611012" }, "geometry": { "type": "Polygon", "coordinates": [ [ [ -71.05687, 42.32687 ], [ -71.05685, 42.32629 ], [ -71.05329, 42.32344 ], [ -71.05246, 42.32147 ], [ -71.05209, 42.32147 ], [ -71.05257, 42.32711 ], [ -71.05483, 42.32804 ], [ -71.05542, 42.3275 ], [ -71.05549, 42.32686 ], [ -71.05687, 42.32687 ] ] ] } },
{ "type": "Feature", "properties": { "geoid": "250250612011" }, "geometry": { "type": "Polygon", "coordinates": [ [ [ -71.06355, 42.33079 ], [ -71.05824, 42.32973 ], [ -71.05825, 42.32858 ], [ -71.05762, 42.32808 ], [ -71.05692, 42.32803 ], [ -71.05693, 42.32855 ], [ -71.05262, 42.3286 ], [ -71.05296, 42.33113 ], [ -71.05712, 42.3379 ], [ -71.05711, 42.33891 ], [ -71.06004, 42.33656 ], [ -71.06355, 42.33079 ] ] ] } },
{ "type": "Feature", "properties": { "geoid": "250250612021" }, "geometry": { "type": "Polygon", "coordinates": [ [ [ -71.06553, 42.33603 ], [ -71.06507, 42.33462 ], [ -71.0628, 42.33197 ], [ -71.0597, 42.3368 ], [ -71.05998, 42.34207 ], [ -71.05949, 42.34358 ], [ -71.06172, 42.34396 ], [ -71.06514, 42.33744 ], [ -71.06553, 42.33603 ] ] ] } },
{ "type": "Feature", "properties": { "geoid": "250250612031" }, "geometry": { "type": "Polygon", "coordinates": [ [ [ -71.06061, 42.34372 ], [ -71.05949, 42.34358 ], [ -71.05998, 42.34207 ], [ -71.0597, 42.33686 ], [ -71.05711, 42.33891 ], [ -71.05711, 42.33833 ], [ -71.05677, 42.33838 ], [ -71.05393, 42.34079 ], [ -71.05238, 42.3398 ], [ -71.05016, 42.34169 ], [ -71.05164, 42.34267 ], [ -71.05236, 42.34212 ], [ -71.05315, 42.3426 ], [ -71.05723, 42.34354 ], [ -71.05705, 42.34562 ], [ -71.05647, 42.34611 ], [ -71.05876, 42.34555 ], [ -71.06061, 42.34372 ] ] ] } },
{ "type": "Feature", "properties": { "geoid": "250250612041" }, "geometry": { "type": "Polygon", "coordinates": [ [ [ -71.05723, 42.34354 ], [ -71.05315, 42.3426 ], [ -71.05236, 42.34212 ], [ -71.05164, 42.34267 ], [ -71.05016, 42.34169 ], [ -71.04939, 42.34236 ], [ -71.05135, 42.3438 ], [ -71.04608, 42.34826 ], [ -71.05219, 42.35112 ], [ -71.05477, 42.34725 ], [ -71.05447, 42.34678 ], [ -71.05647, 42.34611 ], [ -71.05705, 42.34562 ], [ -71.05723, 42.34354 ] ] ] } },
{ "type": "Feature", "properties": { "geoid": "250250701021" }, "geometry": { "type": "Polygon", "coordinates": [ [ [ -71.06321, 42.35533 ], [ -71.0617, 42.35436 ], [ -71.05829, 42.35741 ], [ -71.06151, 42.35834 ], [ -71.06238, 42.3581 ], [ -71.06317, 42.35775 ], [ -71.06196, 42.35653 ], [ -71.06321, 42.35533 ] ] ] } },
{ "type": "Feature", "properties": { "geoid": "250250701022" }, "geometry": { "type": "Polygon", "coordinates": [ [ [ -71.06424, 42.35339 ], [ -71.06252, 42.35328 ], [ -71.0617, 42.35436 ], [ -71.06331, 42.35521 ], [ -71.06424, 42.35339 ] ] ] } },
{ "type": "Feature", "properties": { "geoid": "250250701023" }, "geometry": { "type": "Polygon", "coordinates": [ [ [ -71.06456, 42.35238 ], [ -71.06258, 42.3524 ], [ -71.06252, 42.35328 ], [ -71.06424, 42.35339 ], [ -71.06456, 42.35238 ] ] ] } },
{ "type": "Feature", "properties": { "geoid": "250250701031" }, "geometry": { "type": "Polygon", "coordinates": [ [ [ -71.06304, 42.34685 ], [ -71.06112, 42.34631 ], [ -71.05879, 42.34616 ], [ -71.05772, 42.34707 ], [ -71.05749, 42.34766 ], [ -71.05787, 42.3484 ], [ -71.05848, 42.34875 ], [ -71.05944, 42.34869 ], [ -71.05895, 42.34994 ], [ -71.05981, 42.35014 ], [ -71.05951, 42.35115 ], [ -71.05988, 42.35123 ], [ -71.06137, 42.34764 ], [ -71.06192, 42.34712 ], [ -71.06296, 42.34706 ], [ -71.06304, 42.34685 ] ] ] } },
{ "type": "Feature", "properties": { "geoid": "250250701041" }, "geometry": { "type": "Polygon", "coordinates": [ [ [ -71.06172, 42.34396 ], [ -71.06061, 42.34372 ], [ -71.05876, 42.34555 ], [ -71.05447, 42.34678 ], [ -71.05477, 42.34725 ], [ -71.0496, 42.3545 ], [ -71.05106, 42.35513 ], [ -71.05361, 42.35365 ], [ -71.05391, 42.35394 ], [ -71.05879, 42.35188 ], [ -71.05951, 42.35115 ], [ -71.05981, 42.35014 ], [ -71.05895, 42.34994 ], [ -71.05944, 42.34869 ], [ -71.05815, 42.34863 ], [ -71.05749, 42.34766 ], [ -71.0576, 42.34727 ], [ -71.05879, 42.34616 ], [ -71.06071, 42.34625 ], [ -71.06172, 42.34396 ] ] ] } },
{ "type": "Feature", "properties": { "geoid": "250250701042" }, "geometry": { "type": "Polygon", "coordinates": [ [ [ -71.06105, 42.35252 ], [ -71.05801, 42.35235 ], [ -71.05391, 42.35394 ], [ -71.05361, 42.35365 ], [ -71.05153, 42.35467 ], [ -71.05106, 42.35513 ], [ -71.05077, 42.35667 ], [ -71.05158, 42.35876 ], [ -71.05332, 42.35846 ], [ -71.05554, 42.35697 ], [ -71.05771, 42.35678 ], [ -71.05802, 42.35549 ], [ -71.06105, 42.35252 ] ] ] } },
{ "type": "Feature", "properties": { "geoid": "250250701043" }, "geometry": { "type": "Polygon", "coordinates": [ [ [ -71.06258, 42.3524 ], [ -71.06105, 42.35252 ], [ -71.05802, 42.35549 ], [ -71.05771, 42.35678 ], [ -71.05892, 42.35684 ], [ -71.06223, 42.35382 ], [ -71.06258, 42.3524 ] ] ] } },
{ "type": "Feature", "properties": { "geoid": "250250702011" }, "geometry": { "type": "Polygon", "coordinates": [ [ [ -71.06803, 42.34798 ], [ -71.06443, 42.34719 ], [ -71.06415, 42.34841 ], [ -71.06661, 42.34876 ], [ -71.06803, 42.34798 ] ] ] } },
{ "type": "Feature", "properties": { "geoid": "250250702012" }, "geometry": { "type": "Polygon", "coordinates": [ [ [ -71.06753, 42.35251 ], [ -71.06681, 42.35075 ], [ -71.06661, 42.34876 ], [ -71.06415, 42.34841 ], [ -71.06276, 42.35151 ], [ -71.06473, 42.35171 ], [ -71.06456, 42.35238 ], [ -71.06753, 42.35251 ] ] ] } },
{ "type": "Feature", "properties": { "geoid": "250250702021" }, "geometry": { "type": "Polygon", "coordinates": [ [ [ -71.06456, 42.35238 ], [ -71.06473, 42.35171 ], [ -71.06276, 42.35151 ], [ -71.06415, 42.34841 ], [ -71.06119, 42.34793 ], [ -71.05988, 42.35123 ], [ -71.05933, 42.35111 ], [ -71.05801, 42.35235 ], [ -71.06012, 42.35256 ], [ -71.06456, 42.35238 ] ] ] } },
{ "type": "Feature", "properties": { "geoid": "250250702022" }, "geometry": { "type": "Polygon", "coordinates": [ [ [ -71.06441, 42.34734 ], [ -71.06304, 42.34685 ], [ -71.06296, 42.34706 ], [ -71.06192, 42.34712 ], [ -71.06119, 42.34793 ], [ -71.06415, 42.34841 ], [ -71.06441, 42.34734 ] ] ] } },
{ "type": "Feature", "properties": { "geoid": "250250703011" }, "geometry": { "type": "Polygon", "coordinates": [ [ [ -71.07525, 42.34588 ], [ -71.07487, 42.34511 ], [ -71.07275, 42.34566 ], [ -71.07311, 42.34639 ], [ -71.06819, 42.34787 ], [ -71.07269, 42.34793 ], [ -71.07525, 42.34588 ] ] ] } },
{ "type": "Feature", "properties": { "geoid": "250250703012" }, "geometry": { "type": "Polygon", "coordinates": [ [ [ -71.07311, 42.34639 ], [ -71.07186, 42.34383 ], [ -71.07021, 42.34486 ], [ -71.0685, 42.3476 ], [ -71.06885, 42.34764 ], [ -71.07311, 42.34639 ] ] ] } },
{ "type": "Feature", "properties": { "geoid": "250250703021" }, "geometry": { "type": "Polygon", "coordinates": [ [ [ -71.06972, 42.34966 ], [ -71.06911, 42.34795 ], [ -71.06819, 42.34787 ], [ -71.06651, 42.34888 ], [ -71.06687, 42.35096 ], [ -71.06868, 42.35049 ], [ -71.0685, 42.34988 ], [ -71.06972, 42.34966 ] ] ] } },
{ "type": "Feature", "properties": { "geoid": "250250703022" }, "geometry": { "type": "Polygon", "coordinates": [ [ [ -71.07051, 42.35188 ], [ -71.0699, 42.35015 ], [ -71.06687, 42.35096 ], [ -71.06753, 42.35251 ], [ -71.07051, 42.35188 ] ] ] } },
{ "type": "Feature", "properties": { "geoid": "250250703023" }, "geometry": { "type": "Polygon", "coordinates": [ [ [ -71.07282, 42.35076 ], [ -71.07182, 42.34868 ], [ -71.07269, 42.34793 ], [ -71.06911, 42.34795 ], [ -71.06972, 42.34966 ], [ -71.0685, 42.34988 ], [ -71.06868, 42.35049 ], [ -71.0699, 42.35015 ], [ -71.07046, 42.35142 ], [ -71.07282, 42.35076 ] ] ] } },
{ "type": "Feature", "properties": { "geoid": "250250704021" }, "geometry": { "type": "Polygon", "coordinates": [ [ [ -71.06593, 42.34394 ], [ -71.06221, 42.34292 ], [ -71.06071, 42.34625 ], [ -71.06443, 42.34719 ], [ -71.06593, 42.34394 ] ] ] } },
{ "type": "Feature", "properties": { "geoid": "250250704022" }, "geometry": { "type": "Polygon", "coordinates": [ [ [ -71.06986, 42.34527 ], [ -71.06593, 42.34394 ], [ -71.06443, 42.34719 ], [ -71.06819, 42.34787 ], [ -71.06986, 42.34527 ] ] ] } },
{ "type": "Feature", "properties": { "geoid": "250250705011" }, "geometry": { "type": "Polygon", "coordinates": [ [ [ -71.07158, 42.34398 ], [ -71.0699, 42.34255 ], [ -71.06707, 42.34431 ], [ -71.06986, 42.34527 ], [ -71.07158, 42.34398 ] ] ] } },
{ "type": "Feature", "properties": { "geoid": "250250705012" }, "geometry": { "type": "Polygon", "coordinates": [ [ [ -71.07208, 42.34129 ], [ -71.07109, 42.34054 ], [ -71.06808, 42.34201 ], [ -71.06593, 42.34394 ], [ -71.06707, 42.34431 ], [ -71.07208, 42.34129 ] ] ] } },
{ "type": "Feature", "properties": { "geoid": "250250705021" }, "geometry": { "type": "Polygon", "coordinates": [ [ [ -71.07376, 42.34283 ], [ -71.07208, 42.34129 ], [ -71.0699, 42.34255 ], [ -71.07158, 42.34398 ], [ -71.07376, 42.34283 ] ] ] } },
{ "type": "Feature", "properties": { "geoid": "250250705022" }, "geometry": { "type": "Polygon", "coordinates": [ [ [ -71.07737, 42.34093 ], [ -71.07527, 42.33921 ], [ -71.07596, 42.33872 ], [ -71.075, 42.33793 ], [ -71.07183, 42.34006 ], [ -71.07275, 42.34084 ], [ -71.07208, 42.34129 ], [ -71.07376, 42.34283 ], [ -71.07737, 42.34093 ] ] ] } },
{ "type": "Feature", "properties": { "geoid": "250250706001" }, "geometry": { "type": "Polygon", "coordinates": [ [ [ -71.07594, 42.34392 ], [ -71.07459, 42.34241 ], [ -71.07186, 42.34383 ], [ -71.07275, 42.34566 ], [ -71.07487, 42.34511 ], [ -71.07449, 42.3443 ], [ -71.07594, 42.34392 ] ] ] } },
{ "type": "Feature", "properties": { "geoid": "250250706002" }, "geometry": { "type": "Polygon", "coordinates": [ [ [ -71.07921, 42.3427 ], [ -71.07737, 42.34093 ], [ -71.07459, 42.34241 ], [ -71.07594, 42.34392 ], [ -71.07828, 42.34334 ], [ -71.07921, 42.3427 ] ] ] } },
{ "type": "Feature", "properties": { "geoid": "250250707001" }, "geometry": { "type": "Polygon", "coordinates": [ [ [ -71.07809, 42.34582 ], [ -71.07654, 42.34485 ], [ -71.07182, 42.34868 ], [ -71.072, 42.34902 ], [ -71.0751, 42.34816 ], [ -71.07539, 42.34858 ], [ -71.07638, 42.34831 ], [ -71.07593, 42.34736 ], [ -71.07809, 42.34582 ] ] ] } },
{ "type": "Feature", "properties": { "geoid": "250250707002" }, "geometry": { "type": "Polygon", "coordinates": [ [ [ -71.08008, 42.34422 ], [ -71.07856, 42.34321 ], [ -71.07449, 42.3443 ], [ -71.07525, 42.34588 ], [ -71.07654, 42.34485 ], [ -71.07809, 42.34582 ], [ -71.08008, 42.34422 ] ] ] } },
{ "type": "Feature", "properties": { "geoid": "250250708011" }, "geometry": { "type": "Polygon", "coordinates": [ [ [ -71.08468, 42.34029 ], [ -71.08197, 42.33842 ], [ -71.08035, 42.33936 ], [ -71.08315, 42.34162 ], [ -71.08468, 42.34029 ] ] ] } },
{ "type": "Feature", "properties": { "geoid": "250250708021" }, "geometry": { "type": "Polygon", "coordinates": [ [ [ -71.08174, 42.34067 ], [ -71.08035, 42.33936 ], [ -71.07737, 42.34093 ], [ -71.07921, 42.3427 ], [ -71.08174, 42.34067 ] ] ] } },
{ "type": "Feature", "properties": { "geoid": "250250708022" }, "geometry": { "type": "Polygon", "coordinates": [ [ [ -71.08315, 42.34162 ], [ -71.08174, 42.34067 ], [ -71.07856, 42.34321 ], [ -71.08008, 42.34422 ], [ -71.08315, 42.34162 ] ] ] } },
{ "type": "Feature", "properties": { "geoid": "250250709011" }, "geometry": { "type": "Polygon", "coordinates": [ [ [ -71.08197, 42.33842 ], [ -71.07927, 42.33654 ], [ -71.07872, 42.33688 ], [ -71.07762, 42.336 ], [ -71.07694, 42.33653 ], [ -71.08035, 42.33936 ], [ -71.08197, 42.33842 ] ] ] } },
{ "type": "Feature", "properties": { "geoid": "250250709021" }, "geometry": { "type": "Polygon", "coordinates": [ [ [ -71.08035, 42.33936 ], [ -71.07694, 42.33653 ], [ -71.07567, 42.33748 ], [ -71.07883, 42.34012 ], [ -71.08035, 42.33936 ] ] ] } },
{ "type": "Feature", "properties": { "geoid": "250250709022" }, "geometry": { "type": "Polygon", "coordinates": [ [ [ -71.07871, 42.34018 ], [ -71.07567, 42.33748 ], [ -71.075, 42.33793 ], [ -71.07596, 42.33872 ], [ -71.07527, 42.33921 ], [ -71.07737, 42.34093 ], [ -71.07871, 42.34018 ] ] ] } },
{ "type": "Feature", "properties": { "geoid": "250250711011" }, "geometry": { "type": "Polygon", "coordinates": [ [ [ -71.07694, 42.33653 ], [ -71.07215, 42.33273 ], [ -71.06943, 42.33464 ], [ -71.06713, 42.33529 ], [ -71.06848, 42.33572 ], [ -71.06941, 42.33641 ], [ -71.07147, 42.33496 ], [ -71.075, 42.33793 ], [ -71.07694, 42.33653 ] ] ] } },
{ "type": "Feature", "properties": { "geoid": "250250711012" }, "geometry": { "type": "Polygon", "coordinates": [ [ [ -71.07762, 42.336 ], [ -71.07578, 42.33449 ], [ -71.07705, 42.33361 ], [ -71.07612, 42.33281 ], [ -71.07504, 42.33349 ], [ -71.07436, 42.33285 ], [ -71.07337, 42.33361 ], [ -71.07694, 42.33653 ], [ -71.07762, 42.336 ] ] ] } },
{ "type": "Feature", "properties": { "geoid": "250250711013" }, "geometry": { "type": "Polygon", "coordinates": [ [ [ -71.075, 42.33793 ], [ -71.07322, 42.33645 ], [ -71.07095, 42.33831 ], [ -71.0725, 42.33961 ], [ -71.075, 42.33793 ] ] ] } },
{ "type": "Feature", "properties": { "geoid": "250250711014" }, "geometry": { "type": "Polygon", "coordinates": [ [ [ -71.07322, 42.33645 ], [ -71.07147, 42.33496 ], [ -71.06835, 42.33717 ], [ -71.07037, 42.33878 ], [ -71.07322, 42.33645 ] ] ] } },
{ "type": "Feature", "properties": { "geoid": "250250712011" }, "geometry": { "type": "Polygon", "coordinates": [ [ [ -71.07071, 42.34079 ], [ -71.06865, 42.34014 ], [ -71.06441, 42.3435 ], [ -71.06593, 42.34394 ], [ -71.06808, 42.34201 ], [ -71.07071, 42.34079 ] ] ] } },
{ "type": "Feature", "properties": { "geoid": "250250712012" }, "geometry": { "type": "Polygon", "coordinates": [ [ [ -71.06928, 42.33651 ], [ -71.06783, 42.33545 ], [ -71.06541, 42.33544 ], [ -71.06514, 42.33744 ], [ -71.06221, 42.34292 ], [ -71.06441, 42.3435 ], [ -71.06865, 42.34014 ], [ -71.06554, 42.33915 ], [ -71.06928, 42.33651 ] ] ] } },
{ "type": "Feature", "properties": { "geoid": "250250712013" }, "geometry": { "type": "Polygon", "coordinates": [ [ [ -71.07037, 42.33878 ], [ -71.06835, 42.33717 ], [ -71.06554, 42.33915 ], [ -71.06865, 42.34014 ], [ -71.07037, 42.33878 ] ] ] } },
{ "type": "Feature", "properties": { "geoid": "250250712014" }, "geometry": { "type": "Polygon", "coordinates": [ [ [ -71.07275, 42.34084 ], [ -71.07183, 42.34006 ], [ -71.0725, 42.33961 ], [ -71.07095, 42.33831 ], [ -71.06865, 42.34014 ], [ -71.07071, 42.34079 ], [ -71.07109, 42.34054 ], [ -71.07208, 42.34129 ], [ -71.07275, 42.34084 ] ] ] } },
{ "type": "Feature", "properties": { "geoid": "250250801001" }, "geometry": { "type": "Polygon", "coordinates": [ [ [ -71.07747, 42.3309 ], [ -71.07561, 42.32922 ], [ -71.07499, 42.32908 ], [ -71.07529, 42.32613 ], [ -71.07505, 42.32543 ], [ -71.07563, 42.32399 ], [ -71.07464, 42.32324 ], [ -71.07164, 42.32465 ], [ -71.07266, 42.32602 ], [ -71.07148, 42.32669 ], [ -71.06914, 42.32505 ], [ -71.06751, 42.3233 ], [ -71.06666, 42.32585 ], [ -71.0628, 42.33197 ], [ -71.06484, 42.33429 ], [ -71.06541, 42.33544 ], [ -71.06761, 42.33524 ], [ -71.06923, 42.33473 ], [ -71.07215, 42.33273 ], [ -71.07337, 42.33361 ], [ -71.07747, 42.3309 ] ] ] } },
{ "type": "Feature", "properties": { "geoid": "250250801002" }, "geometry": { "type": "Polygon", "coordinates": [ [ [ -71.07945, 42.32426 ], [ -71.07666, 42.32289 ], [ -71.07509, 42.32523 ], [ -71.07525, 42.32597 ], [ -71.07662, 42.32712 ], [ -71.07818, 42.32589 ], [ -71.07774, 42.32557 ], [ -71.07945, 42.32426 ] ] ] } },
{ "type": "Feature", "properties": { "geoid": "250250803001" }, "geometry": { "type": "Polygon", "coordinates": [ [ [ -71.07926, 42.32851 ], [ -71.07744, 42.32775 ], [ -71.07525, 42.32597 ], [ -71.07499, 42.32908 ], [ -71.07561, 42.32922 ], [ -71.07747, 42.3309 ], [ -71.07868, 42.33014 ], [ -71.07926, 42.32851 ] ] ] } },
{ "type": "Feature", "properties": { "geoid": "250250803002" }, "geometry": { "type": "Polygon", "coordinates": [ [ [ -71.08345, 42.32865 ], [ -71.08304, 42.3279 ], [ -71.08331, 42.32596 ], [ -71.08161, 42.32555 ], [ -71.0796, 42.32416 ], [ -71.07774, 42.32557 ], [ -71.07818, 42.32589 ], [ -71.07662, 42.32712 ], [ -71.07897, 42.32846 ], [ -71.08345, 42.32865 ] ] ] } },
{ "type": "Feature", "properties": { "geoid": "250250804011" }, "geometry": { "type": "Polygon", "coordinates": [ [ [ -71.08346, 42.32879 ], [ -71.07926, 42.32851 ], [ -71.07868, 42.33014 ], [ -71.07436, 42.33285 ], [ -71.07504, 42.33349 ], [ -71.07612, 42.33281 ], [ -71.07705, 42.33361 ], [ -71.07578, 42.33449 ], [ -71.07762, 42.336 ], [ -71.07991, 42.33418 ], [ -71.08299, 42.33083 ], [ -71.08346, 42.32879 ] ] ] } },
{ "type": "Feature", "properties": { "geoid": "250250804012" }, "geometry": { "type": "Polygon", "coordinates": [ [ [ -71.08746, 42.33413 ], [ -71.08504, 42.33272 ], [ -71.08625, 42.33108 ], [ -71.08405, 42.33031 ], [ -71.08299, 42.33083 ], [ -71.08094, 42.33293 ], [ -71.08535, 42.33507 ], [ -71.08617, 42.33429 ], [ -71.08699, 42.3346 ], [ -71.08746, 42.33413 ] ] ] } },
{ "type": "Feature", "properties": { "geoid": "250250805001" }, "geometry": { "type": "Polygon", "coordinates": [ [ [ -71.08849, 42.3349 ], [ -71.08746, 42.33413 ], [ -71.08699, 42.3346 ], [ -71.08617, 42.33429 ], [ -71.08535, 42.33507 ], [ -71.08094, 42.33293 ], [ -71.08063, 42.33337 ], [ -71.08203, 42.33435 ], [ -71.08398, 42.33734 ], [ -71.08849, 42.3349 ] ] ] } },
{ "type": "Feature", "properties": { "geoid": "250250805002" }, "geometry": { "type": "Polygon", "coordinates": [ [ [ -71.0838, 42.33744 ], [ -71.08203, 42.33435 ], [ -71.08063, 42.33337 ], [ -71.07762, 42.336 ], [ -71.07872, 42.33688 ], [ -71.07927, 42.33654 ], [ -71.08197, 42.33842 ], [ -71.0838, 42.33744 ] ] ] } },
{ "type": "Feature", "properties": { "geoid": "250250806011" }, "geometry": { "type": "Polygon", "coordinates": [ [ [ -71.09535, 42.33155 ], [ -71.0944, 42.33141 ], [ -71.09325, 42.33235 ], [ -71.08197, 42.33842 ], [ -71.08468, 42.34029 ], [ -71.09535, 42.33155 ] ] ] } },
{ "type": "Feature", "properties": { "geoid": "250250806012" }, "geometry": { "type": "Polygon", "coordinates": [ [ [ -71.0944, 42.33141 ], [ -71.09053, 42.33117 ], [ -71.08878, 42.33079 ], [ -71.08597, 42.32943 ], [ -71.08522, 42.3306 ], [ -71.08626, 42.33114 ], [ -71.08504, 42.33272 ], [ -71.08849, 42.3349 ], [ -71.0944, 42.33141 ] ] ] } },
{ "type": "Feature", "properties": { "geoid": "250250806013" }, "geometry": { "type": "Polygon", "coordinates": [ [ [ -71.09144, 42.33004 ], [ -71.09022, 42.32961 ], [ -71.08818, 42.32807 ], [ -71.087, 42.32778 ], [ -71.08658, 42.32827 ], [ -71.0851, 42.3289 ], [ -71.08345, 42.32865 ], [ -71.08299, 42.33083 ], [ -71.08405, 42.33031 ], [ -71.08503, 42.33083 ], [ -71.08597, 42.32943 ], [ -71.08819, 42.33061 ], [ -71.09144, 42.33004 ] ] ] } },
{ "type": "Feature", "properties": { "geoid": "250250808011" }, "geometry": { "type": "Polygon", "coordinates": [ [ [ -71.10031, 42.33594 ], [ -71.09979, 42.3354 ], [ -71.09928, 42.336 ], [ -71.09509, 42.33476 ], [ -71.09612, 42.33321 ], [ -71.09445, 42.33239 ], [ -71.09052, 42.33567 ], [ -71.09574, 42.33773 ], [ -71.10031, 42.33594 ] ] ] } },
{ "type": "Feature", "properties": { "geoid": "250250808012" }, "geometry": { "type": "Polygon", "coordinates": [ [ [ -71.10132, 42.33296 ], [ -71.09769, 42.33187 ], [ -71.09535, 42.33155 ], [ -71.09445, 42.33239 ], [ -71.09612, 42.33321 ], [ -71.09509, 42.33476 ], [ -71.09928, 42.336 ], [ -71.10132, 42.33296 ] ] ] } },
{ "type": "Feature", "properties": { "geoid": "250250809001" }, "geometry": { "type": "Polygon", "coordinates": [ [ [ -71.10264, 42.33345 ], [ -71.10132, 42.33296 ], [ -71.09979, 42.3354 ], [ -71.1001, 42.33585 ], [ -71.10243, 42.33515 ], [ -71.10255, 42.33493 ], [ -71.10185, 42.33475 ], [ -71.10264, 42.33345 ] ] ] } },
{ "type": "Feature", "properties": { "geoid": "250250809002" }, "geometry": { "type": "Polygon", "coordinates": [ [ [ -71.10301, 42.3307 ], [ -71.09894, 42.32913 ], [ -71.09719, 42.33178 ], [ -71.10132, 42.33296 ], [ -71.10301, 42.3307 ] ] ] } },
{ "type": "Feature", "properties": { "geoid": "250250809003" }, "geometry": { "type": "Polygon", "coordinates": [ [ [ -71.10561, 42.33241 ], [ -71.10474, 42.33201 ], [ -71.10517, 42.33101 ], [ -71.10308, 42.33053 ], [ -71.10132, 42.33296 ], [ -71.10264, 42.33345 ], [ -71.10185, 42.33475 ], [ -71.10255, 42.33493 ], [ -71.10243, 42.33515 ], [ -71.10491, 42.33419 ], [ -71.10561, 42.33241 ] ] ] } },
{ "type": "Feature", "properties": { "geoid": "250250810011" }, "geometry": { "type": "Polygon", "coordinates": [ [ [ -71.1089, 42.33072 ], [ -71.10652, 42.33008 ], [ -71.10626, 42.33062 ], [ -71.10153, 42.32947 ], [ -71.09962, 42.32806 ], [ -71.0991, 42.32843 ], [ -71.09894, 42.32913 ], [ -71.10086, 42.33 ], [ -71.10833, 42.33185 ], [ -71.1089, 42.33072 ] ] ] } },
{ "type": "Feature", "properties": { "geoid": "250250810012" }, "geometry": { "type": "Polygon", "coordinates": [ [ [ -71.10951, 42.3309 ], [ -71.1089, 42.33072 ], [ -71.10833, 42.33185 ], [ -71.10517, 42.33101 ], [ -71.10474, 42.33201 ], [ -71.10561, 42.33241 ], [ -71.10491, 42.33419 ], [ -71.10663, 42.33329 ], [ -71.10959, 42.3332 ], [ -71.10951, 42.3309 ] ] ] } },
{ "type": "Feature", "properties": { "geoid": "250250810013" }, "geometry": { "type": "Polygon", "coordinates": [ [ [ -71.10936, 42.33322 ], [ -71.10679, 42.33327 ], [ -71.10558, 42.33378 ], [ -71.10668, 42.33445 ], [ -71.10703, 42.33407 ], [ -71.10919, 42.33407 ], [ -71.10936, 42.33322 ] ] ] } },
{ "type": "Feature", "properties": { "geoid": "250250810014" }, "geometry": { "type": "Polygon", "coordinates": [ [ [ -71.11302, 42.33193 ], [ -71.11212, 42.33206 ], [ -71.10936, 42.33322 ], [ -71.10915, 42.33408 ], [ -71.10703, 42.33407 ], [ -71.10668, 42.33445 ], [ -71.10983, 42.33653 ], [ -71.11009, 42.33504 ], [ -71.11179, 42.33373 ], [ -71.11302, 42.33193 ] ] ] } },
{ "type": "Feature", "properties": { "geoid": "250250810015" }, "geometry": { "type": "Polygon", "coordinates": [ [ [ -71.11076, 42.33751 ], [ -71.11006, 42.33631 ], [ -71.10983, 42.33653 ], [ -71.10558, 42.33378 ], [ -71.10031, 42.33594 ], [ -71.10539, 42.33786 ], [ -71.11, 42.34032 ], [ -71.11076, 42.33751 ] ] ] } },
{ "type": "Feature", "properties": { "geoid": "250250811011" }, "geometry": { "type": "Polygon", "coordinates": [ [ [ -71.11315, 42.33132 ], [ -71.11228, 42.32981 ], [ -71.1113, 42.33007 ], [ -71.1121, 42.33194 ], [ -71.11302, 42.33193 ], [ -71.11315, 42.33132 ] ] ] } },
{ "type": "Feature", "properties": { "geoid": "250250811012" }, "geometry": { "type": "Polygon", "coordinates": [ [ [ -71.11502, 42.32364 ], [ -71.1122, 42.32313 ], [ -71.11219, 42.32496 ], [ -71.11071, 42.32848 ], [ -71.1113, 42.33007 ], [ -71.11228, 42.32981 ], [ -71.11196, 42.32839 ], [ -71.11275, 42.32682 ], [ -71.11292, 42.32554 ], [ -71.1145, 42.32459 ], [ -71.11502, 42.32364 ] ] ] } },
{ "type": "Feature", "properties": { "geoid": "250250811021" }, "geometry": { "type": "Polygon", "coordinates": [ [ [ -71.10887, 42.32992 ], [ -71.10828, 42.32893 ], [ -71.10646, 42.32817 ], [ -71.10718, 42.3269 ], [ -71.10629, 42.32637 ], [ -71.10436, 42.3261 ], [ -71.10011, 42.32642 ], [ -71.09975, 42.32672 ], [ -71.09937, 42.328 ], [ -71.1001, 42.32821 ], [ -71.10153, 42.32947 ], [ -71.10626, 42.33062 ], [ -71.10652, 42.33008 ], [ -71.1085, 42.3306 ], [ -71.10887, 42.32992 ] ] ] } },
{ "type": "Feature", "properties": { "geoid": "250250811022" }, "geometry": { "type": "Polygon", "coordinates": [ [ [ -71.11212, 42.33206 ], [ -71.11083, 42.32907 ], [ -71.10859, 42.32746 ], [ -71.10718, 42.3269 ], [ -71.10646, 42.32817 ], [ -71.10866, 42.32928 ], [ -71.10887, 42.32992 ], [ -71.1085, 42.3306 ], [ -71.10956, 42.33097 ], [ -71.10959, 42.3332 ], [ -71.11212, 42.33206 ] ] ] } },
{ "type": "Feature", "properties": { "geoid": "250250812001" }, "geometry": { "type": "Polygon", "coordinates": [ [ [ -71.10945, 42.3235 ], [ -71.10827, 42.32318 ], [ -71.10845, 42.32239 ], [ -71.10402, 42.32282 ], [ -71.10462, 42.32609 ], [ -71.10523, 42.32611 ], [ -71.10551, 42.3252 ], [ -71.10751, 42.3255 ], [ -71.10793, 42.32472 ], [ -71.10945, 42.3235 ] ] ] } },
{ "type": "Feature", "properties": { "geoid": "250250812002" }, "geometry": { "type": "Polygon", "coordinates": [ [ [ -71.10246, 42.32292 ], [ -71.10002, 42.32277 ], [ -71.09892, 42.32503 ], [ -71.09971, 42.32542 ], [ -71.09928, 42.32636 ], [ -71.10135, 42.32642 ], [ -71.10145, 42.32525 ], [ -71.10246, 42.32292 ] ] ] } },
{ "type": "Feature", "properties": { "geoid": "250250812003" }, "geometry": { "type": "Polygon", "coordinates": [ [ [ -71.10462, 42.32609 ], [ -71.10402, 42.32282 ], [ -71.10246, 42.32292 ], [ -71.10145, 42.32525 ], [ -71.10135, 42.32642 ], [ -71.10462, 42.32609 ] ] ] } },
{ "type": "Feature", "properties": { "geoid": "250250813011" }, "geometry": { "type": "Polygon", "coordinates": [ [ [ -71.09948, 42.31461 ], [ -71.09625, 42.31249 ], [ -71.09515, 42.31328 ], [ -71.09831, 42.31579 ], [ -71.09948, 42.31461 ] ] ] } },
{ "type": "Feature", "properties": { "geoid": "250250813012" }, "geometry": { "type": "Polygon", "coordinates": [ [ [ -71.10294, 42.3193 ], [ -71.10119, 42.31822 ], [ -71.09845, 42.31564 ], [ -71.0984, 42.32493 ], [ -71.09892, 42.32503 ], [ -71.10002, 42.32277 ], [ -71.10294, 42.3193 ] ] ] } },
{ "type": "Feature", "properties": { "geoid": "250250813021" }, "geometry": { "type": "Polygon", "coordinates": [ [ [ -71.09831, 42.31579 ], [ -71.09515, 42.31328 ], [ -71.09386, 42.31446 ], [ -71.09356, 42.31551 ], [ -71.09709, 42.31703 ], [ -71.09831, 42.31579 ] ] ] } },
{ "type": "Feature", "properties": { "geoid": "250250813022" }, "geometry": { "type": "Polygon", "coordinates": [ [ [ -71.09863, 42.32412 ], [ -71.09831, 42.31579 ], [ -71.09315, 42.3208 ], [ -71.0954, 42.32205 ], [ -71.0954, 42.32325 ], [ -71.09668, 42.32503 ], [ -71.09652, 42.3262 ], [ -71.09796, 42.32623 ], [ -71.09863, 42.32412 ] ] ] } },
{ "type": "Feature", "properties": { "geoid": "250250814001" }, "geometry": { "type": "Polygon", "coordinates": [ [ [ -71.09567, 42.32767 ], [ -71.09291, 42.32688 ], [ -71.09144, 42.33004 ], [ -71.08819, 42.33061 ], [ -71.09053, 42.33117 ], [ -71.09381, 42.33133 ], [ -71.09456, 42.3303 ], [ -71.09389, 42.32945 ], [ -71.09567, 42.32767 ] ] ] } },
{ "type": "Feature", "properties": { "geoid": "250250814002" }, "geometry": { "type": "Polygon", "coordinates": [ [ [ -71.09892, 42.32503 ], [ -71.0984, 42.32493 ], [ -71.09796, 42.32623 ], [ -71.09652, 42.3262 ], [ -71.09668, 42.32503 ], [ -71.0954, 42.32325 ], [ -71.09439, 42.32308 ], [ -71.09347, 42.32329 ], [ -71.09291, 42.32688 ], [ -71.09567, 42.32767 ], [ -71.09505, 42.32862 ], [ -71.09389, 42.32945 ], [ -71.09456, 42.3303 ], [ -71.09381, 42.33133 ], [ -71.09535, 42.33155 ], [ -71.09628, 42.33053 ], [ -71.0976, 42.32838 ], [ -71.09892, 42.32503 ] ] ] } },
{ "type": "Feature", "properties": { "geoid": "250250814003" }, "geometry": { "type": "Polygon", "coordinates": [ [ [ -71.09291, 42.32688 ], [ -71.09226, 42.32666 ], [ -71.09115, 42.32515 ], [ -71.08879, 42.32422 ], [ -71.087, 42.32778 ], [ -71.08818, 42.32807 ], [ -71.09022, 42.32961 ], [ -71.09124, 42.32994 ], [ -71.09291, 42.32688 ] ] ] } },
{ "type": "Feature", "properties": { "geoid": "250250814004" }, "geometry": { "type": "Polygon", "coordinates": [ [ [ -71.10011, 42.32642 ], [ -71.09928, 42.32636 ], [ -71.09971, 42.32542 ], [ -71.09892, 42.32503 ], [ -71.0976, 42.32838 ], [ -71.09535, 42.33155 ], [ -71.09719, 42.33178 ], [ -71.0976, 42.33077 ], [ -71.09874, 42.32976 ], [ -71.10011, 42.32642 ] ] ] } },
{ "type": "Feature", "properties": { "geoid": "250250815001" }, "geometry": { "type": "Polygon", "coordinates": [ [ [ -71.09533, 42.32211 ], [ -71.09315, 42.3208 ], [ -71.08879, 42.32422 ], [ -71.09115, 42.32515 ], [ -71.09226, 42.32666 ], [ -71.09291, 42.32688 ], [ -71.09328, 42.32356 ], [ -71.09383, 42.32314 ], [ -71.0954, 42.32325 ], [ -71.09533, 42.32211 ] ] ] } },
{ "type": "Feature", "properties": { "geoid": "250250815002" }, "geometry": { "type": "Polygon", "coordinates": [ [ [ -71.09695, 42.31717 ], [ -71.09458, 42.31576 ], [ -71.09356, 42.31551 ], [ -71.09309, 42.31667 ], [ -71.09162, 42.317 ], [ -71.0908, 42.31875 ], [ -71.09024, 42.31921 ], [ -71.09248, 42.32131 ], [ -71.09695, 42.31717 ] ] ] } },
{ "type": "Feature", "properties": { "geoid": "250250817001" }, "geometry": { "type": "Polygon", "coordinates": [ [ [ -71.08485, 42.32248 ], [ -71.08284, 42.32182 ], [ -71.0828, 42.32066 ], [ -71.08162, 42.32073 ], [ -71.08327, 42.32613 ], [ -71.08479, 42.32512 ], [ -71.08483, 42.32373 ], [ -71.0841, 42.32353 ], [ -71.08485, 42.32248 ] ] ] } },
{ "type": "Feature", "properties": { "geoid": "250250817002" }, "geometry": { "type": "Polygon", "coordinates": [ [ [ -71.08602, 42.31916 ], [ -71.08192, 42.31802 ], [ -71.08139, 42.31945 ], [ -71.08162, 42.32073 ], [ -71.0828, 42.32066 ], [ -71.08284, 42.32182 ], [ -71.08485, 42.32248 ], [ -71.086, 42.32081 ], [ -71.08602, 42.31916 ] ] ] } },
{ "type": "Feature", "properties": { "geoid": "250250817003" }, "geometry": { "type": "Polygon", "coordinates": [ [ [ -71.09248, 42.32131 ], [ -71.09017, 42.31918 ], [ -71.08623, 42.31824 ], [ -71.086, 42.32081 ], [ -71.08566, 42.32132 ], [ -71.08828, 42.32231 ], [ -71.08951, 42.32338 ], [ -71.09248, 42.32131 ] ] ] } },
{ "type": "Feature", "properties": { "geoid": "250250817004" }, "geometry": { "type": "Polygon", "coordinates": [ [ [ -71.0896, 42.32339 ], [ -71.08828, 42.32231 ], [ -71.08566, 42.32132 ], [ -71.0841, 42.32353 ], [ -71.08461, 42.32378 ], [ -71.08655, 42.32359 ], [ -71.08717, 42.32534 ], [ -71.08789, 42.32571 ], [ -71.0896, 42.32339 ] ] ] } },
{ "type": "Feature", "properties": { "geoid": "250250817005" }, "geometry": { "type": "Polygon", "coordinates": [ [ [ -71.08789, 42.32571 ], [ -71.08717, 42.32534 ], [ -71.08666, 42.32366 ], [ -71.08606, 42.32348 ], [ -71.08483, 42.32373 ], [ -71.08479, 42.32512 ], [ -71.08327, 42.32613 ], [ -71.08304, 42.3279 ], [ -71.08345, 42.32865 ], [ -71.0851, 42.3289 ], [ -71.08658, 42.32827 ], [ -71.08789, 42.32571 ] ] ] } },
{ "type": "Feature", "properties": { "geoid": "250250818001" }, "geometry": { "type": "Polygon", "coordinates": [ [ [ -71.08331, 42.32596 ], [ -71.08192, 42.32173 ], [ -71.08024, 42.32096 ], [ -71.07752, 42.32326 ], [ -71.0796, 42.32416 ], [ -71.08161, 42.32555 ], [ -71.08331, 42.32596 ] ] ] } },
{ "type": "Feature", "properties": { "geoid": "250250818002" }, "geometry": { "type": "Polygon", "coordinates": [ [ [ -71.08192, 42.32173 ], [ -71.08139, 42.3198 ], [ -71.07781, 42.3183 ], [ -71.07771, 42.32063 ], [ -71.07666, 42.32289 ], [ -71.07752, 42.32326 ], [ -71.08024, 42.32096 ], [ -71.08192, 42.32173 ] ] ] } },
{ "type": "Feature", "properties": { "geoid": "250250818003" }, "geometry": { "type": "Polygon", "coordinates": [ [ [ -71.08278, 42.31652 ], [ -71.07882, 42.31461 ], [ -71.07822, 42.31587 ], [ -71.07781, 42.3183 ], [ -71.08139, 42.3198 ], [ -71.08165, 42.31856 ], [ -71.08278, 42.31652 ] ] ] } },
{ "type": "Feature", "properties": { "geoid": "250250819001" }, "geometry": { "type": "Polygon", "coordinates": [ [ [ -71.09129, 42.31761 ], [ -71.0869, 42.31639 ], [ -71.08651, 42.31705 ], [ -71.08285, 42.31636 ], [ -71.08192, 42.31802 ], [ -71.08602, 42.31916 ], [ -71.08623, 42.31824 ], [ -71.09024, 42.31921 ], [ -71.09129, 42.31761 ] ] ] } },
{ "type": "Feature", "properties": { "geoid": "250250819002" }, "geometry": { "type": "Polygon", "coordinates": [ [ [ -71.09179, 42.31577 ], [ -71.08833, 42.31461 ], [ -71.0869, 42.31639 ], [ -71.09129, 42.31761 ], [ -71.09179, 42.31577 ] ] ] } },
{ "type": "Feature", "properties": { "geoid": "250250819003" }, "geometry": { "type": "Polygon", "coordinates": [ [ [ -71.09382, 42.31454 ], [ -71.08993, 42.31263 ], [ -71.08833, 42.31461 ], [ -71.09183, 42.31563 ], [ -71.09162, 42.317 ], [ -71.09309, 42.31667 ], [ -71.09382, 42.31454 ] ] ] } },
{ "type": "Feature", "properties": { "geoid": "250250819004" }, "geometry": { "type": "Polygon", "coordinates": [ [ [ -71.09504, 42.31338 ], [ -71.09386, 42.31259 ], [ -71.09313, 42.31072 ], [ -71.09217, 42.30986 ], [ -71.08993, 42.31263 ], [ -71.09382, 42.31454 ], [ -71.09504, 42.31338 ] ] ] } },
{ "type": "Feature", "properties": { "geoid": "250250820001" }, "geometry": { "type": "Polygon", "coordinates": [ [ [ -71.08372, 42.31421 ], [ -71.08292, 42.31198 ], [ -71.08322, 42.31048 ], [ -71.08267, 42.30953 ], [ -71.07882, 42.31461 ], [ -71.08285, 42.31636 ], [ -71.08372, 42.31421 ] ] ] } },
{ "type": "Feature", "properties": { "geoid": "250250820002" }, "geometry": { "type": "Polygon", "coordinates": [ [ [ -71.0894, 42.31326 ], [ -71.08392, 42.31058 ], [ -71.08325, 42.3106 ], [ -71.08292, 42.31198 ], [ -71.08355, 42.31319 ], [ -71.08833, 42.31461 ], [ -71.0894, 42.31326 ] ] ] } },
{ "type": "Feature", "properties": { "geoid": "250250820003" }, "geometry": { "type": "Polygon", "coordinates": [ [ [ -71.08833, 42.31461 ], [ -71.08355, 42.31319 ], [ -71.08372, 42.31421 ], [ -71.08285, 42.31636 ], [ -71.08651, 42.31705 ], [ -71.08833, 42.31461 ] ] ] } },
{ "type": "Feature", "properties": { "geoid": "250250821001" }, "geometry": { "type": "Polygon", "coordinates": [ [ [ -71.08743, 42.30961 ], [ -71.0839, 42.30759 ], [ -71.08267, 42.30953 ], [ -71.08325, 42.3106 ], [ -71.08392, 42.31058 ], [ -71.08586, 42.31169 ], [ -71.08743, 42.30961 ] ] ] } },
{ "type": "Feature", "properties": { "geoid": "250250821002" }, "geometry": { "type": "Polygon", "coordinates": [ [ [ -71.089, 42.30761 ], [ -71.0853, 42.30541 ], [ -71.08492, 42.30443 ], [ -71.08455, 42.30638 ], [ -71.0839, 42.30759 ], [ -71.08743, 42.30961 ], [ -71.089, 42.30761 ] ] ] } },
{ "type": "Feature", "properties": { "geoid": "250250821003" }, "geometry": { "type": "Polygon", "coordinates": [ [ [ -71.09208, 42.30995 ], [ -71.08908, 42.30753 ], [ -71.08586, 42.31169 ], [ -71.0894, 42.31326 ], [ -71.09208, 42.30995 ] ] ] } },
{ "type": "Feature", "properties": { "geoid": "250250901001" }, "geometry": { "type": "Polygon", "coordinates": [ [ [ -71.08525, 42.30345 ], [ -71.08319, 42.30368 ], [ -71.08056, 42.30544 ], [ -71.08217, 42.30692 ], [ -71.08325, 42.30847 ], [ -71.0844, 42.3068 ], [ -71.08525, 42.30345 ] ] ] } },
{ "type": "Feature", "properties": { "geoid": "250250901002" }, "geometry": { "type": "Polygon", "coordinates": [ [ [ -71.08291, 42.30385 ], [ -71.08079, 42.30232 ], [ -71.07853, 42.30339 ], [ -71.08056, 42.30544 ], [ -71.08291, 42.30385 ] ] ] } },
{ "type": "Feature", "properties": { "geoid": "250250901003" }, "geometry": { "type": "Polygon", "coordinates": [ [ [ -71.0859, 42.30138 ], [ -71.0847, 42.30042 ], [ -71.08079, 42.30232 ], [ -71.08291, 42.30385 ], [ -71.08525, 42.30345 ], [ -71.0859, 42.30138 ] ] ] } },
{ "type": "Feature", "properties": { "geoid": "250250901004" }, "geometry": { "type": "Polygon", "coordinates": [ [ [ -71.0847, 42.30042 ], [ -71.08391, 42.29971 ], [ -71.08282, 42.30041 ], [ -71.08207, 42.29999 ], [ -71.07987, 42.30043 ], [ -71.07954, 42.29656 ], [ -71.07885, 42.29671 ], [ -71.07926, 42.30081 ], [ -71.07853, 42.30339 ], [ -71.0847, 42.30042 ] ] ] } },
{ "type": "Feature", "properties": { "geoid": "250250901005" }, "geometry": { "type": "Polygon", "coordinates": [ [ [ -71.08391, 42.29971 ], [ -71.08291, 42.29866 ], [ -71.08141, 42.299 ], [ -71.08046, 42.29639 ], [ -71.07954, 42.29656 ], [ -71.07987, 42.30043 ], [ -71.08207, 42.29999 ], [ -71.08282, 42.30041 ], [ -71.08391, 42.29971 ] ] ] } },
{ "type": "Feature", "properties": { "geoid": "250250902001" }, "geometry": { "type": "Polygon", "coordinates": [ [ [ -71.07894, 42.30394 ], [ -71.07843, 42.30323 ], [ -71.07726, 42.30475 ], [ -71.07391, 42.30768 ], [ -71.07523, 42.30827 ], [ -71.07701, 42.3068 ], [ -71.07841, 42.30615 ], [ -71.07877, 42.305 ], [ -71.07806, 42.30465 ], [ -71.07894, 42.30394 ] ] ] } },
{ "type": "Feature", "properties": { "geoid": "250250902002" }, "geometry": { "type": "Polygon", "coordinates": [ [ [ -71.08325, 42.30847 ], [ -71.08181, 42.30652 ], [ -71.07894, 42.30394 ], [ -71.07839, 42.30422 ], [ -71.07806, 42.30465 ], [ -71.07878, 42.30511 ], [ -71.07826, 42.30604 ], [ -71.08142, 42.30831 ], [ -71.08308, 42.30877 ], [ -71.08325, 42.30847 ] ] ] } },
{ "type": "Feature", "properties": { "geoid": "250250902003" }, "geometry": { "type": "Polygon", "coordinates": [ [ [ -71.08308, 42.30877 ], [ -71.08128, 42.30824 ], [ -71.07841, 42.30615 ], [ -71.07608, 42.30757 ], [ -71.07958, 42.30988 ], [ -71.08027, 42.30926 ], [ -71.08201, 42.31026 ], [ -71.08308, 42.30877 ] ] ] } },
{ "type": "Feature", "properties": { "geoid": "250250903001" }, "geometry": { "type": "Polygon", "coordinates": [ [ [ -71.07853, 42.31097 ], [ -71.07395, 42.30916 ], [ -71.07022, 42.31133 ], [ -71.07465, 42.31284 ], [ -71.07582, 42.31137 ], [ -71.07731, 42.31222 ], [ -71.07853, 42.31097 ] ] ] } },
{ "type": "Feature", "properties": { "geoid": "250250903002" }, "geometry": { "type": "Polygon", "coordinates": [ [ [ -71.08201, 42.31026 ], [ -71.08027, 42.30926 ], [ -71.07958, 42.30988 ], [ -71.07608, 42.30757 ], [ -71.07523, 42.30827 ], [ -71.07391, 42.30768 ], [ -71.07256, 42.31007 ], [ -71.07395, 42.30916 ], [ -71.07853, 42.31097 ], [ -71.07793, 42.31163 ], [ -71.08009, 42.31269 ], [ -71.08201, 42.31026 ] ] ] } },
{ "type": "Feature", "properties": { "geoid": "250250903003" }, "geometry": { "type": "Polygon", "coordinates": [ [ [ -71.08009, 42.31269 ], [ -71.07892, 42.31205 ], [ -71.07793, 42.31163 ], [ -71.07731, 42.31222 ], [ -71.07582, 42.31137 ], [ -71.07465, 42.31284 ], [ -71.07882, 42.31461 ], [ -71.08009, 42.31269 ] ] ] } },
{ "type": "Feature", "properties": { "geoid": "250250904001" }, "geometry": { "type": "Polygon", "coordinates": [ [ [ -71.07695, 42.31598 ], [ -71.07541, 42.31565 ], [ -71.07522, 42.31437 ], [ -71.07315, 42.31422 ], [ -71.07283, 42.31666 ], [ -71.07347, 42.31772 ], [ -71.07424, 42.31824 ], [ -71.07601, 42.31842 ], [ -71.07695, 42.31598 ] ] ] } },
{ "type": "Feature", "properties": { "geoid": "250250904002" }, "geometry": { "type": "Polygon", "coordinates": [ [ [ -71.07882, 42.31461 ], [ -71.07317, 42.31222 ], [ -71.07214, 42.31366 ], [ -71.07321, 42.31368 ], [ -71.07315, 42.31422 ], [ -71.07522, 42.31437 ], [ -71.07541, 42.31565 ], [ -71.07695, 42.31598 ], [ -71.07601, 42.31842 ], [ -71.07781, 42.3183 ], [ -71.07822, 42.31587 ], [ -71.07882, 42.31461 ] ] ] } },
{ "type": "Feature", "properties": { "geoid": "250250904003" }, "geometry": { "type": "Polygon", "coordinates": [ [ [ -71.07781, 42.3183 ], [ -71.07424, 42.31824 ], [ -71.07301, 42.31703 ], [ -71.07183, 42.31778 ], [ -71.07039, 42.31744 ], [ -71.0697, 42.31895 ], [ -71.07128, 42.32016 ], [ -71.07331, 42.31903 ], [ -71.07405, 42.31949 ], [ -71.07513, 42.31966 ], [ -71.07518, 42.31934 ], [ -71.07775, 42.31928 ], [ -71.07781, 42.3183 ] ] ] } },
{ "type": "Feature", "properties": { "geoid": "250250904004" }, "geometry": { "type": "Polygon", "coordinates": [ [ [ -71.07775, 42.31928 ], [ -71.07518, 42.31934 ], [ -71.07513, 42.31966 ], [ -71.07405, 42.31949 ], [ -71.07331, 42.31903 ], [ -71.07128, 42.32016 ], [ -71.0722, 42.32136 ], [ -71.07395, 42.32077 ], [ -71.07775, 42.32043 ], [ -71.07775, 42.31928 ] ] ] } },
{ "type": "Feature", "properties": { "geoid": "250250906001" }, "geometry": { "type": "Polygon", "coordinates": [ [ [ -71.07754, 42.32043 ], [ -71.07428, 42.32072 ], [ -71.0722, 42.32136 ], [ -71.07392, 42.32376 ], [ -71.07464, 42.32324 ], [ -71.07581, 42.32415 ], [ -71.07715, 42.3222 ], [ -71.07754, 42.32043 ] ] ] } },
{ "type": "Feature", "properties": { "geoid": "250250906002" }, "geometry": { "type": "Polygon", "coordinates": [ [ [ -71.07392, 42.32376 ], [ -71.0722, 42.32136 ], [ -71.06984, 42.32157 ], [ -71.06806, 42.32128 ], [ -71.06751, 42.3233 ], [ -71.06914, 42.32505 ], [ -71.07148, 42.32669 ], [ -71.07266, 42.32602 ], [ -71.07164, 42.32465 ], [ -71.07392, 42.32376 ] ] ] } },
{ "type": "Feature", "properties": { "geoid": "250250907001" }, "geometry": { "type": "Polygon", "coordinates": [ [ [ -71.05685, 42.32623 ], [ -71.05672, 42.31866 ], [ -71.05351, 42.31896 ], [ -71.05257, 42.31936 ], [ -71.05217, 42.31882 ], [ -71.05231, 42.321 ], [ -71.0529, 42.32287 ], [ -71.05379, 42.32399 ], [ -71.05685, 42.32623 ] ] ] } },
{ "type": "Feature", "properties": { "geoid": "250250907002" }, "geometry": { "type": "Polygon", "coordinates": [ [ [ -71.06101, 42.32243 ], [ -71.05756, 42.32122 ], [ -71.05678, 42.32163 ], [ -71.05684, 42.32483 ], [ -71.05906, 42.32542 ], [ -71.06101, 42.32243 ] ] ] } },
{ "type": "Feature", "properties": { "geoid": "250250907003" }, "geometry": { "type": "Polygon", "coordinates": [ [ [ -71.06148, 42.3205 ], [ -71.05927, 42.31869 ], [ -71.05673, 42.31849 ], [ -71.05678, 42.32163 ], [ -71.05756, 42.32122 ], [ -71.06101, 42.32243 ], [ -71.06148, 42.3205 ] ] ] } },
{ "type": "Feature", "properties": { "geoid": "250250907004" }, "geometry": { "type": "Polygon", "coordinates": [ [ [ -71.06751, 42.3233 ], [ -71.06576, 42.32137 ], [ -71.06315, 42.32098 ], [ -71.06187, 42.32048 ], [ -71.06134, 42.32058 ], [ -71.06101, 42.32243 ], [ -71.05906, 42.32542 ], [ -71.05684, 42.32483 ], [ -71.05692, 42.32803 ], [ -71.05785, 42.32814 ], [ -71.05775, 42.32838 ], [ -71.05825, 42.32858 ], [ -71.05824, 42.32973 ], [ -71.06355, 42.33079 ], [ -71.06643, 42.32626 ], [ -71.06751, 42.3233 ] ] ] } },
{ "type": "Feature", "properties": { "geoid": "250250909011" }, "geometry": { "type": "Polygon", "coordinates": [ [ [ -71.05047, 42.32079 ], [ -71.0441, 42.31847 ], [ -71.03995, 42.31967 ], [ -71.03896, 42.32069 ], [ -71.04223, 42.32202 ], [ -71.04367, 42.32338 ], [ -71.04541, 42.3238 ], [ -71.04784, 42.32259 ], [ -71.04895, 42.32349 ], [ -71.04941, 42.32258 ], [ -71.05024, 42.32202 ], [ -71.05047, 42.32079 ] ] ] } },
{ "type": "Feature", "properties": { "geoid": "250250909012" }, "geometry": { "type": "Polygon", "coordinates": [ [ [ -71.05079, 42.32083 ], [ -71.0467, 42.31302 ], [ -71.04159, 42.31126 ], [ -71.03838, 42.30945 ], [ -71.03728, 42.3092 ], [ -71.03604, 42.30968 ], [ -71.03179, 42.31262 ], [ -71.03137, 42.31332 ], [ -71.03157, 42.31658 ], [ -71.03617, 42.31796 ], [ -71.0353, 42.31874 ], [ -71.03896, 42.32069 ], [ -71.03995, 42.31967 ], [ -71.0441, 42.31847 ], [ -71.05079, 42.32083 ] ] ] } },
{ "type": "Feature", "properties": { "geoid": "250250910011" }, "geometry": { "type": "Polygon", "coordinates": [ [ [ -71.06139, 42.30874 ], [ -71.06042, 42.30873 ], [ -71.05923, 42.30761 ], [ -71.05842, 42.30758 ], [ -71.05721, 42.31296 ], [ -71.05888, 42.31277 ], [ -71.05977, 42.31024 ], [ -71.06075, 42.31021 ], [ -71.06139, 42.30874 ] ] ] } },
{ "type": "Feature", "properties": { "geoid": "250250910012" }, "geometry": { "type": "Polygon", "coordinates": [ [ [ -71.05834, 42.30796 ], [ -71.05723, 42.30534 ], [ -71.05256, 42.30294 ], [ -71.04946, 42.30082 ], [ -71.04927, 42.3012 ], [ -71.05259, 42.30424 ], [ -71.05378, 42.30607 ], [ -71.05395, 42.30828 ], [ -71.05297, 42.31122 ], [ -71.05602, 42.31286 ], [ -71.05721, 42.31296 ], [ -71.05834, 42.30796 ] ] ] } },
{ "type": "Feature", "properties": { "geoid": "250250910013" }, "geometry": { "type": "Polygon", "coordinates": [ [ [ -71.05403, 42.3076 ], [ -71.05378, 42.30607 ], [ -71.05292, 42.30462 ], [ -71.04927, 42.3012 ], [ -71.04762, 42.30446 ], [ -71.04775, 42.30383 ], [ -71.04169, 42.30215 ], [ -71.04221, 42.30328 ], [ -71.04539, 42.30389 ], [ -71.04335, 42.30794 ], [ -71.04186, 42.30854 ], [ -71.04015, 42.30976 ], [ -71.04159, 42.31126 ], [ -71.0467, 42.31302 ], [ -71.04555, 42.31032 ], [ -71.04557, 42.30933 ], [ -71.04648, 42.30921 ], [ -71.04718, 42.31102 ], [ -71.04797, 42.31162 ], [ -71.04946, 42.31184 ], [ -71.05073, 42.31167 ], [ -71.052, 42.31043 ], [ -71.05297, 42.31122 ], [ -71.05403, 42.3076 ] ] ] } },
{ "type": "Feature", "properties": { "geoid": "250250910014" }, "geometry": { "type": "Polygon", "coordinates": [ [ [ -71.05315, 42.31134 ], [ -71.052, 42.31043 ], [ -71.05073, 42.31167 ], [ -71.04819, 42.31168 ], [ -71.04718, 42.31102 ], [ -71.0468, 42.30942 ], [ -71.04648, 42.30921 ], [ -71.04557, 42.30933 ], [ -71.04595, 42.3116 ], [ -71.05104, 42.32107 ], [ -71.05155, 42.32143 ], [ -71.05246, 42.32147 ], [ -71.05198, 42.31497 ], [ -71.05315, 42.31134 ] ] ] } },
{ "type": "Feature", "properties": { "geoid": "250250911001" }, "geometry": { "type": "Polygon", "coordinates": [ [ [ -71.05673, 42.31849 ], [ -71.05669, 42.31692 ], [ -71.05257, 42.31623 ], [ -71.05252, 42.31503 ], [ -71.05198, 42.31497 ], [ -71.05217, 42.31882 ], [ -71.05257, 42.31936 ], [ -71.05351, 42.31896 ], [ -71.05576, 42.31887 ], [ -71.05673, 42.31849 ] ] ] } },
{ "type": "Feature", "properties": { "geoid": "250250911002" }, "geometry": { "type": "Polygon", "coordinates": [ [ [ -71.05539, 42.31257 ], [ -71.05315, 42.31134 ], [ -71.052, 42.31466 ], [ -71.05198, 42.31497 ], [ -71.05252, 42.31503 ], [ -71.05257, 42.31623 ], [ -71.05412, 42.31646 ], [ -71.05539, 42.31257 ] ] ] } },
{ "type": "Feature", "properties": { "geoid": "250250911003" }, "geometry": { "type": "Polygon", "coordinates": [ [ [ -71.05721, 42.31296 ], [ -71.05539, 42.31257 ], [ -71.05412, 42.31646 ], [ -71.05669, 42.31692 ], [ -71.05721, 42.31296 ] ] ] } },
{ "type": "Feature", "properties": { "geoid": "250250911004" }, "geometry": { "type": "Polygon", "coordinates": [ [ [ -71.06003, 42.31466 ], [ -71.05888, 42.31277 ], [ -71.05721, 42.31296 ], [ -71.05666, 42.31542 ], [ -71.05962, 42.31599 ], [ -71.06003, 42.31466 ] ] ] } },
{ "type": "Feature", "properties": { "geoid": "250250911005" }, "geometry": { "type": "Polygon", "coordinates": [ [ [ -71.05962, 42.31599 ], [ -71.05666, 42.31542 ], [ -71.05673, 42.31849 ], [ -71.05872, 42.31874 ], [ -71.05962, 42.31599 ] ] ] } },
{ "type": "Feature", "properties": { "geoid": "250250912001" }, "geometry": { "type": "Polygon", "coordinates": [ [ [ -71.06357, 42.31862 ], [ -71.06187, 42.31808 ], [ -71.06209, 42.31748 ], [ -71.06089, 42.31718 ], [ -71.06111, 42.31647 ], [ -71.05954, 42.3162 ], [ -71.05883, 42.3186 ], [ -71.0596, 42.31887 ], [ -71.06148, 42.3205 ], [ -71.06252, 42.31989 ], [ -71.06357, 42.31862 ] ] ] } },
{ "type": "Feature", "properties": { "geoid": "250250912002" }, "geometry": { "type": "Polygon", "coordinates": [ [ [ -71.0646, 42.31477 ], [ -71.06411, 42.31403 ], [ -71.0604, 42.31255 ], [ -71.0604, 42.3131 ], [ -71.05888, 42.31277 ], [ -71.06002, 42.31442 ], [ -71.05954, 42.3162 ], [ -71.06111, 42.31647 ], [ -71.06089, 42.31718 ], [ -71.06209, 42.31748 ], [ -71.06338, 42.31452 ], [ -71.0646, 42.31477 ] ] ] } },
{ "type": "Feature", "properties": { "geoid": "250250912003" }, "geometry": { "type": "Polygon", "coordinates": [ [ [ -71.06743, 42.3146 ], [ -71.06564, 42.31485 ], [ -71.06338, 42.31452 ], [ -71.06187, 42.31808 ], [ -71.06357, 42.31862 ], [ -71.06743, 42.3146 ] ] ] } },
{ "type": "Feature", "properties": { "geoid": "250250913001" }, "geometry": { "type": "Polygon", "coordinates": [ [ [ -71.06706, 42.31905 ], [ -71.06623, 42.3186 ], [ -71.06684, 42.31782 ], [ -71.0652, 42.31707 ], [ -71.06416, 42.31779 ], [ -71.06252, 42.31989 ], [ -71.06148, 42.3205 ], [ -71.06538, 42.32123 ], [ -71.06618, 42.31959 ], [ -71.06706, 42.31905 ] ] ] } },
{ "type": "Feature", "properties": { "geoid": "250250913002" }, "geometry": { "type": "Polygon", "coordinates": [ [ [ -71.0722, 42.32136 ], [ -71.07036, 42.31924 ], [ -71.06684, 42.31782 ], [ -71.06623, 42.3186 ], [ -71.06706, 42.31905 ], [ -71.06618, 42.31959 ], [ -71.06538, 42.32123 ], [ -71.06751, 42.3233 ], [ -71.06806, 42.32128 ], [ -71.06984, 42.32157 ], [ -71.0722, 42.32136 ] ] ] } },
{ "type": "Feature", "properties": { "geoid": "250250914001" }, "geometry": { "type": "Polygon", "coordinates": [ [ [ -71.07162, 42.31188 ], [ -71.07022, 42.31133 ], [ -71.06972, 42.31164 ], [ -71.0685, 42.31273 ], [ -71.06715, 42.31499 ], [ -71.0652, 42.31707 ], [ -71.06875, 42.31859 ], [ -71.07162, 42.31188 ] ] ] } },
{ "type": "Feature", "properties": { "geoid": "250250914002" }, "geometry": { "type": "Polygon", "coordinates": [ [ [ -71.07321, 42.31368 ], [ -71.07214, 42.31366 ], [ -71.07317, 42.31222 ], [ -71.07162, 42.31188 ], [ -71.06875, 42.31859 ], [ -71.0697, 42.31895 ], [ -71.07039, 42.31744 ], [ -71.07183, 42.31778 ], [ -71.07301, 42.31703 ], [ -71.07321, 42.31368 ] ] ] } },
{ "type": "Feature", "properties": { "geoid": "250250915001" }, "geometry": { "type": "Polygon", "coordinates": [ [ [ -71.0685, 42.31273 ], [ -71.06651, 42.31299 ], [ -71.0652, 42.31356 ], [ -71.06475, 42.31283 ], [ -71.06217, 42.31078 ], [ -71.06022, 42.31007 ], [ -71.05957, 42.31055 ], [ -71.05888, 42.31265 ], [ -71.0604, 42.3131 ], [ -71.0604, 42.31255 ], [ -71.06411, 42.31403 ], [ -71.0646, 42.31477 ], [ -71.06564, 42.31485 ], [ -71.06743, 42.3146 ], [ -71.0685, 42.31273 ] ] ] } },
{ "type": "Feature", "properties": { "geoid": "250250915002" }, "geometry": { "type": "Polygon", "coordinates": [ [ [ -71.07022, 42.31133 ], [ -71.06824, 42.31057 ], [ -71.0663, 42.30916 ], [ -71.06544, 42.30976 ], [ -71.06436, 42.30873 ], [ -71.06372, 42.30976 ], [ -71.06172, 42.31056 ], [ -71.06475, 42.31283 ], [ -71.0652, 42.31356 ], [ -71.06651, 42.31299 ], [ -71.0685, 42.31273 ], [ -71.07022, 42.31133 ] ] ] } },
{ "type": "Feature", "properties": { "geoid": "250250915003" }, "geometry": { "type": "Polygon", "coordinates": [ [ [ -71.0663, 42.30916 ], [ -71.06515, 42.30811 ], [ -71.06458, 42.30812 ], [ -71.06139, 42.30874 ], [ -71.06075, 42.31021 ], [ -71.06224, 42.31051 ], [ -71.06372, 42.30976 ], [ -71.06436, 42.30873 ], [ -71.06544, 42.30976 ], [ -71.0663, 42.30916 ] ] ] } },
{ "type": "Feature", "properties": { "geoid": "250250916001" }, "geometry": { "type": "Polygon", "coordinates": [ [ [ -71.06649, 42.30671 ], [ -71.06458, 42.30402 ], [ -71.06386, 42.30422 ], [ -71.06455, 42.30539 ], [ -71.06342, 42.3057 ], [ -71.06312, 42.305 ], [ -71.0615, 42.30537 ], [ -71.0627, 42.30749 ], [ -71.06391, 42.30835 ], [ -71.06503, 42.30808 ], [ -71.06649, 42.30671 ] ] ] } },
{ "type": "Feature", "properties": { "geoid": "250250916002" }, "geometry": { "type": "Polygon", "coordinates": [ [ [ -71.06381, 42.30843 ], [ -71.06218, 42.30681 ], [ -71.06116, 42.30456 ], [ -71.05898, 42.30519 ], [ -71.05842, 42.30758 ], [ -71.05923, 42.30761 ], [ -71.0608, 42.30882 ], [ -71.06381, 42.30843 ] ] ] } },
{ "type": "Feature", "properties": { "geoid": "250250916003" }, "geometry": { "type": "Polygon", "coordinates": [ [ [ -71.06116, 42.30456 ], [ -71.0598, 42.30154 ], [ -71.05943, 42.30313 ], [ -71.05597, 42.30452 ], [ -71.05742, 42.30551 ], [ -71.05761, 42.30676 ], [ -71.0584, 42.30768 ], [ -71.05898, 42.30519 ], [ -71.06116, 42.30456 ] ] ] } },
{ "type": "Feature", "properties": { "geoid": "250250917001" }, "geometry": { "type": "Polygon", "coordinates": [ [ [ -71.06816, 42.30307 ], [ -71.06737, 42.30101 ], [ -71.06346, 42.302 ], [ -71.06368, 42.30234 ], [ -71.06058, 42.30314 ], [ -71.0615, 42.30537 ], [ -71.06312, 42.305 ], [ -71.06342, 42.3057 ], [ -71.06455, 42.30539 ], [ -71.06386, 42.30422 ], [ -71.06816, 42.30307 ] ] ] } },
{ "type": "Feature", "properties": { "geoid": "250250917002" }, "geometry": { "type": "Polygon", "coordinates": [ [ [ -71.0688, 42.30489 ], [ -71.06816, 42.30307 ], [ -71.06458, 42.30402 ], [ -71.06649, 42.30671 ], [ -71.0688, 42.30489 ] ] ] } },
{ "type": "Feature", "properties": { "geoid": "250250917003" }, "geometry": { "type": "Polygon", "coordinates": [ [ [ -71.07139, 42.30348 ], [ -71.0711, 42.30321 ], [ -71.06737, 42.30101 ], [ -71.0688, 42.30489 ], [ -71.07139, 42.30348 ] ] ] } },
{ "type": "Feature", "properties": { "geoid": "250250918001" }, "geometry": { "type": "Polygon", "coordinates": [ [ [ -71.07233, 42.31021 ], [ -71.06701, 42.30625 ], [ -71.06503, 42.30808 ], [ -71.06717, 42.3099 ], [ -71.07022, 42.31133 ], [ -71.07233, 42.31021 ] ] ] } },
{ "type": "Feature", "properties": { "geoid": "250250918002" }, "geometry": { "type": "Polygon", "coordinates": [ [ [ -71.07282, 42.30947 ], [ -71.07088, 42.3075 ], [ -71.06994, 42.30551 ], [ -71.06834, 42.30521 ], [ -71.06701, 42.30625 ], [ -71.07233, 42.31021 ], [ -71.07282, 42.30947 ] ] ] } },
{ "type": "Feature", "properties": { "geoid": "250250918003" }, "geometry": { "type": "Polygon", "coordinates": [ [ [ -71.07678, 42.30519 ], [ -71.07312, 42.30467 ], [ -71.07143, 42.30341 ], [ -71.06834, 42.30521 ], [ -71.06994, 42.30551 ], [ -71.07088, 42.3075 ], [ -71.07282, 42.30947 ], [ -71.07391, 42.30768 ], [ -71.07678, 42.30519 ] ] ] } },
{ "type": "Feature", "properties": { "geoid": "250250919001" }, "geometry": { "type": "Polygon", "coordinates": [ [ [ -71.07843, 42.30323 ], [ -71.07823, 42.30297 ], [ -71.07752, 42.30357 ], [ -71.07513, 42.30147 ], [ -71.07327, 42.30235 ], [ -71.07157, 42.30243 ], [ -71.07143, 42.30341 ], [ -71.07312, 42.30467 ], [ -71.07678, 42.30519 ], [ -71.07843, 42.30323 ] ] ] } },
{ "type": "Feature", "properties": { "geoid": "250250919002" }, "geometry": { "type": "Polygon", "coordinates": [ [ [ -71.07823, 42.30297 ], [ -71.07719, 42.30175 ], [ -71.07364, 42.29937 ], [ -71.07218, 42.30004 ], [ -71.07157, 42.30243 ], [ -71.07327, 42.30235 ], [ -71.07513, 42.30147 ], [ -71.07752, 42.30357 ], [ -71.07823, 42.30297 ] ] ] } },
{ "type": "Feature", "properties": { "geoid": "250250919003" }, "geometry": { "type": "Polygon", "coordinates": [ [ [ -71.07928, 42.30019 ], [ -71.07885, 42.29671 ], [ -71.07629, 42.29731 ], [ -71.07543, 42.29881 ], [ -71.07364, 42.29937 ], [ -71.07719, 42.30175 ], [ -71.07843, 42.30323 ], [ -71.07928, 42.30019 ] ] ] } },
{ "type": "Feature", "properties": { "geoid": "250250919004" }, "geometry": { "type": "Polygon", "coordinates": [ [ [ -71.07629, 42.29731 ], [ -71.07461, 42.2966 ], [ -71.07227, 42.29668 ], [ -71.07364, 42.29937 ], [ -71.07543, 42.29881 ], [ -71.07629, 42.29731 ] ] ] } },
{ "type": "Feature", "properties": { "geoid": "250250920001" }, "geometry": { "type": "Polygon", "coordinates": [ [ [ -71.06737, 42.30101 ], [ -71.06511, 42.29967 ], [ -71.06002, 42.30076 ], [ -71.0598, 42.30154 ], [ -71.06058, 42.30314 ], [ -71.06368, 42.30234 ], [ -71.06346, 42.302 ], [ -71.06737, 42.30101 ] ] ] } },
{ "type": "Feature", "properties": { "geoid": "250250920002" }, "geometry": { "type": "Polygon", "coordinates": [ [ [ -71.07137, 42.29895 ], [ -71.07025, 42.296 ], [ -71.06641, 42.29702 ], [ -71.06554, 42.29831 ], [ -71.06432, 42.2992 ], [ -71.06016, 42.3003 ], [ -71.06002, 42.30076 ], [ -71.06511, 42.29967 ], [ -71.06623, 42.30033 ], [ -71.07137, 42.29895 ] ] ] } },
{ "type": "Feature", "properties": { "geoid": "250250920003" }, "geometry": { "type": "Polygon", "coordinates": [ [ [ -71.07364, 42.29937 ], [ -71.07238, 42.29712 ], [ -71.07212, 42.29551 ], [ -71.07025, 42.296 ], [ -71.07137, 42.29895 ], [ -71.06623, 42.30033 ], [ -71.06737, 42.30101 ], [ -71.0723, 42.29994 ], [ -71.07364, 42.29937 ] ] ] } },
{ "type": "Feature", "properties": { "geoid": "250250920004" }, "geometry": { "type": "Polygon", "coordinates": [ [ [ -71.07218, 42.30004 ], [ -71.07079, 42.30014 ], [ -71.06737, 42.30101 ], [ -71.07143, 42.30341 ], [ -71.07218, 42.30004 ] ] ] } },
{ "type": "Feature", "properties": { "geoid": "250250921011" }, "geometry": { "type": "Polygon", "coordinates": [ [ [ -71.0573, 42.29313 ], [ -71.05465, 42.2937 ], [ -71.05243, 42.29448 ], [ -71.05063, 42.29278 ], [ -71.04842, 42.29341 ], [ -71.04782, 42.29311 ], [ -71.04746, 42.29359 ], [ -71.05157, 42.29725 ], [ -71.05295, 42.29604 ], [ -71.05627, 42.29576 ], [ -71.05625, 42.29503 ], [ -71.0573, 42.29313 ] ] ] } },
{ "type": "Feature", "properties": { "geoid": "250250921012" }, "geometry": { "type": "Polygon", "coordinates": [ [ [ -71.06065, 42.29865 ], [ -71.05811, 42.2993 ], [ -71.05502, 42.30059 ], [ -71.05569, 42.3025 ], [ -71.05543, 42.30432 ], [ -71.05597, 42.30452 ], [ -71.05943, 42.30313 ], [ -71.06065, 42.29865 ] ] ] } },
{ "type": "Feature", "properties": { "geoid": "250250921013" }, "geometry": { "type": "Polygon", "coordinates": [ [ [ -71.0557, 42.30298 ], [ -71.05542, 42.3014 ], [ -71.05451, 42.2999 ], [ -71.04746, 42.29359 ], [ -71.04716, 42.29419 ], [ -71.04766, 42.29569 ], [ -71.04758, 42.29682 ], [ -71.04829, 42.29832 ], [ -71.04409, 42.30007 ], [ -71.04236, 42.30009 ], [ -71.04169, 42.30215 ], [ -71.04775, 42.30383 ], [ -71.04762, 42.30446 ], [ -71.04946, 42.30082 ], [ -71.05256, 42.30294 ], [ -71.05543, 42.30432 ], [ -71.0557, 42.30298 ] ] ] } },
{ "type": "Feature", "properties": { "geoid": "250250921014" }, "geometry": { "type": "Polygon", "coordinates": [ [ [ -71.06132, 42.29622 ], [ -71.05643, 42.29733 ], [ -71.05444, 42.29592 ], [ -71.05331, 42.29599 ], [ -71.05272, 42.29616 ], [ -71.05157, 42.29725 ], [ -71.05502, 42.30059 ], [ -71.05811, 42.2993 ], [ -71.06065, 42.29865 ], [ -71.06132, 42.29622 ] ] ] } },
{ "type": "Feature", "properties": { "geoid": "250250921015" }, "geometry": { "type": "Polygon", "coordinates": [ [ [ -71.06261, 42.29181 ], [ -71.0573, 42.29313 ], [ -71.05625, 42.29503 ], [ -71.05627, 42.29576 ], [ -71.05444, 42.29592 ], [ -71.05643, 42.29733 ], [ -71.0612, 42.29617 ], [ -71.06261, 42.29181 ] ] ] } },
{ "type": "Feature", "properties": { "geoid": "250250922001" }, "geometry": { "type": "Polygon", "coordinates": [ [ [ -71.06648, 42.29639 ], [ -71.0662, 42.29482 ], [ -71.06137, 42.29607 ], [ -71.06016, 42.3003 ], [ -71.06432, 42.2992 ], [ -71.06585, 42.29796 ], [ -71.06648, 42.29639 ] ] ] } },
{ "type": "Feature", "properties": { "geoid": "250250922002" }, "geometry": { "type": "Polygon", "coordinates": [ [ [ -71.0662, 42.29482 ], [ -71.06554, 42.29204 ], [ -71.06226, 42.29301 ], [ -71.06137, 42.29607 ], [ -71.06247, 42.29581 ], [ -71.0662, 42.29482 ] ] ] } },
{ "type": "Feature", "properties": { "geoid": "250250922003" }, "geometry": { "type": "Polygon", "coordinates": [ [ [ -71.07177, 42.2923 ], [ -71.0716, 42.29022 ], [ -71.07078, 42.29015 ], [ -71.07062, 42.29051 ], [ -71.06554, 42.29204 ], [ -71.0662, 42.29482 ], [ -71.06761, 42.29445 ], [ -71.06734, 42.2936 ], [ -71.07177, 42.2923 ] ] ] } },
{ "type": "Feature", "properties": { "geoid": "250250922004" }, "geometry": { "type": "Polygon", "coordinates": [ [ [ -71.07212, 42.29551 ], [ -71.07177, 42.2923 ], [ -71.07149, 42.29232 ], [ -71.06734, 42.2936 ], [ -71.06761, 42.29445 ], [ -71.0662, 42.29482 ], [ -71.06641, 42.29702 ], [ -71.07133, 42.29568 ], [ -71.07212, 42.29551 ] ] ] } },
{ "type": "Feature", "properties": { "geoid": "250250923001" }, "geometry": { "type": "Polygon", "coordinates": [ [ [ -71.07629, 42.29731 ], [ -71.07498, 42.2931 ], [ -71.07191, 42.29393 ], [ -71.07227, 42.29668 ], [ -71.07461, 42.2966 ], [ -71.07629, 42.29731 ] ] ] } },
{ "type": "Feature", "properties": { "geoid": "250250923002" }, "geometry": { "type": "Polygon", "coordinates": [ [ [ -71.07477, 42.29314 ], [ -71.07415, 42.29084 ], [ -71.0716, 42.29022 ], [ -71.07191, 42.29393 ], [ -71.07477, 42.29314 ] ] ] } },
{ "type": "Feature", "properties": { "geoid": "250250923003" }, "geometry": { "type": "Polygon", "coordinates": [ [ [ -71.07836, 42.29438 ], [ -71.07815, 42.29202 ], [ -71.07415, 42.29084 ], [ -71.07563, 42.29489 ], [ -71.07836, 42.29438 ] ] ] } },
{ "type": "Feature", "properties": { "geoid": "250250923004" }, "geometry": { "type": "Polygon", "coordinates": [ [ [ -71.07885, 42.29671 ], [ -71.07848, 42.29435 ], [ -71.07563, 42.29489 ], [ -71.07629, 42.29731 ], [ -71.07885, 42.29671 ] ] ] } },
{ "type": "Feature", "properties": { "geoid": "250250924001" }, "geometry": { "type": "Polygon", "coordinates": [ [ [ -71.0823, 42.29337 ], [ -71.07815, 42.29202 ], [ -71.07885, 42.29671 ], [ -71.08092, 42.2963 ], [ -71.08001, 42.29379 ], [ -71.0823, 42.29337 ] ] ] } },
{ "type": "Feature", "properties": { "geoid": "250250924002" }, "geometry": { "type": "Polygon", "coordinates": [ [ [ -71.08784, 42.29491 ], [ -71.08249, 42.29329 ], [ -71.08001, 42.29379 ], [ -71.08092, 42.2963 ], [ -71.08493, 42.29581 ], [ -71.08784, 42.29491 ] ] ] } },
{ "type": "Feature", "properties": { "geoid": "250250924003" }, "geometry": { "type": "Polygon", "coordinates": [ [ [ -71.08711, 42.2978 ], [ -71.08598, 42.29713 ], [ -71.08537, 42.2957 ], [ -71.08046, 42.29639 ], [ -71.08141, 42.299 ], [ -71.08291, 42.29866 ], [ -71.0859, 42.30138 ], [ -71.08711, 42.2978 ] ] ] } },
{ "type": "Feature", "properties": { "geoid": "250250924004" }, "geometry": { "type": "Polygon", "coordinates": [ [ [ -71.09317, 42.29461 ], [ -71.08978, 42.29287 ], [ -71.08921, 42.29397 ], [ -71.08815, 42.29442 ], [ -71.08786, 42.29537 ], [ -71.08964, 42.2975 ], [ -71.09144, 42.29687 ], [ -71.09317, 42.29461 ] ] ] } },
{ "type": "Feature", "properties": { "geoid": "250250924005" }, "geometry": { "type": "Polygon", "coordinates": [ [ [ -71.08964, 42.2975 ], [ -71.08786, 42.29537 ], [ -71.088, 42.29494 ], [ -71.08537, 42.2957 ], [ -71.08598, 42.29713 ], [ -71.08711, 42.2978 ], [ -71.08699, 42.29814 ], [ -71.08964, 42.2975 ] ] ] } },
{ "type": "Feature", "properties": { "geoid": "250251001001" }, "geometry": { "type": "Polygon", "coordinates": [ [ [ -71.09576, 42.29197 ], [ -71.09389, 42.28767 ], [ -71.0923, 42.28875 ], [ -71.09189, 42.29043 ], [ -71.09036, 42.29184 ], [ -71.08978, 42.29287 ], [ -71.09317, 42.29461 ], [ -71.09576, 42.29197 ] ] ] } },
{ "type": "Feature", "properties": { "geoid": "250251001002" }, "geometry": { "type": "Polygon", "coordinates": [ [ [ -71.08799, 42.28835 ], [ -71.08636, 42.28774 ], [ -71.08599, 42.28673 ], [ -71.08125, 42.28779 ], [ -71.08155, 42.2887 ], [ -71.0836, 42.28824 ], [ -71.08383, 42.28876 ], [ -71.08514, 42.28881 ], [ -71.08697, 42.28943 ], [ -71.08799, 42.28835 ] ] ] } },
{ "type": "Feature", "properties": { "geoid": "250251001003" }, "geometry": { "type": "Polygon", "coordinates": [ [ [ -71.09111, 42.28556 ], [ -71.08599, 42.28673 ], [ -71.08636, 42.28774 ], [ -71.08799, 42.28835 ], [ -71.08697, 42.28943 ], [ -71.08903, 42.29126 ], [ -71.08923, 42.29122 ], [ -71.09111, 42.28556 ] ] ] } },
{ "type": "Feature", "properties": { "geoid": "250251001004" }, "geometry": { "type": "Polygon", "coordinates": [ [ [ -71.09365, 42.28779 ], [ -71.09055, 42.28723 ], [ -71.08891, 42.29216 ], [ -71.09001, 42.29236 ], [ -71.09175, 42.29062 ], [ -71.09219, 42.28894 ], [ -71.09365, 42.28779 ] ] ] } },
{ "type": "Feature", "properties": { "geoid": "250251001005" }, "geometry": { "type": "Polygon", "coordinates": [ [ [ -71.09389, 42.28767 ], [ -71.09286, 42.28495 ], [ -71.09157, 42.28421 ], [ -71.09055, 42.28723 ], [ -71.09389, 42.28767 ] ] ] } },
{ "type": "Feature", "properties": { "geoid": "250251001006" }, "geometry": { "type": "Polygon", "coordinates": [ [ [ -71.09001, 42.29236 ], [ -71.08891, 42.29216 ], [ -71.08923, 42.29122 ], [ -71.08876, 42.29111 ], [ -71.08767, 42.28984 ], [ -71.08617, 42.28909 ], [ -71.08433, 42.28872 ], [ -71.08327, 42.28879 ], [ -71.08377, 42.28986 ], [ -71.08464, 42.28959 ], [ -71.08564, 42.2897 ], [ -71.08649, 42.29075 ], [ -71.08122, 42.29098 ], [ -71.08088, 42.29282 ], [ -71.088, 42.29494 ], [ -71.08815, 42.29442 ], [ -71.08921, 42.29397 ], [ -71.09001, 42.29236 ] ] ] } },
{ "type": "Feature", "properties": { "geoid": "250251001007" }, "geometry": { "type": "Polygon", "coordinates": [ [ [ -71.08649, 42.29075 ], [ -71.08564, 42.2897 ], [ -71.08464, 42.28959 ], [ -71.08377, 42.28986 ], [ -71.08327, 42.28879 ], [ -71.08383, 42.28876 ], [ -71.0836, 42.28824 ], [ -71.08155, 42.2887 ], [ -71.08125, 42.28779 ], [ -71.07919, 42.28814 ], [ -71.0784, 42.28981 ], [ -71.07815, 42.29202 ], [ -71.08088, 42.29282 ], [ -71.08122, 42.29098 ], [ -71.08649, 42.29075 ] ] ] } },
{ "type": "Feature", "properties": { "geoid": "250251002001" }, "geometry": { "type": "Polygon", "coordinates": [ [ [ -71.08578, 42.28677 ], [ -71.08504, 42.28346 ], [ -71.08435, 42.28372 ], [ -71.08414, 42.28312 ], [ -71.07919, 42.28814 ], [ -71.07976, 42.28811 ], [ -71.08578, 42.28677 ] ] ] } },
{ "type": "Feature", "properties": { "geoid": "250251002002" }, "geometry": { "type": "Polygon", "coordinates": [ [ [ -71.0893, 42.28357 ], [ -71.08878, 42.2827 ], [ -71.0867, 42.28134 ], [ -71.0855, 42.28099 ], [ -71.08382, 42.28324 ], [ -71.08414, 42.28312 ], [ -71.08435, 42.28372 ], [ -71.08556, 42.28326 ], [ -71.08541, 42.28263 ], [ -71.0862, 42.2823 ], [ -71.08725, 42.28449 ], [ -71.0893, 42.28357 ] ] ] } },
{ "type": "Feature", "properties": { "geoid": "250251002003" }, "geometry": { "type": "Polygon", "coordinates": [ [ [ -71.09155, 42.28427 ], [ -71.08979, 42.28394 ], [ -71.0893, 42.28357 ], [ -71.08725, 42.28449 ], [ -71.0862, 42.2823 ], [ -71.08541, 42.28263 ], [ -71.08556, 42.28326 ], [ -71.08504, 42.28346 ], [ -71.08578, 42.28677 ], [ -71.09111, 42.28556 ], [ -71.09155, 42.28427 ] ] ] } },
{ "type": "Feature", "properties": { "geoid": "250251003001" }, "geometry": { "type": "Polygon", "coordinates": [ [ [ -71.08205, 42.28527 ], [ -71.08078, 42.28469 ], [ -71.08115, 42.28425 ], [ -71.08018, 42.28246 ], [ -71.07626, 42.28316 ], [ -71.07709, 42.28443 ], [ -71.0782, 42.28771 ], [ -71.07781, 42.28799 ], [ -71.07828, 42.28941 ], [ -71.07986, 42.28726 ], [ -71.08205, 42.28527 ] ] ] } },
{ "type": "Feature", "properties": { "geoid": "250251003002" }, "geometry": { "type": "Polygon", "coordinates": [ [ [ -71.08018, 42.28246 ], [ -71.07853, 42.28042 ], [ -71.07796, 42.27905 ], [ -71.07525, 42.27968 ], [ -71.07626, 42.28316 ], [ -71.08018, 42.28246 ] ] ] } },
{ "type": "Feature", "properties": { "geoid": "250251003003" }, "geometry": { "type": "Polygon", "coordinates": [ [ [ -71.08319, 42.28164 ], [ -71.08263, 42.28037 ], [ -71.08044, 42.27896 ], [ -71.07889, 42.27857 ], [ -71.07796, 42.27905 ], [ -71.07853, 42.28042 ], [ -71.08018, 42.28246 ], [ -71.08319, 42.28164 ] ] ] } },
{ "type": "Feature", "properties": { "geoid": "250251003004" }, "geometry": { "type": "Polygon", "coordinates": [ [ [ -71.0855, 42.28099 ], [ -71.08252, 42.28044 ], [ -71.08319, 42.28164 ], [ -71.08018, 42.28246 ], [ -71.08115, 42.28425 ], [ -71.08078, 42.28469 ], [ -71.08205, 42.28527 ], [ -71.0855, 42.28099 ] ] ] } },
{ "type": "Feature", "properties": { "geoid": "250251004001" }, "geometry": { "type": "Polygon", "coordinates": [ [ [ -71.07157, 42.28419 ], [ -71.07126, 42.28201 ], [ -71.06479, 42.284 ], [ -71.0643, 42.2857 ], [ -71.0667, 42.28513 ], [ -71.07118, 42.28535 ], [ -71.07157, 42.28419 ] ] ] } },
{ "type": "Feature", "properties": { "geoid": "250251004002" }, "geometry": { "type": "Polygon", "coordinates": [ [ [ -71.07126, 42.28201 ], [ -71.0695, 42.27881 ], [ -71.06592, 42.27993 ], [ -71.06479, 42.284 ], [ -71.06837, 42.28293 ], [ -71.07126, 42.28201 ] ] ] } },
{ "type": "Feature", "properties": { "geoid": "250251004003" }, "geometry": { "type": "Polygon", "coordinates": [ [ [ -71.07889, 42.27857 ], [ -71.07317, 42.27805 ], [ -71.0695, 42.27881 ], [ -71.07096, 42.28128 ], [ -71.07148, 42.28031 ], [ -71.07525, 42.27968 ], [ -71.07889, 42.27857 ] ] ] } },
{ "type": "Feature", "properties": { "geoid": "250251004004" }, "geometry": { "type": "Polygon", "coordinates": [ [ [ -71.07646, 42.28383 ], [ -71.07525, 42.27968 ], [ -71.07148, 42.28031 ], [ -71.07096, 42.28128 ], [ -71.07154, 42.2845 ], [ -71.07264, 42.28462 ], [ -71.07646, 42.28383 ] ] ] } },
{ "type": "Feature", "properties": { "geoid": "250251005001" }, "geometry": { "type": "Polygon", "coordinates": [ [ [ -71.06701, 42.28907 ], [ -71.0651, 42.28745 ], [ -71.0643, 42.2857 ], [ -71.06226, 42.29301 ], [ -71.06554, 42.29204 ], [ -71.06505, 42.28959 ], [ -71.06701, 42.28907 ] ] ] } },
{ "type": "Feature", "properties": { "geoid": "250251005002" }, "geometry": { "type": "Polygon", "coordinates": [ [ [ -71.07118, 42.28535 ], [ -71.0667, 42.28513 ], [ -71.0643, 42.2857 ], [ -71.0651, 42.28745 ], [ -71.06701, 42.28907 ], [ -71.07117, 42.28797 ], [ -71.07118, 42.28535 ] ] ] } },
{ "type": "Feature", "properties": { "geoid": "250251005003" }, "geometry": { "type": "Polygon", "coordinates": [ [ [ -71.0716, 42.29022 ], [ -71.07117, 42.28797 ], [ -71.06505, 42.28959 ], [ -71.06554, 42.29204 ], [ -71.07062, 42.29051 ], [ -71.07078, 42.29015 ], [ -71.0716, 42.29022 ] ] ] } },
{ "type": "Feature", "properties": { "geoid": "250251005004" }, "geometry": { "type": "Polygon", "coordinates": [ [ [ -71.07851, 42.28943 ], [ -71.07781, 42.28799 ], [ -71.0782, 42.28771 ], [ -71.07663, 42.28377 ], [ -71.07264, 42.28462 ], [ -71.07154, 42.2845 ], [ -71.07117, 42.28644 ], [ -71.07327, 42.28662 ], [ -71.07488, 42.28632 ], [ -71.07609, 42.28995 ], [ -71.07553, 42.29007 ], [ -71.07611, 42.29142 ], [ -71.07815, 42.29202 ], [ -71.07851, 42.28943 ] ] ] } },
{ "type": "Feature", "properties": { "geoid": "250251005005" }, "geometry": { "type": "Polygon", "coordinates": [ [ [ -71.07611, 42.29142 ], [ -71.07553, 42.29007 ], [ -71.07609, 42.28995 ], [ -71.07488, 42.28632 ], [ -71.07327, 42.28662 ], [ -71.07117, 42.28644 ], [ -71.07112, 42.28874 ], [ -71.0716, 42.29022 ], [ -71.07611, 42.29142 ] ] ] } },
{ "type": "Feature", "properties": { "geoid": "250251006011" }, "geometry": { "type": "Polygon", "coordinates": [ [ [ -71.05465, 42.2937 ], [ -71.05216, 42.28914 ], [ -71.04842, 42.29006 ], [ -71.05112, 42.29339 ], [ -71.05243, 42.29448 ], [ -71.05465, 42.2937 ] ] ] } },
{ "type": "Feature", "properties": { "geoid": "250251006012" }, "geometry": { "type": "Polygon", "coordinates": [ [ [ -71.05735, 42.29195 ], [ -71.05535, 42.28824 ], [ -71.05216, 42.28914 ], [ -71.05465, 42.2937 ], [ -71.0573, 42.29313 ], [ -71.05735, 42.29195 ] ] ] } },
{ "type": "Feature", "properties": { "geoid": "250251006013" }, "geometry": { "type": "Polygon", "coordinates": [ [ [ -71.06036, 42.29235 ], [ -71.05862, 42.28844 ], [ -71.0557, 42.28916 ], [ -71.0573, 42.29165 ], [ -71.0573, 42.29313 ], [ -71.06036, 42.29235 ] ] ] } },
{ "type": "Feature", "properties": { "geoid": "250251006014" }, "geometry": { "type": "Polygon", "coordinates": [ [ [ -71.0638, 42.28749 ], [ -71.06049, 42.28829 ], [ -71.05862, 42.28844 ], [ -71.06036, 42.29235 ], [ -71.06261, 42.29181 ], [ -71.0638, 42.28749 ] ] ] } },
{ "type": "Feature", "properties": { "geoid": "250251006031" }, "geometry": { "type": "Polygon", "coordinates": [ [ [ -71.05147, 42.28931 ], [ -71.0507, 42.2878 ], [ -71.04937, 42.28801 ], [ -71.04851, 42.28613 ], [ -71.04529, 42.28693 ], [ -71.04303, 42.28592 ], [ -71.04299, 42.28772 ], [ -71.04424, 42.29194 ], [ -71.04762, 42.29859 ], [ -71.04829, 42.29832 ], [ -71.04758, 42.29682 ], [ -71.04722, 42.29393 ], [ -71.04782, 42.29311 ], [ -71.04842, 42.29341 ], [ -71.05063, 42.29278 ], [ -71.04842, 42.29006 ], [ -71.05147, 42.28931 ] ] ] } },
{ "type": "Feature", "properties": { "geoid": "250251006032" }, "geometry": { "type": "Polygon", "coordinates": [ [ [ -71.0475, 42.29864 ], [ -71.04424, 42.29194 ], [ -71.04299, 42.28772 ], [ -71.04303, 42.28592 ], [ -71.03908, 42.28397 ], [ -71.03789, 42.2849 ], [ -71.03529, 42.2888 ], [ -71.03667, 42.29138 ], [ -71.03846, 42.29347 ], [ -71.04337, 42.29482 ], [ -71.04356, 42.29537 ], [ -71.04279, 42.29588 ], [ -71.04273, 42.29663 ], [ -71.04366, 42.29834 ], [ -71.04282, 42.29863 ], [ -71.0422, 42.29936 ], [ -71.04236, 42.30009 ], [ -71.04409, 42.30007 ], [ -71.0475, 42.29864 ] ] ] } },
{ "type": "Feature", "properties": { "geoid": "250251007001" }, "geometry": { "type": "Polygon", "coordinates": [ [ [ -71.05535, 42.28824 ], [ -71.05455, 42.28662 ], [ -71.05181, 42.2869 ], [ -71.05076, 42.28472 ], [ -71.04415, 42.28646 ], [ -71.04529, 42.28693 ], [ -71.04851, 42.28613 ], [ -71.04937, 42.28801 ], [ -71.0507, 42.2878 ], [ -71.05147, 42.28931 ], [ -71.05535, 42.28824 ] ] ] } },
{ "type": "Feature", "properties": { "geoid": "250251007002" }, "geometry": { "type": "Polygon", "coordinates": [ [ [ -71.05469, 42.28034 ], [ -71.05328, 42.2775 ], [ -71.04924, 42.27806 ], [ -71.04488, 42.27627 ], [ -71.04442, 42.27631 ], [ -71.04304, 42.27689 ], [ -71.04159, 42.2781 ], [ -71.04049, 42.2819 ], [ -71.03908, 42.28397 ], [ -71.04415, 42.28646 ], [ -71.04699, 42.28571 ], [ -71.04652, 42.28465 ], [ -71.0479, 42.28113 ], [ -71.04822, 42.28192 ], [ -71.05469, 42.28034 ] ] ] } },
{ "type": "Feature", "properties": { "geoid": "250251007003" }, "geometry": { "type": "Polygon", "coordinates": [ [ [ -71.0532, 42.28295 ], [ -71.05253, 42.28089 ], [ -71.04822, 42.28192 ], [ -71.0479, 42.28113 ], [ -71.04652, 42.28465 ], [ -71.04699, 42.28571 ], [ -71.05218, 42.28436 ], [ -71.05177, 42.28326 ], [ -71.05141, 42.28321 ], [ -71.0532, 42.28295 ] ] ] } },
{ "type": "Feature", "properties": { "geoid": "250251007004" }, "geometry": { "type": "Polygon", "coordinates": [ [ [ -71.05654, 42.28258 ], [ -71.05141, 42.28321 ], [ -71.05177, 42.28326 ], [ -71.05218, 42.28436 ], [ -71.05076, 42.28472 ], [ -71.05181, 42.2869 ], [ -71.05455, 42.28662 ], [ -71.05579, 42.28321 ], [ -71.05654, 42.28258 ] ] ] } },
{ "type": "Feature", "properties": { "geoid": "250251007005" }, "geometry": { "type": "Polygon", "coordinates": [ [ [ -71.0589, 42.282 ], [ -71.05853, 42.28006 ], [ -71.05469, 42.28034 ], [ -71.05253, 42.28089 ], [ -71.05344, 42.2829 ], [ -71.05663, 42.28258 ], [ -71.0589, 42.282 ] ] ] } },
{ "type": "Feature", "properties": { "geoid": "250251008001" }, "geometry": { "type": "Polygon", "coordinates": [ [ [ -71.06425, 42.28587 ], [ -71.06373, 42.28592 ], [ -71.0634, 42.28524 ], [ -71.05711, 42.28679 ], [ -71.05769, 42.28748 ], [ -71.05815, 42.28735 ], [ -71.05862, 42.28844 ], [ -71.06037, 42.28831 ], [ -71.0638, 42.28749 ], [ -71.06425, 42.28587 ] ] ] } },
{ "type": "Feature", "properties": { "geoid": "250251008002" }, "geometry": { "type": "Polygon", "coordinates": [ [ [ -71.06168, 42.28559 ], [ -71.06114, 42.28445 ], [ -71.05776, 42.28532 ], [ -71.05496, 42.28557 ], [ -71.05454, 42.28711 ], [ -71.0557, 42.28916 ], [ -71.05862, 42.28844 ], [ -71.05815, 42.28735 ], [ -71.05769, 42.28748 ], [ -71.05711, 42.28679 ], [ -71.06168, 42.28559 ] ] ] } },
{ "type": "Feature", "properties": { "geoid": "250251008003" }, "geometry": { "type": "Polygon", "coordinates": [ [ [ -71.06114, 42.28445 ], [ -71.05989, 42.28172 ], [ -71.056, 42.28292 ], [ -71.05496, 42.28557 ], [ -71.05776, 42.28532 ], [ -71.06114, 42.28445 ] ] ] } },
{ "type": "Feature", "properties": { "geoid": "250251008004" }, "geometry": { "type": "Polygon", "coordinates": [ [ [ -71.06814, 42.271 ], [ -71.06752, 42.27151 ], [ -71.06546, 42.27101 ], [ -71.06478, 42.27017 ], [ -71.06503, 42.26929 ], [ -71.0647, 42.26861 ], [ -71.06351, 42.26756 ], [ -71.06219, 42.26716 ], [ -71.06098, 42.26745 ], [ -71.05433, 42.27137 ], [ -71.05369, 42.27182 ], [ -71.05349, 42.27246 ], [ -71.05535, 42.27462 ], [ -71.05558, 42.27571 ], [ -71.0544, 42.27702 ], [ -71.05328, 42.2775 ], [ -71.05469, 42.28034 ], [ -71.05853, 42.28006 ], [ -71.05893, 42.28199 ], [ -71.06151, 42.28123 ], [ -71.0597, 42.27843 ], [ -71.06025, 42.27728 ], [ -71.06351, 42.2736 ], [ -71.06639, 42.2724 ], [ -71.06802, 42.27222 ], [ -71.06814, 42.271 ] ] ] } },
{ "type": "Feature", "properties": { "geoid": "250251008005" }, "geometry": { "type": "Polygon", "coordinates": [ [ [ -71.06802, 42.27228 ], [ -71.06639, 42.2724 ], [ -71.06409, 42.27324 ], [ -71.0613, 42.27584 ], [ -71.0597, 42.27843 ], [ -71.06151, 42.28123 ], [ -71.06592, 42.27993 ], [ -71.06802, 42.27228 ] ] ] } },
{ "type": "Feature", "properties": { "geoid": "250251008006" }, "geometry": { "type": "Polygon", "coordinates": [ [ [ -71.06592, 42.27993 ], [ -71.05989, 42.28172 ], [ -71.06174, 42.28575 ], [ -71.0634, 42.28524 ], [ -71.06373, 42.28592 ], [ -71.0643, 42.2857 ], [ -71.06592, 42.27993 ] ] ] } },
{ "type": "Feature", "properties": { "geoid": "250251009001" }, "geometry": { "type": "Polygon", "coordinates": [ [ [ -71.07277, 42.27807 ], [ -71.07208, 42.27567 ], [ -71.07074, 42.27591 ], [ -71.06719, 42.2755 ], [ -71.06592, 42.27993 ], [ -71.07102, 42.27831 ], [ -71.07277, 42.27807 ] ] ] } },
{ "type": "Feature", "properties": { "geoid": "250251009002" }, "geometry": { "type": "Polygon", "coordinates": [ [ [ -71.07123, 42.27193 ], [ -71.06936, 42.2725 ], [ -71.06802, 42.27222 ], [ -71.06719, 42.2755 ], [ -71.07086, 42.27591 ], [ -71.07208, 42.27567 ], [ -71.07123, 42.27193 ] ] ] } },
{ "type": "Feature", "properties": { "geoid": "250251009003" }, "geometry": { "type": "Polygon", "coordinates": [ [ [ -71.08044, 42.27896 ], [ -71.07725, 42.27722 ], [ -71.07845, 42.27574 ], [ -71.07761, 42.27378 ], [ -71.07586, 42.27412 ], [ -71.07559, 42.27334 ], [ -71.07186, 42.27395 ], [ -71.0722, 42.275 ], [ -71.07205, 42.27608 ], [ -71.07277, 42.27807 ], [ -71.08044, 42.27896 ] ] ] } },
{ "type": "Feature", "properties": { "geoid": "250251009004" }, "geometry": { "type": "Polygon", "coordinates": [ [ [ -71.09007, 42.26995 ], [ -71.0894, 42.26969 ], [ -71.08261, 42.26864 ], [ -71.08085, 42.26932 ], [ -71.07857, 42.26961 ], [ -71.07686, 42.27046 ], [ -71.07371, 42.27029 ], [ -71.07168, 42.27086 ], [ -71.07042, 42.27061 ], [ -71.0685, 42.27078 ], [ -71.06814, 42.271 ], [ -71.06799, 42.27211 ], [ -71.06936, 42.2725 ], [ -71.07123, 42.27193 ], [ -71.07186, 42.27395 ], [ -71.07559, 42.27334 ], [ -71.07586, 42.27412 ], [ -71.079, 42.27341 ], [ -71.0785, 42.27171 ], [ -71.08375, 42.27125 ], [ -71.08788, 42.27018 ], [ -71.09007, 42.26995 ] ] ] } },
{ "type": "Feature", "properties": { "geoid": "250251010011" }, "geometry": { "type": "Polygon", "coordinates": [ [ [ -71.1091, 42.27451 ], [ -71.10841, 42.2735 ], [ -71.10553, 42.27595 ], [ -71.10484, 42.27562 ], [ -71.1043, 42.27605 ], [ -71.10141, 42.27454 ], [ -71.09812, 42.27764 ], [ -71.09807, 42.28142 ], [ -71.09845, 42.2817 ], [ -71.10054, 42.27961 ], [ -71.0995, 42.27912 ], [ -71.1011, 42.27776 ], [ -71.10209, 42.27829 ], [ -71.1037, 42.27675 ], [ -71.10437, 42.27707 ], [ -71.10465, 42.2768 ], [ -71.10753, 42.2783 ], [ -71.1091, 42.27451 ] ] ] } },
{ "type": "Feature", "properties": { "geoid": "250251010012" }, "geometry": { "type": "Polygon", "coordinates": [ [ [ -71.10841, 42.2735 ], [ -71.10656, 42.27177 ], [ -71.10336, 42.271 ], [ -71.10267, 42.27215 ], [ -71.10067, 42.27413 ], [ -71.1043, 42.27605 ], [ -71.10484, 42.27562 ], [ -71.10553, 42.27595 ], [ -71.10841, 42.2735 ] ] ] } },
{ "type": "Feature", "properties": { "geoid": "250251010013" }, "geometry": { "type": "Polygon", "coordinates": [ [ [ -71.09968, 42.26484 ], [ -71.09774, 42.26293 ], [ -71.09463, 42.26677 ], [ -71.09391, 42.26714 ], [ -71.09388, 42.26763 ], [ -71.09426, 42.26747 ], [ -71.09603, 42.26885 ], [ -71.09962, 42.2655 ], [ -71.09913, 42.26513 ], [ -71.09968, 42.26484 ] ] ] } },
{ "type": "Feature", "properties": { "geoid": "250251010014" }, "geometry": { "type": "Polygon", "coordinates": [ [ [ -71.10124, 42.26683 ], [ -71.09962, 42.2655 ], [ -71.09603, 42.26885 ], [ -71.09426, 42.26747 ], [ -71.09388, 42.26763 ], [ -71.0937, 42.27288 ], [ -71.09788, 42.27003 ], [ -71.10124, 42.26683 ] ] ] } },
{ "type": "Feature", "properties": { "geoid": "250251010015" }, "geometry": { "type": "Polygon", "coordinates": [ [ [ -71.10437, 42.26953 ], [ -71.10124, 42.26683 ], [ -71.09788, 42.27003 ], [ -71.10336, 42.271 ], [ -71.10437, 42.26953 ] ] ] } },
{ "type": "Feature", "properties": { "geoid": "250251010016" }, "geometry": { "type": "Polygon", "coordinates": [ [ [ -71.10336, 42.271 ], [ -71.09788, 42.27003 ], [ -71.0937, 42.27288 ], [ -71.09368, 42.27435 ], [ -71.09691, 42.27603 ], [ -71.09812, 42.27764 ], [ -71.10141, 42.27454 ], [ -71.10067, 42.27413 ], [ -71.10336, 42.271 ] ] ] } },
{ "type": "Feature", "properties": { "geoid": "250251010021" }, "geometry": { "type": "Polygon", "coordinates": [ [ [ -71.08277, 42.27604 ], [ -71.08256, 42.27574 ], [ -71.08139, 42.2756 ], [ -71.08146, 42.2746 ], [ -71.08031, 42.27364 ], [ -71.08028, 42.27314 ], [ -71.07888, 42.27163 ], [ -71.0785, 42.27171 ], [ -71.079, 42.27341 ], [ -71.07761, 42.27378 ], [ -71.07845, 42.27574 ], [ -71.07725, 42.27722 ], [ -71.0811, 42.27939 ], [ -71.08188, 42.27875 ], [ -71.08164, 42.27859 ], [ -71.08221, 42.27792 ], [ -71.0815, 42.2776 ], [ -71.08277, 42.27604 ] ] ] } },
{ "type": "Feature", "properties": { "geoid": "250251010022" }, "geometry": { "type": "Polygon", "coordinates": [ [ [ -71.09145, 42.27067 ], [ -71.09007, 42.26995 ], [ -71.08788, 42.27018 ], [ -71.08375, 42.27125 ], [ -71.07888, 42.27163 ], [ -71.08028, 42.27314 ], [ -71.08031, 42.27364 ], [ -71.08146, 42.2746 ], [ -71.08139, 42.2756 ], [ -71.08276, 42.27594 ], [ -71.0815, 42.2776 ], [ -71.08221, 42.27792 ], [ -71.08164, 42.27859 ], [ -71.08188, 42.27875 ], [ -71.0811, 42.27939 ], [ -71.08225, 42.28018 ], [ -71.08274, 42.28041 ], [ -71.08385, 42.27965 ], [ -71.08988, 42.27301 ], [ -71.08943, 42.27224 ], [ -71.09145, 42.27067 ] ] ] } },
{ "type": "Feature", "properties": { "geoid": "250251010023" }, "geometry": { "type": "Polygon", "coordinates": [ [ [ -71.09391, 42.2672 ], [ -71.09263, 42.26673 ], [ -71.09026, 42.26664 ], [ -71.08986, 42.26778 ], [ -71.09019, 42.26908 ], [ -71.0894, 42.26969 ], [ -71.09145, 42.27067 ], [ -71.08943, 42.27224 ], [ -71.08988, 42.27301 ], [ -71.08385, 42.27965 ], [ -71.08274, 42.28041 ], [ -71.0855, 42.28099 ], [ -71.0937, 42.27288 ], [ -71.09391, 42.2672 ] ] ] } },
{ "type": "Feature", "properties": { "geoid": "250251011011" }, "geometry": { "type": "Polygon", "coordinates": [ [ [ -71.09656, 42.28274 ], [ -71.09519, 42.28073 ], [ -71.09318, 42.27939 ], [ -71.09181, 42.28352 ], [ -71.09432, 42.28478 ], [ -71.09608, 42.28385 ], [ -71.09656, 42.28274 ] ] ] } },
{ "type": "Feature", "properties": { "geoid": "250251011012" }, "geometry": { "type": "Polygon", "coordinates": [ [ [ -71.09963, 42.28234 ], [ -71.09807, 42.28142 ], [ -71.0954, 42.27862 ], [ -71.09358, 42.27725 ], [ -71.09318, 42.27939 ], [ -71.09519, 42.28073 ], [ -71.09655, 42.28257 ], [ -71.09608, 42.28385 ], [ -71.09432, 42.28478 ], [ -71.09632, 42.28582 ], [ -71.09963, 42.28234 ] ] ] } },
{ "type": "Feature", "properties": { "geoid": "250251011013" }, "geometry": { "type": "Polygon", "coordinates": [ [ [ -71.10052, 42.28796 ], [ -71.09971, 42.28644 ], [ -71.09506, 42.28744 ], [ -71.0949, 42.28722 ], [ -71.09632, 42.28582 ], [ -71.09181, 42.28352 ], [ -71.09157, 42.28421 ], [ -71.09286, 42.28495 ], [ -71.09576, 42.29197 ], [ -71.10011, 42.29029 ], [ -71.09994, 42.28925 ], [ -71.10052, 42.28796 ] ] ] } },
{ "type": "Feature", "properties": { "geoid": "250251011021" }, "geometry": { "type": "Polygon", "coordinates": [ [ [ -71.09211, 42.2826 ], [ -71.08802, 42.28056 ], [ -71.08705, 42.28156 ], [ -71.08878, 42.2827 ], [ -71.08979, 42.28394 ], [ -71.09157, 42.28421 ], [ -71.09211, 42.2826 ] ] ] } },
{ "type": "Feature", "properties": { "geoid": "250251011022" }, "geometry": { "type": "Polygon", "coordinates": [ [ [ -71.0934, 42.27612 ], [ -71.09255, 42.27655 ], [ -71.08802, 42.28056 ], [ -71.09211, 42.2826 ], [ -71.09345, 42.27858 ], [ -71.0934, 42.27612 ] ] ] } },
{ "type": "Feature", "properties": { "geoid": "250251011023" }, "geometry": { "type": "Polygon", "coordinates": [ [ [ -71.0937, 42.27288 ], [ -71.0855, 42.28099 ], [ -71.08705, 42.28156 ], [ -71.08994, 42.27858 ], [ -71.09255, 42.27655 ], [ -71.09362, 42.27611 ], [ -71.0937, 42.27288 ] ] ] } },
{ "type": "Feature", "properties": { "geoid": "250251011024" }, "geometry": { "type": "Polygon", "coordinates": [ [ [ -71.09833, 42.27958 ], [ -71.09822, 42.278 ], [ -71.09757, 42.27664 ], [ -71.09624, 42.27563 ], [ -71.09368, 42.27435 ], [ -71.09358, 42.27725 ], [ -71.0954, 42.27862 ], [ -71.09793, 42.28126 ], [ -71.09833, 42.27958 ] ] ] } },
{ "type": "Feature", "properties": { "geoid": "250251101041" }, "geometry": { "type": "Polygon", "coordinates": [ [ [ -71.12714, 42.28916 ], [ -71.12596, 42.28848 ], [ -71.11979, 42.29429 ], [ -71.12129, 42.2952 ], [ -71.12422, 42.29258 ], [ -71.12714, 42.28916 ] ] ] } },
{ "type": "Feature", "properties": { "geoid": "250251101042" }, "geometry": { "type": "Polygon", "coordinates": [ [ [ -71.12246, 42.29175 ], [ -71.11926, 42.29049 ], [ -71.11854, 42.29315 ], [ -71.11544, 42.29821 ], [ -71.11584, 42.29829 ], [ -71.11543, 42.2989 ], [ -71.12129, 42.2952 ], [ -71.11979, 42.29429 ], [ -71.12246, 42.29175 ] ] ] } },
{ "type": "Feature", "properties": { "geoid": "250251101051" }, "geometry": { "type": "Polygon", "coordinates": [ [ [ -71.11674, 42.29624 ], [ -71.11603, 42.29593 ], [ -71.11537, 42.29457 ], [ -71.11287, 42.29666 ], [ -71.11208, 42.29618 ], [ -71.11159, 42.29654 ], [ -71.10982, 42.29817 ], [ -71.11007, 42.29851 ], [ -71.1096, 42.2991 ], [ -71.1085, 42.299 ], [ -71.10736, 42.29837 ], [ -71.10605, 42.29849 ], [ -71.10466, 42.30027 ], [ -71.10598, 42.30042 ], [ -71.10644, 42.30085 ], [ -71.10877, 42.30146 ], [ -71.11338, 42.30149 ], [ -71.11674, 42.29624 ] ] ] } },
{ "type": "Feature", "properties": { "geoid": "250251101061" }, "geometry": { "type": "Polygon", "coordinates": [ [ [ -71.11928, 42.29024 ], [ -71.11814, 42.29016 ], [ -71.11817, 42.28988 ], [ -71.11726, 42.28986 ], [ -71.11657, 42.29373 ], [ -71.11537, 42.29457 ], [ -71.11603, 42.29593 ], [ -71.11674, 42.29624 ], [ -71.11882, 42.29253 ], [ -71.11928, 42.29024 ] ] ] } },
{ "type": "Feature", "properties": { "geoid": "250251101062" }, "geometry": { "type": "Polygon", "coordinates": [ [ [ -71.11711, 42.28932 ], [ -71.11627, 42.28913 ], [ -71.11653, 42.28976 ], [ -71.1144, 42.29065 ], [ -71.11433, 42.29183 ], [ -71.1134, 42.29312 ], [ -71.11537, 42.29457 ], [ -71.11657, 42.29373 ], [ -71.11711, 42.28932 ] ] ] } },
{ "type": "Feature", "properties": { "geoid": "250251102011" }, "geometry": { "type": "Polygon", "coordinates": [ [ [ -71.11999, 42.27882 ], [ -71.11918, 42.27864 ], [ -71.11953, 42.27687 ], [ -71.11721, 42.27587 ], [ -71.11732, 42.27663 ], [ -71.11573, 42.2773 ], [ -71.11663, 42.279 ], [ -71.11534, 42.27804 ], [ -71.11366, 42.27945 ], [ -71.11359, 42.28004 ], [ -71.11221, 42.28034 ], [ -71.11325, 42.28135 ], [ -71.11891, 42.28496 ], [ -71.11882, 42.2855 ], [ -71.11955, 42.28551 ], [ -71.11999, 42.27882 ] ] ] } },
{ "type": "Feature", "properties": { "geoid": "250251103011" }, "geometry": { "type": "Polygon", "coordinates": [ [ [ -71.11891, 42.28496 ], [ -71.11325, 42.28135 ], [ -71.11214, 42.28019 ], [ -71.11089, 42.28035 ], [ -71.11218, 42.28194 ], [ -71.11091, 42.28309 ], [ -71.11104, 42.28337 ], [ -71.11038, 42.28361 ], [ -71.10931, 42.28473 ], [ -71.10684, 42.28571 ], [ -71.1054, 42.28672 ], [ -71.10795, 42.28862 ], [ -71.11064, 42.2869 ], [ -71.11196, 42.28656 ], [ -71.11869, 42.28641 ], [ -71.11891, 42.28496 ] ] ] } },
{ "type": "Feature", "properties": { "geoid": "250251103012" }, "geometry": { "type": "Polygon", "coordinates": [ [ [ -71.11955, 42.28551 ], [ -71.11882, 42.2855 ], [ -71.11869, 42.28641 ], [ -71.11196, 42.28656 ], [ -71.11064, 42.2869 ], [ -71.10795, 42.28862 ], [ -71.11246, 42.29205 ], [ -71.1134, 42.29312 ], [ -71.11433, 42.29183 ], [ -71.1144, 42.29065 ], [ -71.11653, 42.28976 ], [ -71.11627, 42.28913 ], [ -71.11711, 42.28932 ], [ -71.11726, 42.28986 ], [ -71.11928, 42.29024 ], [ -71.11955, 42.28551 ] ] ] } },
{ "type": "Feature", "properties": { "geoid": "250251104011" }, "geometry": { "type": "Polygon", "coordinates": [ [ [ -71.12631, 42.28815 ], [ -71.12392, 42.28672 ], [ -71.12281, 42.28757 ], [ -71.1219, 42.28751 ], [ -71.1205, 42.28653 ], [ -71.12017, 42.28552 ], [ -71.11955, 42.28551 ], [ -71.11926, 42.29049 ], [ -71.12035, 42.2911 ], [ -71.12246, 42.29175 ], [ -71.12631, 42.28815 ] ] ] } },
{ "type": "Feature", "properties": { "geoid": "250251104012" }, "geometry": { "type": "Polygon", "coordinates": [ [ [ -71.12813, 42.28645 ], [ -71.12476, 42.28419 ], [ -71.12354, 42.28254 ], [ -71.11971, 42.28029 ], [ -71.11955, 42.28551 ], [ -71.12017, 42.28552 ], [ -71.12067, 42.28671 ], [ -71.12245, 42.2876 ], [ -71.12392, 42.28672 ], [ -71.12631, 42.28815 ], [ -71.12813, 42.28645 ] ] ] } },
{ "type": "Feature", "properties": { "geoid": "250251104031" }, "geometry": { "type": "Polygon", "coordinates": [ [ [ -71.12463, 42.28011 ], [ -71.12144, 42.27464 ], [ -71.11971, 42.28029 ], [ -71.12243, 42.28183 ], [ -71.12463, 42.28011 ] ] ] } },
{ "type": "Feature", "properties": { "geoid": "250251104032" }, "geometry": { "type": "Polygon", "coordinates": [ [ [ -71.12908, 42.28097 ], [ -71.12468, 42.27755 ], [ -71.12359, 42.27807 ], [ -71.12376, 42.27903 ], [ -71.12463, 42.28011 ], [ -71.12243, 42.28183 ], [ -71.12376, 42.2827 ], [ -71.12513, 42.28449 ], [ -71.12679, 42.28307 ], [ -71.12794, 42.28267 ], [ -71.12758, 42.28222 ], [ -71.12908, 42.28097 ] ] ] } },
{ "type": "Feature", "properties": { "geoid": "250251104033" }, "geometry": { "type": "Polygon", "coordinates": [ [ [ -71.12825, 42.27425 ], [ -71.12579, 42.27347 ], [ -71.12491, 42.2727 ], [ -71.12357, 42.27354 ], [ -71.12367, 42.27382 ], [ -71.12125, 42.27395 ], [ -71.12359, 42.27807 ], [ -71.12468, 42.27755 ], [ -71.12532, 42.27619 ], [ -71.12825, 42.27425 ] ] ] } },
{ "type": "Feature", "properties": { "geoid": "250251104034" }, "geometry": { "type": "Polygon", "coordinates": [ [ [ -71.13269, 42.27873 ], [ -71.12903, 42.27619 ], [ -71.12733, 42.27751 ], [ -71.12567, 42.27591 ], [ -71.12502, 42.27659 ], [ -71.12468, 42.27755 ], [ -71.12995, 42.28153 ], [ -71.1325, 42.27932 ], [ -71.13269, 42.27873 ] ] ] } },
{ "type": "Feature", "properties": { "geoid": "250251104035" }, "geometry": { "type": "Polygon", "coordinates": [ [ [ -71.13478, 42.2769 ], [ -71.13164, 42.27491 ], [ -71.1327, 42.27404 ], [ -71.13086, 42.27287 ], [ -71.12867, 42.2739 ], [ -71.12757, 42.27493 ], [ -71.12567, 42.27591 ], [ -71.12733, 42.27751 ], [ -71.12903, 42.27619 ], [ -71.13276, 42.2786 ], [ -71.13478, 42.2769 ] ] ] } },
{ "type": "Feature", "properties": { "geoid": "250251105011" }, "geometry": { "type": "Polygon", "coordinates": [ [ [ -71.14264, 42.28423 ], [ -71.13723, 42.2807 ], [ -71.13742, 42.28625 ], [ -71.14055, 42.28613 ], [ -71.14264, 42.28423 ] ] ] } },
{ "type": "Feature", "properties": { "geoid": "250251105012" }, "geometry": { "type": "Polygon", "coordinates": [ [ [ -71.14537, 42.28188 ], [ -71.14138, 42.27773 ], [ -71.14065, 42.27518 ], [ -71.137, 42.27832 ], [ -71.13723, 42.2807 ], [ -71.14264, 42.28423 ], [ -71.14537, 42.28188 ] ] ] } },
{ "type": "Feature", "properties": { "geoid": "250251105013" }, "geometry": { "type": "Polygon", "coordinates": [ [ [ -71.14778, 42.286 ], [ -71.14725, 42.28361 ], [ -71.14552, 42.2818 ], [ -71.14055, 42.28613 ], [ -71.14705, 42.28602 ], [ -71.14778, 42.286 ] ] ] } },
{ "type": "Feature", "properties": { "geoid": "250251105021" }, "geometry": { "type": "Polygon", "coordinates": [ [ [ -71.13762, 42.28605 ], [ -71.13601, 42.28498 ], [ -71.13555, 42.28351 ], [ -71.13412, 42.28256 ], [ -71.1327, 42.2822 ], [ -71.12705, 42.28746 ], [ -71.12817, 42.28691 ], [ -71.12956, 42.28721 ], [ -71.13226, 42.28646 ], [ -71.13742, 42.28625 ], [ -71.13762, 42.28605 ] ] ] } },
{ "type": "Feature", "properties": { "geoid": "250251105022" }, "geometry": { "type": "Polygon", "coordinates": [ [ [ -71.137, 42.27832 ], [ -71.13478, 42.2769 ], [ -71.12995, 42.28153 ], [ -71.12908, 42.28097 ], [ -71.12758, 42.28222 ], [ -71.12794, 42.28267 ], [ -71.12679, 42.28307 ], [ -71.12513, 42.28449 ], [ -71.12813, 42.28645 ], [ -71.137, 42.27832 ] ] ] } },
{ "type": "Feature", "properties": { "geoid": "250251105023" }, "geometry": { "type": "Polygon", "coordinates": [ [ [ -71.13762, 42.28585 ], [ -71.137, 42.27832 ], [ -71.1327, 42.2822 ], [ -71.1347, 42.28287 ], [ -71.13555, 42.28351 ], [ -71.13601, 42.28498 ], [ -71.13762, 42.28585 ] ] ] } },
{ "type": "Feature", "properties": { "geoid": "250251106011" }, "geometry": { "type": "Polygon", "coordinates": [ [ [ -71.1503, 42.29553 ], [ -71.1483, 42.29128 ], [ -71.14706, 42.29013 ], [ -71.14687, 42.29185 ], [ -71.14603, 42.29372 ], [ -71.14357, 42.29313 ], [ -71.13875, 42.29375 ], [ -71.13601, 42.29443 ], [ -71.13298, 42.29683 ], [ -71.13007, 42.29818 ], [ -71.12793, 42.30016 ], [ -71.13107, 42.30131 ], [ -71.13462, 42.30175 ], [ -71.1371, 42.30118 ], [ -71.14014, 42.30215 ], [ -71.14688, 42.29728 ], [ -71.1503, 42.29553 ] ] ] } },
{ "type": "Feature", "properties": { "geoid": "250251106012" }, "geometry": { "type": "Polygon", "coordinates": [ [ [ -71.14706, 42.29013 ], [ -71.1456, 42.28893 ], [ -71.14512, 42.28811 ], [ -71.14305, 42.2886 ], [ -71.13601, 42.29443 ], [ -71.13875, 42.29375 ], [ -71.14357, 42.29313 ], [ -71.14603, 42.29372 ], [ -71.14706, 42.29013 ] ] ] } },
{ "type": "Feature", "properties": { "geoid": "250251106071" }, "geometry": { "type": "Polygon", "coordinates": [ [ [ -71.13975, 42.2913 ], [ -71.13567, 42.28832 ], [ -71.13416, 42.28891 ], [ -71.13296, 42.29025 ], [ -71.13731, 42.29336 ], [ -71.13975, 42.2913 ] ] ] } },
{ "type": "Feature", "properties": { "geoid": "250251106072" }, "geometry": { "type": "Polygon", "coordinates": [ [ [ -71.14778, 42.286 ], [ -71.13742, 42.28625 ], [ -71.13663, 42.28792 ], [ -71.13567, 42.28832 ], [ -71.13975, 42.2913 ], [ -71.14293, 42.28866 ], [ -71.14732, 42.28741 ], [ -71.14778, 42.286 ] ] ] } },
{ "type": "Feature", "properties": { "geoid": "250251106073" }, "geometry": { "type": "Polygon", "coordinates": [ [ [ -71.13742, 42.28625 ], [ -71.13385, 42.28633 ], [ -71.13183, 42.28653 ], [ -71.12956, 42.28721 ], [ -71.12791, 42.28697 ], [ -71.12596, 42.28848 ], [ -71.12714, 42.28916 ], [ -71.12618, 42.29009 ], [ -71.12734, 42.291 ], [ -71.12801, 42.29109 ], [ -71.12774, 42.2913 ], [ -71.13046, 42.29316 ], [ -71.13074, 42.2918 ], [ -71.13249, 42.29077 ], [ -71.13416, 42.28891 ], [ -71.13663, 42.28792 ], [ -71.13742, 42.28625 ] ] ] } },
{ "type": "Feature", "properties": { "geoid": "250251106074" }, "geometry": { "type": "Polygon", "coordinates": [ [ [ -71.13731, 42.29336 ], [ -71.13296, 42.29025 ], [ -71.13051, 42.29212 ], [ -71.13058, 42.29456 ], [ -71.12933, 42.29636 ], [ -71.12989, 42.29811 ], [ -71.13298, 42.29683 ], [ -71.13731, 42.29336 ] ] ] } },
{ "type": "Feature", "properties": { "geoid": "250251201031" }, "geometry": { "type": "Polygon", "coordinates": [ [ [ -71.12225, 42.31221 ], [ -71.12187, 42.31029 ], [ -71.12124, 42.30941 ], [ -71.12073, 42.30901 ], [ -71.11825, 42.30877 ], [ -71.11547, 42.30968 ], [ -71.11465, 42.31075 ], [ -71.1141, 42.31323 ], [ -71.11634, 42.31409 ], [ -71.11567, 42.31513 ], [ -71.117, 42.31558 ], [ -71.11946, 42.31386 ], [ -71.12174, 42.31303 ], [ -71.12225, 42.31221 ] ] ] } },
{ "type": "Feature", "properties": { "geoid": "250251201041" }, "geometry": { "type": "Polygon", "coordinates": [ [ [ -71.12136, 42.30873 ], [ -71.12001, 42.30808 ], [ -71.11957, 42.30643 ], [ -71.11704, 42.30649 ], [ -71.11534, 42.30684 ], [ -71.11547, 42.30968 ], [ -71.118, 42.3088 ], [ -71.12073, 42.30901 ], [ -71.12136, 42.30873 ] ] ] } },
{ "type": "Feature", "properties": { "geoid": "250251201042" }, "geometry": { "type": "Polygon", "coordinates": [ [ [ -71.1202, 42.30095 ], [ -71.12011, 42.29973 ], [ -71.11742, 42.30021 ], [ -71.11678, 42.29931 ], [ -71.11492, 42.3001 ], [ -71.11584, 42.29829 ], [ -71.11544, 42.29821 ], [ -71.11338, 42.30149 ], [ -71.11448, 42.30176 ], [ -71.11467, 42.30549 ], [ -71.11534, 42.30684 ], [ -71.11704, 42.30649 ], [ -71.11957, 42.30643 ], [ -71.12008, 42.30503 ], [ -71.11965, 42.30382 ], [ -71.11844, 42.30281 ], [ -71.11678, 42.30233 ], [ -71.11756, 42.30163 ], [ -71.1202, 42.30095 ] ] ] } },
{ "type": "Feature", "properties": { "geoid": "250251201051" }, "geometry": { "type": "Polygon", "coordinates": [ [ [ -71.1401, 42.30217 ], [ -71.1371, 42.30118 ], [ -71.13462, 42.30175 ], [ -71.13107, 42.30131 ], [ -71.12793, 42.30016 ], [ -71.12516, 42.3032 ], [ -71.12415, 42.30638 ], [ -71.12492, 42.30571 ], [ -71.12666, 42.3052 ], [ -71.12832, 42.30529 ], [ -71.12849, 42.30604 ], [ -71.12756, 42.30652 ], [ -71.12868, 42.30799 ], [ -71.12884, 42.30938 ], [ -71.13267, 42.30958 ], [ -71.13436, 42.30925 ], [ -71.1365, 42.3062 ], [ -71.1401, 42.30217 ] ] ] } },
{ "type": "Feature", "properties": { "geoid": "250251201052" }, "geometry": { "type": "Polygon", "coordinates": [ [ [ -71.13436, 42.30925 ], [ -71.13267, 42.30958 ], [ -71.12884, 42.30938 ], [ -71.12868, 42.30799 ], [ -71.12756, 42.30652 ], [ -71.12853, 42.30593 ], [ -71.12832, 42.30529 ], [ -71.12757, 42.30519 ], [ -71.12492, 42.30571 ], [ -71.12415, 42.30638 ], [ -71.12467, 42.30519 ], [ -71.12308, 42.30516 ], [ -71.12208, 42.30653 ], [ -71.12242, 42.30668 ], [ -71.12078, 42.30836 ], [ -71.12178, 42.30866 ], [ -71.12263, 42.30839 ], [ -71.12265, 42.30932 ], [ -71.12517, 42.31186 ], [ -71.12743, 42.31186 ], [ -71.12819, 42.31311 ], [ -71.13064, 42.31453 ], [ -71.13436, 42.30925 ] ] ] } },
{ "type": "Feature", "properties": { "geoid": "250251201053" }, "geometry": { "type": "Polygon", "coordinates": [ [ [ -71.13064, 42.31453 ], [ -71.12819, 42.31311 ], [ -71.12743, 42.31186 ], [ -71.12517, 42.31186 ], [ -71.12265, 42.30932 ], [ -71.12263, 42.30839 ], [ -71.12073, 42.30901 ], [ -71.12161, 42.3098 ], [ -71.12202, 42.31071 ], [ -71.12225, 42.31221 ], [ -71.12191, 42.31291 ], [ -71.12245, 42.3128 ], [ -71.12224, 42.31333 ], [ -71.12345, 42.31467 ], [ -71.12363, 42.3161 ], [ -71.12585, 42.31869 ], [ -71.12287, 42.31982 ], [ -71.12097, 42.32133 ], [ -71.1197, 42.32164 ], [ -71.11954, 42.32275 ], [ -71.12011, 42.32283 ], [ -71.12153, 42.32388 ], [ -71.12337, 42.32257 ], [ -71.12371, 42.32272 ], [ -71.13064, 42.31453 ] ] ] } },
{ "type": "Feature", "properties": { "geoid": "250251202011" }, "geometry": { "type": "Polygon", "coordinates": [ [ [ -71.11525, 42.30663 ], [ -71.11467, 42.30549 ], [ -71.11448, 42.30176 ], [ -71.11338, 42.30149 ], [ -71.1103, 42.30607 ], [ -71.1108, 42.30614 ], [ -71.11041, 42.30708 ], [ -71.11525, 42.30663 ] ] ] } },
{ "type": "Feature", "properties": { "geoid": "250251202012" }, "geometry": { "type": "Polygon", "coordinates": [ [ [ -71.1103, 42.30607 ], [ -71.10739, 42.305 ], [ -71.10434, 42.30276 ], [ -71.1033, 42.30383 ], [ -71.10271, 42.30527 ], [ -71.10245, 42.30888 ], [ -71.10734, 42.31062 ], [ -71.1103, 42.30607 ] ] ] } },
{ "type": "Feature", "properties": { "geoid": "250251202013" }, "geometry": { "type": "Polygon", "coordinates": [ [ [ -71.11338, 42.30149 ], [ -71.10901, 42.30149 ], [ -71.10666, 42.30088 ], [ -71.1067, 42.30115 ], [ -71.10434, 42.30276 ], [ -71.10739, 42.305 ], [ -71.1103, 42.30607 ], [ -71.11338, 42.30149 ] ] ] } },
{ "type": "Feature", "properties": { "geoid": "250251203011" }, "geometry": { "type": "Polygon", "coordinates": [ [ [ -71.10447, 42.31702 ], [ -71.10313, 42.31661 ], [ -71.10151, 42.31433 ], [ -71.10047, 42.31359 ], [ -71.09845, 42.31564 ], [ -71.10119, 42.31822 ], [ -71.10294, 42.3193 ], [ -71.10447, 42.31702 ] ] ] } },
{ "type": "Feature", "properties": { "geoid": "250251203012" }, "geometry": { "type": "Polygon", "coordinates": [ [ [ -71.10157, 42.31247 ], [ -71.09785, 42.31107 ], [ -71.09749, 42.31186 ], [ -71.09625, 42.31249 ], [ -71.09948, 42.31461 ], [ -71.10157, 42.31247 ] ] ] } },
{ "type": "Feature", "properties": { "geoid": "250251203013" }, "geometry": { "type": "Polygon", "coordinates": [ [ [ -71.10456, 42.30944 ], [ -71.10245, 42.30888 ], [ -71.10269, 42.30597 ], [ -71.10198, 42.30598 ], [ -71.10149, 42.30657 ], [ -71.10072, 42.30657 ], [ -71.09938, 42.30908 ], [ -71.09807, 42.30972 ], [ -71.09785, 42.31107 ], [ -71.10157, 42.31247 ], [ -71.10456, 42.30944 ] ] ] } },
{ "type": "Feature", "properties": { "geoid": "250251203014" }, "geometry": { "type": "Polygon", "coordinates": [ [ [ -71.10734, 42.31062 ], [ -71.10456, 42.30944 ], [ -71.10047, 42.31359 ], [ -71.10124, 42.31404 ], [ -71.10353, 42.31682 ], [ -71.10447, 42.31702 ], [ -71.10579, 42.31344 ], [ -71.10734, 42.31062 ] ] ] } },
{ "type": "Feature", "properties": { "geoid": "250251204001" }, "geometry": { "type": "Polygon", "coordinates": [ [ [ -71.11071, 42.31206 ], [ -71.10734, 42.31062 ], [ -71.10579, 42.31344 ], [ -71.10447, 42.31702 ], [ -71.10576, 42.31693 ], [ -71.10667, 42.31727 ], [ -71.10834, 42.31392 ], [ -71.11071, 42.31206 ] ] ] } },
{ "type": "Feature", "properties": { "geoid": "250251204002" }, "geometry": { "type": "Polygon", "coordinates": [ [ [ -71.11292, 42.30956 ], [ -71.1114, 42.30903 ], [ -71.11185, 42.30839 ], [ -71.11063, 42.30832 ], [ -71.1109, 42.30795 ], [ -71.10987, 42.30774 ], [ -71.11073, 42.30648 ], [ -71.1108, 42.30614 ], [ -71.1103, 42.30607 ], [ -71.10734, 42.31062 ], [ -71.11091, 42.31215 ], [ -71.11124, 42.31177 ], [ -71.11228, 42.31189 ], [ -71.11208, 42.31087 ], [ -71.11292, 42.30956 ] ] ] } },
{ "type": "Feature", "properties": { "geoid": "250251204003" }, "geometry": { "type": "Polygon", "coordinates": [ [ [ -71.11558, 42.3093 ], [ -71.11525, 42.30663 ], [ -71.11041, 42.30708 ], [ -71.10987, 42.30774 ], [ -71.1109, 42.30795 ], [ -71.11063, 42.30832 ], [ -71.11185, 42.30839 ], [ -71.1114, 42.30903 ], [ -71.11292, 42.30956 ], [ -71.11208, 42.31087 ], [ -71.11228, 42.31189 ], [ -71.11124, 42.31177 ], [ -71.11091, 42.31215 ], [ -71.1141, 42.31323 ], [ -71.11465, 42.31075 ], [ -71.11558, 42.3093 ] ] ] } },
{ "type": "Feature", "properties": { "geoid": "250251204004" }, "geometry": { "type": "Polygon", "coordinates": [ [ [ -71.11636, 42.31417 ], [ -71.11071, 42.31206 ], [ -71.10834, 42.31392 ], [ -71.10724, 42.31638 ], [ -71.11, 42.31655 ], [ -71.11276, 42.31792 ], [ -71.11395, 42.31621 ], [ -71.11412, 42.31464 ], [ -71.11567, 42.31513 ], [ -71.11636, 42.31417 ] ] ] } },
{ "type": "Feature", "properties": { "geoid": "250251204005" }, "geometry": { "type": "Polygon", "coordinates": [ [ [ -71.11716, 42.31983 ], [ -71.11646, 42.31843 ], [ -71.117, 42.31558 ], [ -71.11412, 42.31464 ], [ -71.11395, 42.31621 ], [ -71.10977, 42.32198 ], [ -71.11657, 42.32102 ], [ -71.11716, 42.31983 ] ] ] } },
{ "type": "Feature", "properties": { "geoid": "250251205001" }, "geometry": { "type": "Polygon", "coordinates": [ [ [ -71.1066, 42.31738 ], [ -71.10576, 42.31693 ], [ -71.10447, 42.31702 ], [ -71.10002, 42.32277 ], [ -71.10174, 42.32289 ], [ -71.10338, 42.3204 ], [ -71.10504, 42.31938 ], [ -71.1066, 42.31738 ] ] ] } },
{ "type": "Feature", "properties": { "geoid": "250251205002" }, "geometry": { "type": "Polygon", "coordinates": [ [ [ -71.10845, 42.32239 ], [ -71.10679, 42.32116 ], [ -71.10513, 42.31928 ], [ -71.10398, 42.31998 ], [ -71.10462, 42.32083 ], [ -71.10487, 42.32272 ], [ -71.10845, 42.32239 ] ] ] } },
{ "type": "Feature", "properties": { "geoid": "250251205003" }, "geometry": { "type": "Polygon", "coordinates": [ [ [ -71.10487, 42.32272 ], [ -71.10462, 42.32083 ], [ -71.10398, 42.31998 ], [ -71.10252, 42.32141 ], [ -71.10174, 42.32289 ], [ -71.10487, 42.32272 ] ] ] } },
{ "type": "Feature", "properties": { "geoid": "250251206001" }, "geometry": { "type": "Polygon", "coordinates": [ [ [ -71.11069, 42.32075 ], [ -71.1058, 42.3184 ], [ -71.10513, 42.31928 ], [ -71.10827, 42.32232 ], [ -71.10994, 42.32203 ], [ -71.11069, 42.32075 ] ] ] } },
{ "type": "Feature", "properties": { "geoid": "250251206002" }, "geometry": { "type": "Polygon", "coordinates": [ [ [ -71.11167, 42.31954 ], [ -71.10667, 42.31727 ], [ -71.1058, 42.3184 ], [ -71.11069, 42.32075 ], [ -71.11167, 42.31954 ] ] ] } },
{ "type": "Feature", "properties": { "geoid": "250251206003" }, "geometry": { "type": "Polygon", "coordinates": [ [ [ -71.11276, 42.31792 ], [ -71.10986, 42.31653 ], [ -71.10724, 42.31638 ], [ -71.10667, 42.31727 ], [ -71.11167, 42.31954 ], [ -71.11276, 42.31792 ] ] ] } },
{ "type": "Feature", "properties": { "geoid": "250251207001" }, "geometry": { "type": "Polygon", "coordinates": [ [ [ -71.11226, 42.32455 ], [ -71.11209, 42.3216 ], [ -71.10845, 42.32239 ], [ -71.10827, 42.32318 ], [ -71.10945, 42.3235 ], [ -71.10793, 42.32472 ], [ -71.10751, 42.3255 ], [ -71.10551, 42.3252 ], [ -71.10523, 42.32611 ], [ -71.10833, 42.32732 ], [ -71.11083, 42.32907 ], [ -71.1109, 42.32766 ], [ -71.11226, 42.32455 ] ] ] } },
{ "type": "Feature", "properties": { "geoid": "250251207002" }, "geometry": { "type": "Polygon", "coordinates": [ [ [ -71.11657, 42.32102 ], [ -71.11209, 42.3216 ], [ -71.1122, 42.32313 ], [ -71.11508, 42.32357 ], [ -71.11663, 42.32274 ], [ -71.11657, 42.32102 ] ] ] } },
{ "type": "Feature", "properties": { "geoid": "250251301011" }, "geometry": { "type": "Polygon", "coordinates": [ [ [ -71.16981, 42.30044 ], [ -71.16861, 42.2978 ], [ -71.16764, 42.29656 ], [ -71.16472, 42.29433 ], [ -71.16264, 42.29347 ], [ -71.15776, 42.29572 ], [ -71.15369, 42.29575 ], [ -71.1647, 42.30383 ], [ -71.16981, 42.30044 ] ] ] } },
{ "type": "Feature", "properties": { "geoid": "250251301012" }, "geometry": { "type": "Polygon", "coordinates": [ [ [ -71.17861, 42.29461 ], [ -71.17668, 42.2936 ], [ -71.17417, 42.29145 ], [ -71.17157, 42.28797 ], [ -71.16791, 42.2909 ], [ -71.16264, 42.29347 ], [ -71.16472, 42.29433 ], [ -71.16764, 42.29656 ], [ -71.16861, 42.2978 ], [ -71.16981, 42.30044 ], [ -71.17861, 42.29461 ] ] ] } },
{ "type": "Feature", "properties": { "geoid": "250251301013" }, "geometry": { "type": "Polygon", "coordinates": [ [ [ -71.16828, 42.29066 ], [ -71.16532, 42.28748 ], [ -71.16016, 42.2909 ], [ -71.16063, 42.29158 ], [ -71.15868, 42.29185 ], [ -71.16129, 42.29412 ], [ -71.16828, 42.29066 ] ] ] } },
{ "type": "Feature", "properties": { "geoid": "250251301014" }, "geometry": { "type": "Polygon", "coordinates": [ [ [ -71.17157, 42.28797 ], [ -71.16984, 42.28447 ], [ -71.16532, 42.28748 ], [ -71.16828, 42.29066 ], [ -71.17157, 42.28797 ] ] ] } },
{ "type": "Feature", "properties": { "geoid": "250251301015" }, "geometry": { "type": "Polygon", "coordinates": [ [ [ -71.17234, 42.2838 ], [ -71.17093, 42.28122 ], [ -71.17122, 42.27978 ], [ -71.16473, 42.27902 ], [ -71.16337, 42.27918 ], [ -71.1619, 42.27977 ], [ -71.16605, 42.28324 ], [ -71.16526, 42.28377 ], [ -71.16773, 42.28586 ], [ -71.16984, 42.28447 ], [ -71.17157, 42.28797 ], [ -71.17223, 42.28676 ], [ -71.17234, 42.2838 ] ] ] } },
{ "type": "Feature", "properties": { "geoid": "250251301016" }, "geometry": { "type": "Polygon", "coordinates": [ [ [ -71.16129, 42.29412 ], [ -71.15868, 42.29185 ], [ -71.15698, 42.29152 ], [ -71.15629, 42.29164 ], [ -71.15349, 42.29327 ], [ -71.15144, 42.29287 ], [ -71.14938, 42.2931 ], [ -71.1503, 42.29553 ], [ -71.15215, 42.29461 ], [ -71.15369, 42.29575 ], [ -71.15728, 42.29579 ], [ -71.16129, 42.29412 ] ] ] } },
{ "type": "Feature", "properties": { "geoid": "250251302001" }, "geometry": { "type": "Polygon", "coordinates": [ [ [ -71.15349, 42.29327 ], [ -71.15106, 42.2901 ], [ -71.14875, 42.28788 ], [ -71.14869, 42.28715 ], [ -71.1479, 42.287 ], [ -71.14775, 42.28665 ], [ -71.14732, 42.28741 ], [ -71.14512, 42.28811 ], [ -71.1456, 42.28893 ], [ -71.14808, 42.29097 ], [ -71.14938, 42.2931 ], [ -71.15144, 42.29287 ], [ -71.15349, 42.29327 ] ] ] } },
{ "type": "Feature", "properties": { "geoid": "250251302002" }, "geometry": { "type": "Polygon", "coordinates": [ [ [ -71.15566, 42.29211 ], [ -71.1522, 42.28753 ], [ -71.14869, 42.28715 ], [ -71.14875, 42.28788 ], [ -71.15106, 42.2901 ], [ -71.15349, 42.29327 ], [ -71.15566, 42.29211 ] ] ] } },
{ "type": "Feature", "properties": { "geoid": "250251302003" }, "geometry": { "type": "Polygon", "coordinates": [ [ [ -71.16397, 42.28831 ], [ -71.16146, 42.28607 ], [ -71.1596, 42.28742 ], [ -71.15498, 42.28435 ], [ -71.15222, 42.28566 ], [ -71.14963, 42.28639 ], [ -71.15007, 42.28729 ], [ -71.1522, 42.28753 ], [ -71.15566, 42.29211 ], [ -71.15677, 42.29151 ], [ -71.1591, 42.29186 ], [ -71.16063, 42.29158 ], [ -71.16016, 42.2909 ], [ -71.16397, 42.28831 ] ] ] } },
{ "type": "Feature", "properties": { "geoid": "250251302004" }, "geometry": { "type": "Polygon", "coordinates": [ [ [ -71.16532, 42.28748 ], [ -71.16164, 42.28393 ], [ -71.15981, 42.28152 ], [ -71.15498, 42.28435 ], [ -71.1596, 42.28742 ], [ -71.16146, 42.28607 ], [ -71.16397, 42.28831 ], [ -71.16532, 42.28748 ] ] ] } },
{ "type": "Feature", "properties": { "geoid": "250251302005" }, "geometry": { "type": "Polygon", "coordinates": [ [ [ -71.16773, 42.28586 ], [ -71.16526, 42.28377 ], [ -71.16605, 42.28324 ], [ -71.1619, 42.27977 ], [ -71.15981, 42.28152 ], [ -71.16181, 42.28412 ], [ -71.16532, 42.28748 ], [ -71.16773, 42.28586 ] ] ] } },
{ "type": "Feature", "properties": { "geoid": "250251303001" }, "geometry": { "type": "Polygon", "coordinates": [ [ [ -71.15131, 42.27935 ], [ -71.14802, 42.27727 ], [ -71.14523, 42.27633 ], [ -71.14288, 42.27709 ], [ -71.14248, 42.27757 ], [ -71.14261, 42.27845 ], [ -71.14404, 42.28011 ], [ -71.14396, 42.2805 ], [ -71.14703, 42.28328 ], [ -71.15131, 42.27935 ] ] ] } },
{ "type": "Feature", "properties": { "geoid": "250251303002" }, "geometry": { "type": "Polygon", "coordinates": [ [ [ -71.15637, 42.28356 ], [ -71.15576, 42.2832 ], [ -71.15448, 42.28138 ], [ -71.15131, 42.27935 ], [ -71.14703, 42.28328 ], [ -71.1475, 42.28418 ], [ -71.1478, 42.2869 ], [ -71.15007, 42.28729 ], [ -71.14963, 42.28639 ], [ -71.15339, 42.28519 ], [ -71.15637, 42.28356 ] ] ] } },
{ "type": "Feature", "properties": { "geoid": "250251303003" }, "geometry": { "type": "Polygon", "coordinates": [ [ [ -71.15981, 42.28152 ], [ -71.15691, 42.28004 ], [ -71.15144, 42.27602 ], [ -71.14736, 42.27581 ], [ -71.14571, 42.27505 ], [ -71.14523, 42.27633 ], [ -71.14802, 42.27727 ], [ -71.15361, 42.28073 ], [ -71.15617, 42.28348 ], [ -71.15981, 42.28152 ] ] ] } },
{ "type": "Feature", "properties": { "geoid": "250251303004" }, "geometry": { "type": "Polygon", "coordinates": [ [ [ -71.15107, 42.2759 ], [ -71.1505, 42.2752 ], [ -71.15078, 42.27355 ], [ -71.15047, 42.27304 ], [ -71.14729, 42.26999 ], [ -71.14366, 42.27285 ], [ -71.14531, 42.27474 ], [ -71.14675, 42.27566 ], [ -71.15107, 42.2759 ] ] ] } },
{ "type": "Feature", "properties": { "geoid": "250251303005" }, "geometry": { "type": "Polygon", "coordinates": [ [ [ -71.16115, 42.28034 ], [ -71.15712, 42.27724 ], [ -71.1535, 42.27598 ], [ -71.15078, 42.27355 ], [ -71.15051, 42.27395 ], [ -71.1507, 42.27552 ], [ -71.15691, 42.28004 ], [ -71.15981, 42.28152 ], [ -71.16115, 42.28034 ] ] ] } },
{ "type": "Feature", "properties": { "geoid": "250251304021" }, "geometry": { "type": "Polygon", "coordinates": [ [ [ -71.1726, 42.27157 ], [ -71.17171, 42.26853 ], [ -71.16932, 42.26706 ], [ -71.16863, 42.2663 ], [ -71.1682, 42.26477 ], [ -71.1686, 42.26316 ], [ -71.16739, 42.2622 ], [ -71.16647, 42.26906 ], [ -71.16541, 42.27343 ], [ -71.16695, 42.27487 ], [ -71.16712, 42.27582 ], [ -71.1726, 42.27157 ] ] ] } },
{ "type": "Feature", "properties": { "geoid": "250251304022" }, "geometry": { "type": "Polygon", "coordinates": [ [ [ -71.16647, 42.26906 ], [ -71.16449, 42.26857 ], [ -71.16271, 42.26775 ], [ -71.16186, 42.26881 ], [ -71.1619, 42.27094 ], [ -71.16023, 42.2748 ], [ -71.16136, 42.27453 ], [ -71.16197, 42.27487 ], [ -71.16357, 42.27358 ], [ -71.16408, 42.27403 ], [ -71.16504, 42.27312 ], [ -71.16541, 42.27343 ], [ -71.16647, 42.26906 ] ] ] } },
{ "type": "Feature", "properties": { "geoid": "250251304023" }, "geometry": { "type": "Polygon", "coordinates": [ [ [ -71.16739, 42.2622 ], [ -71.16339, 42.25902 ], [ -71.16351, 42.26259 ], [ -71.16294, 42.2645 ], [ -71.16271, 42.26775 ], [ -71.16626, 42.26903 ], [ -71.16711, 42.26505 ], [ -71.16739, 42.2622 ] ] ] } },
{ "type": "Feature", "properties": { "geoid": "250251304024" }, "geometry": { "type": "Polygon", "coordinates": [ [ [ -71.17702, 42.2804 ], [ -71.17494, 42.27809 ], [ -71.17344, 42.27712 ], [ -71.17238, 42.27687 ], [ -71.17322, 42.27535 ], [ -71.17447, 42.27575 ], [ -71.17457, 42.27558 ], [ -71.17482, 42.27353 ], [ -71.17295, 42.2703 ], [ -71.1745, 42.26865 ], [ -71.17444, 42.26734 ], [ -71.17356, 42.26671 ], [ -71.1717, 42.26628 ], [ -71.17132, 42.26535 ], [ -71.1686, 42.26316 ], [ -71.1682, 42.26477 ], [ -71.16842, 42.26593 ], [ -71.16932, 42.26706 ], [ -71.17171, 42.26853 ], [ -71.17273, 42.27144 ], [ -71.16712, 42.27582 ], [ -71.16695, 42.27487 ], [ -71.16504, 42.27312 ], [ -71.16408, 42.27403 ], [ -71.16357, 42.27358 ], [ -71.16326, 42.27373 ], [ -71.16197, 42.27487 ], [ -71.16136, 42.27453 ], [ -71.16023, 42.2748 ], [ -71.16043, 42.27685 ], [ -71.16009, 42.27826 ], [ -71.15943, 42.27883 ], [ -71.16115, 42.28034 ], [ -71.16296, 42.27929 ], [ -71.16473, 42.27902 ], [ -71.17702, 42.2804 ] ] ] } },
{ "type": "Feature", "properties": { "geoid": "250251304041" }, "geometry": { "type": "Polygon", "coordinates": [ [ [ -71.162, 42.26948 ], [ -71.1608, 42.26714 ], [ -71.15846, 42.26531 ], [ -71.15705, 42.2612 ], [ -71.14729, 42.26999 ], [ -71.14989, 42.27223 ], [ -71.15099, 42.27391 ], [ -71.15298, 42.27526 ], [ -71.1535, 42.27598 ], [ -71.15677, 42.27705 ], [ -71.15943, 42.27883 ], [ -71.16009, 42.27826 ], [ -71.16047, 42.27657 ], [ -71.16023, 42.27471 ], [ -71.16184, 42.27115 ], [ -71.162, 42.26948 ] ] ] } },
{ "type": "Feature", "properties": { "geoid": "250251304042" }, "geometry": { "type": "Polygon", "coordinates": [ [ [ -71.16351, 42.26259 ], [ -71.16339, 42.25902 ], [ -71.16157, 42.25755 ], [ -71.15705, 42.2612 ], [ -71.15846, 42.26531 ], [ -71.1608, 42.26714 ], [ -71.16185, 42.26888 ], [ -71.16288, 42.26727 ], [ -71.16294, 42.2645 ], [ -71.16351, 42.26259 ] ] ] } },
{ "type": "Feature", "properties": { "geoid": "250251304061" }, "geometry": { "type": "Polygon", "coordinates": [ [ [ -71.15038, 42.25749 ], [ -71.14664, 42.25576 ], [ -71.14613, 42.25296 ], [ -71.1438, 42.25444 ], [ -71.14283, 42.25594 ], [ -71.14329, 42.25623 ], [ -71.14412, 42.25932 ], [ -71.14553, 42.25923 ], [ -71.14749, 42.2596 ], [ -71.1492, 42.25889 ], [ -71.14991, 42.25933 ], [ -71.15038, 42.25749 ] ] ] } },
{ "type": "Feature", "properties": { "geoid": "250251304062" }, "geometry": { "type": "Polygon", "coordinates": [ [ [ -71.15696, 42.2613 ], [ -71.15596, 42.25648 ], [ -71.15231, 42.25834 ], [ -71.15039, 42.25746 ], [ -71.14991, 42.25933 ], [ -71.1492, 42.25889 ], [ -71.14749, 42.2596 ], [ -71.14553, 42.25923 ], [ -71.14518, 42.26004 ], [ -71.14699, 42.26099 ], [ -71.14621, 42.26385 ], [ -71.14643, 42.26458 ], [ -71.14839, 42.26569 ], [ -71.15009, 42.26758 ], [ -71.15696, 42.2613 ] ] ] } },
{ "type": "Feature", "properties": { "geoid": "250251304063" }, "geometry": { "type": "Polygon", "coordinates": [ [ [ -71.16156, 42.25756 ], [ -71.15858, 42.25516 ], [ -71.15596, 42.25648 ], [ -71.15705, 42.2612 ], [ -71.15752, 42.26074 ], [ -71.16156, 42.25756 ] ] ] } },
{ "type": "Feature", "properties": { "geoid": "250251401021" }, "geometry": { "type": "Polygon", "coordinates": [ [ [ -71.13623, 42.25105 ], [ -71.13643, 42.24966 ], [ -71.13233, 42.24823 ], [ -71.13113, 42.24899 ], [ -71.13101, 42.25168 ], [ -71.13059, 42.25178 ], [ -71.13273, 42.25397 ], [ -71.13397, 42.25431 ], [ -71.13425, 42.25402 ], [ -71.13389, 42.25386 ], [ -71.13427, 42.25356 ], [ -71.13379, 42.25338 ], [ -71.13623, 42.25105 ] ] ] } },
{ "type": "Feature", "properties": { "geoid": "250251401022" }, "geometry": { "type": "Polygon", "coordinates": [ [ [ -71.1402, 42.24325 ], [ -71.1401, 42.24252 ], [ -71.13522, 42.24102 ], [ -71.13595, 42.23964 ], [ -71.13568, 42.2382 ], [ -71.13527, 42.23816 ], [ -71.13377, 42.23964 ], [ -71.13215, 42.2392 ], [ -71.13116, 42.24056 ], [ -71.12861, 42.24781 ], [ -71.12956, 42.24825 ], [ -71.12897, 42.24972 ], [ -71.13059, 42.25178 ], [ -71.13101, 42.25168 ], [ -71.13125, 42.24884 ], [ -71.13364, 42.24767 ], [ -71.13556, 42.24714 ], [ -71.1362, 42.24657 ], [ -71.13639, 42.24494 ], [ -71.1402, 42.24325 ] ] ] } },
{ "type": "Feature", "properties": { "geoid": "250251401023" }, "geometry": { "type": "Polygon", "coordinates": [ [ [ -71.14405, 42.24283 ], [ -71.14268, 42.236 ], [ -71.13924, 42.23366 ], [ -71.13631, 42.23634 ], [ -71.13527, 42.23816 ], [ -71.13568, 42.2382 ], [ -71.13598, 42.23947 ], [ -71.13522, 42.24102 ], [ -71.1401, 42.24252 ], [ -71.1402, 42.24325 ], [ -71.14405, 42.24283 ] ] ] } },
{ "type": "Feature", "properties": { "geoid": "250251401024" }, "geometry": { "type": "Polygon", "coordinates": [ [ [ -71.14606, 42.25303 ], [ -71.14407, 42.24282 ], [ -71.13969, 42.24334 ], [ -71.13639, 42.24494 ], [ -71.13629, 42.24632 ], [ -71.13661, 42.24691 ], [ -71.13934, 42.24934 ], [ -71.13902, 42.2509 ], [ -71.13944, 42.25233 ], [ -71.13896, 42.25391 ], [ -71.13807, 42.25511 ], [ -71.1402, 42.25846 ], [ -71.14184, 42.25754 ], [ -71.1438, 42.25444 ], [ -71.14606, 42.25303 ] ] ] } },
{ "type": "Feature", "properties": { "geoid": "250251401051" }, "geometry": { "type": "Polygon", "coordinates": [ [ [ -71.13253, 42.27039 ], [ -71.13225, 42.26877 ], [ -71.13162, 42.26865 ], [ -71.13005, 42.26675 ], [ -71.13044, 42.26657 ], [ -71.12979, 42.26568 ], [ -71.12865, 42.26488 ], [ -71.12808, 42.26503 ], [ -71.12613, 42.26353 ], [ -71.12357, 42.26221 ], [ -71.12178, 42.27068 ], [ -71.12216, 42.27104 ], [ -71.12349, 42.27135 ], [ -71.12566, 42.2734 ], [ -71.12825, 42.27425 ], [ -71.12943, 42.27346 ], [ -71.13177, 42.27263 ], [ -71.13253, 42.27039 ] ] ] } },
{ "type": "Feature", "properties": { "geoid": "250251401052" }, "geometry": { "type": "Polygon", "coordinates": [ [ [ -71.12325, 42.26378 ], [ -71.1229, 42.26329 ], [ -71.11896, 42.26192 ], [ -71.11788, 42.26402 ], [ -71.11839, 42.26684 ], [ -71.12025, 42.26981 ], [ -71.12119, 42.27068 ], [ -71.12144, 42.27039 ], [ -71.12178, 42.27068 ], [ -71.12325, 42.26378 ] ] ] } },
{ "type": "Feature", "properties": { "geoid": "250251401061" }, "geometry": { "type": "Polygon", "coordinates": [ [ [ -71.14075, 42.27434 ], [ -71.13996, 42.27416 ], [ -71.14004, 42.27357 ], [ -71.13953, 42.27355 ], [ -71.13659, 42.27151 ], [ -71.13378, 42.2744 ], [ -71.13351, 42.27454 ], [ -71.1327, 42.27404 ], [ -71.13164, 42.27491 ], [ -71.13463, 42.27678 ], [ -71.13669, 42.27511 ], [ -71.13865, 42.2769 ], [ -71.14065, 42.27518 ], [ -71.14075, 42.27434 ] ] ] } },
{ "type": "Feature", "properties": { "geoid": "250251401062" }, "geometry": { "type": "Polygon", "coordinates": [ [ [ -71.13865, 42.2769 ], [ -71.13669, 42.27511 ], [ -71.13463, 42.27678 ], [ -71.137, 42.27832 ], [ -71.13865, 42.2769 ] ] ] } },
{ "type": "Feature", "properties": { "geoid": "250251401071" }, "geometry": { "type": "Polygon", "coordinates": [ [ [ -71.13151, 42.26222 ], [ -71.13362, 42.26102 ], [ -71.13076, 42.2583 ], [ -71.12893, 42.25808 ], [ -71.13016, 42.25677 ], [ -71.13127, 42.25717 ], [ -71.13235, 42.25604 ], [ -71.1288, 42.25424 ], [ -71.12859, 42.25455 ], [ -71.12716, 42.25383 ], [ -71.12531, 42.25565 ], [ -71.12357, 42.26221 ], [ -71.12613, 42.26353 ], [ -71.12733, 42.2645 ], [ -71.1278, 42.26339 ], [ -71.12696, 42.26161 ], [ -71.1282, 42.26051 ], [ -71.12922, 42.2611 ], [ -71.12989, 42.26086 ], [ -71.13151, 42.26222 ] ] ] } },
{ "type": "Feature", "properties": { "geoid": "250251401072" }, "geometry": { "type": "Polygon", "coordinates": [ [ [ -71.13397, 42.25431 ], [ -71.1322, 42.25368 ], [ -71.13012, 42.25117 ], [ -71.12837, 42.2522 ], [ -71.12716, 42.25383 ], [ -71.12859, 42.25455 ], [ -71.1288, 42.25424 ], [ -71.13235, 42.25604 ], [ -71.13397, 42.25431 ] ] ] } },
{ "type": "Feature", "properties": { "geoid": "250251402011" }, "geometry": { "type": "Polygon", "coordinates": [ [ [ -71.13277, 42.23851 ], [ -71.13181, 42.23718 ], [ -71.127, 42.236 ], [ -71.1226, 42.23452 ], [ -71.12264, 42.23538 ], [ -71.12408, 42.23639 ], [ -71.12476, 42.23743 ], [ -71.12568, 42.2379 ], [ -71.12638, 42.23916 ], [ -71.12567, 42.23953 ], [ -71.12624, 42.24212 ], [ -71.12607, 42.24548 ], [ -71.12484, 42.24761 ], [ -71.12244, 42.25006 ], [ -71.12284, 42.25048 ], [ -71.12244, 42.25115 ], [ -71.12288, 42.25185 ], [ -71.12331, 42.25169 ], [ -71.12382, 42.25028 ], [ -71.12468, 42.2498 ], [ -71.12488, 42.24871 ], [ -71.12551, 42.24795 ], [ -71.12843, 42.24917 ], [ -71.12899, 42.24799 ], [ -71.12861, 42.24781 ], [ -71.129, 42.24599 ], [ -71.13116, 42.24056 ], [ -71.13277, 42.23851 ] ] ] } },
{ "type": "Feature", "properties": { "geoid": "250251402012" }, "geometry": { "type": "Polygon", "coordinates": [ [ [ -71.13924, 42.23366 ], [ -71.13075, 42.22791 ], [ -71.1301, 42.22867 ], [ -71.1292, 42.22897 ], [ -71.12753, 42.23112 ], [ -71.12661, 42.23126 ], [ -71.12523, 42.23206 ], [ -71.12452, 42.2329 ], [ -71.12446, 42.23416 ], [ -71.12294, 42.23425 ], [ -71.1226, 42.23452 ], [ -71.127, 42.236 ], [ -71.13181, 42.23718 ], [ -71.13278, 42.23845 ], [ -71.13215, 42.2392 ], [ -71.13377, 42.23964 ], [ -71.13512, 42.23845 ], [ -71.13631, 42.23634 ], [ -71.13924, 42.23366 ] ] ] } },
{ "type": "Feature", "properties": { "geoid": "250251402021" }, "geometry": { "type": "Polygon", "coordinates": [ [ [ -71.12621, 42.24463 ], [ -71.12623, 42.24267 ], [ -71.11894, 42.24663 ], [ -71.12244, 42.25006 ], [ -71.12541, 42.24687 ], [ -71.12621, 42.24463 ] ] ] } },
{ "type": "Feature", "properties": { "geoid": "250251402022" }, "geometry": { "type": "Polygon", "coordinates": [ [ [ -71.12623, 42.24267 ], [ -71.12567, 42.23953 ], [ -71.11653, 42.24427 ], [ -71.11894, 42.24663 ], [ -71.12623, 42.24267 ] ] ] } },
{ "type": "Feature", "properties": { "geoid": "250251402023" }, "geometry": { "type": "Polygon", "coordinates": [ [ [ -71.11889, 42.25316 ], [ -71.11661, 42.25094 ], [ -71.11094, 42.25386 ], [ -71.10947, 42.25241 ], [ -71.10954, 42.25541 ], [ -71.11326, 42.25893 ], [ -71.11547, 42.25716 ], [ -71.11586, 42.25598 ], [ -71.11836, 42.25399 ], [ -71.11889, 42.25316 ] ] ] } },
{ "type": "Feature", "properties": { "geoid": "250251402024" }, "geometry": { "type": "Polygon", "coordinates": [ [ [ -71.12288, 42.25185 ], [ -71.12244, 42.25115 ], [ -71.12282, 42.25042 ], [ -71.11653, 42.24427 ], [ -71.11206, 42.24659 ], [ -71.11889, 42.25316 ], [ -71.1204, 42.25216 ], [ -71.12288, 42.25185 ] ] ] } },
{ "type": "Feature", "properties": { "geoid": "250251402025" }, "geometry": { "type": "Polygon", "coordinates": [ [ [ -71.11661, 42.25094 ], [ -71.11206, 42.24659 ], [ -71.10935, 42.24799 ], [ -71.10947, 42.25241 ], [ -71.11094, 42.25386 ], [ -71.11661, 42.25094 ] ] ] } },
{ "type": "Feature", "properties": { "geoid": "250251403001" }, "geometry": { "type": "Polygon", "coordinates": [ [ [ -71.12158, 42.256 ], [ -71.12032, 42.25507 ], [ -71.11889, 42.25316 ], [ -71.11836, 42.25399 ], [ -71.11586, 42.25598 ], [ -71.11547, 42.25716 ], [ -71.11425, 42.25816 ], [ -71.1151, 42.25856 ], [ -71.1156, 42.25744 ], [ -71.11762, 42.25843 ], [ -71.11979, 42.26021 ], [ -71.12123, 42.25821 ], [ -71.1209, 42.25787 ], [ -71.12158, 42.256 ] ] ] } },
{ "type": "Feature", "properties": { "geoid": "250251403002" }, "geometry": { "type": "Polygon", "coordinates": [ [ [ -71.12531, 42.25565 ], [ -71.12137, 42.25603 ], [ -71.12088, 42.25795 ], [ -71.12123, 42.25821 ], [ -71.11896, 42.26192 ], [ -71.12331, 42.26351 ], [ -71.1245, 42.25806 ], [ -71.12531, 42.25565 ] ] ] } },
{ "type": "Feature", "properties": { "geoid": "250251403003" }, "geometry": { "type": "Polygon", "coordinates": [ [ [ -71.13012, 42.25117 ], [ -71.12897, 42.24972 ], [ -71.12951, 42.24821 ], [ -71.12899, 42.24799 ], [ -71.12843, 42.24917 ], [ -71.12551, 42.24795 ], [ -71.12488, 42.24871 ], [ -71.12464, 42.24987 ], [ -71.12376, 42.25038 ], [ -71.12331, 42.25169 ], [ -71.1204, 42.25216 ], [ -71.11889, 42.25316 ], [ -71.12138, 42.25594 ], [ -71.12559, 42.25561 ], [ -71.12602, 42.25467 ], [ -71.12716, 42.25383 ], [ -71.12822, 42.25234 ], [ -71.13012, 42.25117 ] ] ] } },
{ "type": "Feature", "properties": { "geoid": "250251403004" }, "geometry": { "type": "Polygon", "coordinates": [ [ [ -71.11827, 42.26659 ], [ -71.11788, 42.26402 ], [ -71.11169, 42.26576 ], [ -71.11083, 42.26607 ], [ -71.11165, 42.26748 ], [ -71.111, 42.26904 ], [ -71.11643, 42.26711 ], [ -71.11827, 42.26659 ] ] ] } },
{ "type": "Feature", "properties": { "geoid": "250251403005" }, "geometry": { "type": "Polygon", "coordinates": [ [ [ -71.11979, 42.26021 ], [ -71.11762, 42.25843 ], [ -71.1156, 42.25744 ], [ -71.1151, 42.25856 ], [ -71.11425, 42.25816 ], [ -71.11146, 42.26077 ], [ -71.10961, 42.26127 ], [ -71.10841, 42.26112 ], [ -71.1069, 42.26193 ], [ -71.10774, 42.26298 ], [ -71.1092, 42.26209 ], [ -71.11436, 42.26097 ], [ -71.11567, 42.26042 ], [ -71.11788, 42.26402 ], [ -71.11979, 42.26021 ] ] ] } },
{ "type": "Feature", "properties": { "geoid": "250251403006" }, "geometry": { "type": "Polygon", "coordinates": [ [ [ -71.11788, 42.26402 ], [ -71.11567, 42.26042 ], [ -71.11436, 42.26097 ], [ -71.10946, 42.262 ], [ -71.10842, 42.26259 ], [ -71.11083, 42.26607 ], [ -71.11788, 42.26402 ] ] ] } },
{ "type": "Feature", "properties": { "geoid": "250251404001" }, "geometry": { "type": "Polygon", "coordinates": [ [ [ -71.10461, 42.26357 ], [ -71.10179, 42.26371 ], [ -71.09913, 42.26513 ], [ -71.10124, 42.26683 ], [ -71.10461, 42.26357 ] ] ] } },
{ "type": "Feature", "properties": { "geoid": "250251404002" }, "geometry": { "type": "Polygon", "coordinates": [ [ [ -71.10757, 42.26583 ], [ -71.10649, 42.26341 ], [ -71.10461, 42.26357 ], [ -71.10124, 42.26683 ], [ -71.10437, 42.26953 ], [ -71.10757, 42.26583 ] ] ] } },
{ "type": "Feature", "properties": { "geoid": "250251404003" }, "geometry": { "type": "Polygon", "coordinates": [ [ [ -71.10839, 42.26113 ], [ -71.10746, 42.26065 ], [ -71.105, 42.2608 ], [ -71.10393, 42.25978 ], [ -71.10314, 42.25975 ], [ -71.10129, 42.26068 ], [ -71.09886, 42.26259 ], [ -71.0979, 42.26288 ], [ -71.09968, 42.26484 ], [ -71.10213, 42.26362 ], [ -71.10606, 42.26349 ], [ -71.10774, 42.26298 ], [ -71.1069, 42.26193 ], [ -71.10839, 42.26113 ] ] ] } },
{ "type": "Feature", "properties": { "geoid": "250251404004" }, "geometry": { "type": "Polygon", "coordinates": [ [ [ -71.11162, 42.26736 ], [ -71.10842, 42.26259 ], [ -71.10649, 42.26341 ], [ -71.10757, 42.26583 ], [ -71.10624, 42.26714 ], [ -71.10819, 42.26823 ], [ -71.10861, 42.26781 ], [ -71.10916, 42.26811 ], [ -71.11162, 42.26736 ] ] ] } },
{ "type": "Feature", "properties": { "geoid": "250251404005" }, "geometry": { "type": "Polygon", "coordinates": [ [ [ -71.11162, 42.26736 ], [ -71.10916, 42.26811 ], [ -71.10861, 42.26781 ], [ -71.10819, 42.26823 ], [ -71.10624, 42.26714 ], [ -71.10336, 42.271 ], [ -71.10656, 42.27177 ], [ -71.10919, 42.27436 ], [ -71.11043, 42.27215 ], [ -71.11019, 42.27047 ], [ -71.11162, 42.26736 ] ] ] } },
{ "type": "Feature", "properties": { "geoid": "250251404006" }, "geometry": { "type": "Polygon", "coordinates": [ [ [ -71.12061, 42.27028 ], [ -71.11827, 42.26659 ], [ -71.11539, 42.26747 ], [ -71.111, 42.26904 ], [ -71.11019, 42.27047 ], [ -71.11043, 42.27215 ], [ -71.10919, 42.27436 ], [ -71.11419, 42.2771 ], [ -71.11663, 42.279 ], [ -71.11573, 42.2773 ], [ -71.11732, 42.27663 ], [ -71.11719, 42.27555 ], [ -71.11798, 42.27322 ], [ -71.11902, 42.2732 ], [ -71.11917, 42.27074 ], [ -71.12061, 42.27028 ] ] ] } },
{ "type": "Feature", "properties": { "geoid": "250251404007" }, "geometry": { "type": "Polygon", "coordinates": [ [ [ -71.12491, 42.2727 ], [ -71.12349, 42.27135 ], [ -71.12216, 42.27104 ], [ -71.12144, 42.27039 ], [ -71.12119, 42.27068 ], [ -71.12061, 42.27028 ], [ -71.11917, 42.27074 ], [ -71.11902, 42.2732 ], [ -71.11798, 42.27322 ], [ -71.11719, 42.27569 ], [ -71.11953, 42.27687 ], [ -71.11918, 42.27864 ], [ -71.12038, 42.27878 ], [ -71.12081, 42.27606 ], [ -71.12144, 42.27464 ], [ -71.12129, 42.27382 ], [ -71.12367, 42.27382 ], [ -71.12357, 42.27354 ], [ -71.12491, 42.2727 ] ] ] } },
{ "type": "Feature", "properties": { "geoid": "250251601021" }, "geometry": { "type": "Polygon", "coordinates": [ [ [ -71.03215, 42.39388 ], [ -71.02619, 42.39238 ], [ -71.02793, 42.39381 ], [ -71.03002, 42.3948 ], [ -71.03038, 42.39488 ], [ -71.03215, 42.39388 ] ] ] } },
{ "type": "Feature", "properties": { "geoid": "250251601022" }, "geometry": { "type": "Polygon", "coordinates": [ [ [ -71.03295, 42.3931 ], [ -71.02881, 42.39193 ], [ -71.02549, 42.39134 ], [ -71.02619, 42.39238 ], [ -71.03215, 42.39388 ], [ -71.03295, 42.3931 ] ] ] } },
{ "type": "Feature", "properties": { "geoid": "250251601023" }, "geometry": { "type": "Polygon", "coordinates": [ [ [ -71.03295, 42.3931 ], [ -71.03326, 42.39247 ], [ -71.0323, 42.39222 ], [ -71.03263, 42.39159 ], [ -71.02934, 42.39066 ], [ -71.02881, 42.39193 ], [ -71.03295, 42.3931 ] ] ] } },
{ "type": "Feature", "properties": { "geoid": "250251601024" }, "geometry": { "type": "Polygon", "coordinates": [ [ [ -71.02934, 42.39066 ], [ -71.02309, 42.38947 ], [ -71.02288, 42.39014 ], [ -71.025, 42.39053 ], [ -71.02549, 42.39134 ], [ -71.02881, 42.39193 ], [ -71.02934, 42.39066 ] ] ] } },
{ "type": "Feature", "properties": { "geoid": "250251601031" }, "geometry": { "type": "Polygon", "coordinates": [ [ [ -71.03373, 42.38927 ], [ -71.03037, 42.38834 ], [ -71.02934, 42.39066 ], [ -71.03263, 42.39159 ], [ -71.03373, 42.38927 ] ] ] } },
{ "type": "Feature", "properties": { "geoid": "250251601032" }, "geometry": { "type": "Polygon", "coordinates": [ [ [ -71.03456, 42.38672 ], [ -71.0313, 42.38623 ], [ -71.03037, 42.38834 ], [ -71.03373, 42.38927 ], [ -71.03456, 42.38672 ] ] ] } },
{ "type": "Feature", "properties": { "geoid": "250251601033" }, "geometry": { "type": "Polygon", "coordinates": [ [ [ -71.02984, 42.38957 ], [ -71.02677, 42.38898 ], [ -71.027, 42.38836 ], [ -71.02363, 42.38772 ], [ -71.02309, 42.38947 ], [ -71.02934, 42.39066 ], [ -71.02984, 42.38957 ] ] ] } },
{ "type": "Feature", "properties": { "geoid": "250251601034" }, "geometry": { "type": "Polygon", "coordinates": [ [ [ -71.03199, 42.3846 ], [ -71.02771, 42.38404 ], [ -71.02267, 42.38627 ], [ -71.02363, 42.38772 ], [ -71.027, 42.38836 ], [ -71.02677, 42.38898 ], [ -71.02984, 42.38957 ], [ -71.03199, 42.3846 ] ] ] } },
{ "type": "Feature", "properties": { "geoid": "250251602001" }, "geometry": { "type": "Polygon", "coordinates": [ [ [ -71.03597, 42.39172 ], [ -71.03501, 42.39112 ], [ -71.03538, 42.39037 ], [ -71.03354, 42.38988 ], [ -71.0323, 42.39222 ], [ -71.03326, 42.39247 ], [ -71.03272, 42.39355 ], [ -71.0337, 42.39303 ], [ -71.03597, 42.39172 ] ] ] } },
{ "type": "Feature", "properties": { "geoid": "250251602002" }, "geometry": { "type": "Polygon", "coordinates": [ [ [ -71.03759, 42.3908 ], [ -71.0353, 42.38906 ], [ -71.03393, 42.38865 ], [ -71.03354, 42.38988 ], [ -71.03538, 42.39037 ], [ -71.03501, 42.39112 ], [ -71.03597, 42.39172 ], [ -71.03759, 42.3908 ] ] ] } },
{ "type": "Feature", "properties": { "geoid": "250251602003" }, "geometry": { "type": "Polygon", "coordinates": [ [ [ -71.03748, 42.38783 ], [ -71.03456, 42.38672 ], [ -71.03393, 42.38865 ], [ -71.03608, 42.38959 ], [ -71.03748, 42.38783 ] ] ] } },
{ "type": "Feature", "properties": { "geoid": "250251602004" }, "geometry": { "type": "Polygon", "coordinates": [ [ [ -71.03982, 42.38827 ], [ -71.03748, 42.38783 ], [ -71.03608, 42.38959 ], [ -71.03759, 42.3908 ], [ -71.03923, 42.38991 ], [ -71.03897, 42.38945 ], [ -71.03982, 42.38827 ] ] ] } },
{ "type": "Feature", "properties": { "geoid": "250251603001" }, "geometry": { "type": "Polygon", "coordinates": [ [ [ -71.04724, 42.38534 ], [ -71.0443, 42.38321 ], [ -71.04326, 42.38359 ], [ -71.03951, 42.38685 ], [ -71.03498, 42.38588 ], [ -71.03323, 42.38491 ], [ -71.03199, 42.3846 ], [ -71.0313, 42.38623 ], [ -71.03506, 42.38679 ], [ -71.03723, 42.38776 ], [ -71.03982, 42.38827 ], [ -71.03897, 42.38945 ], [ -71.03923, 42.38991 ], [ -71.04142, 42.38865 ], [ -71.04571, 42.38689 ], [ -71.04724, 42.38534 ] ] ] } },
{ "type": "Feature", "properties": { "geoid": "250251603002" }, "geometry": { "type": "Polygon", "coordinates": [ [ [ -71.0553, 42.3871 ], [ -71.04819, 42.38569 ], [ -71.04728, 42.38528 ], [ -71.04571, 42.38689 ], [ -71.04191, 42.38844 ], [ -71.04421, 42.39086 ], [ -71.04335, 42.39134 ], [ -71.04448, 42.39244 ], [ -71.04548, 42.39202 ], [ -71.04653, 42.39203 ], [ -71.0482, 42.39284 ], [ -71.04824, 42.39325 ], [ -71.04913, 42.39313 ], [ -71.04937, 42.39363 ], [ -71.05, 42.39347 ], [ -71.0507, 42.392 ], [ -71.0553, 42.3871 ] ] ] } },
{ "type": "Feature", "properties": { "geoid": "250251604001" }, "geometry": { "type": "Polygon", "coordinates": [ [ [ -71.04273, 42.38943 ], [ -71.04191, 42.38844 ], [ -71.03597, 42.39172 ], [ -71.03685, 42.39258 ], [ -71.03737, 42.39255 ], [ -71.03705, 42.39276 ], [ -71.04273, 42.38943 ] ] ] } },
{ "type": "Feature", "properties": { "geoid": "250251604002" }, "geometry": { "type": "Polygon", "coordinates": [ [ [ -71.05335, 42.39584 ], [ -71.05286, 42.39503 ], [ -71.05077, 42.39461 ], [ -71.05, 42.39347 ], [ -71.04937, 42.39363 ], [ -71.04913, 42.39313 ], [ -71.04824, 42.39325 ], [ -71.0482, 42.39284 ], [ -71.04653, 42.39203 ], [ -71.04548, 42.39202 ], [ -71.04448, 42.39244 ], [ -71.04335, 42.39134 ], [ -71.04421, 42.39086 ], [ -71.04273, 42.38943 ], [ -71.0354, 42.39391 ], [ -71.03377, 42.39465 ], [ -71.03349, 42.39441 ], [ -71.03296, 42.39541 ], [ -71.04616, 42.39804 ], [ -71.04815, 42.39663 ], [ -71.05021, 42.39764 ], [ -71.05168, 42.39773 ], [ -71.05286, 42.39695 ], [ -71.05335, 42.39584 ] ] ] } },
{ "type": "Feature", "properties": { "geoid": "250251604003" }, "geometry": { "type": "Polygon", "coordinates": [ [ [ -71.04615, 42.39804 ], [ -71.03538, 42.39592 ], [ -71.03653, 42.39692 ], [ -71.03558, 42.39747 ], [ -71.03806, 42.39991 ], [ -71.0374, 42.4003 ], [ -71.03781, 42.40067 ], [ -71.03683, 42.40127 ], [ -71.03623, 42.40246 ], [ -71.03931, 42.40286 ], [ -71.04615, 42.39804 ] ] ] } },
{ "type": "Feature", "properties": { "geoid": "250251604004" }, "geometry": { "type": "Polygon", "coordinates": [ [ [ -71.03722, 42.39263 ], [ -71.03597, 42.39172 ], [ -71.03038, 42.39488 ], [ -71.03296, 42.39541 ], [ -71.03349, 42.39441 ], [ -71.03377, 42.39465 ], [ -71.0354, 42.39391 ], [ -71.03722, 42.39263 ] ] ] } },
{ "type": "Feature", "properties": { "geoid": "250251605011" }, "geometry": { "type": "Polygon", "coordinates": [ [ [ -71.0374, 42.4003 ], [ -71.03806, 42.39991 ], [ -71.03558, 42.39747 ], [ -71.03219, 42.3994 ], [ -71.03536, 42.40212 ], [ -71.03617, 42.40245 ], [ -71.03683, 42.40127 ], [ -71.03781, 42.40067 ], [ -71.0374, 42.4003 ] ] ] } },
{ "type": "Feature", "properties": { "geoid": "250251605012" }, "geometry": { "type": "Polygon", "coordinates": [ [ [ -71.03291, 42.39549 ], [ -71.03038, 42.39488 ], [ -71.02964, 42.3953 ], [ -71.03071, 42.39552 ], [ -71.03058, 42.39568 ], [ -71.02675, 42.39783 ], [ -71.02843, 42.39947 ], [ -71.03085, 42.39817 ], [ -71.03291, 42.39549 ] ] ] } },
{ "type": "Feature", "properties": { "geoid": "250251605013" }, "geometry": { "type": "Polygon", "coordinates": [ [ [ -71.03645, 42.39697 ], [ -71.03538, 42.39592 ], [ -71.03296, 42.39541 ], [ -71.03198, 42.39662 ], [ -71.03433, 42.39817 ], [ -71.03645, 42.39697 ] ] ] } },
{ "type": "Feature", "properties": { "geoid": "250251605014" }, "geometry": { "type": "Polygon", "coordinates": [ [ [ -71.03433, 42.39817 ], [ -71.03198, 42.39662 ], [ -71.03121, 42.39753 ], [ -71.03293, 42.39898 ], [ -71.03433, 42.39817 ] ] ] } },
{ "type": "Feature", "properties": { "geoid": "250251605015" }, "geometry": { "type": "Polygon", "coordinates": [ [ [ -71.03293, 42.39898 ], [ -71.03121, 42.39753 ], [ -71.03085, 42.39817 ], [ -71.02917, 42.39906 ], [ -71.031, 42.40022 ], [ -71.03293, 42.39898 ] ] ] } },
{ "type": "Feature", "properties": { "geoid": "250251605021" }, "geometry": { "type": "Polygon", "coordinates": [ [ [ -71.03071, 42.39552 ], [ -71.02964, 42.3953 ], [ -71.0285, 42.39595 ], [ -71.02794, 42.39526 ], [ -71.02298, 42.39819 ], [ -71.02416, 42.39932 ], [ -71.03071, 42.39552 ] ] ] } },
{ "type": "Feature", "properties": { "geoid": "250251605022" }, "geometry": { "type": "Polygon", "coordinates": [ [ [ -71.01404, 42.40033 ], [ -71.01243, 42.3981 ], [ -71.00963, 42.40017 ], [ -71.0094, 42.40118 ], [ -71.01089, 42.40179 ], [ -71.01404, 42.40033 ] ] ] } },
{ "type": "Feature", "properties": { "geoid": "250251605023" }, "geometry": { "type": "Polygon", "coordinates": [ [ [ -71.02363, 42.38772 ], [ -71.02267, 42.38627 ], [ -71.02051, 42.38764 ], [ -71.01779, 42.3907 ], [ -71.01609, 42.3959 ], [ -71.01243, 42.3981 ], [ -71.01421, 42.40025 ], [ -71.01089, 42.40179 ], [ -71.01301, 42.40286 ], [ -71.01704, 42.40271 ], [ -71.01783, 42.40288 ], [ -71.01813, 42.40338 ], [ -71.01974, 42.40197 ], [ -71.01932, 42.40174 ], [ -71.02363, 42.38772 ] ] ] } },
{ "type": "Feature", "properties": { "geoid": "250251605024" }, "geometry": { "type": "Polygon", "coordinates": [ [ [ -71.02416, 42.39932 ], [ -71.02298, 42.39819 ], [ -71.02163, 42.3992 ], [ -71.02037, 42.3984 ], [ -71.01932, 42.40174 ], [ -71.02046, 42.40243 ], [ -71.02416, 42.39932 ] ] ] } },
{ "type": "Feature", "properties": { "geoid": "250251605025" }, "geometry": { "type": "Polygon", "coordinates": [ [ [ -71.03038, 42.39488 ], [ -71.02852, 42.39416 ], [ -71.02699, 42.39315 ], [ -71.025, 42.39053 ], [ -71.02288, 42.39014 ], [ -71.02037, 42.3984 ], [ -71.02163, 42.3992 ], [ -71.02794, 42.39526 ], [ -71.0285, 42.39595 ], [ -71.03038, 42.39488 ] ] ] } },
{ "type": "Feature", "properties": { "geoid": "250251606011" }, "geometry": { "type": "Polygon", "coordinates": [ [ [ -71.0335, 42.40255 ], [ -71.03096, 42.40018 ], [ -71.02994, 42.3997 ], [ -71.02966, 42.40019 ], [ -71.02843, 42.39959 ], [ -71.02779, 42.40004 ], [ -71.02584, 42.39987 ], [ -71.02541, 42.40007 ], [ -71.02596, 42.40022 ], [ -71.02586, 42.40058 ], [ -71.02628, 42.40081 ], [ -71.02706, 42.40093 ], [ -71.02708, 42.40124 ], [ -71.0335, 42.40255 ] ] ] } },
{ "type": "Feature", "properties": { "geoid": "250251606012" }, "geometry": { "type": "Polygon", "coordinates": [ [ [ -71.02548, 42.40161 ], [ -71.02309, 42.40013 ], [ -71.02046, 42.40243 ], [ -71.01974, 42.40197 ], [ -71.01813, 42.40338 ], [ -71.01892, 42.40373 ], [ -71.02083, 42.40351 ], [ -71.02119, 42.40423 ], [ -71.02028, 42.40494 ], [ -71.02062, 42.40519 ], [ -71.02163, 42.40519 ], [ -71.02338, 42.40414 ], [ -71.02438, 42.4025 ], [ -71.02548, 42.40161 ] ] ] } },
{ "type": "Feature", "properties": { "geoid": "250251606013" }, "geometry": { "type": "Polygon", "coordinates": [ [ [ -71.03068, 42.40268 ], [ -71.02883, 42.40142 ], [ -71.02708, 42.40124 ], [ -71.02706, 42.40093 ], [ -71.02628, 42.40081 ], [ -71.02586, 42.40058 ], [ -71.02596, 42.40022 ], [ -71.02541, 42.40007 ], [ -71.02584, 42.39987 ], [ -71.02779, 42.40004 ], [ -71.02843, 42.39959 ], [ -71.02966, 42.40019 ], [ -71.02994, 42.3997 ], [ -71.02917, 42.39906 ], [ -71.02843, 42.39947 ], [ -71.02675, 42.39783 ], [ -71.02309, 42.40013 ], [ -71.02548, 42.40161 ], [ -71.02438, 42.4025 ], [ -71.02338, 42.40414 ], [ -71.02163, 42.40519 ], [ -71.02244, 42.40547 ], [ -71.02286, 42.40512 ], [ -71.02328, 42.40554 ], [ -71.02385, 42.40532 ], [ -71.0249, 42.4059 ], [ -71.02586, 42.40576 ], [ -71.02647, 42.40612 ], [ -71.02776, 42.4049 ], [ -71.02945, 42.40411 ], [ -71.02863, 42.4036 ], [ -71.03036, 42.4035 ], [ -71.03068, 42.40268 ] ] ] } },
{ "type": "Feature", "properties": { "geoid": "250251606014" }, "geometry": { "type": "Polygon", "coordinates": [ [ [ -71.03624, 42.40274 ], [ -71.03623, 42.40246 ], [ -71.03536, 42.40212 ], [ -71.03219, 42.3994 ], [ -71.031, 42.40022 ], [ -71.03371, 42.40253 ], [ -71.02883, 42.40142 ], [ -71.03071, 42.40261 ], [ -71.03036, 42.4035 ], [ -71.02863, 42.4036 ], [ -71.02945, 42.40411 ], [ -71.03406, 42.40353 ], [ -71.03624, 42.40274 ] ] ] } },
{ "type": "Feature", "properties": { "geoid": "250251606021" }, "geometry": { "type": "Polygon", "coordinates": [ [ [ -71.04089, 42.40175 ], [ -71.03931, 42.40286 ], [ -71.03623, 42.40246 ], [ -71.03624, 42.40274 ], [ -71.03447, 42.40344 ], [ -71.02945, 42.40411 ], [ -71.02994, 42.40445 ], [ -71.03306, 42.40405 ], [ -71.0336, 42.40634 ], [ -71.03282, 42.40653 ], [ -71.0371, 42.40732 ], [ -71.04089, 42.40175 ] ] ] } },
{ "type": "Feature", "properties": { "geoid": "250251606022" }, "geometry": { "type": "Polygon", "coordinates": [ [ [ -71.0371, 42.40732 ], [ -71.03328, 42.40647 ], [ -71.0314, 42.40688 ], [ -71.03091, 42.40794 ], [ -71.03491, 42.41088 ], [ -71.0371, 42.40732 ] ] ] } },
{ "type": "Feature", "properties": { "geoid": "250251606023" }, "geometry": { "type": "Polygon", "coordinates": [ [ [ -71.03483, 42.411 ], [ -71.03091, 42.40794 ], [ -71.03062, 42.40866 ], [ -71.02901, 42.41032 ], [ -71.03318, 42.41421 ], [ -71.03483, 42.411 ] ] ] } },
{ "type": "Feature", "properties": { "geoid": "250251606024" }, "geometry": { "type": "Polygon", "coordinates": [ [ [ -71.03087, 42.40825 ], [ -71.02958, 42.40809 ], [ -71.02943, 42.40657 ], [ -71.03014, 42.40465 ], [ -71.02945, 42.40411 ], [ -71.02776, 42.4049 ], [ -71.02647, 42.40612 ], [ -71.02689, 42.40655 ], [ -71.02711, 42.40778 ], [ -71.02901, 42.41032 ], [ -71.03087, 42.40825 ] ] ] } },
{ "type": "Feature", "properties": { "geoid": "250251606025" }, "geometry": { "type": "Polygon", "coordinates": [ [ [ -71.0336, 42.40634 ], [ -71.03306, 42.40405 ], [ -71.02994, 42.40445 ], [ -71.03014, 42.40474 ], [ -71.02943, 42.40657 ], [ -71.02958, 42.40809 ], [ -71.03089, 42.40811 ], [ -71.0314, 42.40688 ], [ -71.0336, 42.40634 ] ] ] } },
{ "type": "Feature", "properties": { "geoid": "250251701011" }, "geometry": { "type": "Polygon", "coordinates": [ [ [ -71.0304, 42.4127 ], [ -71.02988, 42.41193 ], [ -71.02953, 42.41202 ], [ -71.02899, 42.41156 ], [ -71.02557, 42.41076 ], [ -71.02305, 42.40961 ], [ -71.01487, 42.40722 ], [ -71.01419, 42.40705 ], [ -71.01355, 42.40815 ], [ -71.01453, 42.40913 ], [ -71.02865, 42.41302 ], [ -71.0304, 42.4127 ] ] ] } },
{ "type": "Feature", "properties": { "geoid": "250251701012" }, "geometry": { "type": "Polygon", "coordinates": [ [ [ -71.02841, 42.41137 ], [ -71.02778, 42.41036 ], [ -71.02497, 42.40793 ], [ -71.02161, 42.4068 ], [ -71.01943, 42.40647 ], [ -71.01455, 42.40649 ], [ -71.01419, 42.40705 ], [ -71.02305, 42.40961 ], [ -71.02557, 42.41076 ], [ -71.02841, 42.41137 ] ] ] } },
{ "type": "Feature", "properties": { "geoid": "250251701013" }, "geometry": { "type": "Polygon", "coordinates": [ [ [ -71.03133, 42.41269 ], [ -71.02904, 42.41035 ], [ -71.02711, 42.40778 ], [ -71.0268, 42.40641 ], [ -71.026, 42.40579 ], [ -71.0249, 42.4059 ], [ -71.02385, 42.40532 ], [ -71.02337, 42.40555 ], [ -71.02286, 42.40512 ], [ -71.02244, 42.40547 ], [ -71.02043, 42.40511 ], [ -71.0203, 42.40483 ], [ -71.02119, 42.40423 ], [ -71.02083, 42.40351 ], [ -71.01892, 42.40373 ], [ -71.01813, 42.40338 ], [ -71.01455, 42.40649 ], [ -71.01976, 42.40649 ], [ -71.02471, 42.40781 ], [ -71.02778, 42.41036 ], [ -71.02841, 42.41137 ], [ -71.02953, 42.41202 ], [ -71.02988, 42.41193 ], [ -71.0304, 42.4127 ], [ -71.03133, 42.41269 ] ] ] } },
{ "type": "Feature", "properties": { "geoid": "250251701021" }, "geometry": { "type": "Polygon", "coordinates": [ [ [ -71.02914, 42.41315 ], [ -71.01921, 42.41041 ], [ -71.01858, 42.41167 ], [ -71.02848, 42.41439 ], [ -71.02914, 42.41315 ] ] ] } },
{ "type": "Feature", "properties": { "geoid": "250251701022" }, "geometry": { "type": "Polygon", "coordinates": [ [ [ -71.02848, 42.41439 ], [ -71.01858, 42.41167 ], [ -71.01766, 42.41354 ], [ -71.02754, 42.41626 ], [ -71.02848, 42.41439 ] ] ] } },
{ "type": "Feature", "properties": { "geoid": "250251701023" }, "geometry": { "type": "Polygon", "coordinates": [ [ [ -71.03318, 42.41421 ], [ -71.03136, 42.41251 ], [ -71.02865, 42.41302 ], [ -71.02914, 42.41315 ], [ -71.02754, 42.41626 ], [ -71.03173, 42.41739 ], [ -71.03318, 42.41421 ] ] ] } },
{ "type": "Feature", "properties": { "geoid": "250251701024" }, "geometry": { "type": "Polygon", "coordinates": [ [ [ -71.01921, 42.41041 ], [ -71.01453, 42.40913 ], [ -71.01355, 42.40815 ], [ -71.01123, 42.41178 ], [ -71.01766, 42.41354 ], [ -71.01921, 42.41041 ] ] ] } },
{ "type": "Feature", "properties": { "geoid": "250251702001" }, "geometry": { "type": "Polygon", "coordinates": [ [ [ -71.01991, 42.41667 ], [ -71.01694, 42.41583 ], [ -71.01571, 42.4148 ], [ -71.01434, 42.41496 ], [ -71.01287, 42.41459 ], [ -71.01207, 42.4148 ], [ -71.00987, 42.41394 ], [ -71.00838, 42.41611 ], [ -71.00934, 42.41722 ], [ -71.01119, 42.41839 ], [ -71.01211, 42.41723 ], [ -71.01866, 42.41909 ], [ -71.01991, 42.41667 ] ] ] } },
{ "type": "Feature", "properties": { "geoid": "250251702002" }, "geometry": { "type": "Polygon", "coordinates": [ [ [ -71.02265, 42.41511 ], [ -71.01123, 42.41178 ], [ -71.00987, 42.41394 ], [ -71.01207, 42.4148 ], [ -71.01287, 42.41459 ], [ -71.01434, 42.41496 ], [ -71.01571, 42.4148 ], [ -71.01694, 42.41583 ], [ -71.01928, 42.41653 ], [ -71.02002, 42.41506 ], [ -71.02235, 42.4157 ], [ -71.02265, 42.41511 ] ] ] } },
{ "type": "Feature", "properties": { "geoid": "250251702003" }, "geometry": { "type": "Polygon", "coordinates": [ [ [ -71.03165, 42.41756 ], [ -71.02274, 42.41495 ], [ -71.02202, 42.41634 ], [ -71.03109, 42.41878 ], [ -71.03165, 42.41756 ] ] ] } },
{ "type": "Feature", "properties": { "geoid": "250251702004" }, "geometry": { "type": "Polygon", "coordinates": [ [ [ -71.03102, 42.41891 ], [ -71.02202, 42.41634 ], [ -71.02235, 42.4157 ], [ -71.02002, 42.41506 ], [ -71.01928, 42.41653 ], [ -71.01991, 42.41667 ], [ -71.01898, 42.41861 ], [ -71.02932, 42.42188 ], [ -71.03102, 42.41891 ] ] ] } },
{ "type": "Feature", "properties": { "geoid": "250251703011" }, "geometry": { "type": "Polygon", "coordinates": [ [ [ -71.02927, 42.42198 ], [ -71.01898, 42.41861 ], [ -71.01728, 42.42111 ], [ -71.01735, 42.42313 ], [ -71.02063, 42.42601 ], [ -71.01697, 42.42858 ], [ -71.01512, 42.42806 ], [ -71.01625, 42.4288 ], [ -71.01849, 42.42876 ], [ -71.01923, 42.42922 ], [ -71.01992, 42.43042 ], [ -71.02409, 42.43158 ], [ -71.02927, 42.42198 ] ] ] } },
{ "type": "Feature", "properties": { "geoid": "250251703012" }, "geometry": { "type": "Polygon", "coordinates": [ [ [ -71.02063, 42.42601 ], [ -71.01744, 42.42337 ], [ -71.01728, 42.42111 ], [ -71.01589, 42.42068 ], [ -71.01081, 42.42451 ], [ -71.01512, 42.42806 ], [ -71.0164, 42.42859 ], [ -71.0171, 42.4285 ], [ -71.02063, 42.42601 ] ] ] } },
{ "type": "Feature", "properties": { "geoid": "250251703013" }, "geometry": { "type": "Polygon", "coordinates": [ [ [ -71.01589, 42.42068 ], [ -71.01342, 42.41974 ], [ -71.00934, 42.41722 ], [ -71.00838, 42.41611 ], [ -71.00587, 42.41952 ], [ -71.01055, 42.42142 ], [ -71.01387, 42.42238 ], [ -71.01589, 42.42068 ] ] ] } },
{ "type": "Feature", "properties": { "geoid": "250251703014" }, "geometry": { "type": "Polygon", "coordinates": [ [ [ -71.01866, 42.41909 ], [ -71.01211, 42.41723 ], [ -71.01119, 42.41839 ], [ -71.01422, 42.42014 ], [ -71.01728, 42.42111 ], [ -71.01866, 42.41909 ] ] ] } },
{ "type": "Feature", "properties": { "geoid": "250251703021" }, "geometry": { "type": "Polygon", "coordinates": [ [ [ -71.02584, 42.44471 ], [ -71.025, 42.44372 ], [ -71.02414, 42.44391 ], [ -71.0227, 42.44359 ], [ -71.02057, 42.44208 ], [ -71.01948, 42.44161 ], [ -71.01889, 42.44171 ], [ -71.01746, 42.44048 ], [ -71.01704, 42.43969 ], [ -71.01815, 42.43778 ], [ -71.02101, 42.43712 ], [ -71.02304, 42.43346 ], [ -71.01575, 42.43784 ], [ -71.01483, 42.43925 ], [ -71.01479, 42.44148 ], [ -71.01324, 42.44371 ], [ -71.01876, 42.45012 ], [ -71.02584, 42.44471 ] ] ] } },
{ "type": "Feature", "properties": { "geoid": "250251703022" }, "geometry": { "type": "Polygon", "coordinates": [ [ [ -71.025, 42.44372 ], [ -71.02038, 42.43825 ], [ -71.02101, 42.43712 ], [ -71.01815, 42.43778 ], [ -71.01704, 42.43969 ], [ -71.01819, 42.44119 ], [ -71.01889, 42.44171 ], [ -71.01948, 42.44161 ], [ -71.02057, 42.44208 ], [ -71.0227, 42.44359 ], [ -71.025, 42.44372 ] ] ] } },
{ "type": "Feature", "properties": { "geoid": "250251703023" }, "geometry": { "type": "Polygon", "coordinates": [ [ [ -71.02404, 42.43164 ], [ -71.01992, 42.43042 ], [ -71.01923, 42.42922 ], [ -71.01849, 42.42876 ], [ -71.01584, 42.42864 ], [ -71.01081, 42.42451 ], [ -71.00893, 42.42591 ], [ -71.00568, 42.42315 ], [ -71.00373, 42.42231 ], [ -70.99723, 42.43105 ], [ -70.99986, 42.4313 ], [ -71.00215, 42.43261 ], [ -71.00463, 42.43306 ], [ -71.00569, 42.43298 ], [ -71.00697, 42.43384 ], [ -71.00858, 42.43435 ], [ -71.01078, 42.43457 ], [ -71.0108, 42.4354 ], [ -71.01142, 42.43599 ], [ -71.01099, 42.43654 ], [ -71.01144, 42.43669 ], [ -71.01064, 42.4372 ], [ -71.01063, 42.4381 ], [ -71.0101, 42.4383 ], [ -71.01067, 42.43874 ], [ -71.01093, 42.4386 ], [ -71.01114, 42.43906 ], [ -71.0118, 42.439 ], [ -71.01237, 42.43974 ], [ -71.0095, 42.44096 ], [ -71.01192, 42.44216 ], [ -71.01324, 42.44371 ], [ -71.01479, 42.44148 ], [ -71.01475, 42.43956 ], [ -71.01552, 42.43808 ], [ -71.01717, 42.43683 ], [ -71.02304, 42.43346 ], [ -71.02404, 42.43164 ] ] ] } },
{ "type": "Feature", "properties": { "geoid": "250251704001" }, "geometry": { "type": "Polygon", "coordinates": [ [ [ -71.00405, 42.42186 ], [ -71.00383, 42.42107 ], [ -71.00254, 42.42037 ], [ -71.00202, 42.41965 ], [ -71.00151, 42.41952 ], [ -71.00097, 42.4205 ], [ -70.99974, 42.42013 ], [ -70.99953, 42.42052 ], [ -70.99893, 42.42035 ], [ -70.99998, 42.41834 ], [ -70.9935, 42.41862 ], [ -70.98371, 42.43166 ], [ -70.98575, 42.43256 ], [ -70.9878, 42.434 ], [ -70.99012, 42.43488 ], [ -70.99202, 42.43413 ], [ -70.99485, 42.43115 ], [ -70.99571, 42.43086 ], [ -70.99723, 42.43105 ], [ -71.00405, 42.42186 ] ] ] } },
{ "type": "Feature", "properties": { "geoid": "250251704002" }, "geometry": { "type": "Polygon", "coordinates": [ [ [ -71.00369, 42.415 ], [ -71.00184, 42.40977 ], [ -71.0013, 42.4094 ], [ -71.00071, 42.40941 ], [ -71.00017, 42.40962 ], [ -70.9935, 42.41862 ], [ -70.99998, 42.41834 ], [ -71.00122, 42.41649 ], [ -71.00322, 42.41655 ], [ -71.00369, 42.415 ] ] ] } },
{ "type": "Feature", "properties": { "geoid": "250251704003" }, "geometry": { "type": "Polygon", "coordinates": [ [ [ -71.00838, 42.41611 ], [ -71.00474, 42.41596 ], [ -71.00439, 42.4166 ], [ -71.00122, 42.41649 ], [ -70.99998, 42.41834 ], [ -71.00546, 42.42007 ], [ -71.00838, 42.41611 ] ] ] } },
{ "type": "Feature", "properties": { "geoid": "250251704004" }, "geometry": { "type": "Polygon", "coordinates": [ [ [ -71.01072, 42.4246 ], [ -71.00825, 42.42275 ], [ -71.00547, 42.42152 ], [ -71.00485, 42.42094 ], [ -71.00411, 42.42105 ], [ -71.00373, 42.42231 ], [ -71.00568, 42.42315 ], [ -71.00893, 42.42591 ], [ -71.01072, 42.4246 ] ] ] } },
{ "type": "Feature", "properties": { "geoid": "250251704005" }, "geometry": { "type": "Polygon", "coordinates": [ [ [ -71.01387, 42.42238 ], [ -71.01055, 42.42142 ], [ -71.00587, 42.41952 ], [ -71.00546, 42.42007 ], [ -70.99998, 42.41834 ], [ -70.99893, 42.42035 ], [ -70.99953, 42.42052 ], [ -70.99974, 42.42013 ], [ -71.00097, 42.4205 ], [ -71.00151, 42.41952 ], [ -71.00202, 42.41965 ], [ -71.00254, 42.42037 ], [ -71.004, 42.42132 ], [ -71.00432, 42.42091 ], [ -71.00485, 42.42094 ], [ -71.0053, 42.42143 ], [ -71.0091, 42.42324 ], [ -71.01081, 42.42451 ], [ -71.01387, 42.42238 ] ] ] } },
{ "type": "Feature", "properties": { "geoid": "250251705021" }, "geometry": { "type": "Polygon", "coordinates": [ [ [ -70.96933, 42.43664 ], [ -70.96891, 42.43571 ], [ -70.96704, 42.4346 ], [ -70.96284, 42.43784 ], [ -70.96009, 42.43899 ], [ -70.95839, 42.44039 ], [ -70.95962, 42.44213 ], [ -70.9608, 42.44254 ], [ -70.96426, 42.44252 ], [ -70.96635, 42.44304 ], [ -70.96705, 42.44087 ], [ -70.96861, 42.43878 ], [ -70.96933, 42.43664 ] ] ] } },
{ "type": "Feature", "properties": { "geoid": "250251705022" }, "geometry": { "type": "Polygon", "coordinates": [ [ [ -70.98794, 42.42604 ], [ -70.98641, 42.42485 ], [ -70.98601, 42.42537 ], [ -70.98138, 42.42056 ], [ -70.97449, 42.42867 ], [ -70.97945, 42.43282 ], [ -70.98229, 42.4313 ], [ -70.98371, 42.43166 ], [ -70.98794, 42.42604 ] ] ] } },
{ "type": "Feature", "properties": { "geoid": "250251705023" }, "geometry": { "type": "Polygon", "coordinates": [ [ [ -70.97945, 42.43282 ], [ -70.97449, 42.42867 ], [ -70.96704, 42.4346 ], [ -70.96932, 42.43609 ], [ -70.96931, 42.43696 ], [ -70.96861, 42.43878 ], [ -70.96705, 42.44087 ], [ -70.96617, 42.4435 ], [ -70.96859, 42.4444 ], [ -70.97159, 42.4427 ], [ -70.97519, 42.4369 ], [ -70.97945, 42.43282 ] ] ] } },
{ "type": "Feature", "properties": { "geoid": "250251705031" }, "geometry": { "type": "Polygon", "coordinates": [ [ [ -70.9935, 42.41862 ], [ -70.98726, 42.41865 ], [ -70.98409, 42.41558 ], [ -70.98138, 42.42056 ], [ -70.98601, 42.42537 ], [ -70.98641, 42.42485 ], [ -70.98794, 42.42604 ], [ -70.9935, 42.41862 ] ] ] } },
{ "type": "Feature", "properties": { "geoid": "250251705041" }, "geometry": { "type": "Polygon", "coordinates": [ [ [ -70.99378, 42.40755 ], [ -70.99269, 42.4072 ], [ -70.9869, 42.40715 ], [ -70.98409, 42.41558 ], [ -70.98726, 42.41865 ], [ -70.99115, 42.41869 ], [ -70.99117, 42.4164 ], [ -70.99361, 42.4127 ], [ -70.99295, 42.4123 ], [ -70.99378, 42.40755 ] ] ] } },
{ "type": "Feature", "properties": { "geoid": "250251705042" }, "geometry": { "type": "Polygon", "coordinates": [ [ [ -71.00017, 42.40962 ], [ -70.99825, 42.4109 ], [ -70.99435, 42.41224 ], [ -70.99321, 42.41294 ], [ -70.99111, 42.41654 ], [ -70.99115, 42.41869 ], [ -70.9935, 42.41862 ], [ -71.00017, 42.40962 ] ] ] } },
{ "type": "Feature", "properties": { "geoid": "250251706011" }, "geometry": { "type": "Polygon", "coordinates": [ [ [ -71.01123, 42.41178 ], [ -71.00926, 42.41121 ], [ -71.00617, 42.41145 ], [ -71.00668, 42.40932 ], [ -71.00263, 42.40907 ], [ -71.00206, 42.41074 ], [ -71.00364, 42.41439 ], [ -71.00322, 42.41655 ], [ -71.00439, 42.4166 ], [ -71.00474, 42.41596 ], [ -71.00838, 42.41611 ], [ -71.01123, 42.41178 ] ] ] } },
{ "type": "Feature", "properties": { "geoid": "250251706012" }, "geometry": { "type": "Polygon", "coordinates": [ [ [ -71.01813, 42.40338 ], [ -71.01783, 42.40288 ], [ -71.01704, 42.40271 ], [ -71.01301, 42.40286 ], [ -71.0094, 42.40118 ], [ -71.00963, 42.40017 ], [ -71.0134, 42.3974 ], [ -71.01103, 42.39648 ], [ -71.00428, 42.40493 ], [ -71.01038, 42.40723 ], [ -71.01193, 42.40606 ], [ -71.01455, 42.40649 ], [ -71.01813, 42.40338 ] ] ] } },
{ "type": "Feature", "properties": { "geoid": "250251706013" }, "geometry": { "type": "Polygon", "coordinates": [ [ [ -71.01455, 42.40649 ], [ -71.01366, 42.40621 ], [ -71.01254, 42.40603 ], [ -71.01147, 42.40623 ], [ -71.00874, 42.40888 ], [ -71.00668, 42.40932 ], [ -71.00617, 42.41145 ], [ -71.00926, 42.41121 ], [ -71.01123, 42.41178 ], [ -71.01455, 42.40649 ] ] ] } },
{ "type": "Feature", "properties": { "geoid": "250251706014" }, "geometry": { "type": "Polygon", "coordinates": [ [ [ -71.01038, 42.40723 ], [ -71.00428, 42.40493 ], [ -71.00017, 42.40962 ], [ -71.00107, 42.40936 ], [ -71.00176, 42.40965 ], [ -71.00206, 42.41074 ], [ -71.00263, 42.40907 ], [ -71.00592, 42.40941 ], [ -71.00874, 42.40888 ], [ -71.01038, 42.40723 ] ] ] } },
{ "type": "Feature", "properties": { "geoid": "250251707011" }, "geometry": { "type": "Polygon", "coordinates": [ [ [ -71.00483, 42.40173 ], [ -71.00188, 42.40081 ], [ -71.00129, 42.40148 ], [ -71.0008, 42.40146 ], [ -70.99867, 42.40059 ], [ -70.99822, 42.39923 ], [ -70.99681, 42.40046 ], [ -70.99274, 42.39793 ], [ -70.99505, 42.39357 ], [ -70.99445, 42.39332 ], [ -70.99203, 42.39699 ], [ -70.99127, 42.39918 ], [ -70.99132, 42.40006 ], [ -70.99199, 42.39991 ], [ -70.99518, 42.40049 ], [ -70.99709, 42.40118 ], [ -70.99735, 42.40102 ], [ -71.00273, 42.40441 ], [ -71.00483, 42.40173 ] ] ] } },
{ "type": "Feature", "properties": { "geoid": "250251707012" }, "geometry": { "type": "Polygon", "coordinates": [ [ [ -70.99709, 42.40118 ], [ -70.99518, 42.40049 ], [ -70.99199, 42.39991 ], [ -70.99132, 42.40006 ], [ -70.99127, 42.39918 ], [ -70.98959, 42.40212 ], [ -70.98851, 42.40164 ], [ -70.98655, 42.40402 ], [ -70.98716, 42.4046 ], [ -70.9869, 42.40715 ], [ -70.99241, 42.40724 ], [ -70.99214, 42.40553 ], [ -70.99411, 42.40492 ], [ -70.99469, 42.40329 ], [ -70.99605, 42.40178 ], [ -70.99709, 42.40118 ] ] ] } },
{ "type": "Feature", "properties": { "geoid": "250251707021" }, "geometry": { "type": "Polygon", "coordinates": [ [ [ -71.0, 42.40626 ], [ -70.99704, 42.40535 ], [ -70.99462, 42.40623 ], [ -70.99591, 42.40632 ], [ -70.9972, 42.40678 ], [ -70.99693, 42.40797 ], [ -70.99829, 42.40854 ], [ -71.0, 42.40626 ] ] ] } },
{ "type": "Feature", "properties": { "geoid": "250251707022" }, "geometry": { "type": "Polygon", "coordinates": [ [ [ -71.00259, 42.40435 ], [ -70.99735, 42.40102 ], [ -70.99605, 42.40178 ], [ -70.99452, 42.40353 ], [ -70.99405, 42.40643 ], [ -70.99724, 42.40524 ], [ -70.99968, 42.40319 ], [ -71.00155, 42.40416 ], [ -71.00259, 42.40435 ] ] ] } },
{ "type": "Feature", "properties": { "geoid": "250251707023" }, "geometry": { "type": "Polygon", "coordinates": [ [ [ -71.00428, 42.40493 ], [ -71.00155, 42.40416 ], [ -70.99968, 42.40319 ], [ -70.99704, 42.40535 ], [ -71.0, 42.40626 ], [ -70.99829, 42.40854 ], [ -71.00021, 42.40957 ], [ -71.00428, 42.40493 ] ] ] } },
{ "type": "Feature", "properties": { "geoid": "250251707024" }, "geometry": { "type": "Polygon", "coordinates": [ [ [ -71.00017, 42.40962 ], [ -70.99727, 42.40802 ], [ -70.99693, 42.40797 ], [ -70.99662, 42.40919 ], [ -70.9952, 42.40872 ], [ -70.99354, 42.40858 ], [ -70.993, 42.41249 ], [ -70.99361, 42.4127 ], [ -70.99825, 42.4109 ], [ -71.00017, 42.40962 ] ] ] } },
{ "type": "Feature", "properties": { "geoid": "250251707025" }, "geometry": { "type": "Polygon", "coordinates": [ [ [ -70.9972, 42.40678 ], [ -70.99612, 42.40637 ], [ -70.99462, 42.40623 ], [ -70.99405, 42.40643 ], [ -70.99411, 42.40492 ], [ -70.99214, 42.40553 ], [ -70.99241, 42.40724 ], [ -70.99378, 42.40755 ], [ -70.99354, 42.40858 ], [ -70.9952, 42.40872 ], [ -70.99662, 42.40919 ], [ -70.9972, 42.40678 ] ] ] } },
{ "type": "Feature", "properties": { "geoid": "250251708001" }, "geometry": { "type": "Polygon", "coordinates": [ [ [ -70.99127, 42.39918 ], [ -70.98795, 42.3984 ], [ -70.98335, 42.39587 ], [ -70.98093, 42.3914 ], [ -70.97795, 42.39359 ], [ -70.9785, 42.39425 ], [ -70.97873, 42.39542 ], [ -70.98013, 42.39684 ], [ -70.98054, 42.39775 ], [ -70.98102, 42.40266 ], [ -70.98158, 42.40428 ], [ -70.98655, 42.40402 ], [ -70.98851, 42.40164 ], [ -70.98959, 42.40212 ], [ -70.99127, 42.39918 ] ] ] } },
{ "type": "Feature", "properties": { "geoid": "250251708002" }, "geometry": { "type": "Polygon", "coordinates": [ [ [ -70.992, 42.39756 ], [ -70.99096, 42.39747 ], [ -70.98384, 42.39447 ], [ -70.98241, 42.39448 ], [ -70.98335, 42.39587 ], [ -70.98795, 42.3984 ], [ -70.99132, 42.39902 ], [ -70.992, 42.39756 ] ] ] } },
{ "type": "Feature", "properties": { "geoid": "250251708003" }, "geometry": { "type": "Polygon", "coordinates": [ [ [ -70.99221, 42.39669 ], [ -70.99052, 42.39571 ], [ -70.98906, 42.39541 ], [ -70.98852, 42.3949 ], [ -70.98655, 42.39408 ], [ -70.9837, 42.3933 ], [ -70.98184, 42.39345 ], [ -70.98241, 42.39448 ], [ -70.98384, 42.39447 ], [ -70.99096, 42.39747 ], [ -70.992, 42.39756 ], [ -70.99221, 42.39669 ] ] ] } },
{ "type": "Feature", "properties": { "geoid": "250251708004" }, "geometry": { "type": "Polygon", "coordinates": [ [ [ -70.99445, 42.39332 ], [ -70.99382, 42.39292 ], [ -70.98977, 42.39324 ], [ -70.98744, 42.39274 ], [ -70.98711, 42.39199 ], [ -70.98757, 42.39058 ], [ -70.98751, 42.38923 ], [ -70.98729, 42.38873 ], [ -70.98605, 42.38812 ], [ -70.98331, 42.38939 ], [ -70.98288, 42.39077 ], [ -70.982, 42.39064 ], [ -70.98093, 42.3914 ], [ -70.98184, 42.39345 ], [ -70.9837, 42.3933 ], [ -70.98655, 42.39408 ], [ -70.99221, 42.39669 ], [ -70.99445, 42.39332 ] ] ] } },
{ "type": "Feature", "properties": { "geoid": "250251801011" }, "geometry": { "type": "Polygon", "coordinates": [ [ [ -70.97856, 42.3841 ], [ -70.97598, 42.38327 ], [ -70.97665, 42.38195 ], [ -70.97494, 42.38088 ], [ -70.96788, 42.38166 ], [ -70.96814, 42.38437 ], [ -70.97238, 42.38572 ], [ -70.97464, 42.38742 ], [ -70.97557, 42.38745 ], [ -70.97658, 42.38564 ], [ -70.97755, 42.38516 ], [ -70.97856, 42.3841 ] ] ] } },
{ "type": "Feature", "properties": { "geoid": "250251801012" }, "geometry": { "type": "Polygon", "coordinates": [ [ [ -70.97933, 42.39255 ], [ -70.97485, 42.39001 ], [ -70.97283, 42.38976 ], [ -70.97289, 42.38913 ], [ -70.97612, 42.38917 ], [ -70.97657, 42.38877 ], [ -70.97656, 42.38814 ], [ -70.97537, 42.38737 ], [ -70.97464, 42.38742 ], [ -70.97167, 42.38544 ], [ -70.96814, 42.38437 ], [ -70.96726, 42.38501 ], [ -70.96286, 42.38684 ], [ -70.96308, 42.38947 ], [ -70.96522, 42.39198 ], [ -70.96952, 42.39245 ], [ -70.97255, 42.39225 ], [ -70.97418, 42.39245 ], [ -70.97658, 42.39286 ], [ -70.97795, 42.39359 ], [ -70.97933, 42.39255 ] ] ] } },
{ "type": "Feature", "properties": { "geoid": "250251801013" }, "geometry": { "type": "Polygon", "coordinates": [ [ [ -70.98828, 42.38711 ], [ -70.98711, 42.38539 ], [ -70.98586, 42.38588 ], [ -70.98537, 42.38557 ], [ -70.98497, 42.38583 ], [ -70.98427, 42.38538 ], [ -70.98458, 42.3863 ], [ -70.98408, 42.38605 ], [ -70.98257, 42.3866 ], [ -70.97895, 42.38367 ], [ -70.97591, 42.38654 ], [ -70.97616, 42.38673 ], [ -70.97557, 42.38745 ], [ -70.97656, 42.38814 ], [ -70.97649, 42.38891 ], [ -70.9757, 42.38925 ], [ -70.97289, 42.38913 ], [ -70.97283, 42.38976 ], [ -70.97485, 42.39001 ], [ -70.97933, 42.39255 ], [ -70.98145, 42.39084 ], [ -70.98299, 42.39069 ], [ -70.98331, 42.38939 ], [ -70.98605, 42.38812 ], [ -70.9868, 42.38696 ], [ -70.98828, 42.38711 ] ] ] } },
{ "type": "Feature", "properties": { "geoid": "250251801014" }, "geometry": { "type": "Polygon", "coordinates": [ [ [ -70.98431, 42.38606 ], [ -70.98458, 42.3863 ], [ -70.98427, 42.38538 ], [ -70.98314, 42.3846 ], [ -70.98234, 42.38161 ], [ -70.9791, 42.37948 ], [ -70.97745, 42.38083 ], [ -70.97598, 42.38327 ], [ -70.97865, 42.38401 ], [ -70.97895, 42.38367 ], [ -70.98257, 42.3866 ], [ -70.98431, 42.38606 ] ] ] } },
{ "type": "Feature", "properties": { "geoid": "250251802001" }, "geometry": { "type": "Polygon", "coordinates": [ [ [ -70.99463, 42.38271 ], [ -70.98602, 42.38194 ], [ -70.98578, 42.37955 ], [ -70.98263, 42.37975 ], [ -70.98251, 42.38028 ], [ -70.98145, 42.38018 ], [ -70.98138, 42.38099 ], [ -70.98234, 42.38161 ], [ -70.98314, 42.3846 ], [ -70.98497, 42.38583 ], [ -70.98537, 42.38557 ], [ -70.98586, 42.38588 ], [ -70.98711, 42.38539 ], [ -70.98828, 42.38711 ], [ -70.99424, 42.38465 ], [ -70.99463, 42.38271 ] ] ] } },
{ "type": "Feature", "properties": { "geoid": "250251802002" }, "geometry": { "type": "Polygon", "coordinates": [ [ [ -70.98578, 42.37955 ], [ -70.9857, 42.37833 ], [ -70.98367, 42.37606 ], [ -70.98192, 42.3767 ], [ -70.98108, 42.37525 ], [ -70.97994, 42.37573 ], [ -70.98031, 42.37786 ], [ -70.97992, 42.3788 ], [ -70.9791, 42.37948 ], [ -70.98138, 42.38099 ], [ -70.98145, 42.38018 ], [ -70.98251, 42.38028 ], [ -70.98263, 42.37975 ], [ -70.98578, 42.37955 ] ] ] } },
{ "type": "Feature", "properties": { "geoid": "250251802003" }, "geometry": { "type": "Polygon", "coordinates": [ [ [ -70.9898, 42.37676 ], [ -70.98891, 42.37534 ], [ -70.98752, 42.37592 ], [ -70.98587, 42.37363 ], [ -70.98572, 42.37279 ], [ -70.98453, 42.37265 ], [ -70.98419, 42.37379 ], [ -70.98108, 42.37525 ], [ -70.98192, 42.3767 ], [ -70.98367, 42.37606 ], [ -70.9857, 42.37833 ], [ -70.98578, 42.37955 ], [ -70.98844, 42.37935 ], [ -70.98856, 42.37774 ], [ -70.9898, 42.37676 ] ] ] } },
{ "type": "Feature", "properties": { "geoid": "250251802004" }, "geometry": { "type": "Polygon", "coordinates": [ [ [ -70.99669, 42.37874 ], [ -70.99799, 42.3782 ], [ -70.99264, 42.37682 ], [ -70.99216, 42.37704 ], [ -70.98985, 42.37674 ], [ -70.98856, 42.37774 ], [ -70.98844, 42.37935 ], [ -70.98578, 42.37955 ], [ -70.98602, 42.38194 ], [ -70.99463, 42.38271 ], [ -70.99465, 42.38115 ], [ -70.99669, 42.37874 ] ] ] } },
{ "type": "Feature", "properties": { "geoid": "250251803011" }, "geometry": { "type": "Polygon", "coordinates": [ [ [ -70.9908, 42.37342 ], [ -70.98572, 42.37279 ], [ -70.98587, 42.37363 ], [ -70.98752, 42.37592 ], [ -70.98891, 42.37534 ], [ -70.9898, 42.37676 ], [ -70.99069, 42.37668 ], [ -70.99216, 42.37704 ], [ -70.9908, 42.37342 ] ] ] } },
{ "type": "Feature", "properties": { "geoid": "250251803012" }, "geometry": { "type": "Polygon", "coordinates": [ [ [ -70.98969, 42.36754 ], [ -70.98771, 42.36733 ], [ -70.98198, 42.36835 ], [ -70.98089, 42.3703 ], [ -70.98106, 42.37162 ], [ -70.98286, 42.37184 ], [ -70.98279, 42.37245 ], [ -70.9884, 42.37311 ], [ -70.98969, 42.36754 ] ] ] } },
{ "type": "Feature", "properties": { "geoid": "250251803013" }, "geometry": { "type": "Polygon", "coordinates": [ [ [ -70.99833, 42.37169 ], [ -70.99698, 42.37048 ], [ -70.99556, 42.37176 ], [ -70.99429, 42.37149 ], [ -70.99385, 42.37211 ], [ -70.992, 42.37311 ], [ -70.99213, 42.37412 ], [ -70.99129, 42.37436 ], [ -70.9922, 42.37628 ], [ -70.99216, 42.37704 ], [ -70.99264, 42.37682 ], [ -70.99381, 42.37712 ], [ -70.99615, 42.37626 ], [ -70.99833, 42.37169 ] ] ] } },
{ "type": "Feature", "properties": { "geoid": "250251803014" }, "geometry": { "type": "Polygon", "coordinates": [ [ [ -70.99693, 42.37053 ], [ -70.99491, 42.3692 ], [ -70.98969, 42.36754 ], [ -70.9884, 42.37311 ], [ -70.9908, 42.37342 ], [ -70.99129, 42.37436 ], [ -70.99202, 42.37417 ], [ -70.99216, 42.37299 ], [ -70.99385, 42.37211 ], [ -70.99429, 42.37149 ], [ -70.99556, 42.37176 ], [ -70.99693, 42.37053 ] ] ] } },
{ "type": "Feature", "properties": { "geoid": "250251804001" }, "geometry": { "type": "Polygon", "coordinates": [ [ [ -70.98089, 42.3703 ], [ -70.97399, 42.3702 ], [ -70.97284, 42.37233 ], [ -70.97115, 42.37272 ], [ -70.97444, 42.37713 ], [ -70.97494, 42.37882 ], [ -70.97494, 42.38088 ], [ -70.97665, 42.38195 ], [ -70.97745, 42.38083 ], [ -70.97992, 42.3788 ], [ -70.9802, 42.37818 ], [ -70.9799, 42.37578 ], [ -70.97801, 42.37488 ], [ -70.97832, 42.37423 ], [ -70.97795, 42.37412 ], [ -70.97839, 42.37224 ], [ -70.98049, 42.37225 ], [ -70.98027, 42.37129 ], [ -70.98089, 42.3703 ] ] ] } },
{ "type": "Feature", "properties": { "geoid": "250251804002" }, "geometry": { "type": "Polygon", "coordinates": [ [ [ -70.98422, 42.3737 ], [ -70.98453, 42.37265 ], [ -70.98279, 42.37245 ], [ -70.98286, 42.37184 ], [ -70.98106, 42.37162 ], [ -70.98089, 42.3703 ], [ -70.98027, 42.37129 ], [ -70.98049, 42.37225 ], [ -70.97839, 42.37224 ], [ -70.97801, 42.37488 ], [ -70.9799, 42.37578 ], [ -70.98422, 42.3737 ] ] ] } },
{ "type": "Feature", "properties": { "geoid": "250251805001" }, "geometry": { "type": "Polygon", "coordinates": [ [ [ -70.97494, 42.38088 ], [ -70.97482, 42.37807 ], [ -70.97394, 42.37632 ], [ -70.97242, 42.37452 ], [ -70.96841, 42.37629 ], [ -70.96627, 42.37841 ], [ -70.96733, 42.37933 ], [ -70.96763, 42.38168 ], [ -70.97494, 42.38088 ] ] ] } },
{ "type": "Feature", "properties": { "geoid": "250251805002" }, "geometry": { "type": "Polygon", "coordinates": [ [ [ -70.98297, 42.36659 ], [ -70.98191, 42.36241 ], [ -70.97893, 42.35972 ], [ -70.97862, 42.36192 ], [ -70.97789, 42.36314 ], [ -70.97656, 42.36392 ], [ -70.97405, 42.3647 ], [ -70.97304, 42.36471 ], [ -70.97212, 42.36416 ], [ -70.97096, 42.36211 ], [ -70.96469, 42.36124 ], [ -70.96448, 42.3629 ], [ -70.96171, 42.36615 ], [ -70.96143, 42.36757 ], [ -70.96717, 42.36899 ], [ -70.97076, 42.36928 ], [ -70.97399, 42.37021 ], [ -70.98089, 42.3703 ], [ -70.98297, 42.36659 ] ] ] } },
{ "type": "Feature", "properties": { "geoid": "250251805003" }, "geometry": { "type": "Polygon", "coordinates": [ [ [ -70.97399, 42.37021 ], [ -70.97095, 42.36933 ], [ -70.96717, 42.36899 ], [ -70.96143, 42.36757 ], [ -70.96264, 42.37051 ], [ -70.96249, 42.37523 ], [ -70.96279, 42.37614 ], [ -70.96641, 42.37824 ], [ -70.96841, 42.37629 ], [ -70.97242, 42.37452 ], [ -70.97115, 42.37272 ], [ -70.97284, 42.37233 ], [ -70.97399, 42.37021 ] ] ] } },
{ "type": "Feature", "properties": { "geoid": "250251805004" }, "geometry": { "type": "Polygon", "coordinates": [ [ [ -70.97862, 42.36192 ], [ -70.97893, 42.35972 ], [ -70.9777, 42.35773 ], [ -70.97492, 42.35617 ], [ -70.97234, 42.35392 ], [ -70.96298, 42.35936 ], [ -70.96443, 42.36014 ], [ -70.96469, 42.36124 ], [ -70.97096, 42.36211 ], [ -70.97192, 42.36337 ], [ -70.97204, 42.36409 ], [ -70.97304, 42.36471 ], [ -70.97465, 42.36463 ], [ -70.97656, 42.36392 ], [ -70.97789, 42.36314 ], [ -70.97862, 42.36192 ] ] ] } },
{ "type": "Feature", "properties": { "geoid": "250259801011" }, "geometry": { "type": "Polygon", "coordinates": [ [ [ -70.93254, 42.32138 ], [ -70.93262, 42.32015 ], [ -70.93026, 42.31654 ], [ -70.92819, 42.31596 ], [ -70.92702, 42.31611 ], [ -70.92659, 42.31659 ], [ -70.92448, 42.31698 ], [ -70.92337, 42.31775 ], [ -70.9232, 42.31957 ], [ -70.92369, 42.32144 ], [ -70.92512, 42.3227 ], [ -70.92728, 42.32343 ], [ -70.93109, 42.32339 ], [ -70.93184, 42.32276 ], [ -70.93254, 42.32138 ] ] ] } },
{ "type": "Feature", "properties": { "geoid": "250259801011" }, "geometry": { "type": "Polygon", "coordinates": [ [ [ -70.93356, 42.33351 ], [ -70.93458, 42.33174 ], [ -70.93283, 42.33109 ], [ -70.93368, 42.32859 ], [ -70.93344, 42.32813 ], [ -70.9321, 42.32744 ], [ -70.93076, 42.32742 ], [ -70.92871, 42.32632 ], [ -70.92705, 42.32397 ], [ -70.9248, 42.32339 ], [ -70.92182, 42.32412 ], [ -70.9201, 42.32585 ], [ -70.92074, 42.32751 ], [ -70.92924, 42.33552 ], [ -70.93222, 42.33485 ], [ -70.93356, 42.33351 ] ] ] } },
{ "type": "Feature", "properties": { "geoid": "250259801011" }, "geometry": { "type": "Polygon", "coordinates": [ [ [ -70.94321, 42.32757 ], [ -70.94358, 42.32629 ], [ -70.94162, 42.32456 ], [ -70.94158, 42.32367 ], [ -70.94055, 42.3232 ], [ -70.93933, 42.32337 ], [ -70.93654, 42.32487 ], [ -70.93231, 42.32569 ], [ -70.93184, 42.32644 ], [ -70.93213, 42.32711 ], [ -70.93304, 42.32751 ], [ -70.93658, 42.32777 ], [ -70.93954, 42.32885 ], [ -70.94205, 42.32859 ], [ -70.94321, 42.32757 ] ] ] } },
{ "type": "Feature", "properties": { "geoid": "250259801011" }, "geometry": { "type": "Polygon", "coordinates": [ [ [ -70.95978, 42.31104 ], [ -70.95895, 42.30997 ], [ -70.95636, 42.30953 ], [ -70.95482, 42.3086 ], [ -70.95272, 42.30882 ], [ -70.95248, 42.31031 ], [ -70.94942, 42.31093 ], [ -70.94746, 42.311 ], [ -70.94713, 42.31191 ], [ -70.94786, 42.31296 ], [ -70.94959, 42.31423 ], [ -70.95258, 42.31459 ], [ -70.95478, 42.31386 ], [ -70.95504, 42.31326 ], [ -70.9561, 42.31269 ], [ -70.95905, 42.31271 ], [ -70.95978, 42.31104 ] ] ] } },
{ "type": "Feature", "properties": { "geoid": "250259801011" }, "geometry": { "type": "Polygon", "coordinates": [ [ [ -70.97226, 42.35397 ], [ -70.96758, 42.34991 ], [ -70.9647, 42.34854 ], [ -70.96315, 42.34696 ], [ -70.96263, 42.34548 ], [ -70.96026, 42.34313 ], [ -70.95782, 42.34144 ], [ -70.95501, 42.34051 ], [ -70.95194, 42.34045 ], [ -70.94953, 42.34097 ], [ -70.94878, 42.34374 ], [ -70.95045, 42.34945 ], [ -70.94983, 42.35261 ], [ -70.95001, 42.35368 ], [ -70.95621, 42.35758 ], [ -70.96061, 42.35771 ], [ -70.96223, 42.35813 ], [ -70.96298, 42.35936 ], [ -70.97226, 42.35397 ] ] ] } },
{ "type": "Feature", "properties": { "geoid": "250259801011" }, "geometry": { "type": "Polygon", "coordinates": [ [ [ -70.97883, 42.31041 ], [ -70.97848, 42.30978 ], [ -70.97623, 42.30899 ], [ -70.97279, 42.30935 ], [ -70.96867, 42.31099 ], [ -70.9668, 42.31208 ], [ -70.96376, 42.31313 ], [ -70.96219, 42.31832 ], [ -70.95934, 42.32253 ], [ -70.95753, 42.32609 ], [ -70.9536, 42.3279 ], [ -70.95168, 42.32917 ], [ -70.95231, 42.33069 ], [ -70.95334, 42.3309 ], [ -70.95333, 42.33131 ], [ -70.95473, 42.33186 ], [ -70.95762, 42.33219 ], [ -70.96003, 42.33135 ], [ -70.96062, 42.3295 ], [ -70.96253, 42.32801 ], [ -70.96572, 42.32685 ], [ -70.96695, 42.32576 ], [ -70.97078, 42.32111 ], [ -70.97142, 42.3189 ], [ -70.97329, 42.3152 ], [ -70.97574, 42.3124 ], [ -70.97746, 42.31266 ], [ -70.97883, 42.31041 ] ] ] } },
{ "type": "Feature", "properties": { "geoid": "250259801011" }, "geometry": { "type": "Polygon", "coordinates": [ [ [ -70.99209, 42.32762 ], [ -70.99276, 42.32606 ], [ -70.99162, 42.32485 ], [ -70.98999, 42.32421 ], [ -70.9887, 42.31894 ], [ -70.98596, 42.3179 ], [ -70.98473, 42.31851 ], [ -70.98254, 42.32181 ], [ -70.9833, 42.32389 ], [ -70.98316, 42.32524 ], [ -70.98149, 42.32744 ], [ -70.98132, 42.32844 ], [ -70.98263, 42.329 ], [ -70.98662, 42.32911 ], [ -70.99081, 42.32882 ], [ -70.99209, 42.32762 ] ] ] } },
{ "type": "Feature", "properties": { "geoid": "250259801011" }, "geometry": { "type": "Polygon", "coordinates": [ [ [ -71.01944, 42.31273 ], [ -71.01841, 42.31002 ], [ -71.01721, 42.30883 ], [ -71.01428, 42.30797 ], [ -71.01154, 42.3076 ], [ -71.00995, 42.3084 ], [ -71.00846, 42.31072 ], [ -71.00561, 42.31337 ], [ -71.00425, 42.31724 ], [ -71.00283, 42.31805 ], [ -70.99898, 42.31809 ], [ -70.99789, 42.31858 ], [ -70.99745, 42.32053 ], [ -70.99835, 42.32207 ], [ -71.0007, 42.32256 ], [ -71.00351, 42.32262 ], [ -71.0073, 42.32211 ], [ -71.00978, 42.32079 ], [ -71.01114, 42.31887 ], [ -71.01308, 42.3171 ], [ -71.01738, 42.31524 ], [ -71.01944, 42.31273 ] ] ] } },
{ "type": "Feature", "properties": { "geoid": "250259803001" }, "geometry": { "type": "Polygon", "coordinates": [ [ [ -71.10681, 42.30103 ], [ -71.10606, 42.30045 ], [ -71.10427, 42.30023 ], [ -71.10329, 42.29981 ], [ -71.09662, 42.29346 ], [ -71.09576, 42.29197 ], [ -71.09427, 42.2933 ], [ -71.09144, 42.29687 ], [ -71.08699, 42.29814 ], [ -71.08496, 42.30508 ], [ -71.08908, 42.30753 ], [ -71.09269, 42.31027 ], [ -71.09386, 42.31259 ], [ -71.09515, 42.31328 ], [ -71.09749, 42.31186 ], [ -71.09807, 42.30972 ], [ -71.09938, 42.30908 ], [ -71.10072, 42.30657 ], [ -71.10149, 42.30657 ], [ -71.10198, 42.30598 ], [ -71.10269, 42.30597 ], [ -71.10341, 42.30368 ], [ -71.10681, 42.30103 ] ] ] } },
{ "type": "Feature", "properties": { "geoid": "250259807001" }, "geometry": { "type": "Polygon", "coordinates": [ [ [ -71.15009, 42.26758 ], [ -71.14839, 42.26569 ], [ -71.14643, 42.26458 ], [ -71.14621, 42.26385 ], [ -71.14699, 42.26099 ], [ -71.14518, 42.26007 ], [ -71.14553, 42.25923 ], [ -71.14412, 42.25932 ], [ -71.14329, 42.25623 ], [ -71.14283, 42.25594 ], [ -71.14184, 42.25754 ], [ -71.14059, 42.25837 ], [ -71.1402, 42.25846 ], [ -71.13952, 42.25772 ], [ -71.13807, 42.25511 ], [ -71.13896, 42.25391 ], [ -71.13944, 42.25233 ], [ -71.13902, 42.2509 ], [ -71.13934, 42.24934 ], [ -71.13672, 42.24705 ], [ -71.13629, 42.24632 ], [ -71.13556, 42.24714 ], [ -71.13233, 42.24823 ], [ -71.13643, 42.24966 ], [ -71.13623, 42.25105 ], [ -71.13379, 42.25338 ], [ -71.13427, 42.25356 ], [ -71.13389, 42.25386 ], [ -71.13425, 42.25402 ], [ -71.13127, 42.25717 ], [ -71.13016, 42.25677 ], [ -71.12893, 42.25808 ], [ -71.13076, 42.2583 ], [ -71.13362, 42.26102 ], [ -71.13151, 42.26222 ], [ -71.12989, 42.26086 ], [ -71.12922, 42.2611 ], [ -71.1282, 42.26051 ], [ -71.12696, 42.26161 ], [ -71.1278, 42.26339 ], [ -71.12733, 42.2645 ], [ -71.12808, 42.26503 ], [ -71.12865, 42.26488 ], [ -71.12979, 42.26568 ], [ -71.13044, 42.26657 ], [ -71.13005, 42.26675 ], [ -71.13162, 42.26865 ], [ -71.13225, 42.26877 ], [ -71.13255, 42.2699 ], [ -71.13214, 42.27195 ], [ -71.13112, 42.27305 ], [ -71.13351, 42.27454 ], [ -71.13659, 42.27151 ], [ -71.13756, 42.27199 ], [ -71.13953, 42.27355 ], [ -71.14004, 42.27357 ], [ -71.13996, 42.27416 ], [ -71.14075, 42.27434 ], [ -71.14068, 42.27588 ], [ -71.14115, 42.27735 ], [ -71.14396, 42.2805 ], [ -71.14404, 42.28011 ], [ -71.14261, 42.27845 ], [ -71.14248, 42.27757 ], [ -71.14288, 42.27709 ], [ -71.14523, 42.27633 ], [ -71.14571, 42.27505 ], [ -71.14366, 42.27285 ], [ -71.15009, 42.26758 ] ] ] } },
{ "type": "Feature", "properties": { "geoid": "250259809001" }, "geometry": { "type": "Polygon", "coordinates": [ [ [ -71.19123, 42.283 ], [ -71.19097, 42.28212 ], [ -71.18993, 42.28129 ], [ -71.18777, 42.28023 ], [ -71.18531, 42.2795 ], [ -71.17765, 42.28041 ], [ -71.17122, 42.27978 ], [ -71.17093, 42.28122 ], [ -71.17249, 42.28463 ], [ -71.17223, 42.28676 ], [ -71.17157, 42.28797 ], [ -71.17179, 42.28855 ], [ -71.17438, 42.29165 ], [ -71.17668, 42.2936 ], [ -71.17864, 42.2946 ], [ -71.19123, 42.283 ] ] ] } },
{ "type": "Feature", "properties": { "geoid": "250259810001" }, "geometry": { "type": "Polygon", "coordinates": [ [ [ -71.13061, 42.29438 ], [ -71.13046, 42.29316 ], [ -71.12774, 42.2913 ], [ -71.12801, 42.29109 ], [ -71.12734, 42.291 ], [ -71.12618, 42.29009 ], [ -71.12217, 42.29456 ], [ -71.11543, 42.2989 ], [ -71.11492, 42.3001 ], [ -71.11678, 42.29931 ], [ -71.11742, 42.30021 ], [ -71.12011, 42.29973 ], [ -71.1202, 42.30095 ], [ -71.11756, 42.30163 ], [ -71.11678, 42.30233 ], [ -71.11844, 42.30281 ], [ -71.11965, 42.30382 ], [ -71.12008, 42.30503 ], [ -71.11956, 42.30706 ], [ -71.12001, 42.30808 ], [ -71.1208, 42.30864 ], [ -71.12167, 42.30866 ], [ -71.12078, 42.30836 ], [ -71.12242, 42.30668 ], [ -71.12208, 42.30653 ], [ -71.12308, 42.30516 ], [ -71.12467, 42.30519 ], [ -71.12499, 42.30349 ], [ -71.12582, 42.30232 ], [ -71.13007, 42.29818 ], [ -71.12933, 42.29636 ], [ -71.13061, 42.29438 ] ] ] } },
{ "type": "Feature", "properties": { "geoid": "250259811001" }, "geometry": { "type": "Polygon", "coordinates": [ [ [ -71.11524, 42.27809 ], [ -71.11419, 42.2771 ], [ -71.10919, 42.27436 ], [ -71.10744, 42.27874 ], [ -71.10596, 42.28021 ], [ -71.10411, 42.28117 ], [ -71.10051, 42.28184 ], [ -71.09963, 42.28234 ], [ -71.1054, 42.28672 ], [ -71.10684, 42.28571 ], [ -71.10931, 42.28473 ], [ -71.11038, 42.28361 ], [ -71.11104, 42.28337 ], [ -71.11091, 42.28309 ], [ -71.11218, 42.28194 ], [ -71.11089, 42.28035 ], [ -71.11359, 42.28004 ], [ -71.11366, 42.27945 ], [ -71.11524, 42.27809 ] ] ] } },
{ "type": "Feature", "properties": { "geoid": "250259811002" }, "geometry": { "type": "Polygon", "coordinates": [ [ [ -71.11537, 42.29457 ], [ -71.114, 42.29374 ], [ -71.11246, 42.29205 ], [ -71.10795, 42.28862 ], [ -71.10567, 42.28975 ], [ -71.10168, 42.29316 ], [ -71.09895, 42.29297 ], [ -71.09774, 42.29213 ], [ -71.09618, 42.29289 ], [ -71.10329, 42.29981 ], [ -71.10466, 42.30027 ], [ -71.10605, 42.29849 ], [ -71.10736, 42.29837 ], [ -71.1085, 42.299 ], [ -71.1096, 42.2991 ], [ -71.11007, 42.29851 ], [ -71.10982, 42.29817 ], [ -71.11159, 42.29654 ], [ -71.11208, 42.29618 ], [ -71.11287, 42.29666 ], [ -71.11537, 42.29457 ] ] ] } },
{ "type": "Feature", "properties": { "geoid": "250259811003" }, "geometry": { "type": "Polygon", "coordinates": [ [ [ -71.10795, 42.28862 ], [ -71.09963, 42.28234 ], [ -71.0949, 42.28722 ], [ -71.09506, 42.28744 ], [ -71.09574, 42.2874 ], [ -71.09971, 42.28644 ], [ -71.10065, 42.28791 ], [ -71.10007, 42.28862 ], [ -71.10011, 42.29029 ], [ -71.09576, 42.29197 ], [ -71.09618, 42.29289 ], [ -71.09774, 42.29213 ], [ -71.09895, 42.29297 ], [ -71.10168, 42.29316 ], [ -71.10567, 42.28975 ], [ -71.10795, 42.28862 ] ] ] } },
{ "type": "Feature", "properties": { "geoid": "250259811004" }, "geometry": { "type": "Polygon", "coordinates": [ [ [ -71.10751, 42.27846 ], [ -71.10465, 42.2768 ], [ -71.10437, 42.27707 ], [ -71.1037, 42.27675 ], [ -71.10209, 42.27829 ], [ -71.1011, 42.27776 ], [ -71.0995, 42.27912 ], [ -71.10054, 42.27961 ], [ -71.09845, 42.2817 ], [ -71.09963, 42.28234 ], [ -71.10051, 42.28184 ], [ -71.10411, 42.28117 ], [ -71.10596, 42.28021 ], [ -71.10751, 42.27846 ] ] ] } },
{ "type": "Feature", "properties": { "geoid": "250259812011" }, "geometry": { "type": "Polygon", "coordinates": [ [ [ -71.05266, 42.32936 ], [ -71.05209, 42.32147 ], [ -71.05137, 42.32141 ], [ -71.0506, 42.32076 ], [ -71.05024, 42.32096 ], [ -71.05024, 42.32202 ], [ -71.04941, 42.32258 ], [ -71.04895, 42.32349 ], [ -71.04784, 42.32259 ], [ -71.04541, 42.3238 ], [ -71.04602, 42.32456 ], [ -71.04567, 42.32682 ], [ -71.04494, 42.32773 ], [ -71.04381, 42.32821 ], [ -71.03898, 42.32824 ], [ -71.0372, 42.32762 ], [ -71.03509, 42.3275 ], [ -71.03252, 42.32773 ], [ -71.0304, 42.32854 ], [ -71.02778, 42.33025 ], [ -71.02507, 42.33115 ], [ -71.02282, 42.33133 ], [ -71.01848, 42.32955 ], [ -71.01471, 42.32905 ], [ -71.01271, 42.32969 ], [ -71.00956, 42.33502 ], [ -71.00735, 42.33617 ], [ -71.00697, 42.33703 ], [ -71.00803, 42.33938 ], [ -71.00925, 42.34052 ], [ -71.01164, 42.33931 ], [ -71.01337, 42.33889 ], [ -71.01931, 42.3387 ], [ -71.02195, 42.33785 ], [ -71.02429, 42.33871 ], [ -71.02513, 42.33831 ], [ -71.025, 42.33302 ], [ -71.02807, 42.33206 ], [ -71.03318, 42.32984 ], [ -71.03604, 42.32935 ], [ -71.04012, 42.33014 ], [ -71.04739, 42.33014 ], [ -71.04738, 42.33042 ], [ -71.05013, 42.3303 ], [ -71.05212, 42.32962 ], [ -71.05181, 42.32937 ], [ -71.05202, 42.32909 ], [ -71.05266, 42.32936 ] ] ] } },
{ "type": "Feature", "properties": { "geoid": "250259812021" }, "geometry": { "type": "Polygon", "coordinates": [ [ [ -71.04398, 42.33799 ], [ -71.02513, 42.33831 ], [ -71.02513, 42.34151 ], [ -71.02617, 42.34165 ], [ -71.02704, 42.34127 ], [ -71.02784, 42.34173 ], [ -71.02929, 42.34176 ], [ -71.02952, 42.34025 ], [ -71.03037, 42.34025 ], [ -71.03041, 42.34165 ], [ -71.0338, 42.34149 ], [ -71.0338, 42.34044 ], [ -71.03522, 42.34066 ], [ -71.03527, 42.34168 ], [ -71.03907, 42.3416 ], [ -71.03941, 42.34017 ], [ -71.03992, 42.33991 ], [ -71.04, 42.33844 ], [ -71.04021, 42.33936 ], [ -71.0406, 42.33957 ], [ -71.04098, 42.33894 ], [ -71.04219, 42.33958 ], [ -71.04398, 42.33799 ] ] ] } },
{ "type": "Feature", "properties": { "geoid": "250259812022" }, "geometry": { "type": "Polygon", "coordinates": [ [ [ -71.04707, 42.3397 ], [ -71.04438, 42.33798 ], [ -71.04398, 42.33799 ], [ -71.04219, 42.33958 ], [ -71.04098, 42.33894 ], [ -71.04084, 42.33943 ], [ -71.04043, 42.33956 ], [ -71.04, 42.33844 ], [ -71.03992, 42.33991 ], [ -71.03941, 42.34017 ], [ -71.03907, 42.3416 ], [ -71.03527, 42.34168 ], [ -71.03522, 42.34066 ], [ -71.0338, 42.34044 ], [ -71.0338, 42.34149 ], [ -71.03041, 42.34165 ], [ -71.03037, 42.34025 ], [ -71.02952, 42.34025 ], [ -71.02929, 42.34176 ], [ -71.02784, 42.34173 ], [ -71.02704, 42.34127 ], [ -71.0256, 42.34164 ], [ -71.02513, 42.34151 ], [ -71.02513, 42.33831 ], [ -71.02398, 42.33871 ], [ -71.02195, 42.33785 ], [ -71.01931, 42.3387 ], [ -71.01337, 42.33889 ], [ -71.01164, 42.33931 ], [ -71.00925, 42.34052 ], [ -71.01021, 42.34143 ], [ -71.01368, 42.34312 ], [ -71.01784, 42.34341 ], [ -71.01892, 42.34374 ], [ -71.01904, 42.34528 ], [ -71.02044, 42.3472 ], [ -71.02204, 42.34868 ], [ -71.02429, 42.35004 ], [ -71.02737, 42.35037 ], [ -71.0298, 42.35179 ], [ -71.03137, 42.34997 ], [ -71.03222, 42.35028 ], [ -71.03408, 42.34827 ], [ -71.03479, 42.34858 ], [ -71.03321, 42.35072 ], [ -71.0334, 42.35086 ], [ -71.03599, 42.3477 ], [ -71.03513, 42.3466 ], [ -71.03727, 42.3443 ], [ -71.03731, 42.34322 ], [ -71.03949, 42.34449 ], [ -71.04141, 42.34453 ], [ -71.04707, 42.3397 ] ] ] } },
{ "type": "Feature", "properties": { "geoid": "250259813001" }, "geometry": { "type": "Polygon", "coordinates": [ [ [ -71.03279, 42.36821 ], [ -71.03056, 42.36667 ], [ -71.028, 42.36558 ], [ -71.0264, 42.36424 ], [ -71.02642, 42.36231 ], [ -71.02816, 42.35826 ], [ -71.02643, 42.35726 ], [ -71.02716, 42.35608 ], [ -71.02347, 42.354 ], [ -71.01825, 42.35184 ], [ -71.01658, 42.35039 ], [ -71.00854, 42.3452 ], [ -71.00378, 42.34546 ], [ -71.00273, 42.34602 ], [ -71.0027, 42.3504 ], [ -71.0021, 42.35432 ], [ -71.00161, 42.35541 ], [ -71.00002, 42.35572 ], [ -70.99863, 42.35533 ], [ -70.99897, 42.35438 ], [ -70.9978, 42.35346 ], [ -70.99653, 42.35355 ], [ -70.99483, 42.35293 ], [ -70.99043, 42.35282 ], [ -70.98851, 42.35388 ], [ -70.98527, 42.35671 ], [ -70.98559, 42.3568 ], [ -70.98629, 42.3622 ], [ -70.98697, 42.36259 ], [ -70.98835, 42.36266 ], [ -70.99013, 42.36225 ], [ -70.99367, 42.36253 ], [ -70.99664, 42.36156 ], [ -70.99811, 42.36211 ], [ -70.9992, 42.36298 ], [ -70.99965, 42.36381 ], [ -70.9988, 42.36528 ], [ -70.9985, 42.36822 ], [ -70.9981, 42.36923 ], [ -70.99698, 42.37048 ], [ -70.99833, 42.37169 ], [ -70.99615, 42.37626 ], [ -70.99381, 42.37712 ], [ -70.99799, 42.3782 ], [ -71.00017, 42.37774 ], [ -71.00258, 42.37829 ], [ -71.00442, 42.37911 ], [ -71.0057, 42.37904 ], [ -71.01112, 42.3808 ], [ -71.01179, 42.38049 ], [ -71.01259, 42.38098 ], [ -71.01345, 42.38087 ], [ -71.01332, 42.37961 ], [ -71.01475, 42.3793 ], [ -71.01601, 42.38092 ], [ -71.01796, 42.38029 ], [ -71.02142, 42.38018 ], [ -71.02419, 42.37919 ], [ -71.02513, 42.37975 ], [ -71.02617, 42.37854 ], [ -71.0321, 42.37349 ], [ -71.03114, 42.374 ], [ -71.0299, 42.37376 ], [ -71.02982, 42.3731 ], [ -71.02723, 42.37064 ], [ -71.02713, 42.3699 ], [ -71.02809, 42.36912 ], [ -71.03064, 42.37031 ], [ -71.0312, 42.37018 ], [ -71.03279, 42.36821 ] ] ] } },
{ "type": "Feature", "properties": { "geoid": "250259815011" }, "geometry": { "type": "Polygon", "coordinates": [ [ [ -71.16947, 42.35805 ], [ -71.16289, 42.35795 ], [ -71.15947, 42.35908 ], [ -71.15826, 42.35877 ], [ -71.15478, 42.35916 ], [ -71.15185, 42.36008 ], [ -71.14722, 42.36089 ], [ -71.14423, 42.36302 ], [ -71.13955, 42.3637 ], [ -71.13628, 42.36455 ], [ -71.13316, 42.36591 ], [ -71.13154, 42.36719 ], [ -71.13041, 42.36925 ], [ -71.13019, 42.37242 ], [ -71.12995, 42.37268 ], [ -71.12855, 42.37273 ], [ -71.12722, 42.37201 ], [ -71.12666, 42.36983 ], [ -71.12586, 42.3691 ], [ -71.12235, 42.36788 ], [ -71.11921, 42.36754 ], [ -71.1182, 42.36668 ], [ -71.1175, 42.35972 ], [ -71.11841, 42.35611 ], [ -71.11796, 42.35481 ], [ -71.11705, 42.35398 ], [ -71.11288, 42.35201 ], [ -71.09499, 42.35057 ], [ -71.08733, 42.35215 ], [ -71.07349, 42.3561 ], [ -71.07253, 42.35794 ], [ -71.07201, 42.35994 ], [ -71.07226, 42.36176 ], [ -71.07166, 42.3627 ], [ -71.07048, 42.36356 ], [ -71.06946, 42.36563 ], [ -71.06845, 42.36664 ], [ -71.06928, 42.36719 ], [ -71.07022, 42.36615 ], [ -71.07086, 42.36648 ], [ -71.07062, 42.36675 ], [ -71.07154, 42.36711 ], [ -71.07479, 42.36377 ], [ -71.07609, 42.36038 ], [ -71.07795, 42.35874 ], [ -71.093, 42.35389 ], [ -71.10341, 42.35245 ], [ -71.11008, 42.35255 ], [ -71.11371, 42.35331 ], [ -71.11517, 42.35403 ], [ -71.11685, 42.35538 ], [ -71.11717, 42.357 ], [ -71.11658, 42.35957 ], [ -71.11687, 42.36589 ], [ -71.11769, 42.36815 ], [ -71.11896, 42.36876 ], [ -71.12204, 42.3687 ], [ -71.12383, 42.36916 ], [ -71.12458, 42.36964 ], [ -71.12602, 42.37195 ], [ -71.12701, 42.37284 ], [ -71.12863, 42.37374 ], [ -71.13069, 42.37392 ], [ -71.13246, 42.37338 ], [ -71.13315, 42.37256 ], [ -71.13302, 42.37182 ], [ -71.13185, 42.37039 ], [ -71.13212, 42.36915 ], [ -71.1338, 42.36794 ], [ -71.13581, 42.36723 ], [ -71.13946, 42.36456 ], [ -71.14064, 42.36442 ], [ -71.14291, 42.36503 ], [ -71.14407, 42.365 ], [ -71.14524, 42.36415 ], [ -71.14634, 42.36248 ], [ -71.14833, 42.36112 ], [ -71.15248, 42.36068 ], [ -71.15525, 42.3599 ], [ -71.15928, 42.3599 ], [ -71.1626, 42.35851 ], [ -71.16389, 42.35852 ], [ -71.16588, 42.3598 ], [ -71.16761, 42.3601 ], [ -71.16947, 42.35805 ] ] ] } },
{ "type": "Feature", "properties": { "geoid": "250259815021" }, "geometry": { "type": "Polygon", "coordinates": [ [ [ -71.01193, 42.39575 ], [ -71.01, 42.39549 ], [ -71.01161, 42.39349 ], [ -71.00858, 42.39339 ], [ -71.00365, 42.39247 ], [ -71.00353, 42.39269 ], [ -70.99872, 42.39088 ], [ -70.99823, 42.39027 ], [ -70.99459, 42.39417 ], [ -70.99389, 42.39615 ], [ -70.99274, 42.39793 ], [ -70.99681, 42.40046 ], [ -70.99822, 42.39923 ], [ -70.99864, 42.40057 ], [ -71.00037, 42.40134 ], [ -71.00129, 42.40148 ], [ -71.00188, 42.40081 ], [ -71.00483, 42.40173 ], [ -71.00273, 42.40441 ], [ -71.00428, 42.40493 ], [ -71.01103, 42.39648 ], [ -71.01127, 42.39659 ], [ -71.01193, 42.39575 ] ] ] } },
{ "type": "Feature", "properties": { "geoid": "250259816001" }, "geometry": { "type": "Polygon", "coordinates": [ [ [ -71.00113, 42.3871 ], [ -70.99565, 42.38509 ], [ -70.99581, 42.3845 ], [ -70.99642, 42.38435 ], [ -71.00002, 42.38563 ], [ -71.00076, 42.38451 ], [ -70.99651, 42.38298 ], [ -70.99463, 42.38271 ], [ -70.99424, 42.38465 ], [ -70.98828, 42.38711 ], [ -70.98667, 42.38707 ], [ -70.98605, 42.38812 ], [ -70.98729, 42.38873 ], [ -70.98751, 42.38923 ], [ -70.98757, 42.39058 ], [ -70.98711, 42.39199 ], [ -70.98744, 42.39274 ], [ -70.98977, 42.39324 ], [ -70.99382, 42.39292 ], [ -70.99445, 42.39332 ], [ -70.99673, 42.39029 ], [ -70.99535, 42.38936 ], [ -70.99567, 42.38906 ], [ -70.99668, 42.38835 ], [ -70.99908, 42.38814 ], [ -70.99939, 42.38833 ], [ -71.00113, 42.3871 ] ] ] } },
{ "type": "Feature", "properties": { "geoid": "250259817001" }, "geometry": { "type": "Polygon", "coordinates": [ [ [ -71.07256, 42.35544 ], [ -71.07066, 42.35185 ], [ -71.06753, 42.35251 ], [ -71.06456, 42.35238 ], [ -71.06342, 42.35506 ], [ -71.06196, 42.35653 ], [ -71.06317, 42.35775 ], [ -71.07256, 42.35544 ] ] ] } },
{ "type": "Feature", "properties": { "geoid": "250259818001" }, "geometry": { "type": "Polygon", "coordinates": [ [ [ -71.12585, 42.31869 ], [ -71.12363, 42.3161 ], [ -71.12345, 42.31467 ], [ -71.12224, 42.31333 ], [ -71.12236, 42.31273 ], [ -71.11946, 42.31386 ], [ -71.11718, 42.31541 ], [ -71.11646, 42.31843 ], [ -71.11717, 42.31967 ], [ -71.11659, 42.32085 ], [ -71.11683, 42.32246 ], [ -71.1153, 42.32336 ], [ -71.1145, 42.32459 ], [ -71.11292, 42.32554 ], [ -71.11194, 42.32878 ], [ -71.11311, 42.33153 ], [ -71.11274, 42.3327 ], [ -71.10989, 42.33538 ], [ -71.11076, 42.33751 ], [ -71.11, 42.34032 ], [ -71.10929, 42.34094 ], [ -71.10691, 42.34177 ], [ -71.10553, 42.34324 ], [ -71.10436, 42.34336 ], [ -71.10328, 42.34274 ], [ -71.09954, 42.3394 ], [ -71.09824, 42.33877 ], [ -71.09729, 42.33878 ], [ -71.09572, 42.3401 ], [ -71.09279, 42.34102 ], [ -71.09199, 42.34154 ], [ -71.09084, 42.34408 ], [ -71.09064, 42.34562 ], [ -71.0909, 42.34654 ], [ -71.09227, 42.34711 ], [ -71.0931, 42.34667 ], [ -71.0943, 42.34558 ], [ -71.09484, 42.34256 ], [ -71.09735, 42.34159 ], [ -71.09888, 42.34063 ], [ -71.10031, 42.34105 ], [ -71.10252, 42.34338 ], [ -71.10462, 42.34439 ], [ -71.10803, 42.34248 ], [ -71.10849, 42.34184 ], [ -71.1096, 42.34146 ], [ -71.11066, 42.34027 ], [ -71.11156, 42.33738 ], [ -71.11071, 42.33631 ], [ -71.11099, 42.33576 ], [ -71.11053, 42.33533 ], [ -71.11321, 42.33246 ], [ -71.11358, 42.33047 ], [ -71.11504, 42.32731 ], [ -71.11602, 42.3263 ], [ -71.11654, 42.32394 ], [ -71.1184, 42.32346 ], [ -71.11887, 42.32286 ], [ -71.11954, 42.32275 ], [ -71.1197, 42.32164 ], [ -71.12097, 42.32133 ], [ -71.12287, 42.31982 ], [ -71.12585, 42.31869 ] ] ] } },
{ "type": "Feature", "properties": { "geoid": "250259819001" }, "geometry": { "type": "Polygon", "coordinates": [ [ [ -71.18531, 42.2795 ], [ -71.18305, 42.27585 ], [ -71.17711, 42.27686 ], [ -71.17544, 42.27624 ], [ -71.17457, 42.27558 ], [ -71.17447, 42.27575 ], [ -71.17322, 42.27535 ], [ -71.17252, 42.2765 ], [ -71.17238, 42.27687 ], [ -71.17344, 42.27712 ], [ -71.1752, 42.2783 ], [ -71.17554, 42.27905 ], [ -71.17702, 42.2804 ], [ -71.18531, 42.2795 ] ] ] } }
]
}
