hour,datetime,site_id,value
0,2025-05-05T00:00:00Z,s01,6.6
0,2025-05-05T00:00:00Z,s02,6.3
0,2025-05-05T00:00:00Z,s03,6.9
0,2025-05-05T00:00:00Z,s04,2.5
0,2025-05-05T00:00:00Z,s05,4.7
0,2025-05-05T00:00:00Z,s06,7.3
0,2025-05-05T00:00:00Z,s07,8.7
0,2025-05-05T00:00:00Z,s08,10.1
0,2025-05-05T00:00:00Z,s09,9.6
0,2025-05-05T00:00:00Z,s10,7
0,2025-05-05T00:00:00Z,s11,5.4
0,2025-05-05T00:00:00Z,s12,1
0,2025-05-05T00:00:00Z,s13,5.7
0,2025-05-05T00:00:00Z,s14,5.54
0,2025-05-05T00:00:00Z,s15,6.06
0,2025-05-05T00:00:00Z,s16,6.1
0,2025-05-05T00:00:00Z,s17,14
0,2025-05-05T00:00:00Z,s18,8.73
0,2025-05-05T00:00:00Z,s19,8.67
0,2025-05-05T00:00:00Z,s20,8.03
0,2025-05-05T00:00:00Z,s21,9.63
0,2025-05-05T00:00:00Z,s22,7.94
0,2025-05-05T00:00:00Z,s23,6.7
0,2025-05-05T00:00:00Z,s24,9.53
0,2025-05-05T00:00:00Z,s25,11.34
0,2025-05-05T00:00:00Z,s26,5.99
1,2025-05-05T01:00:00Z,s01,8.1
1,2025-05-05T01:00:00Z,s02,5
1,2025-05-05T01:00:00Z,s03,6.9
1,2025-05-05T01:00:00Z,s04,1.8
1,2025-05-05T01:00:00Z,s05,4.4
1,2025-05-05T01:00:00Z,s06,7.3
1,2025-05-05T01:00:00Z,s07,8.4
1,2025-05-05T01:00:00Z,s08,11.6
1,2025-05-05T01:00:00Z,s09,10.5
1,2025-05-05T01:00:00Z,s10,9.3
1,2025-05-05T01:00:00Z,s11,6.8
1,2025-05-05T01:00:00Z,s12,1.9
1,2025-05-05T01:00:00Z,s13,7.6
1,2025-05-05T01:00:00Z,s14,6.17
1,2025-05-05T01:00:00Z,s15,7.41
1,2025-05-05T01:00:00Z,s16,6.3
1,2025-05-05T01:00:00Z,s17,11.7
1,2025-05-05T01:00:00Z,s18,9.08
1,2025-05-05T01:00:00Z,s19,11.66
1,2025-05-05T01:00:00Z,s20,8.3
1,2025-05-05T01:00:00Z,s21,7.84
1,2025-05-05T01:00:00Z,s22,8.27
1,2025-05-05T01:00:00Z,s23,6.94
1,2025-05-05T01:00:00Z,s24,10.62
1,2025-05-05T01:00:00Z,s25,9.25
1,2025-05-05T01:00:00Z,s26,6.14
2,2025-05-05T02:00:00Z,s01,7.1
2,2025-05-05T02:00:00Z,s02,4.7
2,2025-05-05T02:00:00Z,s03,5.7
2,2025-05-05T02:00:00Z,s04,3.4
2,2025-05-05T02:00:00Z,s05,3.7
2,2025-05-05T02:00:00Z,s06,7.5
2,2025-05-05T02:00:00Z,s07,8.3
2,2025-05-05T02:00:00Z,s08,13.2
2,2025-05-05T02:00:00Z,s09,12.7
2,2025-05-05T02:00:00Z,s10,10.6
2,2025-05-05T02:00:00Z,s11,6.7
2,2025-05-05T02:00:00Z,s12,2
2,2025-05-05T02:00:00Z,s13,9
2,2025-05-05T02:00:00Z,s14,7.68
2,2025-05-05T02:00:00Z,s15,10.24
2,2025-05-05T02:00:00Z,s16,8.49
2,2025-05-05T02:00:00Z,s17,12.85
2,2025-05-05T02:00:00Z,s18,11.12
2,2025-05-05T02:00:00Z,s19,10.27
2,2025-05-05T02:00:00Z,s20,10.18
2,2025-05-05T02:00:00Z,s21,7.98
2,2025-05-05T02:00:00Z,s22,9.54
2,2025-05-05T02:00:00Z,s23,8.85
2,2025-05-05T02:00:00Z,s24,11.45
2,2025-05-05T02:00:00Z,s25,9.81
2,2025-05-05T02:00:00Z,s26,9.01
3,2025-05-05T03:00:00Z,s01,9.6
3,2025-05-05T03:00:00Z,s02,5.8
3,2025-05-05T03:00:00Z,s03,5.6
3,2025-05-05T03:00:00Z,s04,6.2
3,2025-05-05T03:00:00Z,s05,4.4
3,2025-05-05T03:00:00Z,s06,8.9
3,2025-05-05T03:00:00Z,s07,9.8
3,2025-05-05T03:00:00Z,s08,14.6
3,2025-05-05T03:00:00Z,s09,14.4
3,2025-05-05T03:00:00Z,s10,13
3,2025-05-05T03:00:00Z,s11,8.2
3,2025-05-05T03:00:00Z,s12,2
3,2025-05-05T03:00:00Z,s13,11.8
3,2025-05-05T03:00:00Z,s14,8.62
3,2025-05-05T03:00:00Z,s15,11.42
3,2025-05-05T03:00:00Z,s16,9.59
3,2025-05-05T03:00:00Z,s17,15.53
3,2025-05-05T03:00:00Z,s18,14.29
3,2025-05-05T03:00:00Z,s19,13.35
3,2025-05-05T03:00:00Z,s20,12.41
3,2025-05-05T03:00:00Z,s21,10.34
3,2025-05-05T03:00:00Z,s22,11.42
3,2025-05-05T03:00:00Z,s23,9.21
3,2025-05-05T03:00:00Z,s24,13.47
3,2025-05-05T03:00:00Z,s25,11.32
3,2025-05-05T03:00:00Z,s26,8.47
4,2025-05-05T04:00:00Z,s01,10
4,2025-05-05T04:00:00Z,s02,7.1
4,2025-05-05T04:00:00Z,s03,6.5
4,2025-05-05T04:00:00Z,s04,7.6
4,2025-05-05T04:00:00Z,s05,4.4
4,2025-05-05T04:00:00Z,s06,10.6
4,2025-05-05T04:00:00Z,s07,11.2
4,2025-05-05T04:00:00Z,s08,15.2
4,2025-05-05T04:00:00Z,s09,15.4
4,2025-05-05T04:00:00Z,s10,15.4
4,2025-05-05T04:00:00Z,s11,7.6
4,2025-05-05T04:00:00Z,s12,2
4,2025-05-05T04:00:00Z,s13,11.8
4,2025-05-05T04:00:00Z,s14,9.97
4,2025-05-05T04:00:00Z,s15,15.47
4,2025-05-05T04:00:00Z,s16,12.25
4,2025-05-05T04:00:00Z,s17,17.57
4,2025-05-05T04:00:00Z,s18,14.4
4,2025-05-05T04:00:00Z,s19,12.33
4,2025-05-05T04:00:00Z,s20,11.99
4,2025-05-05T04:00:00Z,s21,12.51
4,2025-05-05T04:00:00Z,s22,11.38
4,2025-05-05T04:00:00Z,s23,11.95
4,2025-05-05T04:00:00Z,s24,14.61
4,2025-05-05T04:00:00Z,s25,13.56
4,2025-05-05T04:00:00Z,s26,8.11
5,2025-05-05T05:00:00Z,s01,8.2
5,2025-05-05T05:00:00Z,s02,8.1
5,2025-05-05T05:00:00Z,s03,9.8
5,2025-05-05T05:00:00Z,s04,11.8
5,2025-05-05T05:00:00Z,s05,3.6
5,2025-05-05T05:00:00Z,s06,10.4
5,2025-05-05T05:00:00Z,s07,11.4
5,2025-05-05T05:00:00Z,s08,14
5,2025-05-05T05:00:00Z,s09,15.4
5,2025-05-05T05:00:00Z,s10,15.2
5,2025-05-05T05:00:00Z,s11,7.1
5,2025-05-05T05:00:00Z,s12,2.1
5,2025-05-05T05:00:00Z,s13,10.1
5,2025-05-05T05:00:00Z,s14,9.9
5,2025-05-05T05:00:00Z,s15,13.44
5,2025-05-05T05:00:00Z,s16,11.51
5,2025-05-05T05:00:00Z,s17,15.43
5,2025-05-05T05:00:00Z,s18,15.89
5,2025-05-05T05:00:00Z,s19,13.27
5,2025-05-05T05:00:00Z,s20,11.95
5,2025-05-05T05:00:00Z,s21,12.02
5,2025-05-05T05:00:00Z,s22,12.87
5,2025-05-05T05:00:00Z,s23,11.9
5,2025-05-05T05:00:00Z,s24,13.01
5,2025-05-05T05:00:00Z,s25,11.49
5,2025-05-05T05:00:00Z,s26,4.79
6,2025-05-05T06:00:00Z,s01,9.7
6,2025-05-05T06:00:00Z,s02,9.5
6,2025-05-05T06:00:00Z,s03,13
6,2025-05-05T06:00:00Z,s04,10.3
6,2025-05-05T06:00:00Z,s05,2.7
6,2025-05-05T06:00:00Z,s06,9.9
6,2025-05-05T06:00:00Z,s07,11.7
6,2025-05-05T06:00:00Z,s08,11.4
6,2025-05-05T06:00:00Z,s09,12.4
6,2025-05-05T06:00:00Z,s10,13.1
6,2025-05-05T06:00:00Z,s11,5.1
6,2025-05-05T06:00:00Z,s12,1.9
6,2025-05-05T06:00:00Z,s13,8.9
6,2025-05-05T06:00:00Z,s14,6.57
6,2025-05-05T06:00:00Z,s15,12.35
6,2025-05-05T06:00:00Z,s16,8.6
6,2025-05-05T06:00:00Z,s17,12.62
6,2025-05-05T06:00:00Z,s18,17.03
6,2025-05-05T06:00:00Z,s19,12.81
6,2025-05-05T06:00:00Z,s20,9.79
6,2025-05-05T06:00:00Z,s21,11.55
6,2025-05-05T06:00:00Z,s22,12.36
6,2025-05-05T06:00:00Z,s23,7.83
6,2025-05-05T06:00:00Z,s24,11.38
6,2025-05-05T06:00:00Z,s25,10.37
6,2025-05-05T06:00:00Z,s26,5.37
7,2025-05-05T07:00:00Z,s01,7.3
7,2025-05-05T07:00:00Z,s02,10
7,2025-05-05T07:00:00Z,s03,12.1
7,2025-05-05T07:00:00Z,s04,10.6
7,2025-05-05T07:00:00Z,s05,1.9
7,2025-05-05T07:00:00Z,s06,8.2
7,2025-05-05T07:00:00Z,s07,10.2
7,2025-05-05T07:00:00Z,s08,10.1
7,2025-05-05T07:00:00Z,s09,13.1
7,2025-05-05T07:00:00Z,s10,10.8
7,2025-05-05T07:00:00Z,s11,3.5
7,2025-05-05T07:00:00Z,s12,1.4
7,2025-05-05T07:00:00Z,s13,8
7,2025-05-05T07:00:00Z,s14,11.51
7,2025-05-05T07:00:00Z,s15,10.72
7,2025-05-05T07:00:00Z,s16,12
7,2025-05-05T07:00:00Z,s17,10.11
7,2025-05-05T07:00:00Z,s18,10.78
7,2025-05-05T07:00:00Z,s19,8.89
7,2025-05-05T07:00:00Z,s20,13.44
7,2025-05-05T07:00:00Z,s21,8.84
7,2025-05-05T07:00:00Z,s22,9.12
7,2025-05-05T07:00:00Z,s23,10.84
7,2025-05-05T07:00:00Z,s24,8.28
7,2025-05-05T07:00:00Z,s25,8.43
7,2025-05-05T07:00:00Z,s26,6.59
8,2025-05-05T08:00:00Z,s01,6.5
8,2025-05-05T08:00:00Z,s02,8
8,2025-05-05T08:00:00Z,s03,10.8
8,2025-05-05T08:00:00Z,s04,10.1
8,2025-05-05T08:00:00Z,s05,1.1
8,2025-05-05T08:00:00Z,s06,7.1
8,2025-05-05T08:00:00Z,s07,8.7
8,2025-05-05T08:00:00Z,s08,11.7
8,2025-05-05T08:00:00Z,s09,12.1
8,2025-05-05T08:00:00Z,s10,8.9
8,2025-05-05T08:00:00Z,s11,3.5
8,2025-05-05T08:00:00Z,s12,1.8
8,2025-05-05T08:00:00Z,s13,6.5
8,2025-05-05T08:00:00Z,s14,10.6
8,2025-05-05T08:00:00Z,s15,8.74
8,2025-05-05T08:00:00Z,s16,11.48
8,2025-05-05T08:00:00Z,s17,10.08
8,2025-05-05T08:00:00Z,s18,12.2
8,2025-05-05T08:00:00Z,s19,10.09
8,2025-05-05T08:00:00Z,s20,13.84
8,2025-05-05T08:00:00Z,s21,7.75
8,2025-05-05T08:00:00Z,s22,9.33
8,2025-05-05T08:00:00Z,s23,9.85
8,2025-05-05T08:00:00Z,s24,7.58
8,2025-05-05T08:00:00Z,s25,8.02
8,2025-05-05T08:00:00Z,s26,7.56
9,2025-05-05T09:00:00Z,s01,7.1
9,2025-05-05T09:00:00Z,s02,7.2
9,2025-05-05T09:00:00Z,s03,8.1
9,2025-05-05T09:00:00Z,s04,7.9
9,2025-05-05T09:00:00Z,s05,1.4
9,2025-05-05T09:00:00Z,s06,7
9,2025-05-05T09:00:00Z,s07,8.9
9,2025-05-05T09:00:00Z,s08,11.7
9,2025-05-05T09:00:00Z,s09,12.9
9,2025-05-05T09:00:00Z,s10,8
9,2025-05-05T09:00:00Z,s11,4.3
9,2025-05-05T09:00:00Z,s12,2.6
9,2025-05-05T09:00:00Z,s13,6.9
9,2025-05-05T09:00:00Z,s14,11.5
9,2025-05-05T09:00:00Z,s15,10.26
9,2025-05-05T09:00:00Z,s16,11.08
9,2025-05-05T09:00:00Z,s17,8.95
9,2025-05-05T09:00:00Z,s18,13.49
9,2025-05-05T09:00:00Z,s19,16.28
9,2025-05-05T09:00:00Z,s20,13.26
9,2025-05-05T09:00:00Z,s21,10.39
9,2025-05-05T09:00:00Z,s22,8.98
9,2025-05-05T09:00:00Z,s23,9.98
9,2025-05-05T09:00:00Z,s24,8.04
9,2025-05-05T09:00:00Z,s25,8.49
9,2025-05-05T09:00:00Z,s26,8.05
10,2025-05-05T10:00:00Z,s01,6.5
10,2025-05-05T10:00:00Z,s02,7
10,2025-05-05T10:00:00Z,s03,12.4
10,2025-05-05T10:00:00Z,s04,9.6
10,2025-05-05T10:00:00Z,s05,2.4
10,2025-05-05T10:00:00Z,s06,6.4
10,2025-05-05T10:00:00Z,s07,8.1
10,2025-05-05T10:00:00Z,s08,12.3
10,2025-05-05T10:00:00Z,s09,18.8
10,2025-05-05T10:00:00Z,s10,7.4
10,2025-05-05T10:00:00Z,s11,6.6
10,2025-05-05T10:00:00Z,s12,4.4
10,2025-05-05T10:00:00Z,s13,8.1
10,2025-05-05T10:00:00Z,s14,12.7
10,2025-05-05T10:00:00Z,s15,10.56
10,2025-05-05T10:00:00Z,s16,13.29
10,2025-05-05T10:00:00Z,s17,9.28
10,2025-05-05T10:00:00Z,s18,15.04
10,2025-05-05T10:00:00Z,s19,18.55
10,2025-05-05T10:00:00Z,s20,14.57
10,2025-05-05T10:00:00Z,s21,8.6
10,2025-05-05T10:00:00Z,s22,9.75
10,2025-05-05T10:00:00Z,s23,12.16
10,2025-05-05T10:00:00Z,s24,6.87
10,2025-05-05T10:00:00Z,s25,7.49
10,2025-05-05T10:00:00Z,s26,10.03
11,2025-05-05T11:00:00Z,s01,5.5
11,2025-05-05T11:00:00Z,s02,6.8
11,2025-05-05T11:00:00Z,s03,17.2
11,2025-05-05T11:00:00Z,s04,11
11,2025-05-05T11:00:00Z,s05,2.1
11,2025-05-05T11:00:00Z,s06,5.8
11,2025-05-05T11:00:00Z,s07,7.1
11,2025-05-05T11:00:00Z,s08,15.9
11,2025-05-05T11:00:00Z,s09,19.4
11,2025-05-05T11:00:00Z,s10,6.6
11,2025-05-05T11:00:00Z,s11,7.4
11,2025-05-05T11:00:00Z,s12,6.2
11,2025-05-05T11:00:00Z,s13,9.3
11,2025-05-05T11:00:00Z,s14,13.63
11,2025-05-05T11:00:00Z,s15,8.02
11,2025-05-05T11:00:00Z,s16,9.32
11,2025-05-05T11:00:00Z,s17,7.2
11,2025-05-05T11:00:00Z,s18,10.18
11,2025-05-05T11:00:00Z,s19,24.06
11,2025-05-05T11:00:00Z,s20,10.39
11,2025-05-05T11:00:00Z,s21,7.69
11,2025-05-05T11:00:00Z,s22,7.65
11,2025-05-05T11:00:00Z,s23,8.08
11,2025-05-05T11:00:00Z,s24,5.53
11,2025-05-05T11:00:00Z,s25,6.61
11,2025-05-05T11:00:00Z,s26,12.25
12,2025-05-05T12:00:00Z,s01,6.5
12,2025-05-05T12:00:00Z,s02,5.4
12,2025-05-05T12:00:00Z,s03,17.4
12,2025-05-05T12:00:00Z,s04,11.8
12,2025-05-05T12:00:00Z,s05,2.4
12,2025-05-05T12:00:00Z,s06,4.9
12,2025-05-05T12:00:00Z,s07,6
12,2025-05-05T12:00:00Z,s08,18.8
12,2025-05-05T12:00:00Z,s09,17.8
12,2025-05-05T12:00:00Z,s10,5.6
12,2025-05-05T12:00:00Z,s11,8
12,2025-05-05T12:00:00Z,s12,6.1
12,2025-05-05T12:00:00Z,s13,14.8
12,2025-05-05T12:00:00Z,s14,9.93
12,2025-05-05T12:00:00Z,s15,7.22
12,2025-05-05T12:00:00Z,s16,8.7
12,2025-05-05T12:00:00Z,s17,6.43
12,2025-05-05T12:00:00Z,s18,11.84
12,2025-05-05T12:00:00Z,s19,25.97
12,2025-05-05T12:00:00Z,s20,8.81
12,2025-05-05T12:00:00Z,s21,5.82
12,2025-05-05T12:00:00Z,s22,7.89
12,2025-05-05T12:00:00Z,s23,3.22
12,2025-05-05T12:00:00Z,s24,5.13
12,2025-05-05T12:00:00Z,s25,5.13
12,2025-05-05T12:00:00Z,s26,10.75
13,2025-05-05T13:00:00Z,s01,7.5
13,2025-05-05T13:00:00Z,s02,6.6
13,2025-05-05T13:00:00Z,s03,17.2
13,2025-05-05T13:00:00Z,s04,10.9
13,2025-05-05T13:00:00Z,s05,2.6
13,2025-05-05T13:00:00Z,s06,4.7
13,2025-05-05T13:00:00Z,s07,5.9
13,2025-05-05T13:00:00Z,s08,17.7
13,2025-05-05T13:00:00Z,s09,14.4
13,2025-05-05T13:00:00Z,s10,5.1
13,2025-05-05T13:00:00Z,s11,7.3
13,2025-05-05T13:00:00Z,s12,5.9
13,2025-05-05T13:00:00Z,s13,15.7
13,2025-05-05T13:00:00Z,s14,7.91
13,2025-05-05T13:00:00Z,s15,6.77
13,2025-05-05T13:00:00Z,s16,7.56
13,2025-05-05T13:00:00Z,s17,7.71
13,2025-05-05T13:00:00Z,s18,12.06
13,2025-05-05T13:00:00Z,s19,20.47
13,2025-05-05T13:00:00Z,s20,7.97
13,2025-05-05T13:00:00Z,s21,7.55
13,2025-05-05T13:00:00Z,s22,7.24
13,2025-05-05T13:00:00Z,s23,2.27
13,2025-05-05T13:00:00Z,s24,6.43
13,2025-05-05T13:00:00Z,s25,6.92
13,2025-05-05T13:00:00Z,s26,9.73
14,2025-05-05T14:00:00Z,s01,5.6
14,2025-05-05T14:00:00Z,s02,8.1
14,2025-05-05T14:00:00Z,s03,15.7
14,2025-05-05T14:00:00Z,s04,9.4
14,2025-05-05T14:00:00Z,s05,2.7
14,2025-05-05T14:00:00Z,s06,5
14,2025-05-05T14:00:00Z,s07,6.4
14,2025-05-05T14:00:00Z,s08,15.6
14,2025-05-05T14:00:00Z,s09,14.3
14,2025-05-05T14:00:00Z,s10,5.4
14,2025-05-05T14:00:00Z,s11,8.9
14,2025-05-05T14:00:00Z,s12,4.7
14,2025-05-05T14:00:00Z,s13,16.6
14,2025-05-05T14:00:00Z,s14,9.11
14,2025-05-05T14:00:00Z,s15,7.59
14,2025-05-05T14:00:00Z,s16,7.55
14,2025-05-05T14:00:00Z,s17,7.44
14,2025-05-05T14:00:00Z,s18,10.38
14,2025-05-05T14:00:00Z,s19,13.24
14,2025-05-05T14:00:00Z,s20,8.19
14,2025-05-05T14:00:00Z,s21,7.73
14,2025-05-05T14:00:00Z,s22,7.04
14,2025-05-05T14:00:00Z,s23,2.47
14,2025-05-05T14:00:00Z,s24,7.07
14,2025-05-05T14:00:00Z,s25,7.12
14,2025-05-05T14:00:00Z,s26,9.17
15,2025-05-05T15:00:00Z,s01,6.6
15,2025-05-05T15:00:00Z,s02,6.5
15,2025-05-05T15:00:00Z,s03,15.5
15,2025-05-05T15:00:00Z,s04,9.9
15,2025-05-05T15:00:00Z,s05,2.7
15,2025-05-05T15:00:00Z,s06,5.5
15,2025-05-05T15:00:00Z,s07,6.7
15,2025-05-05T15:00:00Z,s08,15.3
15,2025-05-05T15:00:00Z,s09,15.5
15,2025-05-05T15:00:00Z,s10,5.8
15,2025-05-05T15:00:00Z,s11,8.8
15,2025-05-05T15:00:00Z,s12,5
15,2025-05-05T15:00:00Z,s13,15.2
15,2025-05-05T15:00:00Z,s14,10.36
15,2025-05-05T15:00:00Z,s15,9.42
15,2025-05-05T15:00:00Z,s16,9.1
15,2025-05-05T15:00:00Z,s17,7.57
15,2025-05-05T15:00:00Z,s18,13.63
15,2025-05-05T15:00:00Z,s19,15.07
15,2025-05-05T15:00:00Z,s20,9.54
15,2025-05-05T15:00:00Z,s21,7.93
15,2025-05-05T15:00:00Z,s22,9.78
15,2025-05-05T15:00:00Z,s23,3.48
15,2025-05-05T15:00:00Z,s24,7.3
15,2025-05-05T15:00:00Z,s25,7.5
15,2025-05-05T15:00:00Z,s26,9.77
16,2025-05-05T16:00:00Z,s01,8.4
16,2025-05-05T16:00:00Z,s02,7.2
16,2025-05-05T16:00:00Z,s03,13.5
16,2025-05-05T16:00:00Z,s04,10.6
16,2025-05-05T16:00:00Z,s05,1.7
16,2025-05-05T16:00:00Z,s06,4.7
16,2025-05-05T16:00:00Z,s07,5.6
16,2025-05-05T16:00:00Z,s08,15.6
16,2025-05-05T16:00:00Z,s09,13.6
16,2025-05-05T16:00:00Z,s10,5
16,2025-05-05T16:00:00Z,s11,7.7
16,2025-05-05T16:00:00Z,s12,6.4
16,2025-05-05T16:00:00Z,s13,14.8
16,2025-05-05T16:00:00Z,s14,7.8
16,2025-05-05T16:00:00Z,s15,7.84
16,2025-05-05T16:00:00Z,s16,9.47
16,2025-05-05T16:00:00Z,s17,5.46
16,2025-05-05T16:00:00Z,s18,14.76
16,2025-05-05T16:00:00Z,s19,19.03
16,2025-05-05T16:00:00Z,s20,9.38
16,2025-05-05T16:00:00Z,s21,5.13
16,2025-05-05T16:00:00Z,s22,8.04
16,2025-05-05T16:00:00Z,s23,7.16
16,2025-05-05T16:00:00Z,s24,4.81
16,2025-05-05T16:00:00Z,s25,4.93
16,2025-05-05T16:00:00Z,s26,4.73
17,2025-05-05T17:00:00Z,s01,5.4
17,2025-05-05T17:00:00Z,s02,4.6
17,2025-05-05T17:00:00Z,s03,15.7
17,2025-05-05T17:00:00Z,s04,13.2
17,2025-05-05T17:00:00Z,s05,0.6
17,2025-05-05T17:00:00Z,s06,3.8
17,2025-05-05T17:00:00Z,s07,4.3
17,2025-05-05T17:00:00Z,s08,12.6
17,2025-05-05T17:00:00Z,s09,10.5
17,2025-05-05T17:00:00Z,s10,4
17,2025-05-05T17:00:00Z,s11,5.5
17,2025-05-05T17:00:00Z,s12,5.3
17,2025-05-05T17:00:00Z,s13,13.3
17,2025-05-05T17:00:00Z,s14,5.81
17,2025-05-05T17:00:00Z,s15,5.38
17,2025-05-05T17:00:00Z,s16,6.06
17,2025-05-05T17:00:00Z,s17,4.23
17,2025-05-05T17:00:00Z,s18,12.35
17,2025-05-05T17:00:00Z,s19,14.73
17,2025-05-05T17:00:00Z,s20,6.27
17,2025-05-05T17:00:00Z,s21,4.41
17,2025-05-05T17:00:00Z,s22,6.13
17,2025-05-05T17:00:00Z,s23,5.58
17,2025-05-05T17:00:00Z,s24,3.12
17,2025-05-05T17:00:00Z,s25,3.36
17,2025-05-05T17:00:00Z,s26,2.34
18,2025-05-05T18:00:00Z,s01,4.7
18,2025-05-05T18:00:00Z,s02,6.9
18,2025-05-05T18:00:00Z,s03,15.1
18,2025-05-05T18:00:00Z,s04,6.8
18,2025-05-05T18:00:00Z,s05,0.3
18,2025-05-05T18:00:00Z,s06,3.1
18,2025-05-05T18:00:00Z,s07,3.5
18,2025-05-05T18:00:00Z,s08,8.1
18,2025-05-05T18:00:00Z,s09,6.6
18,2025-05-05T18:00:00Z,s10,3.4
18,2025-05-05T18:00:00Z,s11,3.9
18,2025-05-05T18:00:00Z,s12,2.7
18,2025-05-05T18:00:00Z,s13,7.7
18,2025-05-05T18:00:00Z,s14,4.19
18,2025-05-05T18:00:00Z,s15,5.4
18,2025-05-05T18:00:00Z,s16,5.56
18,2025-05-05T18:00:00Z,s17,4.84
18,2025-05-05T18:00:00Z,s18,6.31
18,2025-05-05T18:00:00Z,s19,5.89
18,2025-05-05T18:00:00Z,s20,6.56
18,2025-05-05T18:00:00Z,s21,4.39
18,2025-05-05T18:00:00Z,s22,4.73
18,2025-05-05T18:00:00Z,s23,5.78
18,2025-05-05T18:00:00Z,s24,3.21
18,2025-05-05T18:00:00Z,s25,3.19
18,2025-05-05T18:00:00Z,s26,2.88
19,2025-05-05T19:00:00Z,s01,2.9
19,2025-05-05T19:00:00Z,s02,4.9
19,2025-05-05T19:00:00Z,s03,11
19,2025-05-05T19:00:00Z,s04,4.4
19,2025-05-05T19:00:00Z,s05,0
19,2025-05-05T19:00:00Z,s06,2.9
19,2025-05-05T19:00:00Z,s07,3.4
19,2025-05-05T19:00:00Z,s08,6.3
19,2025-05-05T19:00:00Z,s09,6.1
19,2025-05-05T19:00:00Z,s10,3.1
19,2025-05-05T19:00:00Z,s11,2.1
19,2025-05-05T19:00:00Z,s12,0.2
19,2025-05-05T19:00:00Z,s13,5.2
19,2025-05-05T19:00:00Z,s14,4.47
19,2025-05-05T19:00:00Z,s15,4.87
19,2025-05-05T19:00:00Z,s16,6.69
19,2025-05-05T19:00:00Z,s17,4.2
19,2025-05-05T19:00:00Z,s18,7.53
19,2025-05-05T19:00:00Z,s19,6.03
19,2025-05-05T19:00:00Z,s20,7.17
19,2025-05-05T19:00:00Z,s21,4.12
19,2025-05-05T19:00:00Z,s22,5.71
19,2025-05-05T19:00:00Z,s23,6.17
19,2025-05-05T19:00:00Z,s24,3.49
19,2025-05-05T19:00:00Z,s25,3
19,2025-05-05T19:00:00Z,s26,3.36
20,2025-05-05T20:00:00Z,s01,3
20,2025-05-05T20:00:00Z,s02,5.7
20,2025-05-05T20:00:00Z,s03,7.7
20,2025-05-05T20:00:00Z,s04,2.6
20,2025-05-05T20:00:00Z,s05,0
20,2025-05-05T20:00:00Z,s06,2.9
20,2025-05-05T20:00:00Z,s07,3.5
20,2025-05-05T20:00:00Z,s08,6.3
20,2025-05-05T20:00:00Z,s09,5.3
20,2025-05-05T20:00:00Z,s10,3.1
20,2025-05-05T20:00:00Z,s11,0.7
20,2025-05-05T20:00:00Z,s12,0
20,2025-05-05T20:00:00Z,s13,4.1
20,2025-05-05T20:00:00Z,s14,4
20,2025-05-05T20:00:00Z,s15,4.72
20,2025-05-05T20:00:00Z,s16,6.93
20,2025-05-05T20:00:00Z,s17,4.94
20,2025-05-05T20:00:00Z,s18,6.62
20,2025-05-05T20:00:00Z,s19,5.04
20,2025-05-05T20:00:00Z,s20,6.72
20,2025-05-05T20:00:00Z,s21,4.1
20,2025-05-05T20:00:00Z,s22,5.16
20,2025-05-05T20:00:00Z,s23,7.27
20,2025-05-05T20:00:00Z,s24,4.25
20,2025-05-05T20:00:00Z,s25,3.15
20,2025-05-05T20:00:00Z,s26,2.78
21,2025-05-05T21:00:00Z,s01,3.9
21,2025-05-05T21:00:00Z,s02,3.9
21,2025-05-05T21:00:00Z,s03,7.5
21,2025-05-05T21:00:00Z,s04,1.8
21,2025-05-05T21:00:00Z,s05,0
21,2025-05-05T21:00:00Z,s06,2.8
21,2025-05-05T21:00:00Z,s07,3.4
21,2025-05-05T21:00:00Z,s08,5.5
21,2025-05-05T21:00:00Z,s09,5
21,2025-05-05T21:00:00Z,s10,3
21,2025-05-05T21:00:00Z,s11,0.8
21,2025-05-05T21:00:00Z,s12,0.6
21,2025-05-05T21:00:00Z,s13,2.8
21,2025-05-05T21:00:00Z,s14,4.08
21,2025-05-05T21:00:00Z,s15,4.04
21,2025-05-05T21:00:00Z,s16,6.07
21,2025-05-05T21:00:00Z,s17,4.43
21,2025-05-05T21:00:00Z,s18,5.98
21,2025-05-05T21:00:00Z,s19,4.85
21,2025-05-05T21:00:00Z,s20,6.53
21,2025-05-05T21:00:00Z,s21,3.64
21,2025-05-05T21:00:00Z,s22,4.08
21,2025-05-05T21:00:00Z,s23,6.46
21,2025-05-05T21:00:00Z,s24,3.96
21,2025-05-05T21:00:00Z,s25,3.78
21,2025-05-05T21:00:00Z,s26,2.98
22,2025-05-05T22:00:00Z,s01,3.6
22,2025-05-05T22:00:00Z,s02,4.3
22,2025-05-05T22:00:00Z,s03,5.5
22,2025-05-05T22:00:00Z,s04,0.8
22,2025-05-05T22:00:00Z,s05,0
22,2025-05-05T22:00:00Z,s06,2.9
22,2025-05-05T22:00:00Z,s07,3.5
22,2025-05-05T22:00:00Z,s08,6.1
22,2025-05-05T22:00:00Z,s09,6
22,2025-05-05T22:00:00Z,s10,2.9
22,2025-05-05T22:00:00Z,s11,0.4
22,2025-05-05T22:00:00Z,s12,0
22,2025-05-05T22:00:00Z,s13,2.8
22,2025-05-05T22:00:00Z,s14,4.94
22,2025-05-05T22:00:00Z,s15,5.87
22,2025-05-05T22:00:00Z,s16,6.5
22,2025-05-05T22:00:00Z,s17,4.25
22,2025-05-05T22:00:00Z,s18,7.89
22,2025-05-05T22:00:00Z,s19,6.44
22,2025-05-05T22:00:00Z,s20,6.37
22,2025-05-05T22:00:00Z,s21,3.84
22,2025-05-05T22:00:00Z,s22,5.26
22,2025-05-05T22:00:00Z,s23,5.15
22,2025-05-05T22:00:00Z,s24,3.97
22,2025-05-05T22:00:00Z,s25,4.33
22,2025-05-05T22:00:00Z,s26,3.29
23,2025-05-05T23:00:00Z,s01,2.7
23,2025-05-05T23:00:00Z,s02,5.9
23,2025-05-05T23:00:00Z,s03,6.2
23,2025-05-05T23:00:00Z,s04,1
23,2025-05-05T23:00:00Z,s05,1.9
23,2025-05-05T23:00:00Z,s06,3.6
23,2025-05-05T23:00:00Z,s07,4.4
23,2025-05-05T23:00:00Z,s08,6.4
23,2025-05-05T23:00:00Z,s09,8.1
23,2025-05-05T23:00:00Z,s10,4.4
23,2025-05-05T23:00:00Z,s11,0.9
23,2025-05-05T23:00:00Z,s12,0
23,2025-05-05T23:00:00Z,s13,3.1
23,2025-05-05T23:00:00Z,s14,5.79
23,2025-05-05T23:00:00Z,s15,6.2
23,2025-05-05T23:00:00Z,s16,6.03
23,2025-05-05T23:00:00Z,s17,6.5
23,2025-05-05T23:00:00Z,s18,11.11
23,2025-05-05T23:00:00Z,s19,6.75
23,2025-05-05T23:00:00Z,s20,6.57
23,2025-05-05T23:00:00Z,s21,6.08
23,2025-05-05T23:00:00Z,s22,8.47
23,2025-05-05T23:00:00Z,s23,5.7
23,2025-05-05T23:00:00Z,s24,6.32
23,2025-05-05T23:00:00Z,s25,6.01
23,2025-05-05T23:00:00Z,s26,4.66
24,2025-05-06T00:00:00Z,s01,4.1
24,2025-05-06T00:00:00Z,s02,5.2
24,2025-05-06T00:00:00Z,s03,5.6
24,2025-05-06T00:00:00Z,s04,1
24,2025-05-06T00:00:00Z,s05,2.3
24,2025-05-06T00:00:00Z,s06,3.8
24,2025-05-06T00:00:00Z,s07,4.5
24,2025-05-06T00:00:00Z,s08,6.9
24,2025-05-06T00:00:00Z,s09,8.5
24,2025-05-06T00:00:00Z,s10,5
24,2025-05-06T00:00:00Z,s11,2.1
24,2025-05-06T00:00:00Z,s12,0.3
24,2025-05-06T00:00:00Z,s13,3.7
24,2025-05-06T00:00:00Z,s14,4.52
24,2025-05-06T00:00:00Z,s15,6.18
24,2025-05-06T00:00:00Z,s16,5.26
24,2025-05-06T00:00:00Z,s17,5.56
24,2025-05-06T00:00:00Z,s18,11.18
24,2025-05-06T00:00:00Z,s19,7.91
24,2025-05-06T00:00:00Z,s20,5.42
24,2025-05-06T00:00:00Z,s21,5.12
24,2025-05-06T00:00:00Z,s22,9.05
24,2025-05-06T00:00:00Z,s23,4.48
24,2025-05-06T00:00:00Z,s24,5.07
24,2025-05-06T00:00:00Z,s25,5.16
24,2025-05-06T00:00:00Z,s26,2.99
25,2025-05-06T01:00:00Z,s01,5.6
25,2025-05-06T01:00:00Z,s02,4.6
25,2025-05-06T01:00:00Z,s03,5.4
25,2025-05-06T01:00:00Z,s04,0.6
25,2025-05-06T01:00:00Z,s05,2.1
25,2025-05-06T01:00:00Z,s06,3.8
25,2025-05-06T01:00:00Z,s07,4.4
25,2025-05-06T01:00:00Z,s08,8.3
25,2025-05-06T01:00:00Z,s09,9.2
25,2025-05-06T01:00:00Z,s10,4.8
25,2025-05-06T01:00:00Z,s11,3
25,2025-05-06T01:00:00Z,s12,0.4
25,2025-05-06T01:00:00Z,s13,3.7
25,2025-05-06T01:00:00Z,s14,4.98
25,2025-05-06T01:00:00Z,s15,5.87
25,2025-05-06T01:00:00Z,s16,5.69
25,2025-05-06T01:00:00Z,s17,5.61
25,2025-05-06T01:00:00Z,s18,9.85
25,2025-05-06T01:00:00Z,s19,6.44
25,2025-05-06T01:00:00Z,s20,5.28
25,2025-05-06T01:00:00Z,s21,4.61
25,2025-05-06T01:00:00Z,s22,8.35
25,2025-05-06T01:00:00Z,s23,4.71
25,2025-05-06T01:00:00Z,s24,4.77
25,2025-05-06T01:00:00Z,s25,4.83
25,2025-05-06T01:00:00Z,s26,3.31
26,2025-05-06T02:00:00Z,s01,4
26,2025-05-06T02:00:00Z,s02,4.8
26,2025-05-06T02:00:00Z,s03,3.8
26,2025-05-06T02:00:00Z,s04,1.4
26,2025-05-06T02:00:00Z,s05,1.1
26,2025-05-06T02:00:00Z,s06,3.6
26,2025-05-06T02:00:00Z,s07,4.2
26,2025-05-06T02:00:00Z,s08,8.6
26,2025-05-06T02:00:00Z,s09,8.5
26,2025-05-06T02:00:00Z,s10,4.8
26,2025-05-06T02:00:00Z,s11,1.5
26,2025-05-06T02:00:00Z,s12,0.5
26,2025-05-06T02:00:00Z,s13,5.4
26,2025-05-06T02:00:00Z,s14,5
26,2025-05-06T02:00:00Z,s15,5.86
26,2025-05-06T02:00:00Z,s16,6.02
26,2025-05-06T02:00:00Z,s17,5.32
26,2025-05-06T02:00:00Z,s18,10.03
26,2025-05-06T02:00:00Z,s19,7.97
26,2025-05-06T02:00:00Z,s20,6.35
26,2025-05-06T02:00:00Z,s21,3.85
26,2025-05-06T02:00:00Z,s22,8.08
26,2025-05-06T02:00:00Z,s23,4.65
26,2025-05-06T02:00:00Z,s24,5.23
26,2025-05-06T02:00:00Z,s25,4.47
26,2025-05-06T02:00:00Z,s26,2.57
27,2025-05-06T03:00:00Z,s01,5.7
27,2025-05-06T03:00:00Z,s02,3.3
27,2025-05-06T03:00:00Z,s03,3.7
27,2025-05-06T03:00:00Z,s04,3.5
27,2025-05-06T03:00:00Z,s05,0
27,2025-05-06T03:00:00Z,s06,3.2
27,2025-05-06T03:00:00Z,s07,3.8
27,2025-05-06T03:00:00Z,s08,7.9
27,2025-05-06T03:00:00Z,s09,7.7
27,2025-05-06T03:00:00Z,s10,3.9
27,2025-05-06T03:00:00Z,s11,0.5
27,2025-05-06T03:00:00Z,s12,0.9
27,2025-05-06T03:00:00Z,s13,5.7
27,2025-05-06T03:00:00Z,s14,4.23
27,2025-05-06T03:00:00Z,s15,4.4
27,2025-05-06T03:00:00Z,s16,4.51
27,2025-05-06T03:00:00Z,s17,3.83
27,2025-05-06T03:00:00Z,s18,4.94
27,2025-05-06T03:00:00Z,s19,9.18
27,2025-05-06T03:00:00Z,s20,5.04
27,2025-05-06T03:00:00Z,s21,3.65
27,2025-05-06T03:00:00Z,s22,3.91
27,2025-05-06T03:00:00Z,s23,2.74
27,2025-05-06T03:00:00Z,s24,3.64
27,2025-05-06T03:00:00Z,s25,3.31
27,2025-05-06T03:00:00Z,s26,3.08
28,2025-05-06T04:00:00Z,s01,4.5
28,2025-05-06T04:00:00Z,s02,2.9
28,2025-05-06T04:00:00Z,s03,5.2
28,2025-05-06T04:00:00Z,s04,5.5
28,2025-05-06T04:00:00Z,s05,0
28,2025-05-06T04:00:00Z,s06,4
28,2025-05-06T04:00:00Z,s07,5.3
28,2025-05-06T04:00:00Z,s08,10.9
28,2025-05-06T04:00:00Z,s09,10.1
28,2025-05-06T04:00:00Z,s10,4.1
28,2025-05-06T04:00:00Z,s11,1.7
28,2025-05-06T04:00:00Z,s12,0.4
28,2025-05-06T04:00:00Z,s13,6.5
28,2025-05-06T04:00:00Z,s14,7.24
28,2025-05-06T04:00:00Z,s15,4.95
28,2025-05-06T04:00:00Z,s16,6.48
28,2025-05-06T04:00:00Z,s17,6.37
28,2025-05-06T04:00:00Z,s18,7
28,2025-05-06T04:00:00Z,s19,8.27
28,2025-05-06T04:00:00Z,s20,7.7
28,2025-05-06T04:00:00Z,s21,5.09
28,2025-05-06T04:00:00Z,s22,5.44
28,2025-05-06T04:00:00Z,s23,3.73
28,2025-05-06T04:00:00Z,s24,4.52
28,2025-05-06T04:00:00Z,s25,5.46
28,2025-05-06T04:00:00Z,s26,5.61
29,2025-05-06T05:00:00Z,s01,2.8
29,2025-05-06T05:00:00Z,s02,2.5
29,2025-05-06T05:00:00Z,s03,4.1
29,2025-05-06T05:00:00Z,s04,3.3
29,2025-05-06T05:00:00Z,s05,0
29,2025-05-06T05:00:00Z,s06,4.6
29,2025-05-06T05:00:00Z,s07,5.9
29,2025-05-06T05:00:00Z,s08,11.4
29,2025-05-06T05:00:00Z,s09,9.6
29,2025-05-06T05:00:00Z,s10,4.6
29,2025-05-06T05:00:00Z,s11,2.6
29,2025-05-06T05:00:00Z,s12,0
29,2025-05-06T05:00:00Z,s13,6.8
29,2025-05-06T05:00:00Z,s14,5.42
29,2025-05-06T05:00:00Z,s15,5.8
29,2025-05-06T05:00:00Z,s16,6.92
29,2025-05-06T05:00:00Z,s17,5.78
29,2025-05-06T05:00:00Z,s18,6.97
29,2025-05-06T05:00:00Z,s19,9
29,2025-05-06T05:00:00Z,s20,7.92
29,2025-05-06T05:00:00Z,s21,4.83
29,2025-05-06T05:00:00Z,s22,5.62
29,2025-05-06T05:00:00Z,s23,4.76
29,2025-05-06T05:00:00Z,s24,4.96
29,2025-05-06T05:00:00Z,s25,5.52
29,2025-05-06T05:00:00Z,s26,4.86
30,2025-05-06T06:00:00Z,s01,4.3
30,2025-05-06T06:00:00Z,s02,4.3
30,2025-05-06T06:00:00Z,s03,4.6
30,2025-05-06T06:00:00Z,s04,4.6
30,2025-05-06T06:00:00Z,s05,0.1
30,2025-05-06T06:00:00Z,s06,4.2
30,2025-05-06T06:00:00Z,s07,5.5
30,2025-05-06T06:00:00Z,s08,11.8
30,2025-05-06T06:00:00Z,s09,10.9
30,2025-05-06T06:00:00Z,s10,4.8
30,2025-05-06T06:00:00Z,s11,2
30,2025-05-06T06:00:00Z,s12,0.8
30,2025-05-06T06:00:00Z,s13,7.1
30,2025-05-06T06:00:00Z,s14,5.74
30,2025-05-06T06:00:00Z,s15,6.96
30,2025-05-06T06:00:00Z,s16,6.14
30,2025-05-06T06:00:00Z,s17,5.62
30,2025-05-06T06:00:00Z,s18,6.55
30,2025-05-06T06:00:00Z,s19,10.68
30,2025-05-06T06:00:00Z,s20,6.19
30,2025-05-06T06:00:00Z,s21,4.87
30,2025-05-06T06:00:00Z,s22,5.7
30,2025-05-06T06:00:00Z,s23,4.58
30,2025-05-06T06:00:00Z,s24,5.14
30,2025-05-06T06:00:00Z,s25,4.15
30,2025-05-06T06:00:00Z,s26,5.76
31,2025-05-06T07:00:00Z,s01,3.6
31,2025-05-06T07:00:00Z,s02,6
31,2025-05-06T07:00:00Z,s03,5.6
31,2025-05-06T07:00:00Z,s04,4.8
31,2025-05-06T07:00:00Z,s05,0.5
31,2025-05-06T07:00:00Z,s06,5.3
31,2025-05-06T07:00:00Z,s07,7.2
31,2025-05-06T07:00:00Z,s08,12.2
31,2025-05-06T07:00:00Z,s09,10.5
31,2025-05-06T07:00:00Z,s10,5.4
31,2025-05-06T07:00:00Z,s11,3.2
31,2025-05-06T07:00:00Z,s12,1.2
31,2025-05-06T07:00:00Z,s13,7.3
31,2025-05-06T07:00:00Z,s14,5.72
31,2025-05-06T07:00:00Z,s15,8.51
31,2025-05-06T07:00:00Z,s16,5.71
31,2025-05-06T07:00:00Z,s17,6.9
31,2025-05-06T07:00:00Z,s18,9.2
31,2025-05-06T07:00:00Z,s19,9.97
31,2025-05-06T07:00:00Z,s20,6.41
31,2025-05-06T07:00:00Z,s21,6.37
31,2025-05-06T07:00:00Z,s22,7.04
31,2025-05-06T07:00:00Z,s23,3.63
31,2025-05-06T07:00:00Z,s24,6.5
31,2025-05-06T07:00:00Z,s25,6.02
31,2025-05-06T07:00:00Z,s26,5.39
32,2025-05-06T08:00:00Z,s01,2.8
32,2025-05-06T08:00:00Z,s02,5
32,2025-05-06T08:00:00Z,s03,5.4
32,2025-05-06T08:00:00Z,s04,3.9
32,2025-05-06T08:00:00Z,s05,1.3
32,2025-05-06T08:00:00Z,s06,6.5
32,2025-05-06T08:00:00Z,s07,8.5
32,2025-05-06T08:00:00Z,s08,11.2
32,2025-05-06T08:00:00Z,s09,9.2
32,2025-05-06T08:00:00Z,s10,6.6
32,2025-05-06T08:00:00Z,s11,3.1
32,2025-05-06T08:00:00Z,s12,1.1
32,2025-05-06T08:00:00Z,s13,6.8
32,2025-05-06T08:00:00Z,s14,5.42
32,2025-05-06T08:00:00Z,s15,6.9
32,2025-05-06T08:00:00Z,s16,6.4
32,2025-05-06T08:00:00Z,s17,9.07
32,2025-05-06T08:00:00Z,s18,7.71
32,2025-05-06T08:00:00Z,s19,7.75
32,2025-05-06T08:00:00Z,s20,6.62
32,2025-05-06T08:00:00Z,s21,8.06
32,2025-05-06T08:00:00Z,s22,5.91
32,2025-05-06T08:00:00Z,s23,4.64
32,2025-05-06T08:00:00Z,s24,8.63
32,2025-05-06T08:00:00Z,s25,7.23
32,2025-05-06T08:00:00Z,s26,3.54
33,2025-05-06T09:00:00Z,s01,3.6
33,2025-05-06T09:00:00Z,s02,4.3
33,2025-05-06T09:00:00Z,s03,5.2
33,2025-05-06T09:00:00Z,s04,6.7
33,2025-05-06T09:00:00Z,s05,1
33,2025-05-06T09:00:00Z,s06,6.5
33,2025-05-06T09:00:00Z,s07,8
33,2025-05-06T09:00:00Z,s08,8.8
33,2025-05-06T09:00:00Z,s09,7.9
33,2025-05-06T09:00:00Z,s10,7
33,2025-05-06T09:00:00Z,s11,2.7
33,2025-05-06T09:00:00Z,s12,0.6
33,2025-05-06T09:00:00Z,s13,5.9
33,2025-05-06T09:00:00Z,s14,5.13
33,2025-05-06T09:00:00Z,s15,7.2
33,2025-05-06T09:00:00Z,s16,5.99
33,2025-05-06T09:00:00Z,s17,9.31
33,2025-05-06T09:00:00Z,s18,8.03
33,2025-05-06T09:00:00Z,s19,7.46
33,2025-05-06T09:00:00Z,s20,6.62
33,2025-05-06T09:00:00Z,s21,7.59
33,2025-05-06T09:00:00Z,s22,6.1
33,2025-05-06T09:00:00Z,s23,4.69
33,2025-05-06T09:00:00Z,s24,9.09
33,2025-05-06T09:00:00Z,s25,5.74
33,2025-05-06T09:00:00Z,s26,4.29
34,2025-05-06T10:00:00Z,s01,4.6
34,2025-05-06T10:00:00Z,s02,3.5
34,2025-05-06T10:00:00Z,s03,6.1
34,2025-05-06T10:00:00Z,s04,6.3
34,2025-05-06T10:00:00Z,s05,1.9
34,2025-05-06T10:00:00Z,s06,7.1
34,2025-05-06T10:00:00Z,s07,8.3
34,2025-05-06T10:00:00Z,s08,8
34,2025-05-06T10:00:00Z,s09,7.4
34,2025-05-06T10:00:00Z,s10,7.5
34,2025-05-06T10:00:00Z,s11,3.5
34,2025-05-06T10:00:00Z,s12,0.4
34,2025-05-06T10:00:00Z,s13,4.6
34,2025-05-06T10:00:00Z,s14,7.94
34,2025-05-06T10:00:00Z,s15,7.98
34,2025-05-06T10:00:00Z,s16,6.72
34,2025-05-06T10:00:00Z,s17,10.42
34,2025-05-06T10:00:00Z,s18,8.96
34,2025-05-06T10:00:00Z,s19,5.81
34,2025-05-06T10:00:00Z,s20,7.38
34,2025-05-06T10:00:00Z,s21,9.01
34,2025-05-06T10:00:00Z,s22,7.04
34,2025-05-06T10:00:00Z,s23,4.66
34,2025-05-06T10:00:00Z,s24,9.99
34,2025-05-06T10:00:00Z,s25,7.5
34,2025-05-06T10:00:00Z,s26,4.26
35,2025-05-06T11:00:00Z,s01,3.6
35,2025-05-06T11:00:00Z,s02,1.5
35,2025-05-06T11:00:00Z,s03,6.5
35,2025-05-06T11:00:00Z,s04,4.4
35,2025-05-06T11:00:00Z,s05,4.1
35,2025-05-06T11:00:00Z,s06,7.2
35,2025-05-06T11:00:00Z,s07,8
35,2025-05-06T11:00:00Z,s08,7.7
35,2025-05-06T11:00:00Z,s09,6.7
35,2025-05-06T11:00:00Z,s10,8.3
35,2025-05-06T11:00:00Z,s11,2.2
35,2025-05-06T11:00:00Z,s12,1
35,2025-05-06T11:00:00Z,s13,5
35,2025-05-06T11:00:00Z,s14,4.43
35,2025-05-06T11:00:00Z,s15,6.68
35,2025-05-06T11:00:00Z,s16,5.72
35,2025-05-06T11:00:00Z,s17,11.35
35,2025-05-06T11:00:00Z,s18,7.78
35,2025-05-06T11:00:00Z,s19,7.35
35,2025-05-06T11:00:00Z,s20,6.12
35,2025-05-06T11:00:00Z,s21,9.18
35,2025-05-06T11:00:00Z,s22,6.48
35,2025-05-06T11:00:00Z,s23,4.18
35,2025-05-06T11:00:00Z,s24,9.05
35,2025-05-06T11:00:00Z,s25,8.78
35,2025-05-06T11:00:00Z,s26,4.46
36,2025-05-06T12:00:00Z,s01,5.9
36,2025-05-06T12:00:00Z,s02,1.6
36,2025-05-06T12:00:00Z,s03,6.7
36,2025-05-06T12:00:00Z,s04,5
36,2025-05-06T12:00:00Z,s05,4.9
36,2025-05-06T12:00:00Z,s06,6.9
36,2025-05-06T12:00:00Z,s07,7.8
36,2025-05-06T12:00:00Z,s08,6.7
36,2025-05-06T12:00:00Z,s09,7.2
36,2025-05-06T12:00:00Z,s10,7.1
36,2025-05-06T12:00:00Z,s11,3.2
36,2025-05-06T12:00:00Z,s12,0.1
36,2025-05-06T12:00:00Z,s13,4.8
36,2025-05-06T12:00:00Z,s14,4.6
36,2025-05-06T12:00:00Z,s15,6.5
36,2025-05-06T12:00:00Z,s16,5.59
36,2025-05-06T12:00:00Z,s17,9.65
36,2025-05-06T12:00:00Z,s18,8.16
36,2025-05-06T12:00:00Z,s19,8.24
36,2025-05-06T12:00:00Z,s20,6.49
36,2025-05-06T12:00:00Z,s21,7.88
36,2025-05-06T12:00:00Z,s22,7.05
36,2025-05-06T12:00:00Z,s23,4.81
36,2025-05-06T12:00:00Z,s24,7.96
36,2025-05-06T12:00:00Z,s25,7.36
36,2025-05-06T12:00:00Z,s26,4.52
37,2025-05-06T13:00:00Z,s01,6.4
37,2025-05-06T13:00:00Z,s02,2.6
37,2025-05-06T13:00:00Z,s03,6.3
37,2025-05-06T13:00:00Z,s04,2.4
37,2025-05-06T13:00:00Z,s05,4.5
37,2025-05-06T13:00:00Z,s06,6.6
37,2025-05-06T13:00:00Z,s07,7.6
37,2025-05-06T13:00:00Z,s08,5.2
37,2025-05-06T13:00:00Z,s09,6.2
37,2025-05-06T13:00:00Z,s10,7
37,2025-05-06T13:00:00Z,s11,4.2
37,2025-05-06T13:00:00Z,s12,0
37,2025-05-06T13:00:00Z,s13,3.5
37,2025-05-06T13:00:00Z,s14,3.88
37,2025-05-06T13:00:00Z,s15,6.4
37,2025-05-06T13:00:00Z,s16,4.06
37,2025-05-06T13:00:00Z,s17,8.86
37,2025-05-06T13:00:00Z,s18,6.18
37,2025-05-06T13:00:00Z,s19,3.84
37,2025-05-06T13:00:00Z,s20,5.25
37,2025-05-06T13:00:00Z,s21,9.37
37,2025-05-06T13:00:00Z,s22,4.94
37,2025-05-06T13:00:00Z,s23,3.57
37,2025-05-06T13:00:00Z,s24,6.9
37,2025-05-06T13:00:00Z,s25,9.46
37,2025-05-06T13:00:00Z,s26,4.04
38,2025-05-06T14:00:00Z,s01,6.6
38,2025-05-06T14:00:00Z,s02,0
38,2025-05-06T14:00:00Z,s03,5.1
38,2025-05-06T14:00:00Z,s04,2.7
38,2025-05-06T14:00:00Z,s05,3.2
38,2025-05-06T14:00:00Z,s06,5.6
38,2025-05-06T14:00:00Z,s07,6.3
38,2025-05-06T14:00:00Z,s08,5.8
38,2025-05-06T14:00:00Z,s09,6.4
38,2025-05-06T14:00:00Z,s10,6.4
38,2025-05-06T14:00:00Z,s11,3.7
38,2025-05-06T14:00:00Z,s12,0.1
38,2025-05-06T14:00:00Z,s13,3.4
38,2025-05-06T14:00:00Z,s14,4.84
38,2025-05-06T14:00:00Z,s15,7.2
38,2025-05-06T14:00:00Z,s16,5.13
38,2025-05-06T14:00:00Z,s17,7.42
38,2025-05-06T14:00:00Z,s18,7.24
38,2025-05-06T14:00:00Z,s19,6.39
38,2025-05-06T14:00:00Z,s20,6.58
38,2025-05-06T14:00:00Z,s21,5.66
38,2025-05-06T14:00:00Z,s22,5.97
38,2025-05-06T14:00:00Z,s23,5.15
38,2025-05-06T14:00:00Z,s24,6.47
38,2025-05-06T14:00:00Z,s25,6.05
38,2025-05-06T14:00:00Z,s26,3.95
39,2025-05-06T15:00:00Z,s01,5.1
39,2025-05-06T15:00:00Z,s02,4.8
39,2025-05-06T15:00:00Z,s03,5.5
39,2025-05-06T15:00:00Z,s04,5.3
39,2025-05-06T15:00:00Z,s05,3
39,2025-05-06T15:00:00Z,s06,5.5
39,2025-05-06T15:00:00Z,s07,6.1
39,2025-05-06T15:00:00Z,s08,6.9
39,2025-05-06T15:00:00Z,s09,7
39,2025-05-06T15:00:00Z,s10,6.7
39,2025-05-06T15:00:00Z,s11,3.8
39,2025-05-06T15:00:00Z,s12,0.7
39,2025-05-06T15:00:00Z,s13,4.2
39,2025-05-06T15:00:00Z,s14,5.27
39,2025-05-06T15:00:00Z,s15,8.03
39,2025-05-06T15:00:00Z,s16,6.35
39,2025-05-06T15:00:00Z,s17,8.56
39,2025-05-06T15:00:00Z,s18,11.12
39,2025-05-06T15:00:00Z,s19,8.78
39,2025-05-06T15:00:00Z,s20,6.75
39,2025-05-06T15:00:00Z,s21,7.44
39,2025-05-06T15:00:00Z,s22,8.4
39,2025-05-06T15:00:00Z,s23,4.93
39,2025-05-06T15:00:00Z,s24,6.5
39,2025-05-06T15:00:00Z,s25,8.48
39,2025-05-06T15:00:00Z,s26,4.39
40,2025-05-06T16:00:00Z,s01,4
40,2025-05-06T16:00:00Z,s02,3.5
40,2025-05-06T16:00:00Z,s03,6.7
40,2025-05-06T16:00:00Z,s04,3.7
40,2025-05-06T16:00:00Z,s05,2.6
40,2025-05-06T16:00:00Z,s06,5.6
40,2025-05-06T16:00:00Z,s07,6.2
40,2025-05-06T16:00:00Z,s08,8.3
40,2025-05-06T16:00:00Z,s09,7.6
40,2025-05-06T16:00:00Z,s10,7.1
40,2025-05-06T16:00:00Z,s11,2.5
40,2025-05-06T16:00:00Z,s12,1.3
40,2025-05-06T16:00:00Z,s13,5.2
40,2025-05-06T16:00:00Z,s14,5.76
40,2025-05-06T16:00:00Z,s15,7.94
40,2025-05-06T16:00:00Z,s16,7.36
40,2025-05-06T16:00:00Z,s17,9.18
40,2025-05-06T16:00:00Z,s18,10.48
40,2025-05-06T16:00:00Z,s19,8.2
40,2025-05-06T16:00:00Z,s20,8.25
40,2025-05-06T16:00:00Z,s21,6.56
40,2025-05-06T16:00:00Z,s22,8.49
40,2025-05-06T16:00:00Z,s23,5.76
40,2025-05-06T16:00:00Z,s24,6.7
40,2025-05-06T16:00:00Z,s25,8.56
40,2025-05-06T16:00:00Z,s26,4.77
41,2025-05-06T17:00:00Z,s01,4.3
41,2025-05-06T17:00:00Z,s02,7.1
41,2025-05-06T17:00:00Z,s03,7.3
41,2025-05-06T17:00:00Z,s04,7.2
41,2025-05-06T17:00:00Z,s05,3.5
41,2025-05-06T17:00:00Z,s06,5.7
41,2025-05-06T17:00:00Z,s07,6.2
41,2025-05-06T17:00:00Z,s08,8.5
41,2025-05-06T17:00:00Z,s09,7.4
41,2025-05-06T17:00:00Z,s10,7
41,2025-05-06T17:00:00Z,s11,3.3
41,2025-05-06T17:00:00Z,s12,1.8
41,2025-05-06T17:00:00Z,s13,5.5
41,2025-05-06T17:00:00Z,s14,5.17
41,2025-05-06T17:00:00Z,s15,7.24
41,2025-05-06T17:00:00Z,s16,6.98
41,2025-05-06T17:00:00Z,s17,10.45
41,2025-05-06T17:00:00Z,s18,10.89
41,2025-05-06T17:00:00Z,s19,6.68
41,2025-05-06T17:00:00Z,s20,6.65
41,2025-05-06T17:00:00Z,s21,6.07
41,2025-05-06T17:00:00Z,s22,9.03
41,2025-05-06T17:00:00Z,s23,5.86
41,2025-05-06T17:00:00Z,s24,6.54
41,2025-05-06T17:00:00Z,s25,8.49
41,2025-05-06T17:00:00Z,s26,4.71
42,2025-05-06T18:00:00Z,s01,8.9
42,2025-05-06T18:00:00Z,s02,5
42,2025-05-06T18:00:00Z,s03,7.3
42,2025-05-06T18:00:00Z,s04,7.6
42,2025-05-06T18:00:00Z,s05,2.6
42,2025-05-06T18:00:00Z,s06,5.6
42,2025-05-06T18:00:00Z,s07,6.1
42,2025-05-06T18:00:00Z,s08,8.5
42,2025-05-06T18:00:00Z,s09,7.3
42,2025-05-06T18:00:00Z,s10,6.6
42,2025-05-06T18:00:00Z,s11,1.7
42,2025-05-06T18:00:00Z,s12,0.9
42,2025-05-06T18:00:00Z,s13,5.5
42,2025-05-06T18:00:00Z,s14,5.64
42,2025-05-06T18:00:00Z,s15,6.2
42,2025-05-06T18:00:00Z,s16,6.07
42,2025-05-06T18:00:00Z,s17,8.64
42,2025-05-06T18:00:00Z,s18,7.01
42,2025-05-06T18:00:00Z,s19,5.04
42,2025-05-06T18:00:00Z,s20,5.46
42,2025-05-06T18:00:00Z,s21,5.62
42,2025-05-06T18:00:00Z,s22,7.56
42,2025-05-06T18:00:00Z,s23,5.22
42,2025-05-06T18:00:00Z,s24,5.16
42,2025-05-06T18:00:00Z,s25,6.85
42,2025-05-06T18:00:00Z,s26,4.42
43,2025-05-06T19:00:00Z,s01,8.4
43,2025-05-06T19:00:00Z,s02,6.2
43,2025-05-06T19:00:00Z,s03,8.5
43,2025-05-06T19:00:00Z,s04,8.8
43,2025-05-06T19:00:00Z,s05,2.2
43,2025-05-06T19:00:00Z,s06,5.9
43,2025-05-06T19:00:00Z,s07,6.6
43,2025-05-06T19:00:00Z,s08,10.9
43,2025-05-06T19:00:00Z,s09,9.1
43,2025-05-06T19:00:00Z,s10,6.7
43,2025-05-06T19:00:00Z,s11,1.8
43,2025-05-06T19:00:00Z,s12,1.4
43,2025-05-06T19:00:00Z,s13,6.8
43,2025-05-06T19:00:00Z,s14,5.89
43,2025-05-06T19:00:00Z,s15,6.94
43,2025-05-06T19:00:00Z,s16,6.87
43,2025-05-06T19:00:00Z,s17,8.22
43,2025-05-06T19:00:00Z,s18,7.46
43,2025-05-06T19:00:00Z,s19,7.09
43,2025-05-06T19:00:00Z,s20,6.4
43,2025-05-06T19:00:00Z,s21,5.23
43,2025-05-06T19:00:00Z,s22,8.46
43,2025-05-06T19:00:00Z,s23,6.54
43,2025-05-06T19:00:00Z,s24,5.8
43,2025-05-06T19:00:00Z,s25,7.6
43,2025-05-06T19:00:00Z,s26,5.71
44,2025-05-06T20:00:00Z,s01,7.9
44,2025-05-06T20:00:00Z,s02,5.7
44,2025-05-06T20:00:00Z,s03,9.6
44,2025-05-06T20:00:00Z,s04,6.4
44,2025-05-06T20:00:00Z,s05,3.2
44,2025-05-06T20:00:00Z,s06,6.4
44,2025-05-06T20:00:00Z,s07,7.2
44,2025-05-06T20:00:00Z,s08,11.8
44,2025-05-06T20:00:00Z,s09,10.9
44,2025-05-06T20:00:00Z,s10,7.6
44,2025-05-06T20:00:00Z,s11,3.2
44,2025-05-06T20:00:00Z,s12,2.1
44,2025-05-06T20:00:00Z,s13,7.4
44,2025-05-06T20:00:00Z,s14,6.55
44,2025-05-06T20:00:00Z,s15,7.71
44,2025-05-06T20:00:00Z,s16,6.54
44,2025-05-06T20:00:00Z,s17,8.37
44,2025-05-06T20:00:00Z,s18,9.24
44,2025-05-06T20:00:00Z,s19,7.27
44,2025-05-06T20:00:00Z,s20,7.33
44,2025-05-06T20:00:00Z,s21,7.42
44,2025-05-06T20:00:00Z,s22,8.33
44,2025-05-06T20:00:00Z,s23,6.32
44,2025-05-06T20:00:00Z,s24,6.64
44,2025-05-06T20:00:00Z,s25,7.11
44,2025-05-06T20:00:00Z,s26,7.43
45,2025-05-06T21:00:00Z,s01,8.4
45,2025-05-06T21:00:00Z,s02,3.6
45,2025-05-06T21:00:00Z,s03,9
45,2025-05-06T21:00:00Z,s04,4.9
45,2025-05-06T21:00:00Z,s05,2.8
45,2025-05-06T21:00:00Z,s06,6.3
45,2025-05-06T21:00:00Z,s07,7
45,2025-05-06T21:00:00Z,s08,10
45,2025-05-06T21:00:00Z,s09,10
45,2025-05-06T21:00:00Z,s10,8
45,2025-05-06T21:00:00Z,s11,3.3
45,2025-05-06T21:00:00Z,s12,1.3
45,2025-05-06T21:00:00Z,s13,6.4
45,2025-05-06T21:00:00Z,s14,5.89
45,2025-05-06T21:00:00Z,s15,6.89
45,2025-05-06T21:00:00Z,s16,5.79
45,2025-05-06T21:00:00Z,s17,7.53
45,2025-05-06T21:00:00Z,s18,10.6
45,2025-05-06T21:00:00Z,s19,6.97
45,2025-05-06T21:00:00Z,s20,7.45
45,2025-05-06T21:00:00Z,s21,7.24
45,2025-05-06T21:00:00Z,s22,8.85
45,2025-05-06T21:00:00Z,s23,5.14
45,2025-05-06T21:00:00Z,s24,6.82
45,2025-05-06T21:00:00Z,s25,7.19
45,2025-05-06T21:00:00Z,s26,6.51
46,2025-05-06T22:00:00Z,s01,7.4
46,2025-05-06T22:00:00Z,s02,5.5
46,2025-05-06T22:00:00Z,s03,7.3
46,2025-05-06T22:00:00Z,s04,4.3
46,2025-05-06T22:00:00Z,s05,3.6
46,2025-05-06T22:00:00Z,s06,6.5
46,2025-05-06T22:00:00Z,s07,7.2
46,2025-05-06T22:00:00Z,s08,10.1
46,2025-05-06T22:00:00Z,s09,9.3
46,2025-05-06T22:00:00Z,s10,7.9
46,2025-05-06T22:00:00Z,s11,3
46,2025-05-06T22:00:00Z,s12,2.1
46,2025-05-06T22:00:00Z,s13,6.1
46,2025-05-06T22:00:00Z,s14,6.98
46,2025-05-06T22:00:00Z,s15,8.02
46,2025-05-06T22:00:00Z,s16,6.9
46,2025-05-06T22:00:00Z,s17,10.32
46,2025-05-06T22:00:00Z,s18,12.39
46,2025-05-06T22:00:00Z,s19,8.86
46,2025-05-06T22:00:00Z,s20,8.66
46,2025-05-06T22:00:00Z,s21,8.42
46,2025-05-06T22:00:00Z,s22,10.02
46,2025-05-06T22:00:00Z,s23,6.33
46,2025-05-06T22:00:00Z,s24,7.65
46,2025-05-06T22:00:00Z,s25,9.19
46,2025-05-06T22:00:00Z,s26,6.43
47,2025-05-06T23:00:00Z,s01,7.1
47,2025-05-06T23:00:00Z,s02,7.7
47,2025-05-06T23:00:00Z,s03,6.9
47,2025-05-06T23:00:00Z,s04,6.2
47,2025-05-06T23:00:00Z,s05,4.8
47,2025-05-06T23:00:00Z,s06,7.1
47,2025-05-06T23:00:00Z,s07,8.8
47,2025-05-06T23:00:00Z,s08,9.9
47,2025-05-06T23:00:00Z,s09,8.7
47,2025-05-06T23:00:00Z,s10,8
47,2025-05-06T23:00:00Z,s11,2.7
47,2025-05-06T23:00:00Z,s12,4.1
47,2025-05-06T23:00:00Z,s13,7.5
47,2025-05-06T23:00:00Z,s14,7.37
47,2025-05-06T23:00:00Z,s15,9.6
47,2025-05-06T23:00:00Z,s16,8.4
47,2025-05-06T23:00:00Z,s17,13.44
47,2025-05-06T23:00:00Z,s18,17.57
47,2025-05-06T23:00:00Z,s19,11.46
47,2025-05-06T23:00:00Z,s20,10.54
47,2025-05-06T23:00:00Z,s21,10.91
47,2025-05-06T23:00:00Z,s22,12.49
47,2025-05-06T23:00:00Z,s23,7.36
47,2025-05-06T23:00:00Z,s24,7.4
47,2025-05-06T23:00:00Z,s25,12.16
47,2025-05-06T23:00:00Z,s26,7.17
48,2025-05-07T00:00:00Z,s01,7.6
48,2025-05-07T00:00:00Z,s02,8.1
48,2025-05-07T00:00:00Z,s03,7.5
48,2025-05-07T00:00:00Z,s04,5.4
48,2025-05-07T00:00:00Z,s05,6
48,2025-05-07T00:00:00Z,s06,7.2
48,2025-05-07T00:00:00Z,s07,9.1
48,2025-05-07T00:00:00Z,s08,9.8
48,2025-05-07T00:00:00Z,s09,10.1
48,2025-05-07T00:00:00Z,s10,9
48,2025-05-07T00:00:00Z,s11,5.4
48,2025-05-07T00:00:00Z,s12,5.5
48,2025-05-07T00:00:00Z,s13,7.6
48,2025-05-07T00:00:00Z,s14,7.87
48,2025-05-07T00:00:00Z,s15,9.28
48,2025-05-07T00:00:00Z,s16,8.87
48,2025-05-07T00:00:00Z,s17,14.78
48,2025-05-07T00:00:00Z,s18,14.49
48,2025-05-07T00:00:00Z,s19,12.41
48,2025-05-07T00:00:00Z,s20,10.16
48,2025-05-07T00:00:00Z,s21,9.6
48,2025-05-07T00:00:00Z,s22,11.43
48,2025-05-07T00:00:00Z,s23,6.88
48,2025-05-07T00:00:00Z,s24,9.58
48,2025-05-07T00:00:00Z,s25,11.65
48,2025-05-07T00:00:00Z,s26,6.91
49,2025-05-07T01:00:00Z,s01,9
49,2025-05-07T01:00:00Z,s02,7
49,2025-05-07T01:00:00Z,s03,8.2
49,2025-05-07T01:00:00Z,s04,3.4
49,2025-05-07T01:00:00Z,s05,6.9
49,2025-05-07T01:00:00Z,s06,8.9
49,2025-05-07T01:00:00Z,s07,11.3
49,2025-05-07T01:00:00Z,s08,14.4
49,2025-05-07T01:00:00Z,s09,13.4
49,2025-05-07T01:00:00Z,s10,11.4
49,2025-05-07T01:00:00Z,s11,6.1
49,2025-05-07T01:00:00Z,s12,5.6
49,2025-05-07T01:00:00Z,s13,5.7
49,2025-05-07T01:00:00Z,s14,10.16
49,2025-05-07T01:00:00Z,s15,11.7
49,2025-05-07T01:00:00Z,s16,11.28
49,2025-05-07T01:00:00Z,s17,18.09
49,2025-05-07T01:00:00Z,s18,14.15
49,2025-05-07T01:00:00Z,s19,9.31
49,2025-05-07T01:00:00Z,s20,13.41
49,2025-05-07T01:00:00Z,s21,12.62
49,2025-05-07T01:00:00Z,s22,12.05
49,2025-05-07T01:00:00Z,s23,10.18
49,2025-05-07T01:00:00Z,s24,13.66
49,2025-05-07T01:00:00Z,s25,15.53
49,2025-05-07T01:00:00Z,s26,8.68
50,2025-05-07T02:00:00Z,s01,9.6
50,2025-05-07T02:00:00Z,s02,5.7
50,2025-05-07T02:00:00Z,s03,7.1
50,2025-05-07T02:00:00Z,s04,4.7
50,2025-05-07T02:00:00Z,s05,7.4
50,2025-05-07T02:00:00Z,s06,10.6
50,2025-05-07T02:00:00Z,s07,13.5
50,2025-05-07T02:00:00Z,s08,12.4
50,2025-05-07T02:00:00Z,s09,16.1
50,2025-05-07T02:00:00Z,s10,11.2
50,2025-05-07T02:00:00Z,s11,6.4
50,2025-05-07T02:00:00Z,s12,4.7
50,2025-05-07T02:00:00Z,s13,4.7
50,2025-05-07T02:00:00Z,s14,11.94
50,2025-05-07T02:00:00Z,s15,11.83
50,2025-05-07T02:00:00Z,s16,10.66
50,2025-05-07T02:00:00Z,s17,16.14
50,2025-05-07T02:00:00Z,s18,8.31
50,2025-05-07T02:00:00Z,s19,5.71
50,2025-05-07T02:00:00Z,s20,11.16
50,2025-05-07T02:00:00Z,s21,15.32
50,2025-05-07T02:00:00Z,s22,7.25
50,2025-05-07T02:00:00Z,s23,9.37
50,2025-05-07T02:00:00Z,s24,13.26
50,2025-05-07T02:00:00Z,s25,17.85
50,2025-05-07T02:00:00Z,s26,11.16
51,2025-05-07T03:00:00Z,s01,10.6
51,2025-05-07T03:00:00Z,s02,6.6
51,2025-05-07T03:00:00Z,s03,6.5
51,2025-05-07T03:00:00Z,s04,4.1
51,2025-05-07T03:00:00Z,s05,5.1
51,2025-05-07T03:00:00Z,s06,8.7
51,2025-05-07T03:00:00Z,s07,11.6
51,2025-05-07T03:00:00Z,s08,8.8
51,2025-05-07T03:00:00Z,s09,14.9
51,2025-05-07T03:00:00Z,s10,9
51,2025-05-07T03:00:00Z,s11,7.7
51,2025-05-07T03:00:00Z,s12,3.6
51,2025-05-07T03:00:00Z,s13,4.3
51,2025-05-07T03:00:00Z,s14,9.72
51,2025-05-07T03:00:00Z,s15,7.31
51,2025-05-07T03:00:00Z,s16,9.23
51,2025-05-07T03:00:00Z,s17,10.18
51,2025-05-07T03:00:00Z,s18,7.28
51,2025-05-07T03:00:00Z,s19,5.56
51,2025-05-07T03:00:00Z,s20,9.65
51,2025-05-07T03:00:00Z,s21,10.19
51,2025-05-07T03:00:00Z,s22,5.81
51,2025-05-07T03:00:00Z,s23,7.87
51,2025-05-07T03:00:00Z,s24,6.75
51,2025-05-07T03:00:00Z,s25,11.63
51,2025-05-07T03:00:00Z,s26,10.71
52,2025-05-07T04:00:00Z,s01,9.3
52,2025-05-07T04:00:00Z,s02,5.2
52,2025-05-07T04:00:00Z,s03,6
52,2025-05-07T04:00:00Z,s04,4.9
52,2025-05-07T04:00:00Z,s05,5
52,2025-05-07T04:00:00Z,s06,7.3
52,2025-05-07T04:00:00Z,s07,10.2
52,2025-05-07T04:00:00Z,s08,9.4
52,2025-05-07T04:00:00Z,s09,15.8
52,2025-05-07T04:00:00Z,s10,7.4
52,2025-05-07T04:00:00Z,s11,7.6
52,2025-05-07T04:00:00Z,s12,3.4
52,2025-05-07T04:00:00Z,s13,4.7
52,2025-05-07T04:00:00Z,s14,9.68
52,2025-05-07T04:00:00Z,s15,7.07
52,2025-05-07T04:00:00Z,s16,8.62
52,2025-05-07T04:00:00Z,s17,9.75
52,2025-05-07T04:00:00Z,s18,5.82
52,2025-05-07T04:00:00Z,s19,5.31
52,2025-05-07T04:00:00Z,s20,8.44
52,2025-05-07T04:00:00Z,s21,10.74
52,2025-05-07T04:00:00Z,s22,5.4
52,2025-05-07T04:00:00Z,s23,7.55
52,2025-05-07T04:00:00Z,s24,5.77
52,2025-05-07T04:00:00Z,s25,11.97
52,2025-05-07T04:00:00Z,s26,10.22
53,2025-05-07T05:00:00Z,s01,7.6
53,2025-05-07T05:00:00Z,s02,5
53,2025-05-07T05:00:00Z,s03,6.5
53,2025-05-07T05:00:00Z,s04,5.4
53,2025-05-07T05:00:00Z,s05,6.1
53,2025-05-07T05:00:00Z,s06,8.4
53,2025-05-07T05:00:00Z,s07,12.4
53,2025-05-07T05:00:00Z,s08,10.3
53,2025-05-07T05:00:00Z,s09,18.2
53,2025-05-07T05:00:00Z,s10,6.7
53,2025-05-07T05:00:00Z,s11,6.8
53,2025-05-07T05:00:00Z,s12,3.1
53,2025-05-07T05:00:00Z,s13,5.8
53,2025-05-07T05:00:00Z,s14,9.94
53,2025-05-07T05:00:00Z,s15,8.54
53,2025-05-07T05:00:00Z,s16,8.49
53,2025-05-07T05:00:00Z,s17,10.06
53,2025-05-07T05:00:00Z,s18,6.48
53,2025-05-07T05:00:00Z,s19,5.35
53,2025-05-07T05:00:00Z,s20,7.58
53,2025-05-07T05:00:00Z,s21,13.4
53,2025-05-07T05:00:00Z,s22,5.9
53,2025-05-07T05:00:00Z,s23,8.43
53,2025-05-07T05:00:00Z,s24,8.21
53,2025-05-07T05:00:00Z,s25,15.17
53,2025-05-07T05:00:00Z,s26,9.7
54,2025-05-07T06:00:00Z,s01,6.9
54,2025-05-07T06:00:00Z,s02,6.7
54,2025-05-07T06:00:00Z,s03,7.7
54,2025-05-07T06:00:00Z,s04,5.1
54,2025-05-07T06:00:00Z,s05,6.8
54,2025-05-07T06:00:00Z,s06,9.1
54,2025-05-07T06:00:00Z,s07,12.6
54,2025-05-07T06:00:00Z,s08,8.9
54,2025-05-07T06:00:00Z,s09,16.5
54,2025-05-07T06:00:00Z,s10,8.5
54,2025-05-07T06:00:00Z,s11,5.3
54,2025-05-07T06:00:00Z,s12,1.2
54,2025-05-07T06:00:00Z,s13,5.5
54,2025-05-07T06:00:00Z,s14,8.03
54,2025-05-07T06:00:00Z,s15,8.77
54,2025-05-07T06:00:00Z,s16,8.24
54,2025-05-07T06:00:00Z,s17,12.14
54,2025-05-07T06:00:00Z,s18,8.41
54,2025-05-07T06:00:00Z,s19,4.98
54,2025-05-07T06:00:00Z,s20,7.17
54,2025-05-07T06:00:00Z,s21,11.45
54,2025-05-07T06:00:00Z,s22,7.21
54,2025-05-07T06:00:00Z,s23,7.64
54,2025-05-07T06:00:00Z,s24,8.5
54,2025-05-07T06:00:00Z,s25,13.3
54,2025-05-07T06:00:00Z,s26,9.67
55,2025-05-07T07:00:00Z,s01,5.3
55,2025-05-07T07:00:00Z,s02,4.4
55,2025-05-07T07:00:00Z,s03,8.2
55,2025-05-07T07:00:00Z,s04,6.6
55,2025-05-07T07:00:00Z,s05,6.7
55,2025-05-07T07:00:00Z,s06,9.2
55,2025-05-07T07:00:00Z,s07,11.9
55,2025-05-07T07:00:00Z,s08,8.3
55,2025-05-07T07:00:00Z,s09,14.6
55,2025-05-07T07:00:00Z,s10,10.2
55,2025-05-07T07:00:00Z,s11,5.8
55,2025-05-07T07:00:00Z,s12,1.5
55,2025-05-07T07:00:00Z,s13,5.3
55,2025-05-07T07:00:00Z,s14,7.82
55,2025-05-07T07:00:00Z,s15,8.1
55,2025-05-07T07:00:00Z,s16,7.49
55,2025-05-07T07:00:00Z,s17,10.88
55,2025-05-07T07:00:00Z,s18,7.69
55,2025-05-07T07:00:00Z,s19,5.35
55,2025-05-07T07:00:00Z,s20,6.46
55,2025-05-07T07:00:00Z,s21,9.48
55,2025-05-07T07:00:00Z,s22,6.79
55,2025-05-07T07:00:00Z,s23,6.92
55,2025-05-07T07:00:00Z,s24,7.69
55,2025-05-07T07:00:00Z,s25,11.02
55,2025-05-07T07:00:00Z,s26,8.98
56,2025-05-07T08:00:00Z,s01,4.4
56,2025-05-07T08:00:00Z,s02,5.8
56,2025-05-07T08:00:00Z,s03,6.2
56,2025-05-07T08:00:00Z,s04,4.8
56,2025-05-07T08:00:00Z,s05,7.1
56,2025-05-07T08:00:00Z,s06,8.5
56,2025-05-07T08:00:00Z,s07,10.7
56,2025-05-07T08:00:00Z,s08,7.3
56,2025-05-07T08:00:00Z,s09,12.7
56,2025-05-07T08:00:00Z,s10,10
56,2025-05-07T08:00:00Z,s11,6.2
56,2025-05-07T08:00:00Z,s12,3.1
56,2025-05-07T08:00:00Z,s13,5.6
56,2025-05-07T08:00:00Z,s14,7.12
56,2025-05-07T08:00:00Z,s15,7.45
56,2025-05-07T08:00:00Z,s16,6.26
56,2025-05-07T08:00:00Z,s17,11.41
56,2025-05-07T08:00:00Z,s18,7.99
56,2025-05-07T08:00:00Z,s19,6.08
56,2025-05-07T08:00:00Z,s20,6.96
56,2025-05-07T08:00:00Z,s21,7.97
56,2025-05-07T08:00:00Z,s22,5.74
56,2025-05-07T08:00:00Z,s23,5.57
56,2025-05-07T08:00:00Z,s24,8
56,2025-05-07T08:00:00Z,s25,10.56
56,2025-05-07T08:00:00Z,s26,7.84
57,2025-05-07T09:00:00Z,s01,3.9
57,2025-05-07T09:00:00Z,s02,3.5
57,2025-05-07T09:00:00Z,s03,7.3
57,2025-05-07T09:00:00Z,s04,3.5
57,2025-05-07T09:00:00Z,s05,6.2
57,2025-05-07T09:00:00Z,s06,7.9
57,2025-05-07T09:00:00Z,s07,9.9
57,2025-05-07T09:00:00Z,s08,7
57,2025-05-07T09:00:00Z,s09,11
57,2025-05-07T09:00:00Z,s10,8.7
57,2025-05-07T09:00:00Z,s11,5.8
57,2025-05-07T09:00:00Z,s12,3.6
57,2025-05-07T09:00:00Z,s13,5.6
57,2025-05-07T09:00:00Z,s14,10.41
57,2025-05-07T09:00:00Z,s15,5.52
57,2025-05-07T09:00:00Z,s16,7.14
57,2025-05-07T09:00:00Z,s17,9.65
57,2025-05-07T09:00:00Z,s18,6.12
57,2025-05-07T09:00:00Z,s19,6.17
57,2025-05-07T09:00:00Z,s20,6.18
57,2025-05-07T09:00:00Z,s21,7.83
57,2025-05-07T09:00:00Z,s22,4.56
57,2025-05-07T09:00:00Z,s23,4.73
57,2025-05-07T09:00:00Z,s24,7.82
57,2025-05-07T09:00:00Z,s25,9.79
57,2025-05-07T09:00:00Z,s26,6.49
58,2025-05-07T10:00:00Z,s01,4.6
58,2025-05-07T10:00:00Z,s02,3.2
58,2025-05-07T10:00:00Z,s03,9
58,2025-05-07T10:00:00Z,s04,3.9
58,2025-05-07T10:00:00Z,s05,5.7
58,2025-05-07T10:00:00Z,s06,9.3
58,2025-05-07T10:00:00Z,s07,10.7
58,2025-05-07T10:00:00Z,s08,6.5
58,2025-05-07T10:00:00Z,s09,9.4
58,2025-05-07T10:00:00Z,s10,6.8
58,2025-05-07T10:00:00Z,s11,5.5
58,2025-05-07T10:00:00Z,s12,3.7
58,2025-05-07T10:00:00Z,s13,5.2
58,2025-05-07T10:00:00Z,s14,7.38
58,2025-05-07T10:00:00Z,s15,5.27
58,2025-05-07T10:00:00Z,s16,5.58
58,2025-05-07T10:00:00Z,s17,9.56
58,2025-05-07T10:00:00Z,s18,7.04
58,2025-05-07T10:00:00Z,s19,6.49
58,2025-05-07T10:00:00Z,s20,6.26
58,2025-05-07T10:00:00Z,s21,11.03
58,2025-05-07T10:00:00Z,s22,4.28
58,2025-05-07T10:00:00Z,s23,5.03
58,2025-05-07T10:00:00Z,s24,6.94
58,2025-05-07T10:00:00Z,s25,8.94
58,2025-05-07T10:00:00Z,s26,6.46
59,2025-05-07T11:00:00Z,s01,5.1
59,2025-05-07T11:00:00Z,s02,3.1
59,2025-05-07T11:00:00Z,s03,6.8
59,2025-05-07T11:00:00Z,s04,5.4
59,2025-05-07T11:00:00Z,s05,4.8
59,2025-05-07T11:00:00Z,s06,9.3
59,2025-05-07T11:00:00Z,s07,10.5
59,2025-05-07T11:00:00Z,s08,5.9
59,2025-05-07T11:00:00Z,s09,7.7
59,2025-05-07T11:00:00Z,s10,5.6
59,2025-05-07T11:00:00Z,s11,5.1
59,2025-05-07T11:00:00Z,s12,3.3
59,2025-05-07T11:00:00Z,s13,4.8
59,2025-05-07T11:00:00Z,s14,6.79
59,2025-05-07T11:00:00Z,s15,4.88
59,2025-05-07T11:00:00Z,s16,5.06
59,2025-05-07T11:00:00Z,s17,8.65
59,2025-05-07T11:00:00Z,s18,9.06
59,2025-05-07T11:00:00Z,s19,5.6
59,2025-05-07T11:00:00Z,s20,5.97
59,2025-05-07T11:00:00Z,s21,10.84
59,2025-05-07T11:00:00Z,s22,4.66
59,2025-05-07T11:00:00Z,s23,4.21
59,2025-05-07T11:00:00Z,s24,6.13
59,2025-05-07T11:00:00Z,s25,7.31
59,2025-05-07T11:00:00Z,s26,5.73
60,2025-05-07T12:00:00Z,s01,5.1
60,2025-05-07T12:00:00Z,s02,1.8
60,2025-05-07T12:00:00Z,s03,8.3
60,2025-05-07T12:00:00Z,s04,7
60,2025-05-07T12:00:00Z,s05,4.5
60,2025-05-07T12:00:00Z,s06,6.7
60,2025-05-07T12:00:00Z,s07,8.3
60,2025-05-07T12:00:00Z,s08,5.1
60,2025-05-07T12:00:00Z,s09,6.5
60,2025-05-07T12:00:00Z,s10,5.5
60,2025-05-07T12:00:00Z,s11,4.1
60,2025-05-07T12:00:00Z,s12,2.4
60,2025-05-07T12:00:00Z,s13,4.5
60,2025-05-07T12:00:00Z,s14,5.17
60,2025-05-07T12:00:00Z,s15,4.64
60,2025-05-07T12:00:00Z,s16,4.96
60,2025-05-07T12:00:00Z,s17,8.42
60,2025-05-07T12:00:00Z,s18,8.05
60,2025-05-07T12:00:00Z,s19,4.72
60,2025-05-07T12:00:00Z,s20,5.95
60,2025-05-07T12:00:00Z,s21,6.24
60,2025-05-07T12:00:00Z,s22,4.74
60,2025-05-07T12:00:00Z,s23,4.05
60,2025-05-07T12:00:00Z,s24,5.34
60,2025-05-07T12:00:00Z,s25,6.31
60,2025-05-07T12:00:00Z,s26,4.37
61,2025-05-07T13:00:00Z,s01,3.4
61,2025-05-07T13:00:00Z,s02,3.3
61,2025-05-07T13:00:00Z,s03,4.8
61,2025-05-07T13:00:00Z,s04,7.1
61,2025-05-07T13:00:00Z,s05,3.6
61,2025-05-07T13:00:00Z,s06,5.8
61,2025-05-07T13:00:00Z,s07,6.8
61,2025-05-07T13:00:00Z,s08,4.5
61,2025-05-07T13:00:00Z,s09,6.1
61,2025-05-07T13:00:00Z,s10,5.7
61,2025-05-07T13:00:00Z,s11,2
61,2025-05-07T13:00:00Z,s12,1.4
61,2025-05-07T13:00:00Z,s13,3.9
61,2025-05-07T13:00:00Z,s14,5.25
61,2025-05-07T13:00:00Z,s15,4.81
61,2025-05-07T13:00:00Z,s16,5.93
61,2025-05-07T13:00:00Z,s17,8.71
61,2025-05-07T13:00:00Z,s18,8.52
61,2025-05-07T13:00:00Z,s19,4.07
61,2025-05-07T13:00:00Z,s20,5.84
61,2025-05-07T13:00:00Z,s21,6.09
61,2025-05-07T13:00:00Z,s22,5.44
61,2025-05-07T13:00:00Z,s23,4.27
61,2025-05-07T13:00:00Z,s24,6.18
61,2025-05-07T13:00:00Z,s25,6.84
61,2025-05-07T13:00:00Z,s26,3.88
62,2025-05-07T14:00:00Z,s01,5.8
62,2025-05-07T14:00:00Z,s02,2.8
62,2025-05-07T14:00:00Z,s03,3.9
62,2025-05-07T14:00:00Z,s04,5.8
62,2025-05-07T14:00:00Z,s05,2.5
62,2025-05-07T14:00:00Z,s06,5.4
62,2025-05-07T14:00:00Z,s07,6.5
62,2025-05-07T14:00:00Z,s08,4.4
62,2025-05-07T14:00:00Z,s09,5.5
62,2025-05-07T14:00:00Z,s10,5.7
62,2025-05-07T14:00:00Z,s11,2.5
62,2025-05-07T14:00:00Z,s12,0.1
62,2025-05-07T14:00:00Z,s13,3.2
62,2025-05-07T14:00:00Z,s14,4.64
62,2025-05-07T14:00:00Z,s15,5.23
62,2025-05-07T14:00:00Z,s16,5.99
62,2025-05-07T14:00:00Z,s17,10.25
62,2025-05-07T14:00:00Z,s18,7.34
62,2025-05-07T14:00:00Z,s19,3.4
62,2025-05-07T14:00:00Z,s20,5.44
62,2025-05-07T14:00:00Z,s21,6.91
62,2025-05-07T14:00:00Z,s22,5.43
62,2025-05-07T14:00:00Z,s23,4.48
62,2025-05-07T14:00:00Z,s24,6.61
62,2025-05-07T14:00:00Z,s25,6.47
62,2025-05-07T14:00:00Z,s26,3.89
63,2025-05-07T15:00:00Z,s01,5.1
63,2025-05-07T15:00:00Z,s02,2.9
63,2025-05-07T15:00:00Z,s03,4.9
63,2025-05-07T15:00:00Z,s04,7.5
63,2025-05-07T15:00:00Z,s05,2
63,2025-05-07T15:00:00Z,s06,5.3
63,2025-05-07T15:00:00Z,s07,6.4
63,2025-05-07T15:00:00Z,s08,4
63,2025-05-07T15:00:00Z,s09,5.3
63,2025-05-07T15:00:00Z,s10,5.2
63,2025-05-07T15:00:00Z,s11,2.2
63,2025-05-07T15:00:00Z,s12,0
63,2025-05-07T15:00:00Z,s13,2.8
63,2025-05-07T15:00:00Z,s14,4.84
63,2025-05-07T15:00:00Z,s15,4.12
63,2025-05-07T15:00:00Z,s16,5.68
63,2025-05-07T15:00:00Z,s17,10.34
63,2025-05-07T15:00:00Z,s18,8.8
63,2025-05-07T15:00:00Z,s19,3.42
63,2025-05-07T15:00:00Z,s20,5.12
63,2025-05-07T15:00:00Z,s21,6.82
63,2025-05-07T15:00:00Z,s22,4.51
63,2025-05-07T15:00:00Z,s23,4.42
63,2025-05-07T15:00:00Z,s24,7.51
63,2025-05-07T15:00:00Z,s25,7.88
63,2025-05-07T15:00:00Z,s26,3.89
64,2025-05-07T16:00:00Z,s01,6.3
64,2025-05-07T16:00:00Z,s02,3.7
64,2025-05-07T16:00:00Z,s03,4.4
64,2025-05-07T16:00:00Z,s04,8.6
64,2025-05-07T16:00:00Z,s05,1
64,2025-05-07T16:00:00Z,s06,4.7
64,2025-05-07T16:00:00Z,s07,5.7
64,2025-05-07T16:00:00Z,s08,3.5
64,2025-05-07T16:00:00Z,s09,4.6
64,2025-05-07T16:00:00Z,s10,4.4
64,2025-05-07T16:00:00Z,s11,2.8
64,2025-05-07T16:00:00Z,s12,0
64,2025-05-07T16:00:00Z,s13,2.5
64,2025-05-07T16:00:00Z,s14,4.35
64,2025-05-07T16:00:00Z,s15,4.89
64,2025-05-07T16:00:00Z,s16,4.38
64,2025-05-07T16:00:00Z,s17,8.98
64,2025-05-07T16:00:00Z,s18,6.04
64,2025-05-07T16:00:00Z,s19,3.23
64,2025-05-07T16:00:00Z,s20,4.3
64,2025-05-07T16:00:00Z,s21,5.64
64,2025-05-07T16:00:00Z,s22,5.16
64,2025-05-07T16:00:00Z,s23,3.5
64,2025-05-07T16:00:00Z,s24,4.63
64,2025-05-07T16:00:00Z,s25,5.47
64,2025-05-07T16:00:00Z,s26,4.27
65,2025-05-07T17:00:00Z,s01,5.1
65,2025-05-07T17:00:00Z,s02,4
65,2025-05-07T17:00:00Z,s03,5.3
65,2025-05-07T17:00:00Z,s04,8.4
65,2025-05-07T17:00:00Z,s05,0.5
65,2025-05-07T17:00:00Z,s06,4.6
65,2025-05-07T17:00:00Z,s07,5.5
65,2025-05-07T17:00:00Z,s08,3.1
65,2025-05-07T17:00:00Z,s09,4.2
65,2025-05-07T17:00:00Z,s10,4.1
65,2025-05-07T17:00:00Z,s11,1.9
65,2025-05-07T17:00:00Z,s12,0
65,2025-05-07T17:00:00Z,s13,2.5
65,2025-05-07T17:00:00Z,s14,4.14
65,2025-05-07T17:00:00Z,s15,5.54
65,2025-05-07T17:00:00Z,s16,4.09
65,2025-05-07T17:00:00Z,s17,8.56
65,2025-05-07T17:00:00Z,s18,10.08
65,2025-05-07T17:00:00Z,s19,2.64
65,2025-05-07T17:00:00Z,s20,4.22
65,2025-05-07T17:00:00Z,s21,5.53
65,2025-05-07T17:00:00Z,s22,4.53
65,2025-05-07T17:00:00Z,s23,5.05
65,2025-05-07T17:00:00Z,s24,4.79
65,2025-05-07T17:00:00Z,s25,4.2
65,2025-05-07T17:00:00Z,s26,3.93
66,2025-05-07T18:00:00Z,s01,3.8
66,2025-05-07T18:00:00Z,s02,2.7
66,2025-05-07T18:00:00Z,s03,4
66,2025-05-07T18:00:00Z,s04,5.3
66,2025-05-07T18:00:00Z,s05,0.7
66,2025-05-07T18:00:00Z,s06,4.4
66,2025-05-07T18:00:00Z,s07,5.1
66,2025-05-07T18:00:00Z,s08,2.9
66,2025-05-07T18:00:00Z,s09,3.9
66,2025-05-07T18:00:00Z,s10,4.1
66,2025-05-07T18:00:00Z,s11,1.8
66,2025-05-07T18:00:00Z,s12,0
66,2025-05-07T18:00:00Z,s13,2.7
66,2025-05-07T18:00:00Z,s14,4.12
66,2025-05-07T18:00:00Z,s15,5.7
66,2025-05-07T18:00:00Z,s16,4.44
66,2025-05-07T18:00:00Z,s17,9.09
66,2025-05-07T18:00:00Z,s18,7.3
66,2025-05-07T18:00:00Z,s19,2.54
66,2025-05-07T18:00:00Z,s20,5.22
66,2025-05-07T18:00:00Z,s21,4.97
66,2025-05-07T18:00:00Z,s22,5.06
66,2025-05-07T18:00:00Z,s23,4.7
66,2025-05-07T18:00:00Z,s24,4.17
66,2025-05-07T18:00:00Z,s25,4.64
66,2025-05-07T18:00:00Z,s26,4.2
67,2025-05-07T19:00:00Z,s01,4.9
67,2025-05-07T19:00:00Z,s02,3
67,2025-05-07T19:00:00Z,s03,3.8
67,2025-05-07T19:00:00Z,s04,3.4
67,2025-05-07T19:00:00Z,s05,0.5
67,2025-05-07T19:00:00Z,s06,4.7
67,2025-05-07T19:00:00Z,s07,4.9
67,2025-05-07T19:00:00Z,s08,3.1
67,2025-05-07T19:00:00Z,s09,3.9
67,2025-05-07T19:00:00Z,s10,4.2
67,2025-05-07T19:00:00Z,s11,0.6
67,2025-05-07T19:00:00Z,s12,0
67,2025-05-07T19:00:00Z,s13,2.9
67,2025-05-07T19:00:00Z,s14,4.15
67,2025-05-07T19:00:00Z,s15,6.53
67,2025-05-07T19:00:00Z,s16,5.45
67,2025-05-07T19:00:00Z,s17,8.32
67,2025-05-07T19:00:00Z,s18,9.06
67,2025-05-07T19:00:00Z,s19,2.55
67,2025-05-07T19:00:00Z,s20,4.81
67,2025-05-07T19:00:00Z,s21,4.59
67,2025-05-07T19:00:00Z,s22,5.04
67,2025-05-07T19:00:00Z,s23,3.88
67,2025-05-07T19:00:00Z,s24,4.19
67,2025-05-07T19:00:00Z,s25,4.62
67,2025-05-07T19:00:00Z,s26,3.99
68,2025-05-07T20:00:00Z,s01,5.8
68,2025-05-07T20:00:00Z,s02,3.5
68,2025-05-07T20:00:00Z,s03,6.1
68,2025-05-07T20:00:00Z,s04,3.4
68,2025-05-07T20:00:00Z,s05,1.9
68,2025-05-07T20:00:00Z,s06,4.6
68,2025-05-07T20:00:00Z,s07,5
68,2025-05-07T20:00:00Z,s08,3.3
68,2025-05-07T20:00:00Z,s09,4.1
68,2025-05-07T20:00:00Z,s10,4.3
68,2025-05-07T20:00:00Z,s11,2
68,2025-05-07T20:00:00Z,s12,1.9
68,2025-05-07T20:00:00Z,s13,3.1
68,2025-05-07T20:00:00Z,s14,3.65
68,2025-05-07T20:00:00Z,s15,5.02
68,2025-05-07T20:00:00Z,s16,4.52
68,2025-05-07T20:00:00Z,s17,9.73
68,2025-05-07T20:00:00Z,s18,8.52
68,2025-05-07T20:00:00Z,s19,3.53
68,2025-05-07T20:00:00Z,s20,5.43
68,2025-05-07T20:00:00Z,s21,5.03
68,2025-05-07T20:00:00Z,s22,4.73
68,2025-05-07T20:00:00Z,s23,3.93
68,2025-05-07T20:00:00Z,s24,3.96
68,2025-05-07T20:00:00Z,s25,5.13
68,2025-05-07T20:00:00Z,s26,3.62
69,2025-05-07T21:00:00Z,s01,6.9
69,2025-05-07T21:00:00Z,s02,2.1
69,2025-05-07T21:00:00Z,s03,6.4
69,2025-05-07T21:00:00Z,s04,0.2
69,2025-05-07T21:00:00Z,s05,4.8
69,2025-05-07T21:00:00Z,s06,4.3
69,2025-05-07T21:00:00Z,s07,5.1
69,2025-05-07T21:00:00Z,s08,3.6
69,2025-05-07T21:00:00Z,s09,4.5
69,2025-05-07T21:00:00Z,s10,4.3
69,2025-05-07T21:00:00Z,s11,4.6
69,2025-05-07T21:00:00Z,s12,2.4
69,2025-05-07T21:00:00Z,s13,3.3
69,2025-05-07T21:00:00Z,s14,4.77
69,2025-05-07T21:00:00Z,s15,4.06
69,2025-05-07T21:00:00Z,s16,4.17
69,2025-05-07T21:00:00Z,s17,8.96
69,2025-05-07T21:00:00Z,s18,8.67
69,2025-05-07T21:00:00Z,s19,4.89
69,2025-05-07T21:00:00Z,s20,6.17
69,2025-05-07T21:00:00Z,s21,5.59
69,2025-05-07T21:00:00Z,s22,7.26
69,2025-05-07T21:00:00Z,s23,4.99
69,2025-05-07T21:00:00Z,s24,3.52
69,2025-05-07T21:00:00Z,s25,5.56
69,2025-05-07T21:00:00Z,s26,4.12
70,2025-05-07T22:00:00Z,s01,5.2
70,2025-05-07T22:00:00Z,s02,3.3
70,2025-05-07T22:00:00Z,s03,5.4
70,2025-05-07T22:00:00Z,s04,2.4
70,2025-05-07T22:00:00Z,s05,5.1
70,2025-05-07T22:00:00Z,s06,4.4
70,2025-05-07T22:00:00Z,s07,5.6
70,2025-05-07T22:00:00Z,s08,4
70,2025-05-07T22:00:00Z,s09,4.9
70,2025-05-07T22:00:00Z,s10,4.4
70,2025-05-07T22:00:00Z,s11,4.2
70,2025-05-07T22:00:00Z,s12,2.5
70,2025-05-07T22:00:00Z,s13,3.8
70,2025-05-07T22:00:00Z,s14,5
70,2025-05-07T22:00:00Z,s15,4.54
70,2025-05-07T22:00:00Z,s16,4.5
70,2025-05-07T22:00:00Z,s17,6.95
70,2025-05-07T22:00:00Z,s18,9.12
70,2025-05-07T22:00:00Z,s19,6
70,2025-05-07T22:00:00Z,s20,6.43
70,2025-05-07T22:00:00Z,s21,5.73
70,2025-05-07T22:00:00Z,s22,6.52
70,2025-05-07T22:00:00Z,s23,5.39
70,2025-05-07T22:00:00Z,s24,3.38
70,2025-05-07T22:00:00Z,s25,5.86
70,2025-05-07T22:00:00Z,s26,4.11
71,2025-05-07T23:00:00Z,s01,6.1
71,2025-05-07T23:00:00Z,s02,5.5
71,2025-05-07T23:00:00Z,s03,3.9
71,2025-05-07T23:00:00Z,s04,4.8
71,2025-05-07T23:00:00Z,s05,4.4
71,2025-05-07T23:00:00Z,s06,4.8
71,2025-05-07T23:00:00Z,s07,5.7
71,2025-05-07T23:00:00Z,s08,5
71,2025-05-07T23:00:00Z,s09,6.3
71,2025-05-07T23:00:00Z,s10,4.7
71,2025-05-07T23:00:00Z,s11,4.9
71,2025-05-07T23:00:00Z,s12,2.7
71,2025-05-07T23:00:00Z,s13,4
71,2025-05-07T23:00:00Z,s14,4.93
71,2025-05-07T23:00:00Z,s15,5.62
71,2025-05-07T23:00:00Z,s16,5.77
71,2025-05-07T23:00:00Z,s17,6.34
71,2025-05-07T23:00:00Z,s18,8.46
71,2025-05-07T23:00:00Z,s19,6.04
71,2025-05-07T23:00:00Z,s20,9.18
71,2025-05-07T23:00:00Z,s21,6.46
71,2025-05-07T23:00:00Z,s22,7.88
71,2025-05-07T23:00:00Z,s23,6.29
71,2025-05-07T23:00:00Z,s24,4.27
71,2025-05-07T23:00:00Z,s25,6.48
71,2025-05-07T23:00:00Z,s26,4.57
72,2025-05-08T00:00:00Z,s01,6.5
72,2025-05-08T00:00:00Z,s02,4.4
72,2025-05-08T00:00:00Z,s03,4.4
72,2025-05-08T00:00:00Z,s04,2.1
72,2025-05-08T00:00:00Z,s05,3.3
72,2025-05-08T00:00:00Z,s06,4.9
72,2025-05-08T00:00:00Z,s07,6.1
72,2025-05-08T00:00:00Z,s08,5.3
72,2025-05-08T00:00:00Z,s09,8.7
72,2025-05-08T00:00:00Z,s10,5
72,2025-05-08T00:00:00Z,s11,5.9
72,2025-05-08T00:00:00Z,s12,3.2
72,2025-05-08T00:00:00Z,s13,4.3
72,2025-05-08T00:00:00Z,s14,5.38
72,2025-05-08T00:00:00Z,s15,5.09
72,2025-05-08T00:00:00Z,s16,7.87
72,2025-05-08T00:00:00Z,s17,6.56
72,2025-05-08T00:00:00Z,s18,7.57
72,2025-05-08T00:00:00Z,s19,5.07
72,2025-05-08T00:00:00Z,s20,10.39
72,2025-05-08T00:00:00Z,s21,5.26
72,2025-05-08T00:00:00Z,s22,7.87
72,2025-05-08T00:00:00Z,s23,7.65
72,2025-05-08T00:00:00Z,s24,5.37
72,2025-05-08T00:00:00Z,s25,5.95
72,2025-05-08T00:00:00Z,s26,5
73,2025-05-08T01:00:00Z,s01,6.6
73,2025-05-08T01:00:00Z,s02,3
73,2025-05-08T01:00:00Z,s03,5
73,2025-05-08T01:00:00Z,s04,4.8
73,2025-05-08T01:00:00Z,s05,4.5
73,2025-05-08T01:00:00Z,s06,5.6
73,2025-05-08T01:00:00Z,s07,6.7
73,2025-05-08T01:00:00Z,s08,7.1
73,2025-05-08T01:00:00Z,s09,10.1
73,2025-05-08T01:00:00Z,s10,5.3
73,2025-05-08T01:00:00Z,s11,8.1
73,2025-05-08T01:00:00Z,s12,4.7
73,2025-05-08T01:00:00Z,s13,4.7
73,2025-05-08T01:00:00Z,s14,8.6
73,2025-05-08T01:00:00Z,s15,6.37
73,2025-05-08T01:00:00Z,s16,7.38
73,2025-05-08T01:00:00Z,s17,6.81
73,2025-05-08T01:00:00Z,s18,7.89
73,2025-05-08T01:00:00Z,s19,4.85
73,2025-05-08T01:00:00Z,s20,9.16
73,2025-05-08T01:00:00Z,s21,8.59
73,2025-05-08T01:00:00Z,s22,5.22
73,2025-05-08T01:00:00Z,s23,10.52
73,2025-05-08T01:00:00Z,s24,6.26
73,2025-05-08T01:00:00Z,s25,6.87
73,2025-05-08T01:00:00Z,s26,5.46
74,2025-05-08T02:00:00Z,s01,6.8
74,2025-05-08T02:00:00Z,s02,5
74,2025-05-08T02:00:00Z,s03,7.3
74,2025-05-08T02:00:00Z,s04,7.2
74,2025-05-08T02:00:00Z,s05,7.8
74,2025-05-08T02:00:00Z,s06,7.3
74,2025-05-08T02:00:00Z,s07,8.4
74,2025-05-08T02:00:00Z,s08,7.5
74,2025-05-08T02:00:00Z,s09,11.8
74,2025-05-08T02:00:00Z,s10,6.3
74,2025-05-08T02:00:00Z,s11,8.3
74,2025-05-08T02:00:00Z,s12,6.3
74,2025-05-08T02:00:00Z,s13,5.2
74,2025-05-08T02:00:00Z,s14,8.59
74,2025-05-08T02:00:00Z,s15,10.02
74,2025-05-08T02:00:00Z,s16,8.11
74,2025-05-08T02:00:00Z,s17,8.29
74,2025-05-08T02:00:00Z,s18,8.73
74,2025-05-08T02:00:00Z,s19,5.29
74,2025-05-08T02:00:00Z,s20,9.41
74,2025-05-08T02:00:00Z,s21,8.42
74,2025-05-08T02:00:00Z,s22,7.38
74,2025-05-08T02:00:00Z,s23,11.73
74,2025-05-08T02:00:00Z,s24,7.64
74,2025-05-08T02:00:00Z,s25,11.65
74,2025-05-08T02:00:00Z,s26,5.63
75,2025-05-08T03:00:00Z,s01,7.7
75,2025-05-08T03:00:00Z,s02,7.5
75,2025-05-08T03:00:00Z,s03,8.2
75,2025-05-08T03:00:00Z,s04,7.7
75,2025-05-08T03:00:00Z,s05,11.6
75,2025-05-08T03:00:00Z,s06,8.7
75,2025-05-08T03:00:00Z,s07,9.2
75,2025-05-08T03:00:00Z,s08,6.9
75,2025-05-08T03:00:00Z,s09,13.5
75,2025-05-08T03:00:00Z,s10,6.5
75,2025-05-08T03:00:00Z,s11,8.2
75,2025-05-08T03:00:00Z,s12,6.6
75,2025-05-08T03:00:00Z,s13,5.6
75,2025-05-08T03:00:00Z,s14,7.65
75,2025-05-08T03:00:00Z,s15,9.38
75,2025-05-08T03:00:00Z,s16,8.39
75,2025-05-08T03:00:00Z,s17,11.44
75,2025-05-08T03:00:00Z,s18,9.25
75,2025-05-08T03:00:00Z,s19,5.48
75,2025-05-08T03:00:00Z,s20,10.18
75,2025-05-08T03:00:00Z,s21,8.48
75,2025-05-08T03:00:00Z,s22,7.31
75,2025-05-08T03:00:00Z,s23,11.98
75,2025-05-08T03:00:00Z,s24,9.67
75,2025-05-08T03:00:00Z,s25,12.53
75,2025-05-08T03:00:00Z,s26,6.43
76,2025-05-08T04:00:00Z,s01,7.8
76,2025-05-08T04:00:00Z,s02,7
76,2025-05-08T04:00:00Z,s03,7.3
76,2025-05-08T04:00:00Z,s04,9.8
76,2025-05-08T04:00:00Z,s05,10.4
76,2025-05-08T04:00:00Z,s06,9.5
76,2025-05-08T04:00:00Z,s07,10.6
76,2025-05-08T04:00:00Z,s08,6.5
76,2025-05-08T04:00:00Z,s09,15.8
76,2025-05-08T04:00:00Z,s10,7.2
76,2025-05-08T04:00:00Z,s11,8.3
76,2025-05-08T04:00:00Z,s12,7.6
76,2025-05-08T04:00:00Z,s13,6.1
76,2025-05-08T04:00:00Z,s14,6.62
76,2025-05-08T04:00:00Z,s15,8.09
76,2025-05-08T04:00:00Z,s16,8.29
76,2025-05-08T04:00:00Z,s17,9.99
76,2025-05-08T04:00:00Z,s18,7.98
76,2025-05-08T04:00:00Z,s19,6.05
76,2025-05-08T04:00:00Z,s20,8.2
76,2025-05-08T04:00:00Z,s21,9.86
76,2025-05-08T04:00:00Z,s22,5.9
76,2025-05-08T04:00:00Z,s23,13.43
76,2025-05-08T04:00:00Z,s24,10.15
76,2025-05-08T04:00:00Z,s25,13.73
76,2025-05-08T04:00:00Z,s26,6.84
77,2025-05-08T05:00:00Z,s01,10.5
77,2025-05-08T05:00:00Z,s02,5.7
77,2025-05-08T05:00:00Z,s03,7.9
77,2025-05-08T05:00:00Z,s04,8.6
77,2025-05-08T05:00:00Z,s05,8.5
77,2025-05-08T05:00:00Z,s06,9.2
77,2025-05-08T05:00:00Z,s07,12.7
77,2025-05-08T05:00:00Z,s08,7.4
77,2025-05-08T05:00:00Z,s09,15.7
77,2025-05-08T05:00:00Z,s10,7.2
77,2025-05-08T05:00:00Z,s11,8.7
77,2025-05-08T05:00:00Z,s12,7.5
77,2025-05-08T05:00:00Z,s13,6.5
77,2025-05-08T05:00:00Z,s14,6.69
77,2025-05-08T05:00:00Z,s15,5.58
77,2025-05-08T05:00:00Z,s16,7.95
77,2025-05-08T05:00:00Z,s17,9.31
77,2025-05-08T05:00:00Z,s18,6.39
77,2025-05-08T05:00:00Z,s19,6.48
77,2025-05-08T05:00:00Z,s20,8.12
77,2025-05-08T05:00:00Z,s21,11.24
77,2025-05-08T05:00:00Z,s22,5.47
77,2025-05-08T05:00:00Z,s23,7.91
77,2025-05-08T05:00:00Z,s24,8.7
77,2025-05-08T05:00:00Z,s25,10.99
77,2025-05-08T05:00:00Z,s26,7.21
78,2025-05-08T06:00:00Z,s01,8.8
78,2025-05-08T06:00:00Z,s02,7.4
78,2025-05-08T06:00:00Z,s03,10.2
78,2025-05-08T06:00:00Z,s04,8
78,2025-05-08T06:00:00Z,s05,7.5
78,2025-05-08T06:00:00Z,s06,8.6
78,2025-05-08T06:00:00Z,s07,13
78,2025-05-08T06:00:00Z,s08,7.9
78,2025-05-08T06:00:00Z,s09,14.3
78,2025-05-08T06:00:00Z,s10,6.9
78,2025-05-08T06:00:00Z,s11,8.7
78,2025-05-08T06:00:00Z,s12,7.5
78,2025-05-08T06:00:00Z,s13,7.3
78,2025-05-08T06:00:00Z,s14,6.38
78,2025-05-08T06:00:00Z,s15,4.99
78,2025-05-08T06:00:00Z,s16,7.09
78,2025-05-08T06:00:00Z,s17,9.18
78,2025-05-08T06:00:00Z,s18,6.79
78,2025-05-08T06:00:00Z,s19,7.2
78,2025-05-08T06:00:00Z,s20,7.63
78,2025-05-08T06:00:00Z,s21,10.28
78,2025-05-08T06:00:00Z,s22,5.19
78,2025-05-08T06:00:00Z,s23,8.11
78,2025-05-08T06:00:00Z,s24,6.63
78,2025-05-08T06:00:00Z,s25,8.68
78,2025-05-08T06:00:00Z,s26,6.92
79,2025-05-08T07:00:00Z,s01,6.9
79,2025-05-08T07:00:00Z,s02,9.2
79,2025-05-08T07:00:00Z,s03,8.6
79,2025-05-08T07:00:00Z,s04,7.4
79,2025-05-08T07:00:00Z,s05,8.3
79,2025-05-08T07:00:00Z,s06,7.6
79,2025-05-08T07:00:00Z,s07,10.9
79,2025-05-08T07:00:00Z,s08,7.5
79,2025-05-08T07:00:00Z,s09,11.1
79,2025-05-08T07:00:00Z,s10,7.1
79,2025-05-08T07:00:00Z,s11,7.7
79,2025-05-08T07:00:00Z,s12,7.6
79,2025-05-08T07:00:00Z,s13,7.5
79,2025-05-08T07:00:00Z,s14,5.6
79,2025-05-08T07:00:00Z,s15,4.93
79,2025-05-08T07:00:00Z,s16,6.71
79,2025-05-08T07:00:00Z,s17,9.09
79,2025-05-08T07:00:00Z,s18,7.44
79,2025-05-08T07:00:00Z,s19,6.92
79,2025-05-08T07:00:00Z,s20,7.45
79,2025-05-08T07:00:00Z,s21,9.2
79,2025-05-08T07:00:00Z,s22,5.5
79,2025-05-08T07:00:00Z,s23,5.61
79,2025-05-08T07:00:00Z,s24,6.85
79,2025-05-08T07:00:00Z,s25,8.39
79,2025-05-08T07:00:00Z,s26,7.76
80,2025-05-08T08:00:00Z,s01,7.5
80,2025-05-08T08:00:00Z,s02,8.3
80,2025-05-08T08:00:00Z,s03,8.9
80,2025-05-08T08:00:00Z,s04,6.6
80,2025-05-08T08:00:00Z,s05,7.6
80,2025-05-08T08:00:00Z,s06,7.6
80,2025-05-08T08:00:00Z,s07,10.1
80,2025-05-08T08:00:00Z,s08,7
80,2025-05-08T08:00:00Z,s09,10.1
80,2025-05-08T08:00:00Z,s10,7.3
80,2025-05-08T08:00:00Z,s11,7.6
80,2025-05-08T08:00:00Z,s12,7.2
80,2025-05-08T08:00:00Z,s13,7.6
80,2025-05-08T08:00:00Z,s14,5.84
80,2025-05-08T08:00:00Z,s15,5.52
80,2025-05-08T08:00:00Z,s16,6.78
80,2025-05-08T08:00:00Z,s17,8.63
80,2025-05-08T08:00:00Z,s18,8.17
80,2025-05-08T08:00:00Z,s19,7.24
80,2025-05-08T08:00:00Z,s20,7.4
80,2025-05-08T08:00:00Z,s21,10.39
80,2025-05-08T08:00:00Z,s22,6.2
80,2025-05-08T08:00:00Z,s23,6.27
80,2025-05-08T08:00:00Z,s24,7.52
80,2025-05-08T08:00:00Z,s25,9.59
80,2025-05-08T08:00:00Z,s26,7.53
81,2025-05-08T09:00:00Z,s01,9
81,2025-05-08T09:00:00Z,s02,11.3
81,2025-05-08T09:00:00Z,s03,9
81,2025-05-08T09:00:00Z,s04,7.7
81,2025-05-08T09:00:00Z,s05,7.8
81,2025-05-08T09:00:00Z,s06,7.8
81,2025-05-08T09:00:00Z,s07,11.2
81,2025-05-08T09:00:00Z,s08,7.2
81,2025-05-08T09:00:00Z,s09,10.6
81,2025-05-08T09:00:00Z,s10,7.6
81,2025-05-08T09:00:00Z,s11,9.6
81,2025-05-08T09:00:00Z,s12,7
81,2025-05-08T09:00:00Z,s13,7.3
81,2025-05-08T09:00:00Z,s14,6.89
81,2025-05-08T09:00:00Z,s15,6.8
81,2025-05-08T09:00:00Z,s16,7.81
81,2025-05-08T09:00:00Z,s17,10.22
81,2025-05-08T09:00:00Z,s18,9.55
81,2025-05-08T09:00:00Z,s19,8.04
81,2025-05-08T09:00:00Z,s20,8.32
81,2025-05-08T09:00:00Z,s21,12.01
81,2025-05-08T09:00:00Z,s22,7.59
81,2025-05-08T09:00:00Z,s23,6.69
81,2025-05-08T09:00:00Z,s24,7.52
81,2025-05-08T09:00:00Z,s25,9.04
81,2025-05-08T09:00:00Z,s26,7.61
82,2025-05-08T10:00:00Z,s01,8.4
82,2025-05-08T10:00:00Z,s02,8.6
82,2025-05-08T10:00:00Z,s03,8.1
82,2025-05-08T10:00:00Z,s04,7.3
82,2025-05-08T10:00:00Z,s05,7.5
82,2025-05-08T10:00:00Z,s06,8
82,2025-05-08T10:00:00Z,s07,11.1
82,2025-05-08T10:00:00Z,s08,8.5
82,2025-05-08T10:00:00Z,s09,12.1
82,2025-05-08T10:00:00Z,s10,7.6
82,2025-05-08T10:00:00Z,s11,12
82,2025-05-08T10:00:00Z,s12,7.4
82,2025-05-08T10:00:00Z,s13,7.2
82,2025-05-08T10:00:00Z,s14,8.08
82,2025-05-08T10:00:00Z,s15,6.31
82,2025-05-08T10:00:00Z,s16,8.9
82,2025-05-08T10:00:00Z,s17,10.9
82,2025-05-08T10:00:00Z,s18,9.71
82,2025-05-08T10:00:00Z,s19,8.53
82,2025-05-08T10:00:00Z,s20,9.56
82,2025-05-08T10:00:00Z,s21,10.54
82,2025-05-08T10:00:00Z,s22,7.58
82,2025-05-08T10:00:00Z,s23,14.05
82,2025-05-08T10:00:00Z,s24,7.13
82,2025-05-08T10:00:00Z,s25,9.3
82,2025-05-08T10:00:00Z,s26,10.24
83,2025-05-08T11:00:00Z,s01,8.5
83,2025-05-08T11:00:00Z,s02,9.3
83,2025-05-08T11:00:00Z,s03,8.4
83,2025-05-08T11:00:00Z,s04,7.4
83,2025-05-08T11:00:00Z,s05,8
83,2025-05-08T11:00:00Z,s06,8.3
83,2025-05-08T11:00:00Z,s07,10.9
83,2025-05-08T11:00:00Z,s08,10.7
83,2025-05-08T11:00:00Z,s09,14.4
83,2025-05-08T11:00:00Z,s10,7.6
83,2025-05-08T11:00:00Z,s11,13.8
83,2025-05-08T11:00:00Z,s12,8.4
83,2025-05-08T11:00:00Z,s13,7.6
83,2025-05-08T11:00:00Z,s14,7.8
83,2025-05-08T11:00:00Z,s15,6.35
83,2025-05-08T11:00:00Z,s16,9.83
83,2025-05-08T11:00:00Z,s17,9.17
83,2025-05-08T11:00:00Z,s18,11.21
83,2025-05-08T11:00:00Z,s19,10.3
83,2025-05-08T11:00:00Z,s20,9.21
83,2025-05-08T11:00:00Z,s21,10.25
83,2025-05-08T11:00:00Z,s22,8.45
83,2025-05-08T11:00:00Z,s23,12.63
83,2025-05-08T11:00:00Z,s24,8.1
83,2025-05-08T11:00:00Z,s25,10.15
83,2025-05-08T11:00:00Z,s26,9.9
84,2025-05-08T12:00:00Z,s01,10.5
84,2025-05-08T12:00:00Z,s02,9.7
84,2025-05-08T12:00:00Z,s03,7.5
84,2025-05-08T12:00:00Z,s04,10.5
84,2025-05-08T12:00:00Z,s05,7.9
84,2025-05-08T12:00:00Z,s06,8.2
84,2025-05-08T12:00:00Z,s07,10.6
84,2025-05-08T12:00:00Z,s08,12.1
84,2025-05-08T12:00:00Z,s09,13.3
84,2025-05-08T12:00:00Z,s10,7.6
84,2025-05-08T12:00:00Z,s11,10
84,2025-05-08T12:00:00Z,s12,9.5
84,2025-05-08T12:00:00Z,s13,9.2
84,2025-05-08T12:00:00Z,s14,7.45
84,2025-05-08T12:00:00Z,s15,7.04
84,2025-05-08T12:00:00Z,s16,8.04
84,2025-05-08T12:00:00Z,s17,8.01
84,2025-05-08T12:00:00Z,s18,12.45
84,2025-05-08T12:00:00Z,s19,11.49
84,2025-05-08T12:00:00Z,s20,11.43
84,2025-05-08T12:00:00Z,s21,8.72
84,2025-05-08T12:00:00Z,s22,10.24
84,2025-05-08T12:00:00Z,s23,10.76
84,2025-05-08T12:00:00Z,s24,8.6
84,2025-05-08T12:00:00Z,s25,10.06
84,2025-05-08T12:00:00Z,s26,7.16
85,2025-05-08T13:00:00Z,s01,11.5
85,2025-05-08T13:00:00Z,s02,8.3
85,2025-05-08T13:00:00Z,s03,9.1
85,2025-05-08T13:00:00Z,s04,14.3
85,2025-05-08T13:00:00Z,s05,6.5
85,2025-05-08T13:00:00Z,s06,7.7
85,2025-05-08T13:00:00Z,s07,9.8
85,2025-05-08T13:00:00Z,s08,12.8
85,2025-05-08T13:00:00Z,s09,10.4
85,2025-05-08T13:00:00Z,s10,7.5
85,2025-05-08T13:00:00Z,s11,8
85,2025-05-08T13:00:00Z,s12,8.4
85,2025-05-08T13:00:00Z,s13,8.7
85,2025-05-08T13:00:00Z,s14,6.76
85,2025-05-08T13:00:00Z,s15,8.24
85,2025-05-08T13:00:00Z,s16,7.97
85,2025-05-08T13:00:00Z,s17,9.29
85,2025-05-08T13:00:00Z,s18,17.56
85,2025-05-08T13:00:00Z,s19,8.37
85,2025-05-08T13:00:00Z,s20,7.87
85,2025-05-08T13:00:00Z,s21,8.2
85,2025-05-08T13:00:00Z,s22,6.89
85,2025-05-08T13:00:00Z,s23,8.53
85,2025-05-08T13:00:00Z,s24,8.01
85,2025-05-08T13:00:00Z,s25,8.69
85,2025-05-08T13:00:00Z,s26,4.63
86,2025-05-08T14:00:00Z,s01,8.2
86,2025-05-08T14:00:00Z,s02,7.4
86,2025-05-08T14:00:00Z,s03,11.9
86,2025-05-08T14:00:00Z,s04,11.5
86,2025-05-08T14:00:00Z,s05,3.6
86,2025-05-08T14:00:00Z,s06,5.8
86,2025-05-08T14:00:00Z,s07,7.4
86,2025-05-08T14:00:00Z,s08,14
86,2025-05-08T14:00:00Z,s09,9.2
86,2025-05-08T14:00:00Z,s10,7.3
86,2025-05-08T14:00:00Z,s11,5.8
86,2025-05-08T14:00:00Z,s12,7.7
86,2025-05-08T14:00:00Z,s13,8
86,2025-05-08T14:00:00Z,s14,6.09
86,2025-05-08T14:00:00Z,s15,7.1
86,2025-05-08T14:00:00Z,s16,7.42
86,2025-05-08T14:00:00Z,s17,7.62
86,2025-05-08T14:00:00Z,s18,11.9
86,2025-05-08T14:00:00Z,s19,7.52
86,2025-05-08T14:00:00Z,s20,7.18
86,2025-05-08T14:00:00Z,s21,6.04
86,2025-05-08T14:00:00Z,s22,6.96
86,2025-05-08T14:00:00Z,s23,7.28
86,2025-05-08T14:00:00Z,s24,6.9
86,2025-05-08T14:00:00Z,s25,5.77
86,2025-05-08T14:00:00Z,s26,5.93
87,2025-05-08T15:00:00Z,s01,8.4
87,2025-05-08T15:00:00Z,s02,5.5
87,2025-05-08T15:00:00Z,s03,10.6
87,2025-05-08T15:00:00Z,s04,12.4
87,2025-05-08T15:00:00Z,s05,2.3
87,2025-05-08T15:00:00Z,s06,5
87,2025-05-08T15:00:00Z,s07,6.2
87,2025-05-08T15:00:00Z,s08,15.1
87,2025-05-08T15:00:00Z,s09,9.1
87,2025-05-08T15:00:00Z,s10,6.5
87,2025-05-08T15:00:00Z,s11,5.3
87,2025-05-08T15:00:00Z,s12,5.6
87,2025-05-08T15:00:00Z,s13,7.9
87,2025-05-08T15:00:00Z,s14,6.4
87,2025-05-08T15:00:00Z,s15,8.27
87,2025-05-08T15:00:00Z,s16,8.38
87,2025-05-08T15:00:00Z,s17,6.91
87,2025-05-08T15:00:00Z,s18,8.96
87,2025-05-08T15:00:00Z,s19,8.93
87,2025-05-08T15:00:00Z,s20,11.44
87,2025-05-08T15:00:00Z,s21,5.29
87,2025-05-08T15:00:00Z,s22,7.16
87,2025-05-08T15:00:00Z,s23,6.58
87,2025-05-08T15:00:00Z,s24,6.3
87,2025-05-08T15:00:00Z,s25,5.37
87,2025-05-08T15:00:00Z,s26,9.82
88,2025-05-08T16:00:00Z,s01,6.6
88,2025-05-08T16:00:00Z,s02,7.9
88,2025-05-08T16:00:00Z,s03,9.3
88,2025-05-08T16:00:00Z,s04,9.6
88,2025-05-08T16:00:00Z,s05,1.1
88,2025-05-08T16:00:00Z,s06,5
88,2025-05-08T16:00:00Z,s07,6
88,2025-05-08T16:00:00Z,s08,14.5
88,2025-05-08T16:00:00Z,s09,11.1
88,2025-05-08T16:00:00Z,s10,6.3
88,2025-05-08T16:00:00Z,s11,5.2
88,2025-05-08T16:00:00Z,s12,6.4
88,2025-05-08T16:00:00Z,s13,7.7
88,2025-05-08T16:00:00Z,s14,8.84
88,2025-05-08T16:00:00Z,s15,7.75
88,2025-05-08T16:00:00Z,s16,9.98
88,2025-05-08T16:00:00Z,s17,7.01
88,2025-05-08T16:00:00Z,s18,14.24
88,2025-05-08T16:00:00Z,s19,8.31
88,2025-05-08T16:00:00Z,s20,13.09
88,2025-05-08T16:00:00Z,s21,5.89
88,2025-05-08T16:00:00Z,s22,8.86
88,2025-05-08T16:00:00Z,s23,6.69
88,2025-05-08T16:00:00Z,s24,5.47
88,2025-05-08T16:00:00Z,s25,5.43
88,2025-05-08T16:00:00Z,s26,8.04
89,2025-05-08T17:00:00Z,s01,6.4
89,2025-05-08T17:00:00Z,s02,6.7
89,2025-05-08T17:00:00Z,s03,11
89,2025-05-08T17:00:00Z,s04,9.6
89,2025-05-08T17:00:00Z,s05,1.6
89,2025-05-08T17:00:00Z,s06,6
89,2025-05-08T17:00:00Z,s07,7
89,2025-05-08T17:00:00Z,s08,13.2
89,2025-05-08T17:00:00Z,s09,12.3
89,2025-05-08T17:00:00Z,s10,6.5
89,2025-05-08T17:00:00Z,s11,5.2
89,2025-05-08T17:00:00Z,s12,6
89,2025-05-08T17:00:00Z,s13,7.7
89,2025-05-08T17:00:00Z,s14,10.25
89,2025-05-08T17:00:00Z,s15,8.91
89,2025-05-08T17:00:00Z,s16,11.73
89,2025-05-08T17:00:00Z,s17,9.34
89,2025-05-08T17:00:00Z,s18,16.69
89,2025-05-08T17:00:00Z,s19,7.29
89,2025-05-08T17:00:00Z,s20,14.28
89,2025-05-08T17:00:00Z,s21,8.24
89,2025-05-08T17:00:00Z,s22,13.62
89,2025-05-08T17:00:00Z,s23,9.77
89,2025-05-08T17:00:00Z,s24,6.58
89,2025-05-08T17:00:00Z,s25,7.52
89,2025-05-08T17:00:00Z,s26,8.08
90,2025-05-08T18:00:00Z,s01,5.3
90,2025-05-08T18:00:00Z,s02,7.4
90,2025-05-08T18:00:00Z,s03,10.9
90,2025-05-08T18:00:00Z,s04,8.8
90,2025-05-08T18:00:00Z,s05,4.1
90,2025-05-08T18:00:00Z,s06,7
90,2025-05-08T18:00:00Z,s07,8.1
90,2025-05-08T18:00:00Z,s08,10.9
90,2025-05-08T18:00:00Z,s09,11.8
90,2025-05-08T18:00:00Z,s10,7.5
90,2025-05-08T18:00:00Z,s11,5.7
90,2025-05-08T18:00:00Z,s12,4.7
90,2025-05-08T18:00:00Z,s13,7.3
90,2025-05-08T18:00:00Z,s14,8.94
90,2025-05-08T18:00:00Z,s15,11.04
90,2025-05-08T18:00:00Z,s16,10.04
90,2025-05-08T18:00:00Z,s17,11.62
90,2025-05-08T18:00:00Z,s18,16.32
90,2025-05-08T18:00:00Z,s19,5.12
90,2025-05-08T18:00:00Z,s20,12
90,2025-05-08T18:00:00Z,s21,9.07
90,2025-05-08T18:00:00Z,s22,11.97
90,2025-05-08T18:00:00Z,s23,9.85
90,2025-05-08T18:00:00Z,s24,8.43
90,2025-05-08T18:00:00Z,s25,9.12
90,2025-05-08T18:00:00Z,s26,8.46
91,2025-05-08T19:00:00Z,s01,7.5
91,2025-05-08T19:00:00Z,s02,4.8
91,2025-05-08T19:00:00Z,s03,10
91,2025-05-08T19:00:00Z,s04,8.5
91,2025-05-08T19:00:00Z,s05,4.2
91,2025-05-08T19:00:00Z,s06,7.6
91,2025-05-08T19:00:00Z,s07,8.6
91,2025-05-08T19:00:00Z,s08,8.1
91,2025-05-08T19:00:00Z,s09,9.2
91,2025-05-08T19:00:00Z,s10,9.2
91,2025-05-08T19:00:00Z,s11,3.3
91,2025-05-08T19:00:00Z,s12,2.6
91,2025-05-08T19:00:00Z,s13,5.9
91,2025-05-08T19:00:00Z,s14,5.27
91,2025-05-08T19:00:00Z,s15,7.52
91,2025-05-08T19:00:00Z,s16,6.81
91,2025-05-08T19:00:00Z,s17,13.47
91,2025-05-08T19:00:00Z,s18,11.79
91,2025-05-08T19:00:00Z,s19,3.27
91,2025-05-08T19:00:00Z,s20,6.78
91,2025-05-08T19:00:00Z,s21,7.08
91,2025-05-08T19:00:00Z,s22,9.49
91,2025-05-08T19:00:00Z,s23,8.25
91,2025-05-08T19:00:00Z,s24,8.23
91,2025-05-08T19:00:00Z,s25,9.65
91,2025-05-08T19:00:00Z,s26,6.27
92,2025-05-08T20:00:00Z,s01,9
92,2025-05-08T20:00:00Z,s02,4
92,2025-05-08T20:00:00Z,s03,8.3
92,2025-05-08T20:00:00Z,s04,6.7
92,2025-05-08T20:00:00Z,s05,3.6
92,2025-05-08T20:00:00Z,s06,6.5
92,2025-05-08T20:00:00Z,s07,8.6
92,2025-05-08T20:00:00Z,s08,6.9
92,2025-05-08T20:00:00Z,s09,8.3
92,2025-05-08T20:00:00Z,s10,8
92,2025-05-08T20:00:00Z,s11,3.5
92,2025-05-08T20:00:00Z,s12,1.9
92,2025-05-08T20:00:00Z,s13,5.2
92,2025-05-08T20:00:00Z,s14,5.05
92,2025-05-08T20:00:00Z,s15,5.27
92,2025-05-08T20:00:00Z,s16,5.36
92,2025-05-08T20:00:00Z,s17,6.94
92,2025-05-08T20:00:00Z,s18,8.9
92,2025-05-08T20:00:00Z,s19,4.1
92,2025-05-08T20:00:00Z,s20,5.81
92,2025-05-08T20:00:00Z,s21,5.72
92,2025-05-08T20:00:00Z,s22,6.54
92,2025-05-08T20:00:00Z,s23,5.94
92,2025-05-08T20:00:00Z,s24,5.43
92,2025-05-08T20:00:00Z,s25,6.96
92,2025-05-08T20:00:00Z,s26,5.37
93,2025-05-08T21:00:00Z,s01,9.3
93,2025-05-08T21:00:00Z,s02,4.6
93,2025-05-08T21:00:00Z,s03,10.1
93,2025-05-08T21:00:00Z,s04,7.3
93,2025-05-08T21:00:00Z,s05,3.6
93,2025-05-08T21:00:00Z,s06,5.8
93,2025-05-08T21:00:00Z,s07,7.1
93,2025-05-08T21:00:00Z,s08,6.2
93,2025-05-08T21:00:00Z,s09,7.5
93,2025-05-08T21:00:00Z,s10,6.9
93,2025-05-08T21:00:00Z,s11,4.7
93,2025-05-08T21:00:00Z,s12,2.4
93,2025-05-08T21:00:00Z,s13,4.7
93,2025-05-08T21:00:00Z,s14,4.31
93,2025-05-08T21:00:00Z,s15,4.53
93,2025-05-08T21:00:00Z,s16,5.05
93,2025-05-08T21:00:00Z,s17,6.65
93,2025-05-08T21:00:00Z,s18,8.34
93,2025-05-08T21:00:00Z,s19,5.23
93,2025-05-08T21:00:00Z,s20,6.14
93,2025-05-08T21:00:00Z,s21,5.45
93,2025-05-08T21:00:00Z,s22,8.52
93,2025-05-08T21:00:00Z,s23,4.91
93,2025-05-08T21:00:00Z,s24,4.26
93,2025-05-08T21:00:00Z,s25,6.62
93,2025-05-08T21:00:00Z,s26,5.32
94,2025-05-08T22:00:00Z,s01,7.6
94,2025-05-08T22:00:00Z,s02,5.8
94,2025-05-08T22:00:00Z,s03,8.7
94,2025-05-08T22:00:00Z,s04,6.4
94,2025-05-08T22:00:00Z,s05,3.6
94,2025-05-08T22:00:00Z,s06,5.1
94,2025-05-08T22:00:00Z,s07,6.1
94,2025-05-08T22:00:00Z,s08,6
94,2025-05-08T22:00:00Z,s09,7.5
94,2025-05-08T22:00:00Z,s10,5.5
94,2025-05-08T22:00:00Z,s11,5.8
94,2025-05-08T22:00:00Z,s12,3.8
94,2025-05-08T22:00:00Z,s13,4.5
94,2025-05-08T22:00:00Z,s14,4.44
94,2025-05-08T22:00:00Z,s15,3.61
94,2025-05-08T22:00:00Z,s16,5.24
94,2025-05-08T22:00:00Z,s17,4.13
94,2025-05-08T22:00:00Z,s18,8.09
94,2025-05-08T22:00:00Z,s19,5.73
94,2025-05-08T22:00:00Z,s20,5.86
94,2025-05-08T22:00:00Z,s21,5.42
94,2025-05-08T22:00:00Z,s22,5.98
94,2025-05-08T22:00:00Z,s23,3.81
94,2025-05-08T22:00:00Z,s24,3.21
94,2025-05-08T22:00:00Z,s25,6.95
94,2025-05-08T22:00:00Z,s26,6.27
95,2025-05-08T23:00:00Z,s01,5.5
95,2025-05-08T23:00:00Z,s02,4
95,2025-05-08T23:00:00Z,s03,8
95,2025-05-08T23:00:00Z,s04,4.4
95,2025-05-08T23:00:00Z,s05,0.1
95,2025-05-08T23:00:00Z,s06,4.9
95,2025-05-08T23:00:00Z,s07,5.6
95,2025-05-08T23:00:00Z,s08,5.8
95,2025-05-08T23:00:00Z,s09,6.8
95,2025-05-08T23:00:00Z,s10,5.2
95,2025-05-08T23:00:00Z,s11,7.1
95,2025-05-08T23:00:00Z,s12,4.6
95,2025-05-08T23:00:00Z,s13,4.5
95,2025-05-08T23:00:00Z,s14,4.17
95,2025-05-08T23:00:00Z,s15,5.31
95,2025-05-08T23:00:00Z,s16,4.96
95,2025-05-08T23:00:00Z,s17,5.19
95,2025-05-08T23:00:00Z,s18,11.4
95,2025-05-08T23:00:00Z,s19,5.82
95,2025-05-08T23:00:00Z,s20,6.86
95,2025-05-08T23:00:00Z,s21,5.28
95,2025-05-08T23:00:00Z,s22,6.95
95,2025-05-08T23:00:00Z,s23,3.75
95,2025-05-08T23:00:00Z,s24,3.88
95,2025-05-08T23:00:00Z,s25,6.45
95,2025-05-08T23:00:00Z,s26,5.73
96,2025-05-09T00:00:00Z,s01,5.4
96,2025-05-09T00:00:00Z,s02,3.2
96,2025-05-09T00:00:00Z,s03,6.8
96,2025-05-09T00:00:00Z,s04,3.6
96,2025-05-09T00:00:00Z,s05,0.1
96,2025-05-09T00:00:00Z,s06,5
96,2025-05-09T00:00:00Z,s07,5.8
96,2025-05-09T00:00:00Z,s08,5.9
96,2025-05-09T00:00:00Z,s09,7.2
96,2025-05-09T00:00:00Z,s10,5.4
96,2025-05-09T00:00:00Z,s11,7.7
96,2025-05-09T00:00:00Z,s12,4.7
96,2025-05-09T00:00:00Z,s13,4.3
96,2025-05-09T00:00:00Z,s14,5.49
96,2025-05-09T00:00:00Z,s15,6.5
96,2025-05-09T00:00:00Z,s16,6.85
96,2025-05-09T00:00:00Z,s17,7.18
96,2025-05-09T00:00:00Z,s18,11.22
96,2025-05-09T00:00:00Z,s19,5.81
96,2025-05-09T00:00:00Z,s20,7.73
96,2025-05-09T00:00:00Z,s21,5.97
96,2025-05-09T00:00:00Z,s22,8.79
96,2025-05-09T00:00:00Z,s23,2.77
96,2025-05-09T00:00:00Z,s24,5.57
96,2025-05-09T00:00:00Z,s25,6.9
96,2025-05-09T00:00:00Z,s26,5.55
97,2025-05-09T01:00:00Z,s01,4.6
97,2025-05-09T01:00:00Z,s02,4.3
97,2025-05-09T01:00:00Z,s03,7.6
97,2025-05-09T01:00:00Z,s04,3.3
97,2025-05-09T01:00:00Z,s05,0.5
97,2025-05-09T01:00:00Z,s06,4.9
97,2025-05-09T01:00:00Z,s07,5.9
97,2025-05-09T01:00:00Z,s08,6.3
97,2025-05-09T01:00:00Z,s09,7.2
97,2025-05-09T01:00:00Z,s10,5.2
97,2025-05-09T01:00:00Z,s11,7.5
97,2025-05-09T01:00:00Z,s12,4.6
97,2025-05-09T01:00:00Z,s13,4.4
97,2025-05-09T01:00:00Z,s14,5.48
97,2025-05-09T01:00:00Z,s15,6.45
97,2025-05-09T01:00:00Z,s16,6.56
97,2025-05-09T01:00:00Z,s17,6.16
97,2025-05-09T01:00:00Z,s18,9.22
97,2025-05-09T01:00:00Z,s19,6.45
97,2025-05-09T01:00:00Z,s20,7.62
97,2025-05-09T01:00:00Z,s21,5.56
97,2025-05-09T01:00:00Z,s22,7.76
97,2025-05-09T01:00:00Z,s23,2.89
97,2025-05-09T01:00:00Z,s24,5.54
97,2025-05-09T01:00:00Z,s25,7.24
97,2025-05-09T01:00:00Z,s26,5.6
98,2025-05-09T02:00:00Z,s01,3.8
98,2025-05-09T02:00:00Z,s02,3.3
98,2025-05-09T02:00:00Z,s03,7.6
98,2025-05-09T02:00:00Z,s04,4.3
98,2025-05-09T02:00:00Z,s05,0
98,2025-05-09T02:00:00Z,s06,4.6
98,2025-05-09T02:00:00Z,s07,5.5
98,2025-05-09T02:00:00Z,s08,6.8
98,2025-05-09T02:00:00Z,s09,7.3
98,2025-05-09T02:00:00Z,s10,5
98,2025-05-09T02:00:00Z,s11,6.9
98,2025-05-09T02:00:00Z,s12,3.4
98,2025-05-09T02:00:00Z,s13,4.5
98,2025-05-09T02:00:00Z,s14,5.38
98,2025-05-09T02:00:00Z,s15,5.09
98,2025-05-09T02:00:00Z,s16,6.06
98,2025-05-09T02:00:00Z,s17,5.71
98,2025-05-09T02:00:00Z,s18,7.22
98,2025-05-09T02:00:00Z,s19,6.37
98,2025-05-09T02:00:00Z,s20,6.8
98,2025-05-09T02:00:00Z,s21,5.15
98,2025-05-09T02:00:00Z,s22,6.49
98,2025-05-09T02:00:00Z,s23,3.21
98,2025-05-09T02:00:00Z,s24,4.9
98,2025-05-09T02:00:00Z,s25,5.88
98,2025-05-09T02:00:00Z,s26,4.48
99,2025-05-09T03:00:00Z,s01,3.7
99,2025-05-09T03:00:00Z,s02,3
99,2025-05-09T03:00:00Z,s03,4.8
99,2025-05-09T03:00:00Z,s04,4.6
99,2025-05-09T03:00:00Z,s05,0
99,2025-05-09T03:00:00Z,s06,4.4
99,2025-05-09T03:00:00Z,s07,5.3
99,2025-05-09T03:00:00Z,s08,6.5
99,2025-05-09T03:00:00Z,s09,6.7
99,2025-05-09T03:00:00Z,s10,4.8
99,2025-05-09T03:00:00Z,s11,3.3
99,2025-05-09T03:00:00Z,s12,1.7
99,2025-05-09T03:00:00Z,s13,4.3
99,2025-05-09T03:00:00Z,s14,5.85
99,2025-05-09T03:00:00Z,s15,4.92
99,2025-05-09T03:00:00Z,s16,5.18
99,2025-05-09T03:00:00Z,s17,5.02
99,2025-05-09T03:00:00Z,s18,7.03
99,2025-05-09T03:00:00Z,s19,5.24
99,2025-05-09T03:00:00Z,s20,5.69
99,2025-05-09T03:00:00Z,s21,5.08
99,2025-05-09T03:00:00Z,s22,5.66
99,2025-05-09T03:00:00Z,s23,2.48
99,2025-05-09T03:00:00Z,s24,4.09
99,2025-05-09T03:00:00Z,s25,6.05
99,2025-05-09T03:00:00Z,s26,4.62
100,2025-05-09T04:00:00Z,s01,4.3
100,2025-05-09T04:00:00Z,s02,4
100,2025-05-09T04:00:00Z,s03,5.6
100,2025-05-09T04:00:00Z,s04,3.5
100,2025-05-09T04:00:00Z,s05,0
100,2025-05-09T04:00:00Z,s06,4.4
100,2025-05-09T04:00:00Z,s07,5.1
100,2025-05-09T04:00:00Z,s08,5.9
100,2025-05-09T04:00:00Z,s09,6.3
100,2025-05-09T04:00:00Z,s10,4.7
100,2025-05-09T04:00:00Z,s11,2.2
100,2025-05-09T04:00:00Z,s12,1.1
100,2025-05-09T04:00:00Z,s13,4.2
100,2025-05-09T04:00:00Z,s14,5.78
100,2025-05-09T04:00:00Z,s15,5.21
100,2025-05-09T04:00:00Z,s16,4.93
100,2025-05-09T04:00:00Z,s17,5.45
100,2025-05-09T04:00:00Z,s18,7.65
100,2025-05-09T04:00:00Z,s19,4.99
100,2025-05-09T04:00:00Z,s20,5.22
100,2025-05-09T04:00:00Z,s21,4.61
100,2025-05-09T04:00:00Z,s22,5.33
100,2025-05-09T04:00:00Z,s23,4.16
100,2025-05-09T04:00:00Z,s24,4.58
100,2025-05-09T04:00:00Z,s25,5.54
100,2025-05-09T04:00:00Z,s26,4.77
101,2025-05-09T05:00:00Z,s01,3.2
101,2025-05-09T05:00:00Z,s02,5.2
101,2025-05-09T05:00:00Z,s03,4.6
101,2025-05-09T05:00:00Z,s04,2
101,2025-05-09T05:00:00Z,s05,0
101,2025-05-09T05:00:00Z,s06,4.4
101,2025-05-09T05:00:00Z,s07,5
101,2025-05-09T05:00:00Z,s08,5.9
101,2025-05-09T05:00:00Z,s09,6.1
101,2025-05-09T05:00:00Z,s10,4.7
101,2025-05-09T05:00:00Z,s11,1.3
101,2025-05-09T05:00:00Z,s12,0.5
101,2025-05-09T05:00:00Z,s13,4.2
101,2025-05-09T05:00:00Z,s14,5.01
101,2025-05-09T05:00:00Z,s15,4.72
101,2025-05-09T05:00:00Z,s16,4.62
101,2025-05-09T05:00:00Z,s17,5.5
101,2025-05-09T05:00:00Z,s18,6.32
101,2025-05-09T05:00:00Z,s19,5.91
101,2025-05-09T05:00:00Z,s20,5.19
101,2025-05-09T05:00:00Z,s21,4.37
101,2025-05-09T05:00:00Z,s22,4.98
101,2025-05-09T05:00:00Z,s23,4.44
101,2025-05-09T05:00:00Z,s24,4.29
101,2025-05-09T05:00:00Z,s25,5.59
101,2025-05-09T05:00:00Z,s26,4.65
102,2025-05-09T06:00:00Z,s01,3.7
102,2025-05-09T06:00:00Z,s02,3.8
102,2025-05-09T06:00:00Z,s03,5.4
102,2025-05-09T06:00:00Z,s04,2.3
102,2025-05-09T06:00:00Z,s05,0
102,2025-05-09T06:00:00Z,s06,4.4
102,2025-05-09T06:00:00Z,s07,5
102,2025-05-09T06:00:00Z,s08,5.7
102,2025-05-09T06:00:00Z,s09,6.3
102,2025-05-09T06:00:00Z,s10,4.8
102,2025-05-09T06:00:00Z,s11,0.7
102,2025-05-09T06:00:00Z,s12,0.5
102,2025-05-09T06:00:00Z,s13,4.3
102,2025-05-09T06:00:00Z,s14,5.16
102,2025-05-09T06:00:00Z,s15,5.01
102,2025-05-09T06:00:00Z,s16,4.93
102,2025-05-09T06:00:00Z,s17,6.14
102,2025-05-09T06:00:00Z,s18,6.26
102,2025-05-09T06:00:00Z,s19,5.46
102,2025-05-09T06:00:00Z,s20,5.43
102,2025-05-09T06:00:00Z,s21,4.45
102,2025-05-09T06:00:00Z,s22,4.61
102,2025-05-09T06:00:00Z,s23,4.46
102,2025-05-09T06:00:00Z,s24,4.33
102,2025-05-09T06:00:00Z,s25,5.44
102,2025-05-09T06:00:00Z,s26,4.41
103,2025-05-09T07:00:00Z,s01,4
103,2025-05-09T07:00:00Z,s02,3.3
103,2025-05-09T07:00:00Z,s03,5.2
103,2025-05-09T07:00:00Z,s04,2.6
103,2025-05-09T07:00:00Z,s05,0
103,2025-05-09T07:00:00Z,s06,4.4
103,2025-05-09T07:00:00Z,s07,5
103,2025-05-09T07:00:00Z,s08,5.7
103,2025-05-09T07:00:00Z,s09,6.3
103,2025-05-09T07:00:00Z,s10,4.7
103,2025-05-09T07:00:00Z,s11,0.8
103,2025-05-09T07:00:00Z,s12,0.4
103,2025-05-09T07:00:00Z,s13,4.3
103,2025-05-09T07:00:00Z,s14,4.9
103,2025-05-09T07:00:00Z,s15,4.7
103,2025-05-09T07:00:00Z,s16,5.1
103,2025-05-09T07:00:00Z,s17,5.46
103,2025-05-09T07:00:00Z,s18,5.95
103,2025-05-09T07:00:00Z,s19,5.69
103,2025-05-09T07:00:00Z,s20,5.43
103,2025-05-09T07:00:00Z,s21,4.09
103,2025-05-09T07:00:00Z,s22,4.87
103,2025-05-09T07:00:00Z,s23,4.47
103,2025-05-09T07:00:00Z,s24,4.11
103,2025-05-09T07:00:00Z,s25,5.18
103,2025-05-09T07:00:00Z,s26,4.77
104,2025-05-09T08:00:00Z,s01,4
104,2025-05-09T08:00:00Z,s02,2.5
104,2025-05-09T08:00:00Z,s03,5.2
104,2025-05-09T08:00:00Z,s04,2.4
104,2025-05-09T08:00:00Z,s05,0
104,2025-05-09T08:00:00Z,s06,4.4
104,2025-05-09T08:00:00Z,s07,5
104,2025-05-09T08:00:00Z,s08,5.6
104,2025-05-09T08:00:00Z,s09,6.2
104,2025-05-09T08:00:00Z,s10,4.8
104,2025-05-09T08:00:00Z,s11,0.6
104,2025-05-09T08:00:00Z,s12,0.7
104,2025-05-09T08:00:00Z,s13,4.4
104,2025-05-09T08:00:00Z,s14,4.46
104,2025-05-09T08:00:00Z,s15,5.1
104,2025-05-09T08:00:00Z,s16,4.89
104,2025-05-09T08:00:00Z,s17,6.17
104,2025-05-09T08:00:00Z,s18,5.42
104,2025-05-09T08:00:00Z,s19,6.25
104,2025-05-09T08:00:00Z,s20,5.3
104,2025-05-09T08:00:00Z,s21,4.88
104,2025-05-09T08:00:00Z,s22,5
104,2025-05-09T08:00:00Z,s23,3.02
104,2025-05-09T08:00:00Z,s24,4.85
104,2025-05-09T08:00:00Z,s25,5.21
104,2025-05-09T08:00:00Z,s26,4.61
105,2025-05-09T09:00:00Z,s01,3.9
105,2025-05-09T09:00:00Z,s02,2.1
105,2025-05-09T09:00:00Z,s03,4.1
105,2025-05-09T09:00:00Z,s04,4.9
105,2025-05-09T09:00:00Z,s05,0
105,2025-05-09T09:00:00Z,s06,4.3
105,2025-05-09T09:00:00Z,s07,4.9
105,2025-05-09T09:00:00Z,s08,5.6
105,2025-05-09T09:00:00Z,s09,6.1
105,2025-05-09T09:00:00Z,s10,4.8
105,2025-05-09T09:00:00Z,s11,0.3
105,2025-05-09T09:00:00Z,s12,0.9
105,2025-05-09T09:00:00Z,s13,4.4
105,2025-05-09T09:00:00Z,s14,4.62
105,2025-05-09T09:00:00Z,s15,5.24
105,2025-05-09T09:00:00Z,s16,5.07
105,2025-05-09T09:00:00Z,s17,7.6
105,2025-05-09T09:00:00Z,s18,6
105,2025-05-09T09:00:00Z,s19,6.57
105,2025-05-09T09:00:00Z,s20,5.14
105,2025-05-09T09:00:00Z,s21,4.85
105,2025-05-09T09:00:00Z,s22,5.06
105,2025-05-09T09:00:00Z,s23,3.11
105,2025-05-09T09:00:00Z,s24,4.77
105,2025-05-09T09:00:00Z,s25,5.17
105,2025-05-09T09:00:00Z,s26,4.14
106,2025-05-09T10:00:00Z,s01,5.5
106,2025-05-09T10:00:00Z,s02,1.9
106,2025-05-09T10:00:00Z,s03,5.9
106,2025-05-09T10:00:00Z,s04,6.6
106,2025-05-09T10:00:00Z,s05,0
106,2025-05-09T10:00:00Z,s06,4.2
106,2025-05-09T10:00:00Z,s07,4.6
106,2025-05-09T10:00:00Z,s08,5.6
106,2025-05-09T10:00:00Z,s09,6.1
106,2025-05-09T10:00:00Z,s10,4.8
106,2025-05-09T10:00:00Z,s11,1.1
106,2025-05-09T10:00:00Z,s12,1.4
106,2025-05-09T10:00:00Z,s13,4.5
106,2025-05-09T10:00:00Z,s14,5.06
106,2025-05-09T10:00:00Z,s15,5.52
106,2025-05-09T10:00:00Z,s16,5.54
106,2025-05-09T10:00:00Z,s17,6.2
106,2025-05-09T10:00:00Z,s18,6.48
106,2025-05-09T10:00:00Z,s19,7.68
106,2025-05-09T10:00:00Z,s20,5.48
106,2025-05-09T10:00:00Z,s21,5.32
106,2025-05-09T10:00:00Z,s22,5.15
106,2025-05-09T10:00:00Z,s23,3.65
106,2025-05-09T10:00:00Z,s24,4.84
106,2025-05-09T10:00:00Z,s25,5.54
106,2025-05-09T10:00:00Z,s26,4.78
107,2025-05-09T11:00:00Z,s01,5.1
107,2025-05-09T11:00:00Z,s02,2.4
107,2025-05-09T11:00:00Z,s03,7.7
107,2025-05-09T11:00:00Z,s04,3.1
107,2025-05-09T11:00:00Z,s05,0
107,2025-05-09T11:00:00Z,s06,4.2
107,2025-05-09T11:00:00Z,s07,4.7
107,2025-05-09T11:00:00Z,s08,5.9
107,2025-05-09T11:00:00Z,s09,6.4
107,2025-05-09T11:00:00Z,s10,4.9
107,2025-05-09T11:00:00Z,s11,1
107,2025-05-09T11:00:00Z,s12,2.4
107,2025-05-09T11:00:00Z,s13,4.7
107,2025-05-09T11:00:00Z,s14,5.71
107,2025-05-09T11:00:00Z,s15,5.94
107,2025-05-09T11:00:00Z,s16,6.01
107,2025-05-09T11:00:00Z,s17,6.91
107,2025-05-09T11:00:00Z,s18,7.79
107,2025-05-09T11:00:00Z,s19,9.22
107,2025-05-09T11:00:00Z,s20,6.08
107,2025-05-09T11:00:00Z,s21,5.67
107,2025-05-09T11:00:00Z,s22,5.91
107,2025-05-09T11:00:00Z,s23,4.44
107,2025-05-09T11:00:00Z,s24,5.26
107,2025-05-09T11:00:00Z,s25,5.96
107,2025-05-09T11:00:00Z,s26,5.28
108,2025-05-09T12:00:00Z,s01,4
108,2025-05-09T12:00:00Z,s02,5.4
108,2025-05-09T12:00:00Z,s03,9.7
108,2025-05-09T12:00:00Z,s04,5.5
108,2025-05-09T12:00:00Z,s05,0.2
108,2025-05-09T12:00:00Z,s06,4.5
108,2025-05-09T12:00:00Z,s07,6.8
108,2025-05-09T12:00:00Z,s08,6.7
108,2025-05-09T12:00:00Z,s09,7.3
108,2025-05-09T12:00:00Z,s10,5.2
108,2025-05-09T12:00:00Z,s11,1.7
108,2025-05-09T12:00:00Z,s12,3.4
108,2025-05-09T12:00:00Z,s13,5.2
108,2025-05-09T12:00:00Z,s14,6.87
108,2025-05-09T12:00:00Z,s15,6.98
108,2025-05-09T12:00:00Z,s16,6.83
108,2025-05-09T12:00:00Z,s17,7.89
108,2025-05-09T12:00:00Z,s18,9.76
108,2025-05-09T12:00:00Z,s19,12.12
108,2025-05-09T12:00:00Z,s20,7.03
108,2025-05-09T12:00:00Z,s21,7.06
108,2025-05-09T12:00:00Z,s22,6.35
108,2025-05-09T12:00:00Z,s23,6.75
108,2025-05-09T12:00:00Z,s24,6.27
108,2025-05-09T12:00:00Z,s25,7.33
108,2025-05-09T12:00:00Z,s26,6.46
109,2025-05-09T13:00:00Z,s01,6.4
109,2025-05-09T13:00:00Z,s02,5.1
109,2025-05-09T13:00:00Z,s03,10
109,2025-05-09T13:00:00Z,s04,7.4
109,2025-05-09T13:00:00Z,s05,0.4
109,2025-05-09T13:00:00Z,s06,5
109,2025-05-09T13:00:00Z,s07,7
109,2025-05-09T13:00:00Z,s08,7.3
109,2025-05-09T13:00:00Z,s09,8
109,2025-05-09T13:00:00Z,s10,5.6
109,2025-05-09T13:00:00Z,s11,1.7
109,2025-05-09T13:00:00Z,s12,2.7
109,2025-05-09T13:00:00Z,s13,5.6
109,2025-05-09T13:00:00Z,s14,7.23
109,2025-05-09T13:00:00Z,s15,7.16
109,2025-05-09T13:00:00Z,s16,5.96
109,2025-05-09T13:00:00Z,s17,8.28
109,2025-05-09T13:00:00Z,s18,10.29
109,2025-05-09T13:00:00Z,s19,11.4
109,2025-05-09T13:00:00Z,s20,7.79
109,2025-05-09T13:00:00Z,s21,7.53
109,2025-05-09T13:00:00Z,s22,6.76
109,2025-05-09T13:00:00Z,s23,6.05
109,2025-05-09T13:00:00Z,s24,6.49
109,2025-05-09T13:00:00Z,s25,8.01
109,2025-05-09T13:00:00Z,s26,6.02
110,2025-05-09T14:00:00Z,s01,5.3
110,2025-05-09T14:00:00Z,s02,7.4
110,2025-05-09T14:00:00Z,s03,10.5
110,2025-05-09T14:00:00Z,s04,7.9
110,2025-05-09T14:00:00Z,s05,2
110,2025-05-09T14:00:00Z,s06,6.7
110,2025-05-09T14:00:00Z,s07,8.2
110,2025-05-09T14:00:00Z,s08,7.7
110,2025-05-09T14:00:00Z,s09,9.3
110,2025-05-09T14:00:00Z,s10,8
110,2025-05-09T14:00:00Z,s11,2.8
110,2025-05-09T14:00:00Z,s12,3.6
110,2025-05-09T14:00:00Z,s13,5.8
110,2025-05-09T14:00:00Z,s14,8.01
110,2025-05-09T14:00:00Z,s15,8.05
110,2025-05-09T14:00:00Z,s16,7.71
110,2025-05-09T14:00:00Z,s17,11.88
110,2025-05-09T14:00:00Z,s18,27.27
110,2025-05-09T14:00:00Z,s19,14.1
110,2025-05-09T14:00:00Z,s20,8.88
110,2025-05-09T14:00:00Z,s21,9.43
110,2025-05-09T14:00:00Z,s22,8.03
110,2025-05-09T14:00:00Z,s23,7
110,2025-05-09T14:00:00Z,s24,8.12
110,2025-05-09T14:00:00Z,s25,10.12
110,2025-05-09T14:00:00Z,s26,5.76
111,2025-05-09T15:00:00Z,s01,7.8
111,2025-05-09T15:00:00Z,s02,5.5
111,2025-05-09T15:00:00Z,s03,10.9
111,2025-05-09T15:00:00Z,s04,8
111,2025-05-09T15:00:00Z,s05,2.1
111,2025-05-09T15:00:00Z,s06,6.2
111,2025-05-09T15:00:00Z,s07,7.7
111,2025-05-09T15:00:00Z,s08,8.6
111,2025-05-09T15:00:00Z,s09,11.6
111,2025-05-09T15:00:00Z,s10,7.3
111,2025-05-09T15:00:00Z,s11,4.6
111,2025-05-09T15:00:00Z,s12,3.9
111,2025-05-09T15:00:00Z,s13,6.4
111,2025-05-09T15:00:00Z,s14,7.58
111,2025-05-09T15:00:00Z,s15,6.65
111,2025-05-09T15:00:00Z,s16,7.45
111,2025-05-09T15:00:00Z,s17,8.9
111,2025-05-09T15:00:00Z,s18,13.78
111,2025-05-09T15:00:00Z,s19,14.32
111,2025-05-09T15:00:00Z,s20,8.24
111,2025-05-09T15:00:00Z,s21,6.99
111,2025-05-09T15:00:00Z,s22,7.73
111,2025-05-09T15:00:00Z,s23,6.85
111,2025-05-09T15:00:00Z,s24,5.74
111,2025-05-09T15:00:00Z,s25,6.9
111,2025-05-09T15:00:00Z,s26,3.96
112,2025-05-09T16:00:00Z,s01,5.9
112,2025-05-09T16:00:00Z,s02,4.1
112,2025-05-09T16:00:00Z,s03,9.2
112,2025-05-09T16:00:00Z,s04,7.7
112,2025-05-09T16:00:00Z,s05,5.2
112,2025-05-09T16:00:00Z,s06,6
112,2025-05-09T16:00:00Z,s07,7.8
112,2025-05-09T16:00:00Z,s08,9.2
112,2025-05-09T16:00:00Z,s09,11.1
112,2025-05-09T16:00:00Z,s10,6.8
112,2025-05-09T16:00:00Z,s11,5.1
112,2025-05-09T16:00:00Z,s12,2.8
112,2025-05-09T16:00:00Z,s13,6.6
112,2025-05-09T16:00:00Z,s14,6.45
112,2025-05-09T16:00:00Z,s15,6.61
112,2025-05-09T16:00:00Z,s16,6.65
112,2025-05-09T16:00:00Z,s17,7.62
112,2025-05-09T16:00:00Z,s18,9.22
112,2025-05-09T16:00:00Z,s19,12.7
112,2025-05-09T16:00:00Z,s20,7.43
112,2025-05-09T16:00:00Z,s21,8.2
112,2025-05-09T16:00:00Z,s22,7.15
112,2025-05-09T16:00:00Z,s23,6.47
112,2025-05-09T16:00:00Z,s24,6.59
112,2025-05-09T16:00:00Z,s25,6.94
112,2025-05-09T16:00:00Z,s26,4.11
113,2025-05-09T17:00:00Z,s01,4.9
113,2025-05-09T17:00:00Z,s02,4.2
113,2025-05-09T17:00:00Z,s03,9.3
113,2025-05-09T17:00:00Z,s04,5.3
113,2025-05-09T17:00:00Z,s05,5.7
113,2025-05-09T17:00:00Z,s06,6
113,2025-05-09T17:00:00Z,s07,7.6
113,2025-05-09T17:00:00Z,s08,9.4
113,2025-05-09T17:00:00Z,s09,11.8
113,2025-05-09T17:00:00Z,s10,6.9
113,2025-05-09T17:00:00Z,s11,4.7
113,2025-05-09T17:00:00Z,s12,2
113,2025-05-09T17:00:00Z,s13,6.8
113,2025-05-09T17:00:00Z,s14,7.14
113,2025-05-09T17:00:00Z,s15,9.28
113,2025-05-09T17:00:00Z,s16,9.45
113,2025-05-09T17:00:00Z,s17,7.2
113,2025-05-09T17:00:00Z,s18,14.62
113,2025-05-09T17:00:00Z,s19,10.85
113,2025-05-09T17:00:00Z,s20,8.9
113,2025-05-09T17:00:00Z,s21,7.73
113,2025-05-09T17:00:00Z,s22,11.99
113,2025-05-09T17:00:00Z,s23,8.13
113,2025-05-09T17:00:00Z,s24,8.7
113,2025-05-09T17:00:00Z,s25,6.71
113,2025-05-09T17:00:00Z,s26,6.33
114,2025-05-09T18:00:00Z,s01,4.5
114,2025-05-09T18:00:00Z,s02,3.2
114,2025-05-09T18:00:00Z,s03,6.9
114,2025-05-09T18:00:00Z,s04,3.9
114,2025-05-09T18:00:00Z,s05,4.9
114,2025-05-09T18:00:00Z,s06,6.2
114,2025-05-09T18:00:00Z,s07,7.4
114,2025-05-09T18:00:00Z,s08,11.2
114,2025-05-09T18:00:00Z,s09,13.1
114,2025-05-09T18:00:00Z,s10,6.8
114,2025-05-09T18:00:00Z,s11,5.6
114,2025-05-09T18:00:00Z,s12,2.5
114,2025-05-09T18:00:00Z,s13,7.2
114,2025-05-09T18:00:00Z,s14,7.66
114,2025-05-09T18:00:00Z,s15,9.91
114,2025-05-09T18:00:00Z,s16,10.55
114,2025-05-09T18:00:00Z,s17,7.88
114,2025-05-09T18:00:00Z,s18,11.61
114,2025-05-09T18:00:00Z,s19,15.21
114,2025-05-09T18:00:00Z,s20,11.26
114,2025-05-09T18:00:00Z,s21,7.63
114,2025-05-09T18:00:00Z,s22,10.56
114,2025-05-09T18:00:00Z,s23,8.32
114,2025-05-09T18:00:00Z,s24,9.27
114,2025-05-09T18:00:00Z,s25,6.64
114,2025-05-09T18:00:00Z,s26,8.25
115,2025-05-09T19:00:00Z,s01,5.5
115,2025-05-09T19:00:00Z,s02,2.4
115,2025-05-09T19:00:00Z,s03,7.2
115,2025-05-09T19:00:00Z,s04,2.5
115,2025-05-09T19:00:00Z,s05,3
115,2025-05-09T19:00:00Z,s06,6.5
115,2025-05-09T19:00:00Z,s07,7.3
115,2025-05-09T19:00:00Z,s08,10.8
115,2025-05-09T19:00:00Z,s09,13.6
115,2025-05-09T19:00:00Z,s10,5.7
115,2025-05-09T19:00:00Z,s11,5.8
115,2025-05-09T19:00:00Z,s12,3.3
115,2025-05-09T19:00:00Z,s13,6.7
115,2025-05-09T19:00:00Z,s14,8.43
115,2025-05-09T19:00:00Z,s15,7.96
115,2025-05-09T19:00:00Z,s16,12.96
115,2025-05-09T19:00:00Z,s17,5.46
115,2025-05-09T19:00:00Z,s18,9.82
115,2025-05-09T19:00:00Z,s19,14.04
115,2025-05-09T19:00:00Z,s20,8.66
115,2025-05-09T19:00:00Z,s21,9.19
115,2025-05-09T19:00:00Z,s22,7.65
115,2025-05-09T19:00:00Z,s23,8.72
115,2025-05-09T19:00:00Z,s24,9.19
115,2025-05-09T19:00:00Z,s25,8.55
115,2025-05-09T19:00:00Z,s26,9.27
116,2025-05-09T20:00:00Z,s01,4.1
116,2025-05-09T20:00:00Z,s02,2.4
116,2025-05-09T20:00:00Z,s03,6.5
116,2025-05-09T20:00:00Z,s04,2
116,2025-05-09T20:00:00Z,s05,1.4
116,2025-05-09T20:00:00Z,s06,5.8
116,2025-05-09T20:00:00Z,s07,6.8
116,2025-05-09T20:00:00Z,s08,9.6
116,2025-05-09T20:00:00Z,s09,14.3
116,2025-05-09T20:00:00Z,s10,5
116,2025-05-09T20:00:00Z,s11,6.6
116,2025-05-09T20:00:00Z,s12,2.6
116,2025-05-09T20:00:00Z,s13,4.7
116,2025-05-09T20:00:00Z,s14,8.45
116,2025-05-09T20:00:00Z,s15,5.3
116,2025-05-09T20:00:00Z,s16,8.71
116,2025-05-09T20:00:00Z,s17,5.71
116,2025-05-09T20:00:00Z,s18,9.62
116,2025-05-09T20:00:00Z,s19,8.13
116,2025-05-09T20:00:00Z,s20,7.27
116,2025-05-09T20:00:00Z,s21,6.61
116,2025-05-09T20:00:00Z,s22,6.51
116,2025-05-09T20:00:00Z,s23,7.65
116,2025-05-09T20:00:00Z,s24,5.3
116,2025-05-09T20:00:00Z,s25,6.86
116,2025-05-09T20:00:00Z,s26,8.84
117,2025-05-09T21:00:00Z,s01,3.4
117,2025-05-09T21:00:00Z,s02,3
117,2025-05-09T21:00:00Z,s03,5.7
117,2025-05-09T21:00:00Z,s04,0.4
117,2025-05-09T21:00:00Z,s05,1.3
117,2025-05-09T21:00:00Z,s06,4.9
117,2025-05-09T21:00:00Z,s07,5.9
117,2025-05-09T21:00:00Z,s08,7.7
117,2025-05-09T21:00:00Z,s09,12
117,2025-05-09T21:00:00Z,s10,4.7
117,2025-05-09T21:00:00Z,s11,6.1
117,2025-05-09T21:00:00Z,s12,1.1
117,2025-05-09T21:00:00Z,s13,3.1
117,2025-05-09T21:00:00Z,s14,4.96
117,2025-05-09T21:00:00Z,s15,4.52
117,2025-05-09T21:00:00Z,s16,6.08
117,2025-05-09T21:00:00Z,s17,6.65
117,2025-05-09T21:00:00Z,s18,10.06
117,2025-05-09T21:00:00Z,s19,3.88
117,2025-05-09T21:00:00Z,s20,6.4
117,2025-05-09T21:00:00Z,s21,5.21
117,2025-05-09T21:00:00Z,s22,5.13
117,2025-05-09T21:00:00Z,s23,6.11
117,2025-05-09T21:00:00Z,s24,4.21
117,2025-05-09T21:00:00Z,s25,5.38
117,2025-05-09T21:00:00Z,s26,8.35
118,2025-05-09T22:00:00Z,s01,4.1
118,2025-05-09T22:00:00Z,s02,0.6
118,2025-05-09T22:00:00Z,s03,5.4
118,2025-05-09T22:00:00Z,s04,0
118,2025-05-09T22:00:00Z,s05,0.5
118,2025-05-09T22:00:00Z,s06,3.9
118,2025-05-09T22:00:00Z,s07,4.7
118,2025-05-09T22:00:00Z,s08,5.3
118,2025-05-09T22:00:00Z,s09,8.1
118,2025-05-09T22:00:00Z,s10,3.9
118,2025-05-09T22:00:00Z,s11,7.4
118,2025-05-09T22:00:00Z,s12,0.8
118,2025-05-09T22:00:00Z,s13,2.2
118,2025-05-09T22:00:00Z,s14,3.38
118,2025-05-09T22:00:00Z,s15,3.56
118,2025-05-09T22:00:00Z,s16,4.03
118,2025-05-09T22:00:00Z,s17,4.64
118,2025-05-09T22:00:00Z,s18,8.04
118,2025-05-09T22:00:00Z,s19,3.96
118,2025-05-09T22:00:00Z,s20,5.37
118,2025-05-09T22:00:00Z,s21,3.66
118,2025-05-09T22:00:00Z,s22,4.16
118,2025-05-09T22:00:00Z,s23,4.89
118,2025-05-09T22:00:00Z,s24,2.43
118,2025-05-09T22:00:00Z,s25,3.86
118,2025-05-09T22:00:00Z,s26,5.24
119,2025-05-09T23:00:00Z,s01,3.1
119,2025-05-09T23:00:00Z,s02,0
119,2025-05-09T23:00:00Z,s03,3.8
119,2025-05-09T23:00:00Z,s04,0
119,2025-05-09T23:00:00Z,s05,0.3
119,2025-05-09T23:00:00Z,s06,3.2
119,2025-05-09T23:00:00Z,s07,4
119,2025-05-09T23:00:00Z,s08,3.7
119,2025-05-09T23:00:00Z,s09,6.4
119,2025-05-09T23:00:00Z,s10,3.6
119,2025-05-09T23:00:00Z,s11,8.6
119,2025-05-09T23:00:00Z,s12,0.1
119,2025-05-09T23:00:00Z,s13,1.7
119,2025-05-09T23:00:00Z,s14,3.3
119,2025-05-09T23:00:00Z,s15,3.52
119,2025-05-09T23:00:00Z,s16,4.2
119,2025-05-09T23:00:00Z,s17,5.18
119,2025-05-09T23:00:00Z,s18,7.6
119,2025-05-09T23:00:00Z,s19,3.13
119,2025-05-09T23:00:00Z,s20,5.41
119,2025-05-09T23:00:00Z,s21,2.72
119,2025-05-09T23:00:00Z,s22,4.6
119,2025-05-09T23:00:00Z,s23,3.96
119,2025-05-09T23:00:00Z,s24,2.2
119,2025-05-09T23:00:00Z,s25,3.6
119,2025-05-09T23:00:00Z,s26,3.16
120,2025-05-10T00:00:00Z,s01,4
120,2025-05-10T00:00:00Z,s02,0.2
120,2025-05-10T00:00:00Z,s03,3.4
120,2025-05-10T00:00:00Z,s04,1.1
120,2025-05-10T00:00:00Z,s05,0
120,2025-05-10T00:00:00Z,s06,2.5
120,2025-05-10T00:00:00Z,s07,3.3
120,2025-05-10T00:00:00Z,s08,2.4
120,2025-05-10T00:00:00Z,s09,5
120,2025-05-10T00:00:00Z,s10,3
120,2025-05-10T00:00:00Z,s11,10.2
120,2025-05-10T00:00:00Z,s12,0
120,2025-05-10T00:00:00Z,s13,1.3
120,2025-05-10T00:00:00Z,s14,2.83
120,2025-05-10T00:00:00Z,s15,3.78
120,2025-05-10T00:00:00Z,s16,4.63
120,2025-05-10T00:00:00Z,s17,3.97
120,2025-05-10T00:00:00Z,s18,7.85
120,2025-05-10T00:00:00Z,s19,2.74
120,2025-05-10T00:00:00Z,s20,4.38
120,2025-05-10T00:00:00Z,s21,2.82
120,2025-05-10T00:00:00Z,s22,4.4
120,2025-05-10T00:00:00Z,s23,3.84
120,2025-05-10T00:00:00Z,s24,3.1
120,2025-05-10T00:00:00Z,s25,5.1
120,2025-05-10T00:00:00Z,s26,3.42
121,2025-05-10T01:00:00Z,s01,3.7
121,2025-05-10T01:00:00Z,s02,0.7
121,2025-05-10T01:00:00Z,s03,2.6
121,2025-05-10T01:00:00Z,s04,0.3
121,2025-05-10T01:00:00Z,s05,0.3
121,2025-05-10T01:00:00Z,s06,2.3
121,2025-05-10T01:00:00Z,s07,3
121,2025-05-10T01:00:00Z,s08,1.8
121,2025-05-10T01:00:00Z,s09,4.1
121,2025-05-10T01:00:00Z,s10,2.6
121,2025-05-10T01:00:00Z,s11,10.2
121,2025-05-10T01:00:00Z,s12,0
121,2025-05-10T01:00:00Z,s13,1.2
121,2025-05-10T01:00:00Z,s14,2.5
121,2025-05-10T01:00:00Z,s15,3.41
121,2025-05-10T01:00:00Z,s16,5.13
121,2025-05-10T01:00:00Z,s17,4.35
121,2025-05-10T01:00:00Z,s18,6.56
121,2025-05-10T01:00:00Z,s19,2.67
121,2025-05-10T01:00:00Z,s20,4.52
121,2025-05-10T01:00:00Z,s21,2.92
121,2025-05-10T01:00:00Z,s22,3.73
121,2025-05-10T01:00:00Z,s23,4.38
121,2025-05-10T01:00:00Z,s24,3.09
121,2025-05-10T01:00:00Z,s25,3.79
121,2025-05-10T01:00:00Z,s26,3.05
122,2025-05-10T02:00:00Z,s01,4.6
122,2025-05-10T02:00:00Z,s02,0
122,2025-05-10T02:00:00Z,s03,2.1
122,2025-05-10T02:00:00Z,s04,0
122,2025-05-10T02:00:00Z,s05,0
122,2025-05-10T02:00:00Z,s06,2
122,2025-05-10T02:00:00Z,s07,2.7
122,2025-05-10T02:00:00Z,s08,1.5
122,2025-05-10T02:00:00Z,s09,3.3
122,2025-05-10T02:00:00Z,s10,2.3
122,2025-05-10T02:00:00Z,s11,9.7
122,2025-05-10T02:00:00Z,s12,0
122,2025-05-10T02:00:00Z,s13,1.2
122,2025-05-10T02:00:00Z,s14,2.23
122,2025-05-10T02:00:00Z,s15,2.84
122,2025-05-10T02:00:00Z,s16,4.23
122,2025-05-10T02:00:00Z,s17,3.23
122,2025-05-10T02:00:00Z,s18,5.73
122,2025-05-10T02:00:00Z,s19,2.61
122,2025-05-10T02:00:00Z,s20,3.02
122,2025-05-10T02:00:00Z,s21,3.02
122,2025-05-10T02:00:00Z,s22,3.21
122,2025-05-10T02:00:00Z,s23,3.32
122,2025-05-10T02:00:00Z,s24,3.21
122,2025-05-10T02:00:00Z,s25,3.17
122,2025-05-10T02:00:00Z,s26,2.65
123,2025-05-10T03:00:00Z,s01,3.1
123,2025-05-10T03:00:00Z,s02,0
123,2025-05-10T03:00:00Z,s03,2.3
123,2025-05-10T03:00:00Z,s04,0
123,2025-05-10T03:00:00Z,s05,0
123,2025-05-10T03:00:00Z,s06,1.7
123,2025-05-10T03:00:00Z,s07,2.2
123,2025-05-10T03:00:00Z,s08,1.4
123,2025-05-10T03:00:00Z,s09,2.6
123,2025-05-10T03:00:00Z,s10,1.8
123,2025-05-10T03:00:00Z,s11,5
123,2025-05-10T03:00:00Z,s12,0
123,2025-05-10T03:00:00Z,s13,1.2
123,2025-05-10T03:00:00Z,s14,2.2
123,2025-05-10T03:00:00Z,s15,2.87
123,2025-05-10T03:00:00Z,s16,4.07
123,2025-05-10T03:00:00Z,s17,3.25
123,2025-05-10T03:00:00Z,s18,4.35
123,2025-05-10T03:00:00Z,s19,2.61
123,2025-05-10T03:00:00Z,s20,3.04
123,2025-05-10T03:00:00Z,s21,2.61
123,2025-05-10T03:00:00Z,s22,3.01
123,2025-05-10T03:00:00Z,s23,2.66
123,2025-05-10T03:00:00Z,s24,2.53
123,2025-05-10T03:00:00Z,s25,2.52
123,2025-05-10T03:00:00Z,s26,2.86
124,2025-05-10T04:00:00Z,s01,1.8
124,2025-05-10T04:00:00Z,s02,0
124,2025-05-10T04:00:00Z,s03,1.4
124,2025-05-10T04:00:00Z,s04,0.2
124,2025-05-10T04:00:00Z,s05,0
124,2025-05-10T04:00:00Z,s06,1.4
124,2025-05-10T04:00:00Z,s07,1.8
124,2025-05-10T04:00:00Z,s08,1.3
124,2025-05-10T04:00:00Z,s09,2.2
124,2025-05-10T04:00:00Z,s10,1.5
124,2025-05-10T04:00:00Z,s11,0.9
124,2025-05-10T04:00:00Z,s12,0
124,2025-05-10T04:00:00Z,s13,1.1
124,2025-05-10T04:00:00Z,s14,2.2
124,2025-05-10T04:00:00Z,s15,2.22
124,2025-05-10T04:00:00Z,s16,3.05
124,2025-05-10T04:00:00Z,s17,3.4
124,2025-05-10T04:00:00Z,s18,3.68
124,2025-05-10T04:00:00Z,s19,2.58
124,2025-05-10T04:00:00Z,s20,3.12
124,2025-05-10T04:00:00Z,s21,2.24
124,2025-05-10T04:00:00Z,s22,2.57
124,2025-05-10T04:00:00Z,s23,2.69
124,2025-05-10T04:00:00Z,s24,2.39
124,2025-05-10T04:00:00Z,s25,2.31
124,2025-05-10T04:00:00Z,s26,2.95
125,2025-05-10T05:00:00Z,s01,0.8
125,2025-05-10T05:00:00Z,s02,0
125,2025-05-10T05:00:00Z,s03,1.8
125,2025-05-10T05:00:00Z,s04,0
125,2025-05-10T05:00:00Z,s05,0
125,2025-05-10T05:00:00Z,s06,1.1
125,2025-05-10T05:00:00Z,s07,1.5
125,2025-05-10T05:00:00Z,s08,1.2
125,2025-05-10T05:00:00Z,s09,2
125,2025-05-10T05:00:00Z,s10,1.1
125,2025-05-10T05:00:00Z,s11,0
125,2025-05-10T05:00:00Z,s12,0
125,2025-05-10T05:00:00Z,s13,1
125,2025-05-10T05:00:00Z,s14,2.22
125,2025-05-10T05:00:00Z,s15,2.21
125,2025-05-10T05:00:00Z,s16,2.89
125,2025-05-10T05:00:00Z,s17,3.21
125,2025-05-10T05:00:00Z,s18,3.26
125,2025-05-10T05:00:00Z,s19,2.57
125,2025-05-10T05:00:00Z,s20,3.43
125,2025-05-10T05:00:00Z,s21,2.19
125,2025-05-10T05:00:00Z,s22,2.26
125,2025-05-10T05:00:00Z,s23,2.76
125,2025-05-10T05:00:00Z,s24,2.22
125,2025-05-10T05:00:00Z,s25,2.47
125,2025-05-10T05:00:00Z,s26,2.25
126,2025-05-10T06:00:00Z,s01,0
126,2025-05-10T06:00:00Z,s02,0
126,2025-05-10T06:00:00Z,s03,0.7
126,2025-05-10T06:00:00Z,s04,1.2
126,2025-05-10T06:00:00Z,s05,0
126,2025-05-10T06:00:00Z,s06,1
126,2025-05-10T06:00:00Z,s07,1.2
126,2025-05-10T06:00:00Z,s08,1.1
126,2025-05-10T06:00:00Z,s09,1.9
126,2025-05-10T06:00:00Z,s10,1
126,2025-05-10T06:00:00Z,s11,0
126,2025-05-10T06:00:00Z,s12,0
126,2025-05-10T06:00:00Z,s13,1
126,2025-05-10T06:00:00Z,s14,2.19
126,2025-05-10T06:00:00Z,s15,2.2
126,2025-05-10T06:00:00Z,s16,2.36
126,2025-05-10T06:00:00Z,s17,3.88
126,2025-05-10T06:00:00Z,s18,2.74
126,2025-05-10T06:00:00Z,s19,2.56
126,2025-05-10T06:00:00Z,s20,3.44
126,2025-05-10T06:00:00Z,s21,2.19
126,2025-05-10T06:00:00Z,s22,2.38
126,2025-05-10T06:00:00Z,s23,2.88
126,2025-05-10T06:00:00Z,s24,2.2
126,2025-05-10T06:00:00Z,s25,2.47
126,2025-05-10T06:00:00Z,s26,2.21
127,2025-05-10T07:00:00Z,s01,0
127,2025-05-10T07:00:00Z,s02,0
127,2025-05-10T07:00:00Z,s03,1.9
127,2025-05-10T07:00:00Z,s04,3.1
127,2025-05-10T07:00:00Z,s05,0
127,2025-05-10T07:00:00Z,s06,0.8
127,2025-05-10T07:00:00Z,s07,1
127,2025-05-10T07:00:00Z,s08,1
127,2025-05-10T07:00:00Z,s09,1.6
127,2025-05-10T07:00:00Z,s10,0.8
127,2025-05-10T07:00:00Z,s11,0
127,2025-05-10T07:00:00Z,s12,0
127,2025-05-10T07:00:00Z,s13,0.9
127,2025-05-10T07:00:00Z,s14,2.19
127,2025-05-10T07:00:00Z,s15,2.19
127,2025-05-10T07:00:00Z,s16,2.31
127,2025-05-10T07:00:00Z,s17,3.87
127,2025-05-10T07:00:00Z,s18,2.72
127,2025-05-10T07:00:00Z,s19,2.56
127,2025-05-10T07:00:00Z,s20,3.63
127,2025-05-10T07:00:00Z,s21,2.19
127,2025-05-10T07:00:00Z,s22,2.28
127,2025-05-10T07:00:00Z,s23,2.56
127,2025-05-10T07:00:00Z,s24,2.19
127,2025-05-10T07:00:00Z,s25,2.39
127,2025-05-10T07:00:00Z,s26,2.19
128,2025-05-10T08:00:00Z,s01,0
128,2025-05-10T08:00:00Z,s02,0
128,2025-05-10T08:00:00Z,s03,1.3
128,2025-05-10T08:00:00Z,s04,4.4
128,2025-05-10T08:00:00Z,s05,0
128,2025-05-10T08:00:00Z,s06,0.7
128,2025-05-10T08:00:00Z,s07,0.9
128,2025-05-10T08:00:00Z,s08,0.9
128,2025-05-10T08:00:00Z,s09,1.4
128,2025-05-10T08:00:00Z,s10,0.7
128,2025-05-10T08:00:00Z,s11,0
128,2025-05-10T08:00:00Z,s12,0
128,2025-05-10T08:00:00Z,s13,1
128,2025-05-10T08:00:00Z,s14,2.2
128,2025-05-10T08:00:00Z,s15,2.19
128,2025-05-10T08:00:00Z,s16,2.44
128,2025-05-10T08:00:00Z,s17,2.5
128,2025-05-10T08:00:00Z,s18,2.54
128,2025-05-10T08:00:00Z,s19,2.5
128,2025-05-10T08:00:00Z,s20,2.28
128,2025-05-10T08:00:00Z,s21,2.19
128,2025-05-10T08:00:00Z,s22,2.26
128,2025-05-10T08:00:00Z,s23,2.2
128,2025-05-10T08:00:00Z,s24,2.26
128,2025-05-10T08:00:00Z,s25,2.43
128,2025-05-10T08:00:00Z,s26,2.19
129,2025-05-10T09:00:00Z,s01,0
129,2025-05-10T09:00:00Z,s02,0
129,2025-05-10T09:00:00Z,s03,1.2
129,2025-05-10T09:00:00Z,s04,2.8
129,2025-05-10T09:00:00Z,s05,0
129,2025-05-10T09:00:00Z,s06,0.8
129,2025-05-10T09:00:00Z,s07,1
129,2025-05-10T09:00:00Z,s08,2.1
129,2025-05-10T09:00:00Z,s09,1.5
129,2025-05-10T09:00:00Z,s10,0.8
129,2025-05-10T09:00:00Z,s11,0
129,2025-05-10T09:00:00Z,s12,0
129,2025-05-10T09:00:00Z,s13,1.2
129,2025-05-10T09:00:00Z,s14,2.21
129,2025-05-10T09:00:00Z,s15,2.2
129,2025-05-10T09:00:00Z,s16,2.49
129,2025-05-10T09:00:00Z,s17,3.8
129,2025-05-10T09:00:00Z,s18,2.66
129,2025-05-10T09:00:00Z,s19,2.83
129,2025-05-10T09:00:00Z,s20,2.25
129,2025-05-10T09:00:00Z,s21,2.2
129,2025-05-10T09:00:00Z,s22,2.39
129,2025-05-10T09:00:00Z,s23,2.19
129,2025-05-10T09:00:00Z,s24,2.39
129,2025-05-10T09:00:00Z,s25,2.6
129,2025-05-10T09:00:00Z,s26,2.42
130,2025-05-10T10:00:00Z,s01,2
130,2025-05-10T10:00:00Z,s02,0.3
130,2025-05-10T10:00:00Z,s03,1.1
130,2025-05-10T10:00:00Z,s04,2.6
130,2025-05-10T10:00:00Z,s05,0
130,2025-05-10T10:00:00Z,s06,1.2
130,2025-05-10T10:00:00Z,s07,1.5
130,2025-05-10T10:00:00Z,s08,2.3
130,2025-05-10T10:00:00Z,s09,2
130,2025-05-10T10:00:00Z,s10,1.3
130,2025-05-10T10:00:00Z,s11,0
130,2025-05-10T10:00:00Z,s12,0
130,2025-05-10T10:00:00Z,s13,1.8
130,2025-05-10T10:00:00Z,s14,2.38
130,2025-05-10T10:00:00Z,s15,2.82
130,2025-05-10T10:00:00Z,s16,3.13
130,2025-05-10T10:00:00Z,s17,6.61
130,2025-05-10T10:00:00Z,s18,3.9
130,2025-05-10T10:00:00Z,s19,3.13
130,2025-05-10T10:00:00Z,s20,2.87
130,2025-05-10T10:00:00Z,s21,2.7
130,2025-05-10T10:00:00Z,s22,2.73
130,2025-05-10T10:00:00Z,s23,2.85
130,2025-05-10T10:00:00Z,s24,3.03
130,2025-05-10T10:00:00Z,s25,2.98
130,2025-05-10T10:00:00Z,s26,2.77
131,2025-05-10T11:00:00Z,s01,3.3
131,2025-05-10T11:00:00Z,s02,0
131,2025-05-10T11:00:00Z,s03,2.4
131,2025-05-10T11:00:00Z,s04,4.4
131,2025-05-10T11:00:00Z,s05,0.6
131,2025-05-10T11:00:00Z,s06,1.8
131,2025-05-10T11:00:00Z,s07,2.2
131,2025-05-10T11:00:00Z,s08,2.7
131,2025-05-10T11:00:00Z,s09,2.5
131,2025-05-10T11:00:00Z,s10,2
131,2025-05-10T11:00:00Z,s11,0
131,2025-05-10T11:00:00Z,s12,0
131,2025-05-10T11:00:00Z,s13,2.3
131,2025-05-10T11:00:00Z,s14,3.03
131,2025-05-10T11:00:00Z,s15,3.22
131,2025-05-10T11:00:00Z,s16,3.76
131,2025-05-10T11:00:00Z,s17,4.33
131,2025-05-10T11:00:00Z,s18,4.61
131,2025-05-10T11:00:00Z,s19,4.39
131,2025-05-10T11:00:00Z,s20,3.38
131,2025-05-10T11:00:00Z,s21,3.37
131,2025-05-10T11:00:00Z,s22,3.13
131,2025-05-10T11:00:00Z,s23,3.17
131,2025-05-10T11:00:00Z,s24,3.45
131,2025-05-10T11:00:00Z,s25,3.42
131,2025-05-10T11:00:00Z,s26,3.45
132,2025-05-10T12:00:00Z,s01,0.4
132,2025-05-10T12:00:00Z,s02,1.2
132,2025-05-10T12:00:00Z,s03,7.1
132,2025-05-10T12:00:00Z,s04,3.5
132,2025-05-10T12:00:00Z,s05,0.6
132,2025-05-10T12:00:00Z,s06,2.3
132,2025-05-10T12:00:00Z,s07,2.7
132,2025-05-10T12:00:00Z,s08,3
132,2025-05-10T12:00:00Z,s09,3
132,2025-05-10T12:00:00Z,s10,2.4
132,2025-05-10T12:00:00Z,s11,0
132,2025-05-10T12:00:00Z,s12,0
132,2025-05-10T12:00:00Z,s13,2.7
132,2025-05-10T12:00:00Z,s14,3.13
132,2025-05-10T12:00:00Z,s15,3.05
132,2025-05-10T12:00:00Z,s16,3.89
132,2025-05-10T12:00:00Z,s17,3.93
132,2025-05-10T12:00:00Z,s18,4.93
132,2025-05-10T12:00:00Z,s19,3.92
132,2025-05-10T12:00:00Z,s20,3.25
132,2025-05-10T12:00:00Z,s21,3.45
132,2025-05-10T12:00:00Z,s22,3.29
132,2025-05-10T12:00:00Z,s23,3.34
132,2025-05-10T12:00:00Z,s24,3.61
132,2025-05-10T12:00:00Z,s25,3.46
132,2025-05-10T12:00:00Z,s26,3.93
133,2025-05-10T13:00:00Z,s01,4.6
133,2025-05-10T13:00:00Z,s02,1.2
133,2025-05-10T13:00:00Z,s03,5.3
133,2025-05-10T13:00:00Z,s04,4.9
133,2025-05-10T13:00:00Z,s05,0.5
133,2025-05-10T13:00:00Z,s06,2.5
133,2025-05-10T13:00:00Z,s07,2.9
133,2025-05-10T13:00:00Z,s08,3.1
133,2025-05-10T13:00:00Z,s09,3.2
133,2025-05-10T13:00:00Z,s10,2.7
133,2025-05-10T13:00:00Z,s11,0
133,2025-05-10T13:00:00Z,s12,0.4
133,2025-05-10T13:00:00Z,s13,2.8
133,2025-05-10T13:00:00Z,s14,3.24
133,2025-05-10T13:00:00Z,s15,3.07
133,2025-05-10T13:00:00Z,s16,4.78
133,2025-05-10T13:00:00Z,s17,3.26
133,2025-05-10T13:00:00Z,s18,5.15
133,2025-05-10T13:00:00Z,s19,3.66
133,2025-05-10T13:00:00Z,s20,2.58
133,2025-05-10T13:00:00Z,s21,3.7
133,2025-05-10T13:00:00Z,s22,4.2
133,2025-05-10T13:00:00Z,s23,3.08
133,2025-05-10T13:00:00Z,s24,3.76
133,2025-05-10T13:00:00Z,s25,3.12
133,2025-05-10T13:00:00Z,s26,4.24
134,2025-05-10T14:00:00Z,s01,4.5
134,2025-05-10T14:00:00Z,s02,2.6
134,2025-05-10T14:00:00Z,s03,5.8
134,2025-05-10T14:00:00Z,s04,6.5
134,2025-05-10T14:00:00Z,s05,1.9
134,2025-05-10T14:00:00Z,s06,2.7
134,2025-05-10T14:00:00Z,s07,3.1
134,2025-05-10T14:00:00Z,s08,3
134,2025-05-10T14:00:00Z,s09,3.3
134,2025-05-10T14:00:00Z,s10,2.9
134,2025-05-10T14:00:00Z,s11,0.9
134,2025-05-10T14:00:00Z,s12,1.3
134,2025-05-10T14:00:00Z,s13,2.9
134,2025-05-10T14:00:00Z,s14,3.42
134,2025-05-10T14:00:00Z,s15,3.37
134,2025-05-10T14:00:00Z,s16,5.23
134,2025-05-10T14:00:00Z,s17,3.5
134,2025-05-10T14:00:00Z,s18,6.35
134,2025-05-10T14:00:00Z,s19,3.77
134,2025-05-10T14:00:00Z,s20,2.45
134,2025-05-10T14:00:00Z,s21,3.65
134,2025-05-10T14:00:00Z,s22,3.83
134,2025-05-10T14:00:00Z,s23,3.3
134,2025-05-10T14:00:00Z,s24,4.25
134,2025-05-10T14:00:00Z,s25,3.11
134,2025-05-10T14:00:00Z,s26,4.34
135,2025-05-10T15:00:00Z,s01,4.7
135,2025-05-10T15:00:00Z,s02,3
135,2025-05-10T15:00:00Z,s03,5.7
135,2025-05-10T15:00:00Z,s04,6.5
135,2025-05-10T15:00:00Z,s05,1.7
135,2025-05-10T15:00:00Z,s06,2.8
135,2025-05-10T15:00:00Z,s07,3.2
135,2025-05-10T15:00:00Z,s08,3
135,2025-05-10T15:00:00Z,s09,3.3
135,2025-05-10T15:00:00Z,s10,3.1
135,2025-05-10T15:00:00Z,s11,0.7
135,2025-05-10T15:00:00Z,s12,1.3
135,2025-05-10T15:00:00Z,s13,3
135,2025-05-10T15:00:00Z,s14,3.56
135,2025-05-10T15:00:00Z,s15,3.89
135,2025-05-10T15:00:00Z,s16,5.46
135,2025-05-10T15:00:00Z,s17,2.83
135,2025-05-10T15:00:00Z,s18,5.77
135,2025-05-10T15:00:00Z,s19,4.37
135,2025-05-10T15:00:00Z,s20,3.16
135,2025-05-10T15:00:00Z,s21,3.99
135,2025-05-10T15:00:00Z,s22,3.96
135,2025-05-10T15:00:00Z,s23,3.32
135,2025-05-10T15:00:00Z,s24,5.47
135,2025-05-10T15:00:00Z,s25,2.61
135,2025-05-10T15:00:00Z,s26,4.44
136,2025-05-10T16:00:00Z,s01,3.8
136,2025-05-10T16:00:00Z,s02,3.8
136,2025-05-10T16:00:00Z,s03,4.7
136,2025-05-10T16:00:00Z,s04,6.5
136,2025-05-10T16:00:00Z,s05,1.5
136,2025-05-10T16:00:00Z,s06,2.9
136,2025-05-10T16:00:00Z,s07,3.3
136,2025-05-10T16:00:00Z,s08,3.1
136,2025-05-10T16:00:00Z,s09,3.5
136,2025-05-10T16:00:00Z,s10,3.3
136,2025-05-10T16:00:00Z,s11,1.1
136,2025-05-10T16:00:00Z,s12,1.2
136,2025-05-10T16:00:00Z,s13,3.1
136,2025-05-10T16:00:00Z,s14,3.29
136,2025-05-10T16:00:00Z,s15,3.56
136,2025-05-10T16:00:00Z,s16,4.2
136,2025-05-10T16:00:00Z,s17,4.22
136,2025-05-10T16:00:00Z,s18,6.37
136,2025-05-10T16:00:00Z,s19,3.33
136,2025-05-10T16:00:00Z,s20,4.61
136,2025-05-10T16:00:00Z,s21,3.72
136,2025-05-10T16:00:00Z,s22,4.27
136,2025-05-10T16:00:00Z,s23,4.38
136,2025-05-10T16:00:00Z,s24,4.15
136,2025-05-10T16:00:00Z,s25,3.82
136,2025-05-10T16:00:00Z,s26,3.65
137,2025-05-10T17:00:00Z,s01,3.8
137,2025-05-10T17:00:00Z,s02,2.5
137,2025-05-10T17:00:00Z,s03,4.1
137,2025-05-10T17:00:00Z,s04,4.9
137,2025-05-10T17:00:00Z,s05,1.7
137,2025-05-10T17:00:00Z,s06,3.1
137,2025-05-10T17:00:00Z,s07,3.5
137,2025-05-10T17:00:00Z,s08,3.2
137,2025-05-10T17:00:00Z,s09,3.7
137,2025-05-10T17:00:00Z,s10,3.4
137,2025-05-10T17:00:00Z,s11,1.1
137,2025-05-10T17:00:00Z,s12,1
137,2025-05-10T17:00:00Z,s13,3.1
137,2025-05-10T17:00:00Z,s14,3.37
137,2025-05-10T17:00:00Z,s15,3.63
137,2025-05-10T17:00:00Z,s16,5.04
137,2025-05-10T17:00:00Z,s17,4.64
137,2025-05-10T17:00:00Z,s18,6.36
137,2025-05-10T17:00:00Z,s19,2.47
137,2025-05-10T17:00:00Z,s20,4.46
137,2025-05-10T17:00:00Z,s21,3.9
137,2025-05-10T17:00:00Z,s22,4.54
137,2025-05-10T17:00:00Z,s23,5.43
137,2025-05-10T17:00:00Z,s24,4.57
137,2025-05-10T17:00:00Z,s25,3.52
137,2025-05-10T17:00:00Z,s26,3.55
138,2025-05-10T18:00:00Z,s01,2.9
138,2025-05-10T18:00:00Z,s02,3.6
138,2025-05-10T18:00:00Z,s03,2.8
138,2025-05-10T18:00:00Z,s04,3.9
138,2025-05-10T18:00:00Z,s05,1.4
138,2025-05-10T18:00:00Z,s06,3.2
138,2025-05-10T18:00:00Z,s07,3.6
138,2025-05-10T18:00:00Z,s08,3.2
138,2025-05-10T18:00:00Z,s09,3.8
138,2025-05-10T18:00:00Z,s10,3.5
138,2025-05-10T18:00:00Z,s11,0.9
138,2025-05-10T18:00:00Z,s12,0.4
138,2025-05-10T18:00:00Z,s13,3.2
138,2025-05-10T18:00:00Z,s14,3.38
138,2025-05-10T18:00:00Z,s15,3.77
138,2025-05-10T18:00:00Z,s16,5.04
138,2025-05-10T18:00:00Z,s17,5.01
138,2025-05-10T18:00:00Z,s18,8.25
138,2025-05-10T18:00:00Z,s19,2.2
138,2025-05-10T18:00:00Z,s20,4.11
138,2025-05-10T18:00:00Z,s21,4.05
138,2025-05-10T18:00:00Z,s22,4.83
138,2025-05-10T18:00:00Z,s23,4.94
138,2025-05-10T18:00:00Z,s24,4.53
138,2025-05-10T18:00:00Z,s25,3.99
138,2025-05-10T18:00:00Z,s26,3.9
139,2025-05-10T19:00:00Z,s01,3.1
139,2025-05-10T19:00:00Z,s02,4
139,2025-05-10T19:00:00Z,s03,3.1
139,2025-05-10T19:00:00Z,s04,4.7
139,2025-05-10T19:00:00Z,s05,1.3
139,2025-05-10T19:00:00Z,s06,3.2
139,2025-05-10T19:00:00Z,s07,3.7
139,2025-05-10T19:00:00Z,s08,3.3
139,2025-05-10T19:00:00Z,s09,3.9
139,2025-05-10T19:00:00Z,s10,3.6
139,2025-05-10T19:00:00Z,s11,1.6
139,2025-05-10T19:00:00Z,s12,0.9
139,2025-05-10T19:00:00Z,s13,3.2
139,2025-05-10T19:00:00Z,s14,3.4
139,2025-05-10T19:00:00Z,s15,4.19
139,2025-05-10T19:00:00Z,s16,5.32
139,2025-05-10T19:00:00Z,s17,5.24
139,2025-05-10T19:00:00Z,s18,6.88
139,2025-05-10T19:00:00Z,s19,2.2
139,2025-05-10T19:00:00Z,s20,5.68
139,2025-05-10T19:00:00Z,s21,4.07
139,2025-05-10T19:00:00Z,s22,4.62
139,2025-05-10T19:00:00Z,s23,4.74
139,2025-05-10T19:00:00Z,s24,4.54
139,2025-05-10T19:00:00Z,s25,3.96
139,2025-05-10T19:00:00Z,s26,3.98
140,2025-05-10T20:00:00Z,s01,3.7
140,2025-05-10T20:00:00Z,s02,4.4
140,2025-05-10T20:00:00Z,s03,4.9
140,2025-05-10T20:00:00Z,s04,3.8
140,2025-05-10T20:00:00Z,s05,1.5
140,2025-05-10T20:00:00Z,s06,3.4
140,2025-05-10T20:00:00Z,s07,3.8
140,2025-05-10T20:00:00Z,s08,3.3
140,2025-05-10T20:00:00Z,s09,4
140,2025-05-10T20:00:00Z,s10,3.7
140,2025-05-10T20:00:00Z,s11,3.2
140,2025-05-10T20:00:00Z,s12,0.9
140,2025-05-10T20:00:00Z,s13,3.1
140,2025-05-10T20:00:00Z,s14,3.68
140,2025-05-10T20:00:00Z,s15,3.99
140,2025-05-10T20:00:00Z,s16,4.82
140,2025-05-10T20:00:00Z,s17,4.66
140,2025-05-10T20:00:00Z,s18,6.71
140,2025-05-10T20:00:00Z,s19,3.67
140,2025-05-10T20:00:00Z,s20,5.25
140,2025-05-10T20:00:00Z,s21,4.19
140,2025-05-10T20:00:00Z,s22,4.47
140,2025-05-10T20:00:00Z,s23,5.79
140,2025-05-10T20:00:00Z,s24,3.72
140,2025-05-10T20:00:00Z,s25,3.77
140,2025-05-10T20:00:00Z,s26,3.94
141,2025-05-10T21:00:00Z,s01,4.4
141,2025-05-10T21:00:00Z,s02,3.4
141,2025-05-10T21:00:00Z,s03,2.9
141,2025-05-10T21:00:00Z,s04,3.5
141,2025-05-10T21:00:00Z,s05,1.8
141,2025-05-10T21:00:00Z,s06,3.4
141,2025-05-10T21:00:00Z,s07,3.8
141,2025-05-10T21:00:00Z,s08,3.4
141,2025-05-10T21:00:00Z,s09,4.1
141,2025-05-10T21:00:00Z,s10,3.7
141,2025-05-10T21:00:00Z,s11,4.4
141,2025-05-10T21:00:00Z,s12,1
141,2025-05-10T21:00:00Z,s13,3.1
141,2025-05-10T21:00:00Z,s14,4.07
141,2025-05-10T21:00:00Z,s15,4.53
141,2025-05-10T21:00:00Z,s16,4.68
141,2025-05-10T21:00:00Z,s17,4.62
141,2025-05-10T21:00:00Z,s18,6.94
141,2025-05-10T21:00:00Z,s19,4.09
141,2025-05-10T21:00:00Z,s20,5.44
141,2025-05-10T21:00:00Z,s21,4.29
141,2025-05-10T21:00:00Z,s22,4.59
141,2025-05-10T21:00:00Z,s23,6.16
141,2025-05-10T21:00:00Z,s24,3.92
141,2025-05-10T21:00:00Z,s25,3.75
141,2025-05-10T21:00:00Z,s26,4.3
142,2025-05-10T22:00:00Z,s01,2.3
142,2025-05-10T22:00:00Z,s02,2.5
142,2025-05-10T22:00:00Z,s03,4.5
142,2025-05-10T22:00:00Z,s04,2.3
142,2025-05-10T22:00:00Z,s05,2.4
142,2025-05-10T22:00:00Z,s06,3.3
142,2025-05-10T22:00:00Z,s07,3.8
142,2025-05-10T22:00:00Z,s08,3.3
142,2025-05-10T22:00:00Z,s09,4.2
142,2025-05-10T22:00:00Z,s10,3.9
142,2025-05-10T22:00:00Z,s11,6.3
142,2025-05-10T22:00:00Z,s12,1.7
142,2025-05-10T22:00:00Z,s13,3.1
142,2025-05-10T22:00:00Z,s14,4.23
142,2025-05-10T22:00:00Z,s15,3.7
142,2025-05-10T22:00:00Z,s16,4.65
142,2025-05-10T22:00:00Z,s17,4.84
142,2025-05-10T22:00:00Z,s18,7.15
142,2025-05-10T22:00:00Z,s19,4.66
142,2025-05-10T22:00:00Z,s20,6.13
142,2025-05-10T22:00:00Z,s21,4.23
142,2025-05-10T22:00:00Z,s22,5.11
142,2025-05-10T22:00:00Z,s23,6.97
142,2025-05-10T22:00:00Z,s24,4.09
142,2025-05-10T22:00:00Z,s25,3.83
142,2025-05-10T22:00:00Z,s26,4.29
143,2025-05-10T23:00:00Z,s01,1.6
143,2025-05-10T23:00:00Z,s02,4.2
143,2025-05-10T23:00:00Z,s03,3.2
143,2025-05-10T23:00:00Z,s04,2
143,2025-05-10T23:00:00Z,s05,2.8
143,2025-05-10T23:00:00Z,s06,3.4
143,2025-05-10T23:00:00Z,s07,4.1
143,2025-05-10T23:00:00Z,s08,3.4
143,2025-05-10T23:00:00Z,s09,4.6
143,2025-05-10T23:00:00Z,s10,4.4
143,2025-05-10T23:00:00Z,s11,11.3
143,2025-05-10T23:00:00Z,s12,3.5
143,2025-05-10T23:00:00Z,s13,3.1
143,2025-05-10T23:00:00Z,s14,4.5
143,2025-05-10T23:00:00Z,s15,4.06
143,2025-05-10T23:00:00Z,s16,5.57
143,2025-05-10T23:00:00Z,s17,5.13
143,2025-05-10T23:00:00Z,s18,9.58
143,2025-05-10T23:00:00Z,s19,5.35
143,2025-05-10T23:00:00Z,s20,5.58
143,2025-05-10T23:00:00Z,s21,4.56
143,2025-05-10T23:00:00Z,s22,5.29
143,2025-05-10T23:00:00Z,s23,7.98
143,2025-05-10T23:00:00Z,s24,3.65
143,2025-05-10T23:00:00Z,s25,4.39
143,2025-05-10T23:00:00Z,s26,4.79
144,2025-05-11T00:00:00Z,s01,3.7
144,2025-05-11T00:00:00Z,s02,3.2
144,2025-05-11T00:00:00Z,s03,5.3
144,2025-05-11T00:00:00Z,s04,2.5
144,2025-05-11T00:00:00Z,s05,4.5
144,2025-05-11T00:00:00Z,s06,3.9
144,2025-05-11T00:00:00Z,s07,4.8
144,2025-05-11T00:00:00Z,s08,4.3
144,2025-05-11T00:00:00Z,s09,5.8
144,2025-05-11T00:00:00Z,s10,5.3
144,2025-05-11T00:00:00Z,s11,17.7
144,2025-05-11T00:00:00Z,s12,4.9
144,2025-05-11T00:00:00Z,s13,3.5
144,2025-05-11T00:00:00Z,s14,4.23
144,2025-05-11T00:00:00Z,s15,4.86
144,2025-05-11T00:00:00Z,s16,7.9
144,2025-05-11T00:00:00Z,s17,5.95
144,2025-05-11T00:00:00Z,s18,9.24
144,2025-05-11T00:00:00Z,s19,4.49
144,2025-05-11T00:00:00Z,s20,5.83
144,2025-05-11T00:00:00Z,s21,5.97
144,2025-05-11T00:00:00Z,s22,5.56
144,2025-05-11T00:00:00Z,s23,9.73
144,2025-05-11T00:00:00Z,s24,4.88
144,2025-05-11T00:00:00Z,s25,5.15
144,2025-05-11T00:00:00Z,s26,5.23
145,2025-05-11T01:00:00Z,s01,4.1
145,2025-05-11T01:00:00Z,s02,2.9
145,2025-05-11T01:00:00Z,s03,6.2
145,2025-05-11T01:00:00Z,s04,6.1
145,2025-05-11T01:00:00Z,s05,5.9
145,2025-05-11T01:00:00Z,s06,4.6
145,2025-05-11T01:00:00Z,s07,6.2
145,2025-05-11T01:00:00Z,s08,4.8
145,2025-05-11T01:00:00Z,s09,8.5
145,2025-05-11T01:00:00Z,s10,5.6
145,2025-05-11T01:00:00Z,s11,17.9
145,2025-05-11T01:00:00Z,s12,11.4
145,2025-05-11T01:00:00Z,s13,4
145,2025-05-11T01:00:00Z,s14,4.82
145,2025-05-11T01:00:00Z,s15,5.52
145,2025-05-11T01:00:00Z,s16,9.86
145,2025-05-11T01:00:00Z,s17,6.47
145,2025-05-11T01:00:00Z,s18,13.64
145,2025-05-11T01:00:00Z,s19,5.11
145,2025-05-11T01:00:00Z,s20,8.48
145,2025-05-11T01:00:00Z,s21,6.56
145,2025-05-11T01:00:00Z,s22,6.79
145,2025-05-11T01:00:00Z,s23,10.35
145,2025-05-11T01:00:00Z,s24,5.17
145,2025-05-11T01:00:00Z,s25,5.89
145,2025-05-11T01:00:00Z,s26,6.06
146,2025-05-11T02:00:00Z,s01,5.4
146,2025-05-11T02:00:00Z,s02,5
146,2025-05-11T02:00:00Z,s03,8.4
146,2025-05-11T02:00:00Z,s04,13.6
146,2025-05-11T02:00:00Z,s05,5.9
146,2025-05-11T02:00:00Z,s06,5.4
146,2025-05-11T02:00:00Z,s07,7
146,2025-05-11T02:00:00Z,s08,5.6
146,2025-05-11T02:00:00Z,s09,11.9
146,2025-05-11T02:00:00Z,s10,5.8
146,2025-05-11T02:00:00Z,s11,18.7
146,2025-05-11T02:00:00Z,s12,13.1
146,2025-05-11T02:00:00Z,s13,4.5
146,2025-05-11T02:00:00Z,s14,6.08
146,2025-05-11T02:00:00Z,s15,5.21
146,2025-05-11T02:00:00Z,s16,10.8
146,2025-05-11T02:00:00Z,s17,6.76
146,2025-05-11T02:00:00Z,s18,12.27
146,2025-05-11T02:00:00Z,s19,5.37
146,2025-05-11T02:00:00Z,s20,8.23
146,2025-05-11T02:00:00Z,s21,8.04
146,2025-05-11T02:00:00Z,s22,6.77
146,2025-05-11T02:00:00Z,s23,11.98
146,2025-05-11T02:00:00Z,s24,6.43
146,2025-05-11T02:00:00Z,s25,6.82
146,2025-05-11T02:00:00Z,s26,6.63
147,2025-05-11T03:00:00Z,s01,5.9
147,2025-05-11T03:00:00Z,s02,6.2
147,2025-05-11T03:00:00Z,s03,10.3
147,2025-05-11T03:00:00Z,s04,15.3
147,2025-05-11T03:00:00Z,s05,6.3
147,2025-05-11T03:00:00Z,s06,5.8
147,2025-05-11T03:00:00Z,s07,7.6
147,2025-05-11T03:00:00Z,s08,5.7
147,2025-05-11T03:00:00Z,s09,16.3
147,2025-05-11T03:00:00Z,s10,6.4
147,2025-05-11T03:00:00Z,s11,17.6
147,2025-05-11T03:00:00Z,s12,15.2
147,2025-05-11T03:00:00Z,s13,5.3
147,2025-05-11T03:00:00Z,s14,6.78
147,2025-05-11T03:00:00Z,s15,5.24
147,2025-05-11T03:00:00Z,s16,8.37
147,2025-05-11T03:00:00Z,s17,7.38
147,2025-05-11T03:00:00Z,s18,14.32
147,2025-05-11T03:00:00Z,s19,8.15
147,2025-05-11T03:00:00Z,s20,9.79
147,2025-05-11T03:00:00Z,s21,8.48
147,2025-05-11T03:00:00Z,s22,6.72
147,2025-05-11T03:00:00Z,s23,8.49
147,2025-05-11T03:00:00Z,s24,6.29
147,2025-05-11T03:00:00Z,s25,7.52
147,2025-05-11T03:00:00Z,s26,8.05
148,2025-05-11T04:00:00Z,s01,7.8
148,2025-05-11T04:00:00Z,s02,7.4
148,2025-05-11T04:00:00Z,s03,11.4
148,2025-05-11T04:00:00Z,s04,16.2
148,2025-05-11T04:00:00Z,s05,8.5
148,2025-05-11T04:00:00Z,s06,6.8
148,2025-05-11T04:00:00Z,s07,7.8
148,2025-05-11T04:00:00Z,s08,6
148,2025-05-11T04:00:00Z,s09,18.2
148,2025-05-11T04:00:00Z,s10,6.4
148,2025-05-11T04:00:00Z,s11,16.7
148,2025-05-11T04:00:00Z,s12,14.9
148,2025-05-11T04:00:00Z,s13,6
148,2025-05-11T04:00:00Z,s14,6.46
148,2025-05-11T04:00:00Z,s15,5.57
148,2025-05-11T04:00:00Z,s16,9.73
148,2025-05-11T04:00:00Z,s17,9.06
148,2025-05-11T04:00:00Z,s18,13.96
148,2025-05-11T04:00:00Z,s19,6.18
148,2025-05-11T04:00:00Z,s20,9.28
148,2025-05-11T04:00:00Z,s21,8.45
148,2025-05-11T04:00:00Z,s22,7.35
148,2025-05-11T04:00:00Z,s23,8.31
148,2025-05-11T04:00:00Z,s24,7.67
148,2025-05-11T04:00:00Z,s25,8.12
148,2025-05-11T04:00:00Z,s26,12.77
149,2025-05-11T05:00:00Z,s01,7.7
149,2025-05-11T05:00:00Z,s02,7.1
149,2025-05-11T05:00:00Z,s03,10.6
149,2025-05-11T05:00:00Z,s04,17.2
149,2025-05-11T05:00:00Z,s05,7.9
149,2025-05-11T05:00:00Z,s06,6.3
149,2025-05-11T05:00:00Z,s07,7.6
149,2025-05-11T05:00:00Z,s08,6.6
149,2025-05-11T05:00:00Z,s09,18.7
149,2025-05-11T05:00:00Z,s10,6.3
149,2025-05-11T05:00:00Z,s11,16.3
149,2025-05-11T05:00:00Z,s12,11.9
149,2025-05-11T05:00:00Z,s13,6.7
149,2025-05-11T05:00:00Z,s14,7.61
149,2025-05-11T05:00:00Z,s15,5.02
149,2025-05-11T05:00:00Z,s16,9.31
149,2025-05-11T05:00:00Z,s17,8.15
149,2025-05-11T05:00:00Z,s18,12.27
149,2025-05-11T05:00:00Z,s19,6.55
149,2025-05-11T05:00:00Z,s20,10.07
149,2025-05-11T05:00:00Z,s21,8.17
149,2025-05-11T05:00:00Z,s22,5.84
149,2025-05-11T05:00:00Z,s23,8.32
149,2025-05-11T05:00:00Z,s24,6.2
149,2025-05-11T05:00:00Z,s25,8.07
149,2025-05-11T05:00:00Z,s26,12.07
150,2025-05-11T06:00:00Z,s01,8.6
150,2025-05-11T06:00:00Z,s02,8.3
150,2025-05-11T06:00:00Z,s03,11.1
150,2025-05-11T06:00:00Z,s04,15.9
150,2025-05-11T06:00:00Z,s05,6.5
150,2025-05-11T06:00:00Z,s06,6.5
150,2025-05-11T06:00:00Z,s07,7.8
150,2025-05-11T06:00:00Z,s08,7.1
150,2025-05-11T06:00:00Z,s09,17
150,2025-05-11T06:00:00Z,s10,6.4
150,2025-05-11T06:00:00Z,s11,14.8
150,2025-05-11T06:00:00Z,s12,9.7
150,2025-05-11T06:00:00Z,s13,7.1
150,2025-05-11T06:00:00Z,s14,8.43
150,2025-05-11T06:00:00Z,s15,4.7
150,2025-05-11T06:00:00Z,s16,7.96
150,2025-05-11T06:00:00Z,s17,8.07
150,2025-05-11T06:00:00Z,s18,8.98
150,2025-05-11T06:00:00Z,s19,5.92
150,2025-05-11T06:00:00Z,s20,8.57
150,2025-05-11T06:00:00Z,s21,14.69
150,2025-05-11T06:00:00Z,s22,5.73
150,2025-05-11T06:00:00Z,s23,6.96
150,2025-05-11T06:00:00Z,s24,6.8
150,2025-05-11T06:00:00Z,s25,7.67
150,2025-05-11T06:00:00Z,s26,12.49
151,2025-05-11T07:00:00Z,s01,8
151,2025-05-11T07:00:00Z,s02,9
151,2025-05-11T07:00:00Z,s03,11.9
151,2025-05-11T07:00:00Z,s04,15
151,2025-05-11T07:00:00Z,s05,5.6
151,2025-05-11T07:00:00Z,s06,6.5
151,2025-05-11T07:00:00Z,s07,7.7
151,2025-05-11T07:00:00Z,s08,7.9
151,2025-05-11T07:00:00Z,s09,14.6
151,2025-05-11T07:00:00Z,s10,6.2
151,2025-05-11T07:00:00Z,s11,15.1
151,2025-05-11T07:00:00Z,s12,8.9
151,2025-05-11T07:00:00Z,s13,7.1
151,2025-05-11T07:00:00Z,s14,7.57
151,2025-05-11T07:00:00Z,s15,4.87
151,2025-05-11T07:00:00Z,s16,8.69
151,2025-05-11T07:00:00Z,s17,6.9
151,2025-05-11T07:00:00Z,s18,8.76
151,2025-05-11T07:00:00Z,s19,6.04
151,2025-05-11T07:00:00Z,s20,10
151,2025-05-11T07:00:00Z,s21,8.93
151,2025-05-11T07:00:00Z,s22,6.54
151,2025-05-11T07:00:00Z,s23,7.43
151,2025-05-11T07:00:00Z,s24,6.26
151,2025-05-11T07:00:00Z,s25,6.85
151,2025-05-11T07:00:00Z,s26,12.17
152,2025-05-11T08:00:00Z,s01,7.2
152,2025-05-11T08:00:00Z,s02,9.7
152,2025-05-11T08:00:00Z,s03,13.2
152,2025-05-11T08:00:00Z,s04,13
152,2025-05-11T08:00:00Z,s05,5.7
152,2025-05-11T08:00:00Z,s06,6
152,2025-05-11T08:00:00Z,s07,7.1
152,2025-05-11T08:00:00Z,s08,8.3
152,2025-05-11T08:00:00Z,s09,12.5
152,2025-05-11T08:00:00Z,s10,6.3
152,2025-05-11T08:00:00Z,s11,15.2
152,2025-05-11T08:00:00Z,s12,8.6
152,2025-05-11T08:00:00Z,s13,7.2
152,2025-05-11T08:00:00Z,s14,6.91
152,2025-05-11T08:00:00Z,s15,5.4
152,2025-05-11T08:00:00Z,s16,7.57
152,2025-05-11T08:00:00Z,s17,7.44
152,2025-05-11T08:00:00Z,s18,7.56
152,2025-05-11T08:00:00Z,s19,6.1
152,2025-05-11T08:00:00Z,s20,8.67
152,2025-05-11T08:00:00Z,s21,8.5
152,2025-05-11T08:00:00Z,s22,5.76
152,2025-05-11T08:00:00Z,s23,6.95
152,2025-05-11T08:00:00Z,s24,7.09
152,2025-05-11T08:00:00Z,s25,7.13
152,2025-05-11T08:00:00Z,s26,10.89
153,2025-05-11T09:00:00Z,s01,7.3
153,2025-05-11T09:00:00Z,s02,6.7
153,2025-05-11T09:00:00Z,s03,12.4
153,2025-05-11T09:00:00Z,s04,13.2
153,2025-05-11T09:00:00Z,s05,6.3
153,2025-05-11T09:00:00Z,s06,6.1
153,2025-05-11T09:00:00Z,s07,7.1
153,2025-05-11T09:00:00Z,s08,8
153,2025-05-11T09:00:00Z,s09,11.2
153,2025-05-11T09:00:00Z,s10,6.3
153,2025-05-11T09:00:00Z,s11,14.5
153,2025-05-11T09:00:00Z,s12,7.9
153,2025-05-11T09:00:00Z,s13,7.3
153,2025-05-11T09:00:00Z,s14,6.37
153,2025-05-11T09:00:00Z,s15,5.36
153,2025-05-11T09:00:00Z,s16,6.81
153,2025-05-11T09:00:00Z,s17,6.45
153,2025-05-11T09:00:00Z,s18,9.22
153,2025-05-11T09:00:00Z,s19,6.44
153,2025-05-11T09:00:00Z,s20,8.25
153,2025-05-11T09:00:00Z,s21,8.84
153,2025-05-11T09:00:00Z,s22,7.62
153,2025-05-11T09:00:00Z,s23,6.57
153,2025-05-11T09:00:00Z,s24,7.31
153,2025-05-11T09:00:00Z,s25,6.87
153,2025-05-11T09:00:00Z,s26,10.36
154,2025-05-11T10:00:00Z,s01,10.5
154,2025-05-11T10:00:00Z,s02,4.8
154,2025-05-11T10:00:00Z,s03,12.4
154,2025-05-11T10:00:00Z,s04,11.1
154,2025-05-11T10:00:00Z,s05,7.3
154,2025-05-11T10:00:00Z,s06,6.2
154,2025-05-11T10:00:00Z,s07,7.4
154,2025-05-11T10:00:00Z,s08,7.7
154,2025-05-11T10:00:00Z,s09,10.5
154,2025-05-11T10:00:00Z,s10,6.4
154,2025-05-11T10:00:00Z,s11,12.8
154,2025-05-11T10:00:00Z,s12,8.3
154,2025-05-11T10:00:00Z,s13,7.5
154,2025-05-11T10:00:00Z,s14,6.75
154,2025-05-11T10:00:00Z,s15,8.67
154,2025-05-11T10:00:00Z,s16,8.4
154,2025-05-11T10:00:00Z,s17,6.78
154,2025-05-11T10:00:00Z,s18,8.79
154,2025-05-11T10:00:00Z,s19,7.43
154,2025-05-11T10:00:00Z,s20,9.52
154,2025-05-11T10:00:00Z,s21,9.79
154,2025-05-11T10:00:00Z,s22,6.43
154,2025-05-11T10:00:00Z,s23,7.92
154,2025-05-11T10:00:00Z,s24,6.67
154,2025-05-11T10:00:00Z,s25,7.83
154,2025-05-11T10:00:00Z,s26,10.09
155,2025-05-11T11:00:00Z,s01,10.6
155,2025-05-11T11:00:00Z,s02,4.9
155,2025-05-11T11:00:00Z,s03,9.6
155,2025-05-11T11:00:00Z,s04,10
155,2025-05-11T11:00:00Z,s05,7.3
155,2025-05-11T11:00:00Z,s06,6
155,2025-05-11T11:00:00Z,s07,7.1
155,2025-05-11T11:00:00Z,s08,8
155,2025-05-11T11:00:00Z,s09,10.6
155,2025-05-11T11:00:00Z,s10,6.3
155,2025-05-11T11:00:00Z,s11,11.3
155,2025-05-11T11:00:00Z,s12,8.4
155,2025-05-11T11:00:00Z,s13,7.6
155,2025-05-11T11:00:00Z,s14,6.61
155,2025-05-11T11:00:00Z,s15,5.64
155,2025-05-11T11:00:00Z,s16,7.97
155,2025-05-11T11:00:00Z,s17,6.22
155,2025-05-11T11:00:00Z,s18,8.54
155,2025-05-11T11:00:00Z,s19,9.03
155,2025-05-11T11:00:00Z,s20,8.35
155,2025-05-11T11:00:00Z,s21,6.88
155,2025-05-11T11:00:00Z,s22,6.3
155,2025-05-11T11:00:00Z,s23,7.51
155,2025-05-11T11:00:00Z,s24,6.06
155,2025-05-11T11:00:00Z,s25,6.85
155,2025-05-11T11:00:00Z,s26,9.45
156,2025-05-11T12:00:00Z,s01,9.3
156,2025-05-11T12:00:00Z,s02,6.1
156,2025-05-11T12:00:00Z,s03,8
156,2025-05-11T12:00:00Z,s04,12.8
156,2025-05-11T12:00:00Z,s05,7.1
156,2025-05-11T12:00:00Z,s06,5.8
156,2025-05-11T12:00:00Z,s07,6.9
156,2025-05-11T12:00:00Z,s08,8.5
156,2025-05-11T12:00:00Z,s09,8.7
156,2025-05-11T12:00:00Z,s10,6.1
156,2025-05-11T12:00:00Z,s11,7.7
156,2025-05-11T12:00:00Z,s12,6.8
156,2025-05-11T12:00:00Z,s13,7.2
156,2025-05-11T12:00:00Z,s14,5.34
156,2025-05-11T12:00:00Z,s15,4.89
156,2025-05-11T12:00:00Z,s16,6.48
156,2025-05-11T12:00:00Z,s17,6.21
156,2025-05-11T12:00:00Z,s18,9.43
156,2025-05-11T12:00:00Z,s19,7.34
156,2025-05-11T12:00:00Z,s20,5.96
156,2025-05-11T12:00:00Z,s21,5.55
156,2025-05-11T12:00:00Z,s22,6.05
156,2025-05-11T12:00:00Z,s23,5.36
156,2025-05-11T12:00:00Z,s24,6.1
156,2025-05-11T12:00:00Z,s25,5.52
156,2025-05-11T12:00:00Z,s26,6.39
157,2025-05-11T13:00:00Z,s01,6.8
157,2025-05-11T13:00:00Z,s02,6
157,2025-05-11T13:00:00Z,s03,7.3
157,2025-05-11T13:00:00Z,s04,14.5
157,2025-05-11T13:00:00Z,s05,6.6
157,2025-05-11T13:00:00Z,s06,5.6
157,2025-05-11T13:00:00Z,s07,6.5
157,2025-05-11T13:00:00Z,s08,8.3
157,2025-05-11T13:00:00Z,s09,7.7
157,2025-05-11T13:00:00Z,s10,6
157,2025-05-11T13:00:00Z,s11,5.4
157,2025-05-11T13:00:00Z,s12,4.2
157,2025-05-11T13:00:00Z,s13,6.3
157,2025-05-11T13:00:00Z,s14,4.83
157,2025-05-11T13:00:00Z,s15,5.27
157,2025-05-11T13:00:00Z,s16,6.7
157,2025-05-11T13:00:00Z,s17,5.76
157,2025-05-11T13:00:00Z,s18,8.92
157,2025-05-11T13:00:00Z,s19,5.37
157,2025-05-11T13:00:00Z,s20,5.31
157,2025-05-11T13:00:00Z,s21,5.35
157,2025-05-11T13:00:00Z,s22,5.74
157,2025-05-11T13:00:00Z,s23,5.39
157,2025-05-11T13:00:00Z,s24,6.09
157,2025-05-11T13:00:00Z,s25,5.26
157,2025-05-11T13:00:00Z,s26,5.4
158,2025-05-11T14:00:00Z,s01,5.8
158,2025-05-11T14:00:00Z,s02,4
158,2025-05-11T14:00:00Z,s03,8.3
158,2025-05-11T14:00:00Z,s04,12.1
158,2025-05-11T14:00:00Z,s05,5.5
158,2025-05-11T14:00:00Z,s06,5.4
158,2025-05-11T14:00:00Z,s07,6.4
158,2025-05-11T14:00:00Z,s08,7
158,2025-05-11T14:00:00Z,s09,7.7
158,2025-05-11T14:00:00Z,s10,5.8
158,2025-05-11T14:00:00Z,s11,5.3
158,2025-05-11T14:00:00Z,s12,4.4
158,2025-05-11T14:00:00Z,s13,5.6
158,2025-05-11T14:00:00Z,s14,4.98
158,2025-05-11T14:00:00Z,s15,5.49
158,2025-05-11T14:00:00Z,s16,7.01
158,2025-05-11T14:00:00Z,s17,5.6
158,2025-05-11T14:00:00Z,s18,8.87
158,2025-05-11T14:00:00Z,s19,5
158,2025-05-11T14:00:00Z,s20,5.22
158,2025-05-11T14:00:00Z,s21,5.54
158,2025-05-11T14:00:00Z,s22,5.37
158,2025-05-11T14:00:00Z,s23,5.24
158,2025-05-11T14:00:00Z,s24,6.81
158,2025-05-11T14:00:00Z,s25,5.37
158,2025-05-11T14:00:00Z,s26,4.86
159,2025-05-11T15:00:00Z,s01,6.1
159,2025-05-11T15:00:00Z,s02,4
159,2025-05-11T15:00:00Z,s03,6.9
159,2025-05-11T15:00:00Z,s04,10.5
159,2025-05-11T15:00:00Z,s05,4.5
159,2025-05-11T15:00:00Z,s06,5.5
159,2025-05-11T15:00:00Z,s07,6.4
159,2025-05-11T15:00:00Z,s08,6.2
159,2025-05-11T15:00:00Z,s09,7.9
159,2025-05-11T15:00:00Z,s10,6
159,2025-05-11T15:00:00Z,s11,5.6
159,2025-05-11T15:00:00Z,s12,4.6
159,2025-05-11T15:00:00Z,s13,5.5
159,2025-05-11T15:00:00Z,s14,5.13
159,2025-05-11T15:00:00Z,s15,6.68
159,2025-05-11T15:00:00Z,s16,7.66
159,2025-05-11T15:00:00Z,s17,6.17
159,2025-05-11T15:00:00Z,s18,12.33
159,2025-05-11T15:00:00Z,s19,4.93
159,2025-05-11T15:00:00Z,s20,6.13
159,2025-05-11T15:00:00Z,s21,5.83
159,2025-05-11T15:00:00Z,s22,5.82
159,2025-05-11T15:00:00Z,s23,5.47
159,2025-05-11T15:00:00Z,s24,7.61
159,2025-05-11T15:00:00Z,s25,6.12
159,2025-05-11T15:00:00Z,s26,5.03
160,2025-05-11T16:00:00Z,s01,5.3
160,2025-05-11T16:00:00Z,s02,5.5
160,2025-05-11T16:00:00Z,s03,7.5
160,2025-05-11T16:00:00Z,s04,9
160,2025-05-11T16:00:00Z,s05,4.6
160,2025-05-11T16:00:00Z,s06,5.7
160,2025-05-11T16:00:00Z,s07,6.6
160,2025-05-11T16:00:00Z,s08,6
160,2025-05-11T16:00:00Z,s09,8.1
160,2025-05-11T16:00:00Z,s10,6.1
160,2025-05-11T16:00:00Z,s11,6
160,2025-05-11T16:00:00Z,s12,4.8
160,2025-05-11T16:00:00Z,s13,5.8
160,2025-05-11T16:00:00Z,s14,5.55
160,2025-05-11T16:00:00Z,s15,5.53
160,2025-05-11T16:00:00Z,s16,6.18
160,2025-05-11T16:00:00Z,s17,6.65
160,2025-05-11T16:00:00Z,s18,8.44
160,2025-05-11T16:00:00Z,s19,5.11
160,2025-05-11T16:00:00Z,s20,6.79
160,2025-05-11T16:00:00Z,s21,5.8
160,2025-05-11T16:00:00Z,s22,6.18
160,2025-05-11T16:00:00Z,s23,5.67
160,2025-05-11T16:00:00Z,s24,5.88
160,2025-05-11T16:00:00Z,s25,5.52
160,2025-05-11T16:00:00Z,s26,6.14
161,2025-05-11T17:00:00Z,s01,5.2
161,2025-05-11T17:00:00Z,s02,5.5
161,2025-05-11T17:00:00Z,s03,8.1
161,2025-05-11T17:00:00Z,s04,7.7
161,2025-05-11T17:00:00Z,s05,5
161,2025-05-11T17:00:00Z,s06,5.9
161,2025-05-11T17:00:00Z,s07,6.8
161,2025-05-11T17:00:00Z,s08,6.2
161,2025-05-11T17:00:00Z,s09,8.2
161,2025-05-11T17:00:00Z,s10,6.4
161,2025-05-11T17:00:00Z,s11,7.6
161,2025-05-11T17:00:00Z,s12,4.6
161,2025-05-11T17:00:00Z,s13,6.1
161,2025-05-11T17:00:00Z,s14,5.71
161,2025-05-11T17:00:00Z,s15,5.46
161,2025-05-11T17:00:00Z,s16,6.14
161,2025-05-11T17:00:00Z,s17,8.45
161,2025-05-11T17:00:00Z,s18,10.05
161,2025-05-11T17:00:00Z,s19,4.92
161,2025-05-11T17:00:00Z,s20,7.18
161,2025-05-11T17:00:00Z,s21,6.39
161,2025-05-11T17:00:00Z,s22,6.27
161,2025-05-11T17:00:00Z,s23,5.57
161,2025-05-11T17:00:00Z,s24,5.92
161,2025-05-11T17:00:00Z,s25,6.4
161,2025-05-11T17:00:00Z,s26,8.82
162,2025-05-11T18:00:00Z,s01,6.8
162,2025-05-11T18:00:00Z,s02,5
162,2025-05-11T18:00:00Z,s03,7.3
162,2025-05-11T18:00:00Z,s04,9
162,2025-05-11T18:00:00Z,s05,5.6
162,2025-05-11T18:00:00Z,s06,6.8
162,2025-05-11T18:00:00Z,s07,7.9
162,2025-05-11T18:00:00Z,s08,6.3
162,2025-05-11T18:00:00Z,s09,8.8
162,2025-05-11T18:00:00Z,s10,7.6
162,2025-05-11T18:00:00Z,s11,9.1
162,2025-05-11T18:00:00Z,s12,4.8
162,2025-05-11T18:00:00Z,s13,6.3
162,2025-05-11T18:00:00Z,s14,6.46
162,2025-05-11T18:00:00Z,s15,6.79
162,2025-05-11T18:00:00Z,s16,6.86
162,2025-05-11T18:00:00Z,s17,9.09
162,2025-05-11T18:00:00Z,s18,11.65
162,2025-05-11T18:00:00Z,s19,4.95
162,2025-05-11T18:00:00Z,s20,7.75
162,2025-05-11T18:00:00Z,s21,7.73
162,2025-05-11T18:00:00Z,s22,7.3
162,2025-05-11T18:00:00Z,s23,6.15
162,2025-05-11T18:00:00Z,s24,7.5
162,2025-05-11T18:00:00Z,s25,7.7
162,2025-05-11T18:00:00Z,s26,9.47
163,2025-05-11T19:00:00Z,s01,7.6
163,2025-05-11T19:00:00Z,s02,5.5
163,2025-05-11T19:00:00Z,s03,8.3
163,2025-05-11T19:00:00Z,s04,7.9
163,2025-05-11T19:00:00Z,s05,5.1
163,2025-05-11T19:00:00Z,s06,6.8
163,2025-05-11T19:00:00Z,s07,7.8
163,2025-05-11T19:00:00Z,s08,7.3
163,2025-05-11T19:00:00Z,s09,9.4
163,2025-05-11T19:00:00Z,s10,7.5
163,2025-05-11T19:00:00Z,s11,10.1
163,2025-05-11T19:00:00Z,s12,5.4
163,2025-05-11T19:00:00Z,s13,6.8
163,2025-05-11T19:00:00Z,s14,9.44
163,2025-05-11T19:00:00Z,s15,5.9
163,2025-05-11T19:00:00Z,s16,7.15
163,2025-05-11T19:00:00Z,s17,8.29
163,2025-05-11T19:00:00Z,s18,11.42
163,2025-05-11T19:00:00Z,s19,5.89
163,2025-05-11T19:00:00Z,s20,8.44
163,2025-05-11T19:00:00Z,s21,6.65
163,2025-05-11T19:00:00Z,s22,6.74
163,2025-05-11T19:00:00Z,s23,6.29
163,2025-05-11T19:00:00Z,s24,6.86
163,2025-05-11T19:00:00Z,s25,7.54
163,2025-05-11T19:00:00Z,s26,7.62
164,2025-05-11T20:00:00Z,s01,7.6
164,2025-05-11T20:00:00Z,s02,5.8
164,2025-05-11T20:00:00Z,s03,8.1
164,2025-05-11T20:00:00Z,s04,7.3
164,2025-05-11T20:00:00Z,s05,4.5
164,2025-05-11T20:00:00Z,s06,6.2
164,2025-05-11T20:00:00Z,s07,7.3
164,2025-05-11T20:00:00Z,s08,7.1
164,2025-05-11T20:00:00Z,s09,8.9
164,2025-05-11T20:00:00Z,s10,6.9
164,2025-05-11T20:00:00Z,s11,12.3
164,2025-05-11T20:00:00Z,s12,3.8
164,2025-05-11T20:00:00Z,s13,6.9
164,2025-05-11T20:00:00Z,s14,4.84
164,2025-05-11T20:00:00Z,s15,4.81
164,2025-05-11T20:00:00Z,s16,6.42
164,2025-05-11T20:00:00Z,s17,6.16
164,2025-05-11T20:00:00Z,s18,8.25
164,2025-05-11T20:00:00Z,s19,5.64
164,2025-05-11T20:00:00Z,s20,6.4
164,2025-05-11T20:00:00Z,s21,5.59
164,2025-05-11T20:00:00Z,s22,5.8
164,2025-05-11T20:00:00Z,s23,5.02
164,2025-05-11T20:00:00Z,s24,5.25
164,2025-05-11T20:00:00Z,s25,6.84
164,2025-05-11T20:00:00Z,s26,6.21
165,2025-05-11T21:00:00Z,s01,4.3
165,2025-05-11T21:00:00Z,s02,3.4
165,2025-05-11T21:00:00Z,s03,6.8
165,2025-05-11T21:00:00Z,s04,5.8
165,2025-05-11T21:00:00Z,s05,4.7
165,2025-05-11T21:00:00Z,s06,5.8
165,2025-05-11T21:00:00Z,s07,6.7
165,2025-05-11T21:00:00Z,s08,6.4
165,2025-05-11T21:00:00Z,s09,8.1
165,2025-05-11T21:00:00Z,s10,6.4
165,2025-05-11T21:00:00Z,s11,10.7
165,2025-05-11T21:00:00Z,s12,3.5
165,2025-05-11T21:00:00Z,s13,6.7
165,2025-05-11T21:00:00Z,s14,4.08
165,2025-05-11T21:00:00Z,s15,4.41
165,2025-05-11T21:00:00Z,s16,6.15
165,2025-05-11T21:00:00Z,s17,5.95
165,2025-05-11T21:00:00Z,s18,8.19
165,2025-05-11T21:00:00Z,s19,5.06
165,2025-05-11T21:00:00Z,s20,6.17
165,2025-05-11T21:00:00Z,s21,5.34
165,2025-05-11T21:00:00Z,s22,5.74
165,2025-05-11T21:00:00Z,s23,5.02
165,2025-05-11T21:00:00Z,s24,4.85
165,2025-05-11T21:00:00Z,s25,7.21
165,2025-05-11T21:00:00Z,s26,5.74
166,2025-05-11T22:00:00Z,s01,3.7
166,2025-05-11T22:00:00Z,s02,2.5
166,2025-05-11T22:00:00Z,s03,7.3
166,2025-05-11T22:00:00Z,s04,4.4
166,2025-05-11T22:00:00Z,s05,4.1
166,2025-05-11T22:00:00Z,s06,5.3
166,2025-05-11T22:00:00Z,s07,6.3
166,2025-05-11T22:00:00Z,s08,5.6
166,2025-05-11T22:00:00Z,s09,7.7
166,2025-05-11T22:00:00Z,s10,6.1
166,2025-05-11T22:00:00Z,s11,10.2
166,2025-05-11T22:00:00Z,s12,3.3
166,2025-05-11T22:00:00Z,s13,6
166,2025-05-11T22:00:00Z,s14,3.93
166,2025-05-11T22:00:00Z,s15,4.18
166,2025-05-11T22:00:00Z,s16,5.44
166,2025-05-11T22:00:00Z,s17,5.94
166,2025-05-11T22:00:00Z,s18,9.49
166,2025-05-11T22:00:00Z,s19,5.01
166,2025-05-11T22:00:00Z,s20,6.44
166,2025-05-11T22:00:00Z,s21,5.3
166,2025-05-11T22:00:00Z,s22,5.93
166,2025-05-11T22:00:00Z,s23,5.01
166,2025-05-11T22:00:00Z,s24,4.56
166,2025-05-11T22:00:00Z,s25,5.26
166,2025-05-11T22:00:00Z,s26,5.77
167,2025-05-11T23:00:00Z,s01,4.4
167,2025-05-11T23:00:00Z,s02,2.9
167,2025-05-11T23:00:00Z,s03,6.6
167,2025-05-11T23:00:00Z,s04,1.6
167,2025-05-11T23:00:00Z,s05,5
167,2025-05-11T23:00:00Z,s06,5.4
167,2025-05-11T23:00:00Z,s07,6.1
167,2025-05-11T23:00:00Z,s08,5
167,2025-05-11T23:00:00Z,s09,8.1
167,2025-05-11T23:00:00Z,s10,5.4
167,2025-05-11T23:00:00Z,s11,10.8
167,2025-05-11T23:00:00Z,s12,2.8
167,2025-05-11T23:00:00Z,s13,5.1
167,2025-05-11T23:00:00Z,s14,4.61
167,2025-05-11T23:00:00Z,s15,5.15
167,2025-05-11T23:00:00Z,s16,5.85
167,2025-05-11T23:00:00Z,s17,5.53
167,2025-05-11T23:00:00Z,s18,11.6
167,2025-05-11T23:00:00Z,s19,5.48
167,2025-05-11T23:00:00Z,s20,7.17
167,2025-05-11T23:00:00Z,s21,5.36
167,2025-05-11T23:00:00Z,s22,6.99
167,2025-05-11T23:00:00Z,s23,6.25
167,2025-05-11T23:00:00Z,s24,4.98
167,2025-05-11T23:00:00Z,s25,6.79
167,2025-05-11T23:00:00Z,s26,8.81
